charge_id,invoice_id,customer_id,created_at,amount,currency,gateway,attempt,status,failure_code
ch_0000001,inv_000001,cus_00001,2024-09-01T05:17:00Z,1085.87,USD,stripe,1,succeeded,
ch_0000002,inv_000002,cus_00001,2024-10-02T16:24:00Z,1085.87,USD,stripe,1,succeeded,
ch_0000003,inv_000003,cus_00001,2024-11-02T14:19:00Z,1085.87,USD,stripe,1,succeeded,
ch_0000004,inv_000004,cus_00001,2024-12-04T14:49:00Z,1085.87,USD,adyen,1,succeeded,
ch_0000005,inv_000005,cus_00001,2025-01-01T16:44:00Z,1085.87,USD,stripe,1,succeeded,
ch_0000006,inv_000006,cus_00001,2025-02-02T09:20:00Z,1085.87,USD,mollie,1,succeeded,
ch_0000007,inv_000007,cus_00001,2025-03-04T14:22:00Z,1085.87,USD,mollie,1,succeeded,
ch_0000008,inv_000008,cus_00001,2025-04-01T09:00:00Z,1085.87,USD,stripe,1,succeeded,
ch_0000009,inv_000009,cus_00001,2025-05-03T04:39:00Z,1085.87,USD,stripe,1,succeeded,
ch_0000010,inv_000010,cus_00001,2025-06-01T13:24:00Z,1085.87,USD,stripe,1,failed,insufficient_funds
ch_0000011,inv_000010,cus_00001,2025-06-04T16:46:00Z,1085.87,USD,stripe,2,succeeded,
ch_0000012,inv_000011,cus_00001,2025-07-04T16:33:00Z,1085.87,USD,stripe,1,succeeded,
ch_0000013,inv_000012,cus_00001,2025-08-04T23:20:00Z,1085.87,USD,mollie,1,succeeded,
ch_0000014,inv_000013,cus_00001,2025-09-05T14:46:00Z,1085.87,USD,stripe,1,succeeded,
ch_0000015,inv_000014,cus_00001,2025-10-04T15:37:00Z,1085.87,USD,mollie,1,succeeded,
ch_0000016,inv_000015,cus_00001,2025-11-03T13:35:00Z,1085.87,USD,stripe,1,succeeded,
ch_0000017,inv_000016,cus_00001,2025-12-02T03:29:00Z,1085.87,USD,stripe,1,succeeded,
ch_0000018,inv_000017,cus_00001,2026-01-05T00:53:00Z,1085.87,USD,stripe,1,succeeded,
ch_0000019,inv_000018,cus_00001,2026-02-05T13:48:00Z,1085.87,USD,adyen,1,succeeded,
ch_0000020,inv_000019,cus_00001,2026-03-02T03:07:00Z,1085.87,USD,mollie,1,succeeded,
ch_0000021,inv_000020,cus_00001,2026-04-03T09:16:00Z,1085.87,USD,stripe,1,succeeded,
ch_0000022,inv_000021,cus_00001,2026-05-01T03:05:00Z,1085.87,USD,adyen,1,succeeded,
ch_0000023,inv_000022,cus_00001,2026-06-04T17:26:00Z,1085.87,USD,adyen,1,succeeded,
ch_0000024,inv_000023,cus_00001,2026-07-05T13:41:00Z,1085.87,USD,stripe,1,succeeded,
ch_0000025,inv_000024,cus_00001,2026-08-05T19:33:00Z,1085.87,USD,adyen,1,succeeded,
ch_0000026,inv_000025,cus_00002,2024-09-01T09:02:00Z,325,USD,mollie,1,succeeded,
ch_0000027,inv_000026,cus_00002,2024-10-05T18:29:00Z,325,USD,stripe,1,succeeded,
ch_0000028,inv_000028,cus_00002,2024-12-01T14:50:00Z,325,USD,adyen,1,succeeded,
ch_0000029,inv_000029,cus_00002,2025-01-03T07:07:00Z,325,USD,adyen,1,succeeded,
ch_0000030,inv_000030,cus_00002,2025-02-01T08:16:00Z,325,USD,mollie,1,succeeded,
ch_0000031,inv_000031,cus_00002,2025-03-02T15:23:00Z,325,USD,mollie,1,succeeded,
ch_0000032,inv_000032,cus_00002,2025-04-05T11:36:00Z,325,USD,adyen,1,succeeded,
ch_0000033,inv_000033,cus_00002,2025-05-04T01:13:00Z,325,USD,stripe,1,succeeded,
ch_0000034,inv_000034,cus_00002,2025-06-02T20:57:00Z,325,USD,stripe,1,succeeded,
ch_0000035,inv_000035,cus_00002,2025-07-02T03:21:00Z,325,USD,stripe,1,succeeded,
ch_0000036,inv_000036,cus_00002,2025-08-04T22:10:00Z,325,USD,stripe,1,succeeded,
ch_0000037,inv_000037,cus_00002,2025-09-03T03:54:00Z,325,USD,adyen,1,succeeded,
ch_0000038,inv_000038,cus_00002,2025-10-04T09:21:00Z,325,USD,mollie,1,succeeded,
ch_0000039,inv_000039,cus_00002,2025-11-01T10:16:00Z,325,USD,stripe,1,succeeded,
ch_0000040,inv_000040,cus_00002,2025-12-04T16:14:00Z,325,USD,stripe,1,succeeded,
ch_0000041,inv_000041,cus_00002,2026-01-04T23:41:00Z,325,USD,stripe,1,failed,insufficient_funds
ch_0000042,inv_000041,cus_00002,2026-01-11T20:31:00Z,325,USD,stripe,2,failed,expired_card
ch_0000043,inv_000041,cus_00002,2026-01-14T10:19:00Z,325,USD,stripe,3,failed,insufficient_funds
ch_0000044,inv_000041,cus_00002,2026-01-21T16:03:00Z,325,USD,stripe,4,succeeded,
ch_0000045,inv_000042,cus_00002,2026-02-02T00:20:00Z,325,USD,adyen,1,failed,processing_error
ch_0000046,inv_000042,cus_00002,2026-02-09T06:42:00Z,325,USD,adyen,2,failed,expired_card
ch_0000047,inv_000042,cus_00002,2026-02-14T12:47:00Z,325,USD,adyen,3,failed,insufficient_funds
ch_0000048,inv_000042,cus_00002,2026-02-17T05:13:00Z,325,USD,adyen,4,failed,insufficient_funds
ch_0000049,inv_000043,cus_00002,2026-03-02T02:40:00Z,325,USD,stripe,1,succeeded,
ch_0000050,inv_000044,cus_00002,2026-04-01T07:29:00Z,325,USD,stripe,1,succeeded,
ch_0000051,inv_000045,cus_00002,2026-05-05T09:18:00Z,325,USD,adyen,1,succeeded,
ch_0000052,inv_000046,cus_00002,2026-06-03T16:07:00Z,325,USD,stripe,1,succeeded,
ch_0000053,inv_000047,cus_00002,2026-07-03T00:23:00Z,325,USD,stripe,1,succeeded,
ch_0000054,inv_000049,cus_00003,2024-09-01T17:03:00Z,299,EUR,adyen,1,succeeded,
ch_0000055,inv_000050,cus_00003,2024-10-05T19:05:00Z,299,EUR,stripe,1,failed,do_not_honor
ch_0000056,inv_000050,cus_00003,2024-10-10T04:48:00Z,299,EUR,stripe,2,failed,processing_error
ch_0000057,inv_000050,cus_00003,2024-10-13T10:14:00Z,299,EUR,stripe,3,failed,expired_card
ch_0000058,inv_000051,cus_00003,2024-11-05T23:24:00Z,299,EUR,stripe,1,failed,card_declined
ch_0000059,inv_000051,cus_00003,2024-11-08T11:48:00Z,299,EUR,stripe,2,failed,card_declined
ch_0000060,inv_000051,cus_00003,2024-11-11T18:14:00Z,299,EUR,stripe,3,failed,insufficient_funds
ch_0000061,inv_000052,cus_00003,2024-12-01T17:43:00Z,299,EUR,stripe,1,succeeded,
ch_0000062,inv_000053,cus_00003,2025-01-03T09:21:00Z,299,EUR,adyen,1,succeeded,
ch_0000063,inv_000054,cus_00003,2025-02-03T01:42:00Z,299,EUR,adyen,1,succeeded,
ch_0000064,inv_000055,cus_00003,2025-03-01T17:49:00Z,299,EUR,mollie,1,succeeded,
ch_0000065,inv_000056,cus_00003,2025-04-02T13:07:00Z,299,EUR,stripe,1,succeeded,
ch_0000066,inv_000057,cus_00003,2025-05-03T18:58:00Z,299,EUR,mollie,1,succeeded,
ch_0000067,inv_000058,cus_00003,2025-06-02T18:48:00Z,299,EUR,adyen,1,succeeded,
ch_0000068,inv_000059,cus_00003,2025-07-03T06:10:00Z,299,EUR,adyen,1,failed,card_declined
ch_0000069,inv_000059,cus_00003,2025-07-08T23:45:00Z,299,EUR,adyen,2,failed,card_declined
ch_0000070,inv_000060,cus_00003,2025-08-05T12:48:00Z,299,EUR,mollie,1,succeeded,
ch_0000071,inv_000061,cus_00003,2025-09-02T09:21:00Z,299,EUR,adyen,1,succeeded,
ch_0000072,inv_000062,cus_00003,2025-10-03T11:19:00Z,299,EUR,stripe,1,succeeded,
ch_0000073,inv_000063,cus_00003,2025-11-01T16:38:00Z,299,EUR,adyen,1,succeeded,
ch_0000074,inv_000064,cus_00003,2025-12-05T20:46:00Z,299,EUR,adyen,1,failed,card_declined
ch_0000075,inv_000064,cus_00003,2025-12-12T08:57:00Z,299,EUR,adyen,2,failed,insufficient_funds
ch_0000076,inv_000064,cus_00003,2025-12-17T23:04:00Z,299,EUR,adyen,3,failed,expired_card
ch_0000077,inv_000064,cus_00003,2025-12-24T06:24:00Z,299,EUR,adyen,4,succeeded,
ch_0000078,inv_000065,cus_00003,2026-01-05T01:15:00Z,299,EUR,stripe,1,succeeded,
ch_0000079,inv_000066,cus_00003,2026-02-02T22:45:00Z,299,EUR,mollie,1,succeeded,
ch_0000080,inv_000067,cus_00003,2026-03-03T02:08:00Z,299,EUR,stripe,1,succeeded,
ch_0000081,inv_000068,cus_00003,2026-04-02T04:31:00Z,299,EUR,stripe,1,succeeded,
ch_0000082,inv_000069,cus_00003,2026-05-04T17:09:00Z,299,EUR,stripe,1,succeeded,
ch_0000083,inv_000070,cus_00003,2026-06-05T20:47:00Z,299,EUR,mollie,1,failed,card_declined
ch_0000084,inv_000070,cus_00003,2026-06-12T19:29:00Z,299,EUR,mollie,2,failed,card_declined
ch_0000085,inv_000070,cus_00003,2026-06-15T13:01:00Z,299,EUR,mollie,3,succeeded,
ch_0000086,inv_000071,cus_00003,2026-07-04T01:31:00Z,299,EUR,stripe,1,succeeded,
ch_0000087,inv_000072,cus_00003,2026-08-02T02:15:00Z,299,EUR,adyen,1,succeeded,
ch_0000088,inv_000074,cus_00004,2024-10-01T13:15:00Z,24.79,GBP,stripe,1,failed,card_declined
ch_0000089,inv_000074,cus_00004,2024-10-06T18:11:00Z,24.79,GBP,stripe,2,failed,card_declined
ch_0000090,inv_000074,cus_00004,2024-10-09T17:19:00Z,24.79,GBP,stripe,3,failed,expired_card
ch_0000091,inv_000074,cus_00004,2024-10-14T01:07:00Z,24.79,GBP,stripe,4,failed,do_not_honor
ch_0000092,inv_000075,cus_00004,2024-11-02T20:33:00Z,24.79,GBP,adyen,1,succeeded,
ch_0000093,inv_000076,cus_00004,2024-12-03T02:49:00Z,24.79,GBP,adyen,1,succeeded,
ch_0000094,inv_000077,cus_00004,2025-01-02T11:19:00Z,24.79,GBP,stripe,1,failed,card_declined
ch_0000095,inv_000077,cus_00004,2025-01-09T13:59:00Z,24.79,GBP,stripe,2,succeeded,
ch_0000096,inv_000078,cus_00004,2025-02-05T07:12:00Z,24.79,GBP,stripe,1,succeeded,
ch_0000097,inv_000079,cus_00004,2025-03-01T18:02:00Z,24.79,GBP,adyen,1,succeeded,
ch_0000098,inv_000080,cus_00004,2025-04-04T09:59:00Z,24.79,GBP,stripe,1,succeeded,
ch_0000099,inv_000081,cus_00004,2025-05-04T02:24:00Z,24.79,GBP,stripe,1,succeeded,
ch_0000100,inv_000082,cus_00004,2025-06-04T14:58:00Z,24.79,GBP,stripe,1,succeeded,
ch_0000101,inv_000083,cus_00004,2025-07-05T04:20:00Z,24.79,GBP,mollie,1,succeeded,
ch_0000102,inv_000084,cus_00004,2025-08-03T00:59:00Z,24.79,GBP,adyen,1,failed,card_declined
ch_0000103,inv_000084,cus_00004,2025-08-10T21:23:00Z,24.79,GBP,adyen,2,failed,insufficient_funds
ch_0000104,inv_000085,cus_00004,2025-09-01T05:20:00Z,24.79,GBP,stripe,1,succeeded,
ch_0000105,inv_000086,cus_00004,2025-10-03T06:35:00Z,24.79,GBP,stripe,1,succeeded,
ch_0000106,inv_000087,cus_00004,2025-11-05T09:32:00Z,24.79,GBP,adyen,1,failed,insufficient_funds
ch_0000107,inv_000087,cus_00004,2025-11-12T21:05:00Z,24.79,GBP,adyen,2,failed,do_not_honor
ch_0000108,inv_000087,cus_00004,2025-11-15T21:53:00Z,24.79,GBP,adyen,3,failed,card_declined
ch_0000109,inv_000087,cus_00004,2025-11-20T11:08:00Z,24.79,GBP,adyen,4,failed,expired_card
ch_0000110,inv_000088,cus_00004,2025-12-03T21:43:00Z,24.79,GBP,stripe,1,succeeded,
ch_0000111,inv_000089,cus_00004,2026-01-03T08:00:00Z,24.79,GBP,stripe,1,succeeded,
ch_0000112,inv_000090,cus_00004,2026-02-03T21:14:00Z,24.79,GBP,stripe,1,succeeded,
ch_0000113,inv_000091,cus_00004,2026-03-03T20:58:00Z,24.79,GBP,stripe,1,succeeded,
ch_0000114,inv_000092,cus_00004,2026-04-04T16:26:00Z,24.79,GBP,adyen,1,succeeded,
ch_0000115,inv_000093,cus_00004,2026-05-01T00:43:00Z,24.79,GBP,stripe,1,succeeded,
ch_0000116,inv_000094,cus_00004,2026-06-01T23:44:00Z,24.79,GBP,mollie,1,succeeded,
ch_0000117,inv_000095,cus_00004,2026-07-04T01:40:00Z,24.79,GBP,adyen,1,failed,expired_card
ch_0000118,inv_000095,cus_00004,2026-07-09T11:49:00Z,24.79,GBP,adyen,2,failed,do_not_honor
ch_0000119,inv_000096,cus_00004,2026-08-04T11:30:00Z,24.79,GBP,mollie,1,succeeded,
ch_0000120,inv_000097,cus_00005,2024-09-04T08:39:00Z,299,EUR,stripe,1,succeeded,
ch_0000121,inv_000098,cus_00005,2024-10-03T02:13:00Z,299,EUR,mollie,1,succeeded,
ch_0000122,inv_000099,cus_00005,2024-11-02T23:53:00Z,299,EUR,adyen,1,succeeded,
ch_0000123,inv_000100,cus_00005,2024-12-01T05:16:00Z,299,EUR,stripe,1,succeeded,
ch_0000124,inv_000101,cus_00005,2025-01-03T01:28:00Z,299,EUR,stripe,1,succeeded,
ch_0000125,inv_000102,cus_00005,2025-02-05T20:16:00Z,299,EUR,mollie,1,succeeded,
ch_0000126,inv_000103,cus_00005,2025-03-03T17:47:00Z,299,EUR,stripe,1,succeeded,
ch_0000127,inv_000104,cus_00005,2025-04-05T13:02:00Z,299,EUR,stripe,1,succeeded,
ch_0000128,inv_000105,cus_00005,2025-05-03T21:48:00Z,299,EUR,stripe,1,succeeded,
ch_0000129,inv_000106,cus_00005,2025-06-01T09:04:00Z,299,EUR,adyen,1,succeeded,
ch_0000130,inv_000107,cus_00005,2025-07-05T19:03:00Z,299,EUR,stripe,1,succeeded,
ch_0000131,inv_000108,cus_00005,2025-08-02T15:14:00Z,299,EUR,adyen,1,succeeded,
ch_0000132,inv_000109,cus_00005,2025-09-02T04:29:00Z,299,EUR,stripe,1,succeeded,
ch_0000133,inv_000110,cus_00005,2025-10-04T11:19:00Z,299,EUR,stripe,1,succeeded,
ch_0000134,inv_000111,cus_00005,2025-11-05T04:21:00Z,299,EUR,stripe,1,succeeded,
ch_0000135,inv_000112,cus_00005,2025-12-02T03:32:00Z,299,EUR,stripe,1,failed,processing_error
ch_0000136,inv_000112,cus_00005,2025-12-05T06:19:00Z,299,EUR,stripe,2,failed,insufficient_funds
ch_0000137,inv_000112,cus_00005,2025-12-12T14:25:00Z,299,EUR,stripe,3,succeeded,
ch_0000138,inv_000113,cus_00005,2026-01-05T17:33:00Z,299,EUR,adyen,1,succeeded,
ch_0000139,inv_000114,cus_00005,2026-02-03T08:45:00Z,299,EUR,adyen,1,failed,insufficient_funds
ch_0000140,inv_000114,cus_00005,2026-02-10T14:54:00Z,299,EUR,adyen,2,failed,card_declined
ch_0000141,inv_000115,cus_00005,2026-03-02T11:22:00Z,299,EUR,adyen,1,succeeded,
ch_0000142,inv_000116,cus_00005,2026-04-03T15:38:00Z,299,EUR,adyen,1,succeeded,
ch_0000143,inv_000117,cus_00005,2026-05-02T12:11:00Z,299,EUR,stripe,1,succeeded,
ch_0000144,inv_000118,cus_00005,2026-06-03T22:25:00Z,299,EUR,stripe,1,failed,card_declined
ch_0000145,inv_000118,cus_00005,2026-06-08T14:07:00Z,299,EUR,stripe,2,succeeded,
ch_0000146,inv_000119,cus_00005,2026-07-02T14:11:00Z,299,EUR,stripe,1,succeeded,
ch_0000147,inv_000120,cus_00005,2026-08-05T08:18:00Z,299,EUR,stripe,1,succeeded,
ch_0000148,inv_000121,cus_00006,2024-09-05T14:34:00Z,99,EUR,mollie,1,succeeded,
ch_0000149,inv_000122,cus_00006,2024-10-03T14:48:00Z,99,EUR,stripe,1,succeeded,
ch_0000150,inv_000123,cus_00006,2024-11-05T05:34:00Z,99,EUR,mollie,1,failed,expired_card
ch_0000151,inv_000123,cus_00006,2024-11-12T05:01:00Z,99,EUR,mollie,2,succeeded,
ch_0000152,inv_000124,cus_00006,2024-12-04T07:41:00Z,99,EUR,stripe,1,succeeded,
ch_0000153,inv_000125,cus_00006,2025-01-04T20:59:00Z,99,EUR,stripe,1,failed,do_not_honor
ch_0000154,inv_000125,cus_00006,2025-01-09T22:25:00Z,99,EUR,stripe,2,failed,expired_card
ch_0000155,inv_000125,cus_00006,2025-01-16T17:38:00Z,99,EUR,stripe,3,succeeded,
ch_0000156,inv_000126,cus_00006,2025-02-05T13:29:00Z,99,EUR,stripe,1,succeeded,
ch_0000157,inv_000127,cus_00006,2025-03-04T14:15:00Z,99,EUR,stripe,1,succeeded,
ch_0000158,inv_000128,cus_00006,2025-04-03T16:26:00Z,99,EUR,stripe,1,failed,card_declined
ch_0000159,inv_000128,cus_00006,2025-04-08T14:10:00Z,99,EUR,stripe,2,succeeded,
ch_0000160,inv_000129,cus_00006,2025-05-04T06:14:00Z,99,EUR,mollie,1,succeeded,
ch_0000161,inv_000130,cus_00006,2025-06-03T20:49:00Z,99,EUR,stripe,1,succeeded,
ch_0000162,inv_000131,cus_00006,2025-07-05T12:26:00Z,99,EUR,stripe,1,succeeded,
ch_0000163,inv_000132,cus_00006,2025-08-02T01:55:00Z,99,EUR,stripe,1,succeeded,
ch_0000164,inv_000133,cus_00006,2025-09-04T16:17:00Z,99,EUR,stripe,1,succeeded,
ch_0000165,inv_000134,cus_00006,2025-10-01T00:19:00Z,99,EUR,stripe,1,succeeded,
ch_0000166,inv_000135,cus_00006,2025-11-02T19:27:00Z,99,EUR,stripe,1,succeeded,
ch_0000167,inv_000136,cus_00006,2025-12-01T13:59:00Z,99,EUR,adyen,1,succeeded,
ch_0000168,inv_000137,cus_00006,2026-01-04T18:25:00Z,99,EUR,mollie,1,succeeded,
ch_0000169,inv_000138,cus_00006,2026-02-05T11:26:00Z,99,EUR,stripe,1,succeeded,
ch_0000170,inv_000139,cus_00006,2026-03-05T12:51:00Z,149,EUR,stripe,1,failed,processing_error
ch_0000171,inv_000139,cus_00006,2026-03-08T23:13:00Z,149,EUR,stripe,2,failed,card_declined
ch_0000172,inv_000139,cus_00006,2026-03-15T15:31:00Z,149,EUR,stripe,3,failed,processing_error
ch_0000173,inv_000139,cus_00006,2026-03-18T23:57:00Z,149,EUR,stripe,4,failed,expired_card
ch_0000174,inv_000140,cus_00006,2026-04-03T04:51:00Z,149,EUR,stripe,1,succeeded,
ch_0000175,inv_000141,cus_00006,2026-05-02T11:04:00Z,149,EUR,mollie,1,succeeded,
ch_0000176,inv_000142,cus_00006,2026-06-05T00:11:00Z,149,EUR,mollie,1,succeeded,
ch_0000177,inv_000143,cus_00006,2026-07-05T13:52:00Z,149,EUR,adyen,1,failed,insufficient_funds
ch_0000178,inv_000143,cus_00006,2026-07-10T06:44:00Z,149,EUR,adyen,2,failed,card_declined
ch_0000179,inv_000143,cus_00006,2026-07-15T05:14:00Z,149,EUR,adyen,3,failed,expired_card
ch_0000180,inv_000143,cus_00006,2026-07-22T23:41:00Z,149,EUR,adyen,4,succeeded,
ch_0000181,inv_000144,cus_00006,2026-08-01T00:49:00Z,149,EUR,stripe,1,failed,card_declined
ch_0000182,inv_000144,cus_00006,2026-08-08T11:19:00Z,149,EUR,stripe,2,succeeded,
ch_0000183,inv_000145,cus_00007,2024-09-05T04:46:00Z,299,EUR,stripe,1,succeeded,
ch_0000184,inv_000146,cus_00007,2024-10-03T12:25:00Z,299,EUR,stripe,1,succeeded,
ch_0000185,inv_000147,cus_00007,2024-11-01T04:50:00Z,299,EUR,stripe,1,succeeded,
ch_0000186,inv_000148,cus_00007,2024-12-04T12:36:00Z,299,EUR,stripe,1,failed,insufficient_funds
ch_0000187,inv_000148,cus_00007,2024-12-11T01:50:00Z,299,EUR,stripe,2,failed,card_declined
ch_0000188,inv_000148,cus_00007,2024-12-14T19:46:00Z,299,EUR,stripe,3,succeeded,
ch_0000189,inv_000149,cus_00007,2025-01-04T14:04:00Z,299,EUR,stripe,1,succeeded,
ch_0000190,inv_000150,cus_00007,2025-02-02T19:50:00Z,299,EUR,stripe,1,failed,card_declined
ch_0000191,inv_000150,cus_00007,2025-02-07T18:58:00Z,299,EUR,stripe,2,failed,card_declined
ch_0000192,inv_000150,cus_00007,2025-02-14T19:07:00Z,299,EUR,stripe,3,succeeded,
ch_0000193,inv_000151,cus_00007,2025-03-01T23:58:00Z,299,EUR,stripe,1,succeeded,
ch_0000194,inv_000152,cus_00007,2025-04-02T12:47:00Z,299,EUR,stripe,1,succeeded,
ch_0000195,inv_000153,cus_00007,2025-05-01T09:25:00Z,299,EUR,stripe,1,succeeded,
ch_0000196,inv_000154,cus_00007,2025-06-02T04:49:00Z,299,EUR,adyen,1,succeeded,
ch_0000197,inv_000155,cus_00007,2025-07-04T03:28:00Z,299,EUR,stripe,1,succeeded,
ch_0000198,inv_000156,cus_00007,2025-08-05T16:50:00Z,299,EUR,stripe,1,succeeded,
ch_0000199,inv_000157,cus_00007,2025-09-04T04:37:00Z,299,EUR,stripe,1,succeeded,
ch_0000200,inv_000158,cus_00007,2025-10-05T14:50:00Z,299,EUR,mollie,1,succeeded,
ch_0000201,inv_000159,cus_00007,2025-11-04T13:49:00Z,299,EUR,stripe,1,succeeded,
ch_0000202,inv_000160,cus_00007,2025-12-01T16:08:00Z,299,EUR,adyen,1,succeeded,
ch_0000203,inv_000161,cus_00007,2026-01-02T19:39:00Z,299,EUR,stripe,1,failed,card_declined
ch_0000204,inv_000161,cus_00007,2026-01-05T21:06:00Z,299,EUR,stripe,2,failed,expired_card
ch_0000205,inv_000161,cus_00007,2026-01-08T23:31:00Z,299,EUR,stripe,3,succeeded,
ch_0000206,inv_000162,cus_00007,2026-02-01T21:41:00Z,299,EUR,stripe,1,failed,insufficient_funds
ch_0000207,inv_000162,cus_00007,2026-02-06T20:18:00Z,299,EUR,stripe,2,failed,insufficient_funds
ch_0000208,inv_000162,cus_00007,2026-02-09T23:12:00Z,299,EUR,stripe,3,failed,insufficient_funds
ch_0000209,inv_000162,cus_00007,2026-02-16T00:55:00Z,299,EUR,stripe,4,succeeded,
ch_0000210,inv_000163,cus_00007,2026-03-02T04:30:00Z,299,EUR,mollie,1,succeeded,
ch_0000211,inv_000164,cus_00007,2026-04-02T04:47:00Z,299,EUR,stripe,1,succeeded,
ch_0000212,inv_000165,cus_00007,2026-05-02T07:47:00Z,299,EUR,stripe,1,failed,do_not_honor
ch_0000213,inv_000165,cus_00007,2026-05-07T17:47:00Z,299,EUR,stripe,2,failed,card_declined
ch_0000214,inv_000165,cus_00007,2026-05-10T16:48:00Z,299,EUR,stripe,3,succeeded,
ch_0000215,inv_000166,cus_00007,2026-06-02T13:08:00Z,299,EUR,stripe,1,succeeded,
ch_0000216,inv_000167,cus_00007,2026-07-05T00:39:00Z,299,EUR,mollie,1,succeeded,
ch_0000217,inv_000168,cus_00007,2026-08-05T20:59:00Z,299,EUR,adyen,1,succeeded,
ch_0000218,inv_000170,cus_00008,2024-10-05T08:09:00Z,99,EUR,adyen,1,succeeded,
ch_0000219,inv_000171,cus_00008,2024-11-05T07:14:00Z,99,EUR,adyen,1,succeeded,
ch_0000220,inv_000172,cus_00008,2024-12-03T23:01:00Z,99,EUR,stripe,1,succeeded,
ch_0000221,inv_000173,cus_00008,2025-01-04T23:30:00Z,99,EUR,mollie,1,succeeded,
ch_0000222,inv_000174,cus_00008,2025-02-02T17:43:00Z,99,EUR,stripe,1,succeeded,
ch_0000223,inv_000175,cus_00008,2025-03-03T19:25:00Z,99,EUR,stripe,1,succeeded,
ch_0000224,inv_000176,cus_00008,2025-04-01T13:47:00Z,99,EUR,stripe,1,succeeded,
ch_0000225,inv_000177,cus_00008,2025-05-04T00:08:00Z,99,EUR,stripe,1,succeeded,
ch_0000226,inv_000178,cus_00008,2025-06-01T10:40:00Z,99,EUR,stripe,1,succeeded,
ch_0000227,inv_000179,cus_00008,2025-07-05T05:57:00Z,99,EUR,stripe,1,succeeded,
ch_0000228,inv_000180,cus_00008,2025-08-05T17:03:00Z,99,EUR,adyen,1,succeeded,
ch_0000229,inv_000181,cus_00008,2025-09-04T21:53:00Z,99,EUR,stripe,1,failed,do_not_honor
ch_0000230,inv_000181,cus_00008,2025-09-11T23:30:00Z,99,EUR,stripe,2,succeeded,
ch_0000231,inv_000182,cus_00008,2025-10-04T18:17:00Z,99,EUR,mollie,1,succeeded,
ch_0000232,inv_000183,cus_00008,2025-11-02T18:04:00Z,99,EUR,stripe,1,succeeded,
ch_0000233,inv_000184,cus_00008,2025-12-01T17:21:00Z,99,EUR,stripe,1,succeeded,
ch_0000234,inv_000185,cus_00008,2026-01-01T19:48:00Z,99,EUR,mollie,1,succeeded,
ch_0000235,inv_000186,cus_00008,2026-02-03T08:33:00Z,99,EUR,stripe,1,succeeded,
ch_0000236,inv_000187,cus_00008,2026-03-04T19:47:00Z,149,EUR,adyen,1,succeeded,
ch_0000237,inv_000188,cus_00008,2026-04-03T15:14:00Z,149,EUR,adyen,1,succeeded,
ch_0000238,inv_000189,cus_00008,2026-05-05T18:20:00Z,149,EUR,mollie,1,succeeded,
ch_0000239,inv_000190,cus_00008,2026-06-03T10:54:00Z,149,EUR,adyen,1,succeeded,
ch_0000240,inv_000191,cus_00008,2026-07-03T22:10:00Z,149,EUR,stripe,1,succeeded,
ch_0000241,inv_000192,cus_00008,2026-08-03T11:42:00Z,149,EUR,mollie,1,succeeded,
ch_0000242,inv_000193,cus_00009,2024-09-02T11:28:00Z,29,EUR,adyen,1,succeeded,
ch_0000243,inv_000194,cus_00009,2024-10-05T14:46:00Z,29,EUR,mollie,1,succeeded,
ch_0000244,inv_000195,cus_00009,2024-11-05T20:11:00Z,29,EUR,stripe,1,succeeded,
ch_0000245,inv_000196,cus_00009,2024-12-04T00:08:00Z,29,EUR,stripe,1,succeeded,
ch_0000246,inv_000197,cus_00009,2025-01-05T17:55:00Z,29,EUR,adyen,1,succeeded,
ch_0000247,inv_000198,cus_00009,2025-02-02T18:02:00Z,29,EUR,stripe,1,succeeded,
ch_0000248,inv_000199,cus_00009,2025-03-03T02:02:00Z,29,EUR,mollie,1,succeeded,
ch_0000249,inv_000200,cus_00009,2025-04-02T16:45:00Z,29,EUR,adyen,1,failed,insufficient_funds
ch_0000250,inv_000200,cus_00009,2025-04-09T02:20:00Z,29,EUR,adyen,2,failed,insufficient_funds
ch_0000251,inv_000200,cus_00009,2025-04-16T11:22:00Z,29,EUR,adyen,3,failed,insufficient_funds
ch_0000252,inv_000200,cus_00009,2025-04-21T19:41:00Z,29,EUR,adyen,4,failed,card_declined
ch_0000253,inv_000201,cus_00009,2025-05-04T13:44:00Z,29,EUR,adyen,1,succeeded,
ch_0000254,inv_000202,cus_00009,2025-06-05T08:28:00Z,29,EUR,adyen,1,succeeded,
ch_0000255,inv_000203,cus_00009,2025-07-02T06:45:00Z,29,EUR,stripe,1,succeeded,
ch_0000256,inv_000204,cus_00009,2025-08-04T03:58:00Z,29,EUR,stripe,1,succeeded,
ch_0000257,inv_000205,cus_00009,2025-09-03T15:32:00Z,29,EUR,stripe,1,succeeded,
ch_0000258,inv_000206,cus_00009,2025-10-01T00:01:00Z,29,EUR,stripe,1,succeeded,
ch_0000259,inv_000207,cus_00009,2025-11-02T23:21:00Z,29,EUR,stripe,1,succeeded,
ch_0000260,inv_000208,cus_00009,2025-12-02T23:10:00Z,29,EUR,stripe,1,failed,card_declined
ch_0000261,inv_000208,cus_00009,2025-12-07T03:15:00Z,29,EUR,stripe,2,failed,card_declined
ch_0000262,inv_000209,cus_00009,2026-01-05T21:01:00Z,29,EUR,stripe,1,succeeded,
ch_0000263,inv_000210,cus_00009,2026-02-04T15:24:00Z,29,EUR,stripe,1,succeeded,
ch_0000264,inv_000211,cus_00009,2026-03-04T14:46:00Z,29,EUR,stripe,1,failed,card_declined
ch_0000265,inv_000211,cus_00009,2026-03-09T06:06:00Z,29,EUR,stripe,2,failed,do_not_honor
ch_0000266,inv_000211,cus_00009,2026-03-12T21:37:00Z,29,EUR,stripe,3,failed,processing_error
ch_0000267,inv_000211,cus_00009,2026-03-17T11:25:00Z,29,EUR,stripe,4,succeeded,
ch_0000268,inv_000212,cus_00009,2026-04-03T08:01:00Z,29,EUR,mollie,1,succeeded,
ch_0000269,inv_000213,cus_00009,2026-05-02T20:42:00Z,29,EUR,stripe,1,failed,insufficient_funds
ch_0000270,inv_000213,cus_00009,2026-05-07T15:40:00Z,29,EUR,stripe,2,failed,card_declined
ch_0000271,inv_000213,cus_00009,2026-05-12T00:43:00Z,29,EUR,stripe,3,succeeded,
ch_0000272,inv_000214,cus_00009,2026-06-04T18:25:00Z,29,EUR,adyen,1,failed,insufficient_funds
ch_0000273,inv_000214,cus_00009,2026-06-07T06:21:00Z,29,EUR,adyen,2,succeeded,
ch_0000274,inv_000215,cus_00009,2026-07-03T04:44:00Z,29,EUR,mollie,1,failed,insufficient_funds
ch_0000275,inv_000215,cus_00009,2026-07-06T13:19:00Z,29,EUR,mollie,2,succeeded,
ch_0000276,inv_000216,cus_00009,2026-08-02T00:40:00Z,29,EUR,adyen,1,succeeded,
ch_0000277,inv_000217,cus_00010,2024-09-05T15:09:00Z,99,EUR,mollie,1,succeeded,
ch_0000278,inv_000218,cus_00010,2024-10-04T11:11:00Z,99,EUR,stripe,1,succeeded,
ch_0000279,inv_000219,cus_00010,2024-11-05T17:17:00Z,99,EUR,stripe,1,failed,do_not_honor
ch_0000280,inv_000219,cus_00010,2024-11-12T14:00:00Z,99,EUR,stripe,2,failed,card_declined
ch_0000281,inv_000219,cus_00010,2024-11-17T18:11:00Z,99,EUR,stripe,3,failed,card_declined
ch_0000282,inv_000219,cus_00010,2024-11-22T21:32:00Z,99,EUR,stripe,4,succeeded,
ch_0000283,inv_000220,cus_00010,2024-12-03T16:43:00Z,99,EUR,stripe,1,succeeded,
ch_0000284,inv_000221,cus_00010,2025-01-01T03:58:00Z,99,EUR,stripe,1,succeeded,
ch_0000285,inv_000222,cus_00010,2025-02-04T08:43:00Z,99,EUR,adyen,1,succeeded,
ch_0000286,inv_000223,cus_00010,2025-03-02T16:53:00Z,99,EUR,stripe,1,succeeded,
ch_0000287,inv_000224,cus_00010,2025-04-04T02:47:00Z,99,EUR,stripe,1,succeeded,
ch_0000288,inv_000225,cus_00010,2025-05-05T21:53:00Z,99,EUR,stripe,1,succeeded,
ch_0000289,inv_000226,cus_00010,2025-06-04T17:40:00Z,99,EUR,stripe,1,succeeded,
ch_0000290,inv_000227,cus_00010,2025-07-03T22:12:00Z,99,EUR,mollie,1,failed,insufficient_funds
ch_0000291,inv_000227,cus_00010,2025-07-08T23:38:00Z,99,EUR,mollie,2,failed,card_declined
ch_0000292,inv_000227,cus_00010,2025-07-15T08:44:00Z,99,EUR,mollie,3,failed,card_declined
ch_0000293,inv_000228,cus_00010,2025-08-01T15:31:00Z,99,EUR,stripe,1,succeeded,
ch_0000294,inv_000229,cus_00010,2025-09-03T08:35:00Z,99,EUR,stripe,1,succeeded,
ch_0000295,inv_000230,cus_00010,2025-10-03T17:21:00Z,99,EUR,adyen,1,succeeded,
ch_0000296,inv_000231,cus_00010,2025-11-04T19:50:00Z,99,EUR,stripe,1,succeeded,
ch_0000297,inv_000232,cus_00010,2025-12-05T21:55:00Z,99,EUR,stripe,1,succeeded,
ch_0000298,inv_000233,cus_00010,2026-01-03T18:46:00Z,99,EUR,stripe,1,succeeded,
ch_0000299,inv_000234,cus_00010,2026-02-02T03:47:00Z,99,EUR,stripe,1,failed,processing_error
ch_0000300,inv_000234,cus_00010,2026-02-07T13:53:00Z,99,EUR,stripe,2,failed,card_declined
ch_0000301,inv_000234,cus_00010,2026-02-14T23:18:00Z,99,EUR,stripe,3,failed,insufficient_funds
ch_0000302,inv_000234,cus_00010,2026-02-19T10:31:00Z,99,EUR,stripe,4,succeeded,
ch_0000303,inv_000235,cus_00010,2026-03-01T20:15:00Z,149,EUR,stripe,1,succeeded,
ch_0000304,inv_000236,cus_00010,2026-04-05T15:49:00Z,149,EUR,stripe,1,succeeded,
ch_0000305,inv_000237,cus_00010,2026-05-02T03:40:00Z,149,EUR,adyen,1,succeeded,
ch_0000306,inv_000238,cus_00010,2026-06-04T13:22:00Z,149,EUR,stripe,1,failed,do_not_honor
ch_0000307,inv_000238,cus_00010,2026-06-09T19:04:00Z,149,EUR,stripe,2,succeeded,
ch_0000308,inv_000239,cus_00010,2026-07-03T05:58:00Z,149,EUR,stripe,1,succeeded,
ch_0000309,inv_000240,cus_00010,2026-08-04T12:09:00Z,149,EUR,stripe,1,succeeded,
ch_0000310,inv_000241,cus_00011,2024-09-04T00:28:00Z,99,EUR,stripe,1,succeeded,
ch_0000311,inv_000242,cus_00011,2024-10-05T06:21:00Z,99,EUR,stripe,1,succeeded,
ch_0000312,inv_000243,cus_00011,2024-11-01T14:27:00Z,99,EUR,stripe,1,failed,card_declined
ch_0000313,inv_000243,cus_00011,2024-11-06T10:06:00Z,99,EUR,stripe,2,failed,card_declined
ch_0000314,inv_000243,cus_00011,2024-11-11T21:55:00Z,99,EUR,stripe,3,failed,do_not_honor
ch_0000315,inv_000243,cus_00011,2024-11-16T04:31:00Z,99,EUR,stripe,4,succeeded,
ch_0000316,inv_000244,cus_00011,2024-12-01T16:08:00Z,99,EUR,stripe,1,succeeded,
ch_0000317,inv_000246,cus_00011,2025-02-01T09:07:00Z,99,EUR,adyen,1,failed,insufficient_funds
ch_0000318,inv_000246,cus_00011,2025-02-04T18:00:00Z,99,EUR,adyen,2,failed,processing_error
ch_0000319,inv_000246,cus_00011,2025-02-09T19:10:00Z,99,EUR,adyen,3,failed,insufficient_funds
ch_0000320,inv_000246,cus_00011,2025-02-16T21:22:00Z,99,EUR,adyen,4,succeeded,
ch_0000321,inv_000247,cus_00011,2025-03-01T13:57:00Z,99,EUR,stripe,1,succeeded,
ch_0000322,inv_000248,cus_00011,2025-04-05T23:00:00Z,99,EUR,stripe,1,succeeded,
ch_0000323,inv_000249,cus_00011,2025-05-04T18:03:00Z,99,EUR,stripe,1,succeeded,
ch_0000324,inv_000250,cus_00011,2025-06-01T21:53:00Z,99,EUR,stripe,1,succeeded,
ch_0000325,inv_000251,cus_00011,2025-07-02T22:23:00Z,99,EUR,mollie,1,succeeded,
ch_0000326,inv_000252,cus_00011,2025-08-05T18:07:00Z,99,EUR,stripe,1,succeeded,
ch_0000327,inv_000253,cus_00011,2025-09-05T13:47:00Z,99,EUR,mollie,1,failed,processing_error
ch_0000328,inv_000253,cus_00011,2025-09-08T01:42:00Z,99,EUR,mollie,2,failed,processing_error
ch_0000329,inv_000253,cus_00011,2025-09-15T17:45:00Z,99,EUR,mollie,3,failed,do_not_honor
ch_0000330,inv_000253,cus_00011,2025-09-22T12:33:00Z,99,EUR,mollie,4,succeeded,
ch_0000331,inv_000254,cus_00011,2025-10-02T07:54:00Z,99,EUR,stripe,1,succeeded,
ch_0000332,inv_000255,cus_00011,2025-11-02T13:38:00Z,99,EUR,stripe,1,failed,do_not_honor
ch_0000333,inv_000255,cus_00011,2025-11-09T15:31:00Z,99,EUR,stripe,2,failed,card_declined
ch_0000334,inv_000255,cus_00011,2025-11-12T09:09:00Z,99,EUR,stripe,3,succeeded,
ch_0000335,inv_000256,cus_00011,2025-12-05T23:56:00Z,99,EUR,stripe,1,succeeded,
ch_0000336,inv_000257,cus_00011,2026-01-01T04:57:00Z,99,EUR,stripe,1,succeeded,
ch_0000337,inv_000258,cus_00011,2026-02-04T17:06:00Z,99,EUR,stripe,1,succeeded,
ch_0000338,inv_000259,cus_00011,2026-03-03T10:39:00Z,149,EUR,stripe,1,succeeded,
ch_0000339,inv_000260,cus_00011,2026-04-02T08:09:00Z,149,EUR,stripe,1,succeeded,
ch_0000340,inv_000261,cus_00011,2026-05-02T08:25:00Z,149,EUR,adyen,1,succeeded,
ch_0000341,inv_000262,cus_00011,2026-06-04T14:47:00Z,149,EUR,stripe,1,succeeded,
ch_0000342,inv_000263,cus_00011,2026-07-05T06:44:00Z,149,EUR,mollie,1,succeeded,
ch_0000343,inv_000264,cus_00011,2026-08-05T16:29:00Z,149,EUR,stripe,1,succeeded,
ch_0000344,inv_000265,cus_00012,2024-09-04T18:59:00Z,99,EUR,stripe,1,succeeded,
ch_0000345,inv_000266,cus_00012,2024-10-04T13:55:00Z,99,EUR,mollie,1,succeeded,
ch_0000346,inv_000267,cus_00012,2024-11-04T02:58:00Z,99,EUR,stripe,1,succeeded,
ch_0000347,inv_000268,cus_00012,2024-12-01T08:29:00Z,99,EUR,adyen,1,succeeded,
ch_0000348,inv_000269,cus_00012,2025-01-04T08:56:00Z,99,EUR,stripe,1,succeeded,
ch_0000349,inv_000270,cus_00012,2025-02-02T19:52:00Z,99,EUR,stripe,1,succeeded,
ch_0000350,inv_000271,cus_00012,2025-03-05T11:19:00Z,99,EUR,adyen,1,failed,do_not_honor
ch_0000351,inv_000271,cus_00012,2025-03-12T11:30:00Z,99,EUR,adyen,2,failed,card_declined
ch_0000352,inv_000271,cus_00012,2025-03-15T12:18:00Z,99,EUR,adyen,3,failed,expired_card
ch_0000353,inv_000272,cus_00012,2025-04-05T10:05:00Z,99,EUR,stripe,1,succeeded,
ch_0000354,inv_000273,cus_00012,2025-05-01T22:11:00Z,99,EUR,adyen,1,failed,processing_error
ch_0000355,inv_000273,cus_00012,2025-05-08T20:50:00Z,99,EUR,adyen,2,succeeded,
ch_0000356,inv_000274,cus_00012,2025-06-04T11:01:00Z,99,EUR,stripe,1,succeeded,
ch_0000357,inv_000275,cus_00012,2025-07-02T19:40:00Z,99,EUR,mollie,1,succeeded,
ch_0000358,inv_000276,cus_00012,2025-08-05T11:54:00Z,99,EUR,adyen,1,succeeded,
ch_0000359,inv_000277,cus_00012,2025-09-01T11:42:00Z,99,EUR,adyen,1,succeeded,
ch_0000360,inv_000278,cus_00012,2025-10-03T20:02:00Z,99,EUR,stripe,1,succeeded,
ch_0000361,inv_000279,cus_00012,2025-11-02T03:02:00Z,99,EUR,adyen,1,succeeded,
ch_0000362,inv_000280,cus_00012,2025-12-02T12:01:00Z,99,EUR,stripe,1,succeeded,
ch_0000363,inv_000281,cus_00012,2026-01-03T11:01:00Z,99,EUR,mollie,1,succeeded,
ch_0000364,inv_000282,cus_00012,2026-02-02T01:46:00Z,99,EUR,adyen,1,succeeded,
ch_0000365,inv_000283,cus_00012,2026-03-03T02:44:00Z,149,EUR,stripe,1,failed,insufficient_funds
ch_0000366,inv_000283,cus_00012,2026-03-06T02:01:00Z,149,EUR,stripe,2,failed,insufficient_funds
ch_0000367,inv_000283,cus_00012,2026-03-09T19:14:00Z,149,EUR,stripe,3,failed,expired_card
ch_0000368,inv_000283,cus_00012,2026-03-12T00:34:00Z,149,EUR,stripe,4,succeeded,
ch_0000369,inv_000284,cus_00012,2026-04-05T09:13:00Z,149,EUR,stripe,1,succeeded,
ch_0000370,inv_000285,cus_00012,2026-05-04T16:00:00Z,149,EUR,adyen,1,succeeded,
ch_0000371,inv_000286,cus_00012,2026-06-01T13:59:00Z,149,EUR,adyen,1,succeeded,
ch_0000372,inv_000287,cus_00012,2026-07-04T06:50:00Z,149,EUR,stripe,1,succeeded,
ch_0000373,inv_000288,cus_00012,2026-08-01T04:04:00Z,149,EUR,stripe,1,succeeded,
ch_0000374,inv_000289,cus_00013,2024-09-02T14:09:00Z,99,EUR,mollie,1,succeeded,
ch_0000375,inv_000290,cus_00013,2024-10-05T05:28:00Z,99,EUR,stripe,1,succeeded,
ch_0000376,inv_000291,cus_00013,2024-11-04T00:01:00Z,99,EUR,mollie,1,succeeded,
ch_0000377,inv_000292,cus_00013,2024-12-01T10:13:00Z,99,EUR,adyen,1,failed,card_declined
ch_0000378,inv_000292,cus_00013,2024-12-06T03:34:00Z,99,EUR,adyen,2,failed,do_not_honor
ch_0000379,inv_000292,cus_00013,2024-12-13T02:56:00Z,99,EUR,adyen,3,failed,expired_card
ch_0000380,inv_000292,cus_00013,2024-12-16T07:06:00Z,99,EUR,adyen,4,succeeded,
ch_0000381,inv_000293,cus_00013,2025-01-05T07:02:00Z,99,EUR,adyen,1,succeeded,
ch_0000382,inv_000294,cus_00013,2025-02-02T10:56:00Z,99,EUR,stripe,1,succeeded,
ch_0000383,inv_000295,cus_00013,2025-03-05T18:31:00Z,99,EUR,stripe,1,succeeded,
ch_0000384,inv_000296,cus_00013,2025-04-02T22:55:00Z,99,EUR,stripe,1,succeeded,
ch_0000385,inv_000297,cus_00013,2025-05-03T04:30:00Z,99,EUR,stripe,1,succeeded,
ch_0000386,inv_000298,cus_00013,2025-06-05T05:29:00Z,99,EUR,stripe,1,succeeded,
ch_0000387,inv_000299,cus_00013,2025-07-04T15:03:00Z,99,EUR,stripe,1,succeeded,
ch_0000388,inv_000300,cus_00013,2025-08-02T06:11:00Z,99,EUR,stripe,1,succeeded,
ch_0000389,inv_000301,cus_00013,2025-09-05T10:18:00Z,99,EUR,adyen,1,failed,card_declined
ch_0000390,inv_000301,cus_00013,2025-09-12T04:24:00Z,99,EUR,adyen,2,succeeded,
ch_0000391,inv_000302,cus_00013,2025-10-01T23:59:00Z,99,EUR,stripe,1,succeeded,
ch_0000392,inv_000303,cus_00013,2025-11-02T07:03:00Z,99,EUR,stripe,1,succeeded,
ch_0000393,inv_000304,cus_00013,2025-12-02T06:42:00Z,99,EUR,stripe,1,succeeded,
ch_0000394,inv_000305,cus_00013,2026-01-02T02:01:00Z,99,EUR,stripe,1,succeeded,
ch_0000395,inv_000306,cus_00013,2026-02-02T10:11:00Z,99,EUR,adyen,1,succeeded,
ch_0000396,inv_000307,cus_00013,2026-03-01T06:46:00Z,149,EUR,adyen,1,succeeded,
ch_0000397,inv_000308,cus_00013,2026-04-03T18:19:00Z,149,EUR,stripe,1,succeeded,
ch_0000398,inv_000309,cus_00013,2026-05-03T05:56:00Z,149,EUR,stripe,1,succeeded,
ch_0000399,inv_000310,cus_00013,2026-06-04T16:43:00Z,149,EUR,mollie,1,failed,do_not_honor
ch_0000400,inv_000310,cus_00013,2026-06-07T06:20:00Z,149,EUR,mollie,2,failed,expired_card
ch_0000401,inv_000311,cus_00013,2026-07-04T11:26:00Z,149,EUR,stripe,1,succeeded,
ch_0000402,inv_000312,cus_00013,2026-08-03T14:38:00Z,149,EUR,stripe,1,succeeded,
ch_0000403,inv_000314,cus_00014,2024-10-02T15:27:00Z,31.52,USD,stripe,1,succeeded,
ch_0000404,inv_000315,cus_00014,2024-11-04T09:58:00Z,31.52,USD,adyen,1,succeeded,
ch_0000405,inv_000316,cus_00014,2024-12-05T05:24:00Z,31.52,USD,mollie,1,succeeded,
ch_0000406,inv_000317,cus_00014,2025-01-01T03:46:00Z,31.52,USD,stripe,1,succeeded,
ch_0000407,inv_000318,cus_00014,2025-02-05T05:43:00Z,31.52,USD,stripe,1,succeeded,
ch_0000408,inv_000319,cus_00014,2025-03-02T18:28:00Z,31.52,USD,mollie,1,succeeded,
ch_0000409,inv_000320,cus_00014,2025-04-05T08:23:00Z,31.52,USD,mollie,1,failed,expired_card
ch_0000410,inv_000320,cus_00014,2025-04-10T13:49:00Z,31.52,USD,mollie,2,failed,do_not_honor
ch_0000411,inv_000320,cus_00014,2025-04-15T19:44:00Z,31.52,USD,mollie,3,failed,insufficient_funds
ch_0000412,inv_000321,cus_00014,2025-05-02T14:08:00Z,31.52,USD,adyen,1,succeeded,
ch_0000413,inv_000322,cus_00014,2025-06-04T04:21:00Z,31.52,USD,stripe,1,succeeded,
ch_0000414,inv_000323,cus_00014,2025-07-03T03:26:00Z,31.52,USD,stripe,1,succeeded,
ch_0000415,inv_000324,cus_00014,2025-08-04T08:07:00Z,31.52,USD,mollie,1,succeeded,
ch_0000416,inv_000325,cus_00014,2025-09-05T02:19:00Z,31.52,USD,adyen,1,succeeded,
ch_0000417,inv_000326,cus_00014,2025-10-03T17:36:00Z,31.52,USD,adyen,1,succeeded,
ch_0000418,inv_000327,cus_00014,2025-11-03T20:15:00Z,31.52,USD,mollie,1,succeeded,
ch_0000419,inv_000328,cus_00014,2025-12-04T16:05:00Z,31.52,USD,stripe,1,succeeded,
ch_0000420,inv_000329,cus_00014,2026-01-04T20:39:00Z,31.52,USD,adyen,1,succeeded,
ch_0000421,inv_000330,cus_00014,2026-02-05T02:42:00Z,31.52,USD,adyen,1,succeeded,
ch_0000422,inv_000331,cus_00014,2026-03-05T20:55:00Z,31.52,USD,stripe,1,succeeded,
ch_0000423,inv_000332,cus_00014,2026-04-01T00:56:00Z,31.52,USD,stripe,1,succeeded,
ch_0000424,inv_000333,cus_00014,2026-05-05T08:08:00Z,31.52,USD,stripe,1,succeeded,
ch_0000425,inv_000334,cus_00014,2026-06-05T10:03:00Z,31.52,USD,stripe,1,failed,card_declined
ch_0000426,inv_000334,cus_00014,2026-06-08T07:45:00Z,31.52,USD,stripe,2,succeeded,
ch_0000427,inv_000335,cus_00014,2026-07-01T19:29:00Z,31.52,USD,stripe,1,succeeded,
ch_0000428,inv_000336,cus_00014,2026-08-03T16:59:00Z,31.52,USD,mollie,1,succeeded,
ch_0000429,inv_000337,cus_00015,2024-09-01T15:10:00Z,999,EUR,stripe,1,succeeded,
ch_0000430,inv_000338,cus_00015,2024-10-01T03:20:00Z,999,EUR,adyen,1,succeeded,
ch_0000431,inv_000339,cus_00015,2024-11-01T20:15:00Z,999,EUR,adyen,1,succeeded,
ch_0000432,inv_000340,cus_00015,2024-12-04T09:17:00Z,999,EUR,mollie,1,succeeded,
ch_0000433,inv_000341,cus_00015,2025-01-04T18:20:00Z,999,EUR,adyen,1,succeeded,
ch_0000434,inv_000342,cus_00015,2025-02-04T05:07:00Z,999,EUR,stripe,1,failed,insufficient_funds
ch_0000435,inv_000342,cus_00015,2025-02-09T21:01:00Z,999,EUR,stripe,2,failed,expired_card
ch_0000436,inv_000342,cus_00015,2025-02-14T09:13:00Z,999,EUR,stripe,3,failed,card_declined
ch_0000437,inv_000343,cus_00015,2025-03-03T20:18:00Z,999,EUR,stripe,1,succeeded,
ch_0000438,inv_000344,cus_00015,2025-04-04T01:19:00Z,999,EUR,stripe,1,failed,card_declined
ch_0000439,inv_000344,cus_00015,2025-04-07T10:10:00Z,999,EUR,stripe,2,failed,do_not_honor
ch_0000440,inv_000345,cus_00015,2025-05-01T19:59:00Z,999,EUR,stripe,1,succeeded,
ch_0000441,inv_000346,cus_00015,2025-06-04T16:04:00Z,999,EUR,stripe,1,succeeded,
ch_0000442,inv_000347,cus_00015,2025-07-02T21:31:00Z,999,EUR,mollie,1,succeeded,
ch_0000443,inv_000348,cus_00015,2025-08-01T01:10:00Z,999,EUR,mollie,1,failed,card_declined
ch_0000444,inv_000348,cus_00015,2025-08-06T17:03:00Z,999,EUR,mollie,2,failed,do_not_honor
ch_0000445,inv_000348,cus_00015,2025-08-13T17:09:00Z,999,EUR,mollie,3,failed,card_declined
ch_0000446,inv_000348,cus_00015,2025-08-20T08:30:00Z,999,EUR,mollie,4,succeeded,
ch_0000447,inv_000349,cus_00015,2025-09-01T14:59:00Z,999,EUR,stripe,1,succeeded,
ch_0000448,inv_000350,cus_00015,2025-10-01T03:59:00Z,999,EUR,stripe,1,succeeded,
ch_0000449,inv_000351,cus_00015,2025-11-01T19:48:00Z,999,EUR,stripe,1,succeeded,
ch_0000450,inv_000352,cus_00015,2025-12-02T20:16:00Z,999,EUR,stripe,1,succeeded,
ch_0000451,inv_000353,cus_00015,2026-01-01T11:17:00Z,999,EUR,stripe,1,failed,card_declined
ch_0000452,inv_000353,cus_00015,2026-01-06T00:00:00Z,999,EUR,stripe,2,failed,do_not_honor
ch_0000453,inv_000353,cus_00015,2026-01-13T10:15:00Z,999,EUR,stripe,3,succeeded,
ch_0000454,inv_000354,cus_00015,2026-02-04T03:31:00Z,999,EUR,stripe,1,succeeded,
ch_0000455,inv_000355,cus_00015,2026-03-01T23:42:00Z,999,EUR,stripe,1,succeeded,
ch_0000456,inv_000356,cus_00015,2026-04-03T18:48:00Z,999,EUR,adyen,1,succeeded,
ch_0000457,inv_000357,cus_00015,2026-05-01T20:36:00Z,999,EUR,adyen,1,succeeded,
ch_0000458,inv_000358,cus_00015,2026-06-03T16:36:00Z,999,EUR,stripe,1,succeeded,
ch_0000459,inv_000359,cus_00015,2026-07-02T22:39:00Z,999,EUR,mollie,1,failed,card_declined
ch_0000460,inv_000359,cus_00015,2026-07-07T12:40:00Z,999,EUR,mollie,2,succeeded,
ch_0000461,inv_000360,cus_00015,2026-08-01T05:11:00Z,999,EUR,adyen,1,succeeded,
ch_0000462,inv_000361,cus_00016,2024-09-01T22:46:00Z,99,EUR,stripe,1,succeeded,
ch_0000463,inv_000362,cus_00016,2024-10-04T02:02:00Z,99,EUR,stripe,1,succeeded,
ch_0000464,inv_000363,cus_00016,2024-11-05T12:40:00Z,99,EUR,adyen,1,failed,insufficient_funds
ch_0000465,inv_000363,cus_00016,2024-11-12T02:15:00Z,99,EUR,adyen,2,succeeded,
ch_0000466,inv_000364,cus_00016,2024-12-03T07:56:00Z,99,EUR,stripe,1,succeeded,
ch_0000467,inv_000365,cus_00016,2025-01-03T05:23:00Z,99,EUR,mollie,1,succeeded,
ch_0000468,inv_000366,cus_00016,2025-02-02T05:14:00Z,99,EUR,stripe,1,succeeded,
ch_0000469,inv_000367,cus_00016,2025-03-05T05:39:00Z,99,EUR,stripe,1,succeeded,
ch_0000470,inv_000368,cus_00016,2025-04-02T17:49:00Z,99,EUR,stripe,1,succeeded,
ch_0000471,inv_000369,cus_00016,2025-05-04T22:27:00Z,99,EUR,stripe,1,succeeded,
ch_0000472,inv_000370,cus_00016,2025-06-01T20:38:00Z,99,EUR,stripe,1,failed,processing_error
ch_0000473,inv_000370,cus_00016,2025-06-08T16:44:00Z,99,EUR,stripe,2,failed,do_not_honor
ch_0000474,inv_000370,cus_00016,2025-06-13T14:07:00Z,99,EUR,stripe,3,failed,insufficient_funds
ch_0000475,inv_000371,cus_00016,2025-07-02T03:00:00Z,99,EUR,mollie,1,succeeded,
ch_0000476,inv_000372,cus_00016,2025-08-02T08:29:00Z,99,EUR,stripe,1,succeeded,
ch_0000477,inv_000373,cus_00016,2025-09-03T20:49:00Z,99,EUR,adyen,1,succeeded,
ch_0000478,inv_000374,cus_00016,2025-10-04T17:39:00Z,99,EUR,stripe,1,succeeded,
ch_0000479,inv_000375,cus_00016,2025-11-01T23:42:00Z,99,EUR,mollie,1,succeeded,
ch_0000480,inv_000376,cus_00016,2025-12-04T18:31:00Z,99,EUR,stripe,1,succeeded,
ch_0000481,inv_000377,cus_00016,2026-01-04T06:32:00Z,99,EUR,stripe,1,succeeded,
ch_0000482,inv_000378,cus_00016,2026-02-04T18:02:00Z,99,EUR,stripe,1,succeeded,
ch_0000483,inv_000379,cus_00016,2026-03-01T13:01:00Z,149,EUR,stripe,1,failed,do_not_honor
ch_0000484,inv_000379,cus_00016,2026-03-08T07:12:00Z,149,EUR,stripe,2,failed,card_declined
ch_0000485,inv_000379,cus_00016,2026-03-15T23:36:00Z,149,EUR,stripe,3,failed,insufficient_funds
ch_0000486,inv_000379,cus_00016,2026-03-18T19:40:00Z,149,EUR,stripe,4,failed,do_not_honor
ch_0000487,inv_000380,cus_00016,2026-04-04T02:17:00Z,149,EUR,stripe,1,failed,insufficient_funds
ch_0000488,inv_000380,cus_00016,2026-04-07T01:33:00Z,149,EUR,stripe,2,failed,insufficient_funds
ch_0000489,inv_000380,cus_00016,2026-04-10T15:18:00Z,149,EUR,stripe,3,failed,expired_card
ch_0000490,inv_000380,cus_00016,2026-04-15T21:33:00Z,149,EUR,stripe,4,succeeded,
ch_0000491,inv_000381,cus_00017,2024-09-04T07:55:00Z,299,EUR,adyen,1,succeeded,
ch_0000492,inv_000382,cus_00017,2024-10-04T13:54:00Z,299,EUR,adyen,1,succeeded,
ch_0000493,inv_000383,cus_00017,2024-11-05T07:40:00Z,299,EUR,adyen,1,failed,card_declined
ch_0000494,inv_000383,cus_00017,2024-11-08T00:07:00Z,299,EUR,adyen,2,failed,processing_error
ch_0000495,inv_000383,cus_00017,2024-11-15T22:21:00Z,299,EUR,adyen,3,succeeded,
ch_0000496,inv_000384,cus_00017,2024-12-03T13:15:00Z,299,EUR,mollie,1,failed,do_not_honor
ch_0000497,inv_000384,cus_00017,2024-12-06T02:19:00Z,299,EUR,mollie,2,failed,insufficient_funds
ch_0000498,inv_000384,cus_00017,2024-12-11T20:57:00Z,299,EUR,mollie,3,failed,card_declined
ch_0000499,inv_000384,cus_00017,2024-12-14T14:18:00Z,299,EUR,mollie,4,succeeded,
ch_0000500,inv_000385,cus_00017,2025-01-03T03:39:00Z,299,EUR,stripe,1,succeeded,
ch_0000501,inv_000386,cus_00017,2025-02-03T08:59:00Z,299,EUR,stripe,1,succeeded,
ch_0000502,inv_000387,cus_00017,2025-03-04T22:57:00Z,299,EUR,mollie,1,succeeded,
ch_0000503,inv_000388,cus_00017,2025-04-04T09:37:00Z,299,EUR,stripe,1,succeeded,
ch_0000504,inv_000389,cus_00017,2025-05-03T13:54:00Z,299,EUR,stripe,1,succeeded,
ch_0000505,inv_000390,cus_00017,2025-06-02T09:14:00Z,299,EUR,mollie,1,failed,do_not_honor
ch_0000506,inv_000390,cus_00017,2025-06-09T00:58:00Z,299,EUR,mollie,2,succeeded,
ch_0000507,inv_000391,cus_00017,2025-07-04T15:13:00Z,299,EUR,mollie,1,succeeded,
ch_0000508,inv_000392,cus_00017,2025-08-05T16:19:00Z,299,EUR,stripe,1,succeeded,
ch_0000509,inv_000393,cus_00017,2025-09-01T08:04:00Z,299,EUR,mollie,1,succeeded,
ch_0000510,inv_000394,cus_00017,2025-10-01T13:06:00Z,299,EUR,stripe,1,failed,card_declined
ch_0000511,inv_000394,cus_00017,2025-10-08T22:01:00Z,299,EUR,stripe,2,failed,processing_error
ch_0000512,inv_000394,cus_00017,2025-10-13T07:26:00Z,299,EUR,stripe,3,succeeded,
ch_0000513,inv_000395,cus_00017,2025-11-02T23:32:00Z,299,EUR,adyen,1,succeeded,
ch_0000514,inv_000396,cus_00017,2025-12-03T18:59:00Z,299,EUR,stripe,1,succeeded,
ch_0000515,inv_000397,cus_00017,2026-01-04T04:49:00Z,299,EUR,stripe,1,succeeded,
ch_0000516,inv_000398,cus_00017,2026-02-01T08:30:00Z,299,EUR,stripe,1,succeeded,
ch_0000517,inv_000399,cus_00017,2026-03-05T18:47:00Z,299,EUR,stripe,1,failed,expired_card
ch_0000518,inv_000399,cus_00017,2026-03-08T04:23:00Z,299,EUR,stripe,2,failed,insufficient_funds
ch_0000519,inv_000399,cus_00017,2026-03-15T09:48:00Z,299,EUR,stripe,3,succeeded,
ch_0000520,inv_000400,cus_00017,2026-04-05T02:01:00Z,299,EUR,mollie,1,succeeded,
ch_0000521,inv_000401,cus_00017,2026-05-05T07:07:00Z,299,EUR,stripe,1,succeeded,
ch_0000522,inv_000402,cus_00017,2026-06-05T07:28:00Z,299,EUR,stripe,1,succeeded,
ch_0000523,inv_000403,cus_00017,2026-07-02T03:29:00Z,299,EUR,stripe,1,succeeded,
ch_0000524,inv_000404,cus_00017,2026-08-01T22:00:00Z,299,EUR,stripe,1,failed,card_declined
ch_0000525,inv_000404,cus_00017,2026-08-06T13:05:00Z,299,EUR,stripe,2,failed,insufficient_funds
ch_0000526,inv_000405,cus_00018,2024-10-03T12:41:00Z,84.62,GBP,mollie,1,succeeded,
ch_0000527,inv_000406,cus_00018,2024-11-01T09:51:00Z,84.62,GBP,stripe,1,succeeded,
ch_0000528,inv_000407,cus_00018,2024-12-04T04:14:00Z,84.62,GBP,mollie,1,succeeded,
ch_0000529,inv_000408,cus_00018,2025-01-04T18:01:00Z,84.62,GBP,mollie,1,succeeded,
ch_0000530,inv_000409,cus_00018,2025-02-05T16:44:00Z,84.62,GBP,stripe,1,failed,insufficient_funds
ch_0000531,inv_000409,cus_00018,2025-02-10T10:25:00Z,84.62,GBP,stripe,2,failed,expired_card
ch_0000532,inv_000409,cus_00018,2025-02-17T03:44:00Z,84.62,GBP,stripe,3,succeeded,
ch_0000533,inv_000410,cus_00018,2025-03-01T04:35:00Z,84.62,GBP,mollie,1,succeeded,
ch_0000534,inv_000411,cus_00018,2025-04-04T14:22:00Z,84.62,GBP,stripe,1,succeeded,
ch_0000535,inv_000412,cus_00018,2025-05-05T08:22:00Z,84.62,GBP,mollie,1,failed,insufficient_funds
ch_0000536,inv_000412,cus_00018,2025-05-10T19:45:00Z,84.62,GBP,mollie,2,failed,expired_card
ch_0000537,inv_000412,cus_00018,2025-05-17T00:35:00Z,84.62,GBP,mollie,3,succeeded,
ch_0000538,inv_000413,cus_00018,2025-06-02T13:52:00Z,84.62,GBP,adyen,1,succeeded,
ch_0000539,inv_000414,cus_00018,2025-07-01T08:38:00Z,84.62,GBP,stripe,1,succeeded,
ch_0000540,inv_000415,cus_00018,2025-08-05T09:07:00Z,84.62,GBP,stripe,1,failed,card_declined
ch_0000541,inv_000415,cus_00018,2025-08-10T07:58:00Z,84.62,GBP,stripe,2,succeeded,
ch_0000542,inv_000416,cus_00018,2025-09-01T10:47:00Z,84.62,GBP,stripe,1,succeeded,
ch_0000543,inv_000417,cus_00018,2025-10-02T19:50:00Z,84.62,GBP,mollie,1,succeeded,
ch_0000544,inv_000418,cus_00018,2025-11-02T01:48:00Z,84.62,GBP,mollie,1,succeeded,
ch_0000545,inv_000419,cus_00018,2025-12-01T16:15:00Z,84.62,GBP,mollie,1,succeeded,
ch_0000546,inv_000420,cus_00018,2026-01-03T05:26:00Z,84.62,GBP,stripe,1,succeeded,
ch_0000547,inv_000421,cus_00018,2026-02-01T11:09:00Z,84.62,GBP,stripe,1,succeeded,
ch_0000548,inv_000422,cus_00019,2024-10-01T23:11:00Z,29,EUR,stripe,1,succeeded,
ch_0000549,inv_000423,cus_00019,2024-11-03T01:58:00Z,29,EUR,adyen,1,failed,card_declined
ch_0000550,inv_000423,cus_00019,2024-11-06T09:33:00Z,29,EUR,adyen,2,failed,card_declined
ch_0000551,inv_000424,cus_00019,2024-12-03T10:35:00Z,29,EUR,stripe,1,succeeded,
ch_0000552,inv_000425,cus_00019,2025-01-03T21:45:00Z,29,EUR,adyen,1,succeeded,
ch_0000553,inv_000426,cus_00019,2025-02-02T02:32:00Z,29,EUR,mollie,1,succeeded,
ch_0000554,inv_000427,cus_00019,2025-03-01T22:49:00Z,29,EUR,stripe,1,succeeded,
ch_0000555,inv_000428,cus_00019,2025-04-05T13:57:00Z,29,EUR,stripe,1,succeeded,
ch_0000556,inv_000429,cus_00019,2025-05-04T21:55:00Z,29,EUR,adyen,1,succeeded,
ch_0000557,inv_000430,cus_00019,2025-06-01T10:15:00Z,29,EUR,stripe,1,succeeded,
ch_0000558,inv_000431,cus_00019,2025-07-02T09:06:00Z,29,EUR,stripe,1,succeeded,
ch_0000559,inv_000432,cus_00019,2025-08-01T23:14:00Z,29,EUR,stripe,1,succeeded,
ch_0000560,inv_000433,cus_00019,2025-09-01T23:59:00Z,29,EUR,mollie,1,succeeded,
ch_0000561,inv_000434,cus_00019,2025-10-04T15:06:00Z,29,EUR,stripe,1,failed,card_declined
ch_0000562,inv_000434,cus_00019,2025-10-11T03:26:00Z,29,EUR,stripe,2,failed,processing_error
ch_0000563,inv_000434,cus_00019,2025-10-18T03:07:00Z,29,EUR,stripe,3,failed,card_declined
ch_0000564,inv_000434,cus_00019,2025-10-25T00:14:00Z,29,EUR,stripe,4,succeeded,
ch_0000565,inv_000435,cus_00019,2025-11-04T03:13:00Z,29,EUR,stripe,1,succeeded,
ch_0000566,inv_000436,cus_00019,2025-12-02T19:20:00Z,29,EUR,stripe,1,failed,expired_card
ch_0000567,inv_000436,cus_00019,2025-12-09T15:57:00Z,29,EUR,stripe,2,succeeded,
ch_0000568,inv_000437,cus_00019,2026-01-02T02:51:00Z,29,EUR,adyen,1,succeeded,
ch_0000569,inv_000438,cus_00019,2026-02-01T10:51:00Z,29,EUR,mollie,1,succeeded,
ch_0000570,inv_000439,cus_00019,2026-03-02T04:00:00Z,29,EUR,adyen,1,succeeded,
ch_0000571,inv_000440,cus_00019,2026-04-03T03:47:00Z,29,EUR,stripe,1,succeeded,
ch_0000572,inv_000441,cus_00019,2026-05-02T00:31:00Z,29,EUR,stripe,1,succeeded,
ch_0000573,inv_000442,cus_00019,2026-06-01T06:43:00Z,29,EUR,adyen,1,succeeded,
ch_0000574,inv_000443,cus_00019,2026-07-03T11:10:00Z,29,EUR,stripe,1,succeeded,
ch_0000575,inv_000444,cus_00019,2026-08-02T12:20:00Z,29,EUR,stripe,1,succeeded,
ch_0000576,inv_000445,cus_00020,2024-10-01T03:21:00Z,94.29,CHF,stripe,1,succeeded,
ch_0000577,inv_000446,cus_00020,2024-11-02T09:44:00Z,94.29,CHF,stripe,1,succeeded,
ch_0000578,inv_000447,cus_00020,2024-12-01T08:46:00Z,94.29,CHF,adyen,1,succeeded,
ch_0000579,inv_000448,cus_00020,2025-01-05T06:33:00Z,94.29,CHF,stripe,1,succeeded,
ch_0000580,inv_000449,cus_00020,2025-02-02T06:46:00Z,94.29,CHF,stripe,1,succeeded,
ch_0000581,inv_000450,cus_00020,2025-03-04T18:05:00Z,94.29,CHF,adyen,1,succeeded,
ch_0000582,inv_000451,cus_00020,2025-04-02T23:00:00Z,94.29,CHF,stripe,1,succeeded,
ch_0000583,inv_000452,cus_00020,2025-05-05T20:11:00Z,94.29,CHF,mollie,1,succeeded,
ch_0000584,inv_000453,cus_00020,2025-06-01T17:53:00Z,94.29,CHF,adyen,1,succeeded,
ch_0000585,inv_000454,cus_00020,2025-07-02T12:33:00Z,94.29,CHF,stripe,1,succeeded,
ch_0000586,inv_000455,cus_00020,2025-08-03T06:31:00Z,94.29,CHF,stripe,1,succeeded,
ch_0000587,inv_000456,cus_00020,2025-09-05T19:45:00Z,94.29,CHF,adyen,1,failed,expired_card
ch_0000588,inv_000456,cus_00020,2025-09-12T05:37:00Z,94.29,CHF,adyen,2,failed,do_not_honor
ch_0000589,inv_000456,cus_00020,2025-09-19T23:26:00Z,94.29,CHF,adyen,3,failed,card_declined
ch_0000590,inv_000456,cus_00020,2025-09-24T00:09:00Z,94.29,CHF,adyen,4,failed,card_declined
ch_0000591,inv_000457,cus_00020,2025-10-03T14:58:00Z,94.29,CHF,stripe,1,succeeded,
ch_0000592,inv_000458,cus_00020,2025-11-05T13:00:00Z,94.29,CHF,stripe,1,succeeded,
ch_0000593,inv_000459,cus_00020,2025-12-05T00:55:00Z,94.29,CHF,adyen,1,succeeded,
ch_0000594,inv_000460,cus_00020,2026-01-01T23:55:00Z,94.29,CHF,stripe,1,succeeded,
ch_0000595,inv_000461,cus_00020,2026-02-01T11:40:00Z,94.29,CHF,adyen,1,succeeded,
ch_0000596,inv_000462,cus_00020,2026-03-01T08:52:00Z,141.9,CHF,stripe,1,succeeded,
ch_0000597,inv_000463,cus_00020,2026-04-05T11:31:00Z,141.9,CHF,adyen,1,succeeded,
ch_0000598,inv_000464,cus_00020,2026-05-03T17:48:00Z,141.9,CHF,stripe,1,succeeded,
ch_0000599,inv_000465,cus_00020,2026-06-02T10:33:00Z,141.9,CHF,stripe,1,succeeded,
ch_0000600,inv_000466,cus_00020,2026-07-03T12:08:00Z,141.9,CHF,adyen,1,failed,do_not_honor
ch_0000601,inv_000466,cus_00020,2026-07-10T14:27:00Z,141.9,CHF,adyen,2,failed,processing_error
ch_0000602,inv_000466,cus_00020,2026-07-15T23:06:00Z,141.9,CHF,adyen,3,failed,insufficient_funds
ch_0000603,inv_000466,cus_00020,2026-07-18T09:34:00Z,141.9,CHF,adyen,4,failed,do_not_honor
ch_0000604,inv_000467,cus_00020,2026-08-02T00:37:00Z,141.9,CHF,stripe,1,succeeded,
ch_0000605,inv_000468,cus_00021,2024-10-01T11:14:00Z,99,EUR,adyen,1,succeeded,
ch_0000606,inv_000469,cus_00021,2024-11-05T03:12:00Z,99,EUR,mollie,1,succeeded,
ch_0000607,inv_000470,cus_00021,2024-12-01T18:53:00Z,99,EUR,stripe,1,succeeded,
ch_0000608,inv_000471,cus_00021,2025-01-03T22:41:00Z,99,EUR,stripe,1,succeeded,
ch_0000609,inv_000472,cus_00021,2025-02-05T04:58:00Z,99,EUR,mollie,1,succeeded,
ch_0000610,inv_000473,cus_00021,2025-03-04T13:52:00Z,99,EUR,stripe,1,succeeded,
ch_0000611,inv_000474,cus_00021,2025-04-05T01:50:00Z,99,EUR,stripe,1,succeeded,
ch_0000612,inv_000475,cus_00021,2025-05-03T05:08:00Z,99,EUR,stripe,1,succeeded,
ch_0000613,inv_000476,cus_00021,2025-06-03T14:44:00Z,99,EUR,stripe,1,failed,card_declined
ch_0000614,inv_000476,cus_00021,2025-06-10T13:10:00Z,99,EUR,stripe,2,failed,card_declined
ch_0000615,inv_000476,cus_00021,2025-06-15T16:48:00Z,99,EUR,stripe,3,failed,card_declined
ch_0000616,inv_000476,cus_00021,2025-06-20T03:05:00Z,99,EUR,stripe,4,succeeded,
ch_0000617,inv_000477,cus_00021,2025-07-04T19:28:00Z,99,EUR,stripe,1,succeeded,
ch_0000618,inv_000478,cus_00021,2025-08-05T01:46:00Z,99,EUR,mollie,1,succeeded,
ch_0000619,inv_000479,cus_00021,2025-09-04T07:28:00Z,99,EUR,stripe,1,failed,card_declined
ch_0000620,inv_000479,cus_00021,2025-09-07T22:52:00Z,99,EUR,stripe,2,failed,expired_card
ch_0000621,inv_000479,cus_00021,2025-09-12T22:22:00Z,99,EUR,stripe,3,succeeded,
ch_0000622,inv_000480,cus_00021,2025-10-05T07:07:00Z,99,EUR,stripe,1,succeeded,
ch_0000623,inv_000481,cus_00021,2025-11-02T22:05:00Z,99,EUR,stripe,1,succeeded,
ch_0000624,inv_000482,cus_00021,2025-12-05T07:22:00Z,99,EUR,adyen,1,succeeded,
ch_0000625,inv_000483,cus_00021,2026-01-02T10:42:00Z,99,EUR,stripe,1,succeeded,
ch_0000626,inv_000484,cus_00021,2026-02-02T06:09:00Z,99,EUR,mollie,1,failed,do_not_honor
ch_0000627,inv_000484,cus_00021,2026-02-05T03:41:00Z,99,EUR,mollie,2,succeeded,
ch_0000628,inv_000485,cus_00022,2024-10-03T10:52:00Z,107.61,USD,adyen,1,failed,insufficient_funds
ch_0000629,inv_000485,cus_00022,2024-10-06T07:08:00Z,107.61,USD,adyen,2,failed,card_declined
ch_0000630,inv_000485,cus_00022,2024-10-09T11:48:00Z,107.61,USD,adyen,3,failed,card_declined
ch_0000631,inv_000485,cus_00022,2024-10-16T16:21:00Z,107.61,USD,adyen,4,succeeded,
ch_0000632,inv_000486,cus_00022,2024-11-02T16:08:00Z,107.61,USD,stripe,1,succeeded,
ch_0000633,inv_000487,cus_00022,2024-12-02T18:47:00Z,107.61,USD,stripe,1,succeeded,
ch_0000634,inv_000488,cus_00022,2025-01-04T17:44:00Z,107.61,USD,mollie,1,failed,card_declined
ch_0000635,inv_000488,cus_00022,2025-01-11T22:13:00Z,107.61,USD,mollie,2,failed,insufficient_funds
ch_0000636,inv_000488,cus_00022,2025-01-16T00:19:00Z,107.61,USD,mollie,3,failed,processing_error
ch_0000637,inv_000488,cus_00022,2025-01-19T06:06:00Z,107.61,USD,mollie,4,succeeded,
ch_0000638,inv_000489,cus_00022,2025-02-01T10:18:00Z,107.61,USD,adyen,1,failed,card_declined
ch_0000639,inv_000489,cus_00022,2025-02-04T21:50:00Z,107.61,USD,adyen,2,failed,insufficient_funds
ch_0000640,inv_000489,cus_00022,2025-02-09T03:21:00Z,107.61,USD,adyen,3,succeeded,
ch_0000641,inv_000490,cus_00022,2025-03-05T05:40:00Z,107.61,USD,stripe,1,succeeded,
ch_0000642,inv_000491,cus_00022,2025-04-03T06:59:00Z,107.61,USD,stripe,1,succeeded,
ch_0000643,inv_000492,cus_00022,2025-05-02T00:36:00Z,107.61,USD,stripe,1,succeeded,
ch_0000644,inv_000493,cus_00022,2025-06-02T19:42:00Z,107.61,USD,stripe,1,succeeded,
ch_0000645,inv_000494,cus_00022,2025-07-02T04:25:00Z,107.61,USD,adyen,1,succeeded,
ch_0000646,inv_000495,cus_00022,2025-08-03T06:33:00Z,107.61,USD,stripe,1,succeeded,
ch_0000647,inv_000496,cus_00022,2025-09-02T23:01:00Z,107.61,USD,adyen,1,succeeded,
ch_0000648,inv_000497,cus_00022,2025-10-05T07:53:00Z,107.61,USD,stripe,1,succeeded,
ch_0000649,inv_000498,cus_00022,2025-11-03T03:28:00Z,107.61,USD,stripe,1,failed,card_declined
ch_0000650,inv_000498,cus_00022,2025-11-10T07:14:00Z,107.61,USD,stripe,2,succeeded,
ch_0000651,inv_000499,cus_00022,2025-12-02T17:10:00Z,107.61,USD,stripe,1,failed,insufficient_funds
ch_0000652,inv_000499,cus_00022,2025-12-05T21:08:00Z,107.61,USD,stripe,2,failed,insufficient_funds
ch_0000653,inv_000499,cus_00022,2025-12-10T23:06:00Z,107.61,USD,stripe,3,succeeded,
ch_0000654,inv_000500,cus_00022,2026-01-02T04:36:00Z,107.61,USD,stripe,1,succeeded,
ch_0000655,inv_000501,cus_00022,2026-02-03T21:33:00Z,107.61,USD,stripe,1,succeeded,
ch_0000656,inv_000502,cus_00022,2026-03-04T18:18:00Z,161.96,USD,stripe,1,failed,do_not_honor
ch_0000657,inv_000502,cus_00022,2026-03-11T18:11:00Z,161.96,USD,stripe,2,failed,processing_error
ch_0000658,inv_000502,cus_00022,2026-03-16T10:28:00Z,161.96,USD,stripe,3,failed,card_declined
ch_0000659,inv_000503,cus_00022,2026-04-04T14:49:00Z,161.96,USD,stripe,1,succeeded,
ch_0000660,inv_000504,cus_00022,2026-05-01T07:09:00Z,161.96,USD,stripe,1,succeeded,
ch_0000661,inv_000505,cus_00022,2026-06-03T12:42:00Z,161.96,USD,adyen,1,succeeded,
ch_0000662,inv_000506,cus_00022,2026-07-01T06:55:00Z,161.96,USD,adyen,1,succeeded,
ch_0000663,inv_000507,cus_00023,2024-10-03T06:13:00Z,29,EUR,stripe,1,succeeded,
ch_0000664,inv_000508,cus_00023,2024-11-04T11:05:00Z,29,EUR,adyen,1,succeeded,
ch_0000665,inv_000509,cus_00023,2024-12-04T00:38:00Z,29,EUR,stripe,1,succeeded,
ch_0000666,inv_000510,cus_00023,2025-01-01T11:22:00Z,29,EUR,stripe,1,succeeded,
ch_0000667,inv_000511,cus_00023,2025-02-01T02:50:00Z,29,EUR,stripe,1,succeeded,
ch_0000668,inv_000512,cus_00023,2025-03-03T15:11:00Z,29,EUR,mollie,1,succeeded,
ch_0000669,inv_000513,cus_00023,2025-04-05T06:25:00Z,29,EUR,stripe,1,failed,card_declined
ch_0000670,inv_000513,cus_00023,2025-04-12T12:02:00Z,29,EUR,stripe,2,failed,card_declined
ch_0000671,inv_000513,cus_00023,2025-04-17T07:17:00Z,29,EUR,stripe,3,failed,insufficient_funds
ch_0000672,inv_000513,cus_00023,2025-04-22T15:05:00Z,29,EUR,stripe,4,succeeded,
ch_0000673,inv_000514,cus_00023,2025-05-02T20:02:00Z,29,EUR,adyen,1,succeeded,
ch_0000674,inv_000515,cus_00023,2025-06-02T06:03:00Z,29,EUR,stripe,1,succeeded,
ch_0000675,inv_000516,cus_00023,2025-07-02T23:29:00Z,29,EUR,stripe,1,failed,insufficient_funds
ch_0000676,inv_000516,cus_00023,2025-07-07T18:23:00Z,29,EUR,stripe,2,failed,card_declined
ch_0000677,inv_000516,cus_00023,2025-07-14T10:26:00Z,29,EUR,stripe,3,failed,card_declined
ch_0000678,inv_000516,cus_00023,2025-07-19T12:17:00Z,29,EUR,stripe,4,succeeded,
ch_0000679,inv_000517,cus_00023,2025-08-04T03:26:00Z,29,EUR,adyen,1,succeeded,
ch_0000680,inv_000518,cus_00023,2025-09-05T13:33:00Z,29,EUR,mollie,1,succeeded,
ch_0000681,inv_000519,cus_00023,2025-10-02T01:40:00Z,29,EUR,stripe,1,succeeded,
ch_0000682,inv_000520,cus_00023,2025-11-03T04:49:00Z,29,EUR,stripe,1,succeeded,
ch_0000683,inv_000521,cus_00023,2025-12-04T00:37:00Z,29,EUR,stripe,1,succeeded,
ch_0000684,inv_000522,cus_00023,2026-01-03T09:32:00Z,29,EUR,adyen,1,succeeded,
ch_0000685,inv_000523,cus_00023,2026-02-04T08:20:00Z,29,EUR,adyen,1,succeeded,
ch_0000686,inv_000524,cus_00023,2026-03-01T08:02:00Z,29,EUR,stripe,1,failed,card_declined
ch_0000687,inv_000524,cus_00023,2026-03-08T05:30:00Z,29,EUR,stripe,2,failed,processing_error
ch_0000688,inv_000524,cus_00023,2026-03-11T12:38:00Z,29,EUR,stripe,3,failed,expired_card
ch_0000689,inv_000525,cus_00023,2026-04-03T06:08:00Z,29,EUR,stripe,1,failed,insufficient_funds
ch_0000690,inv_000525,cus_00023,2026-04-08T23:18:00Z,29,EUR,stripe,2,failed,do_not_honor
ch_0000691,inv_000525,cus_00023,2026-04-13T00:08:00Z,29,EUR,stripe,3,failed,insufficient_funds
ch_0000692,inv_000525,cus_00023,2026-04-20T16:29:00Z,29,EUR,stripe,4,succeeded,
ch_0000693,inv_000526,cus_00023,2026-05-05T21:46:00Z,29,EUR,stripe,1,succeeded,
ch_0000694,inv_000527,cus_00023,2026-06-04T07:13:00Z,29,EUR,mollie,1,succeeded,
ch_0000695,inv_000528,cus_00023,2026-07-04T03:02:00Z,29,EUR,mollie,1,succeeded,
ch_0000696,inv_000529,cus_00023,2026-08-03T19:22:00Z,29,EUR,stripe,1,succeeded,
ch_0000697,inv_000530,cus_00024,2024-10-01T10:53:00Z,99,EUR,stripe,1,succeeded,
ch_0000698,inv_000531,cus_00024,2024-11-04T10:33:00Z,99,EUR,mollie,1,failed,insufficient_funds
ch_0000699,inv_000531,cus_00024,2024-11-09T19:44:00Z,99,EUR,mollie,2,succeeded,
ch_0000700,inv_000532,cus_00024,2024-12-02T03:56:00Z,99,EUR,stripe,1,failed,insufficient_funds
ch_0000701,inv_000532,cus_00024,2024-12-05T00:03:00Z,99,EUR,stripe,2,succeeded,
ch_0000702,inv_000533,cus_00024,2025-01-05T13:11:00Z,99,EUR,mollie,1,succeeded,
ch_0000703,inv_000534,cus_00024,2025-02-02T13:07:00Z,99,EUR,mollie,1,succeeded,
ch_0000704,inv_000535,cus_00024,2025-03-03T03:55:00Z,99,EUR,adyen,1,failed,processing_error
ch_0000705,inv_000535,cus_00024,2025-03-10T23:13:00Z,99,EUR,adyen,2,succeeded,
ch_0000706,inv_000536,cus_00024,2025-04-05T20:42:00Z,99,EUR,stripe,1,succeeded,
ch_0000707,inv_000537,cus_00024,2025-05-02T22:55:00Z,99,EUR,stripe,1,succeeded,
ch_0000708,inv_000538,cus_00024,2025-06-05T18:54:00Z,99,EUR,stripe,1,succeeded,
ch_0000709,inv_000539,cus_00024,2025-07-03T01:12:00Z,99,EUR,adyen,1,succeeded,
ch_0000710,inv_000540,cus_00024,2025-08-01T06:00:00Z,99,EUR,adyen,1,failed,card_declined
ch_0000711,inv_000540,cus_00024,2025-08-04T21:40:00Z,99,EUR,adyen,2,failed,card_declined
ch_0000712,inv_000540,cus_00024,2025-08-09T10:34:00Z,99,EUR,adyen,3,succeeded,
ch_0000713,inv_000541,cus_00024,2025-09-04T19:24:00Z,99,EUR,mollie,1,succeeded,
ch_0000714,inv_000542,cus_00024,2025-10-02T03:32:00Z,99,EUR,stripe,1,failed,do_not_honor
ch_0000715,inv_000542,cus_00024,2025-10-09T04:02:00Z,99,EUR,stripe,2,succeeded,
ch_0000716,inv_000543,cus_00024,2025-11-01T22:42:00Z,99,EUR,adyen,1,succeeded,
ch_0000717,inv_000544,cus_00024,2025-12-02T15:28:00Z,99,EUR,stripe,1,failed,processing_error
ch_0000718,inv_000544,cus_00024,2025-12-09T09:50:00Z,99,EUR,stripe,2,failed,insufficient_funds
ch_0000719,inv_000544,cus_00024,2025-12-12T23:51:00Z,99,EUR,stripe,3,succeeded,
ch_0000720,inv_000545,cus_00024,2026-01-03T23:05:00Z,99,EUR,stripe,1,succeeded,
ch_0000721,inv_000546,cus_00024,2026-02-05T18:52:00Z,99,EUR,stripe,1,succeeded,
ch_0000722,inv_000547,cus_00024,2026-03-01T23:59:00Z,149,EUR,adyen,1,succeeded,
ch_0000723,inv_000548,cus_00024,2026-04-02T22:40:00Z,149,EUR,stripe,1,succeeded,
ch_0000724,inv_000549,cus_00024,2026-05-02T22:59:00Z,149,EUR,stripe,1,failed,card_declined
ch_0000725,inv_000549,cus_00024,2026-05-07T02:54:00Z,149,EUR,stripe,2,failed,card_declined
ch_0000726,inv_000550,cus_00024,2026-06-02T02:19:00Z,149,EUR,stripe,1,succeeded,
ch_0000727,inv_000551,cus_00024,2026-07-01T03:26:00Z,149,EUR,stripe,1,succeeded,
ch_0000728,inv_000552,cus_00024,2026-08-02T06:48:00Z,149,EUR,stripe,1,succeeded,
ch_0000729,inv_000553,cus_00025,2024-10-04T08:49:00Z,29,EUR,stripe,1,succeeded,
ch_0000730,inv_000554,cus_00025,2024-11-01T19:20:00Z,29,EUR,stripe,1,failed,card_declined
ch_0000731,inv_000554,cus_00025,2024-11-04T00:48:00Z,29,EUR,stripe,2,failed,do_not_honor
ch_0000732,inv_000554,cus_00025,2024-11-11T07:53:00Z,29,EUR,stripe,3,succeeded,
ch_0000733,inv_000555,cus_00025,2024-12-01T01:46:00Z,29,EUR,stripe,1,succeeded,
ch_0000734,inv_000556,cus_00025,2025-01-01T20:17:00Z,29,EUR,stripe,1,succeeded,
ch_0000735,inv_000557,cus_00025,2025-02-05T00:06:00Z,29,EUR,stripe,1,succeeded,
ch_0000736,inv_000558,cus_00025,2025-03-02T05:41:00Z,29,EUR,stripe,1,succeeded,
ch_0000737,inv_000559,cus_00025,2025-04-05T19:06:00Z,29,EUR,stripe,1,succeeded,
ch_0000738,inv_000560,cus_00025,2025-05-03T22:06:00Z,29,EUR,adyen,1,succeeded,
ch_0000739,inv_000561,cus_00025,2025-06-02T17:47:00Z,29,EUR,mollie,1,succeeded,
ch_0000740,inv_000562,cus_00025,2025-07-04T14:19:00Z,29,EUR,adyen,1,succeeded,
ch_0000741,inv_000563,cus_00025,2025-08-01T11:43:00Z,29,EUR,stripe,1,succeeded,
ch_0000742,inv_000564,cus_00025,2025-09-05T07:43:00Z,29,EUR,stripe,1,succeeded,
ch_0000743,inv_000565,cus_00025,2025-10-02T20:33:00Z,29,EUR,mollie,1,succeeded,
ch_0000744,inv_000566,cus_00025,2025-11-05T13:54:00Z,29,EUR,adyen,1,failed,insufficient_funds
ch_0000745,inv_000566,cus_00025,2025-11-08T19:06:00Z,29,EUR,adyen,2,succeeded,
ch_0000746,inv_000567,cus_00025,2025-12-02T16:36:00Z,29,EUR,stripe,1,succeeded,
ch_0000747,inv_000568,cus_00025,2026-01-05T16:40:00Z,29,EUR,stripe,1,succeeded,
ch_0000748,inv_000570,cus_00025,2026-03-03T17:12:00Z,29,EUR,adyen,1,succeeded,
ch_0000749,inv_000571,cus_00025,2026-04-04T07:57:00Z,29,EUR,adyen,1,succeeded,
ch_0000750,inv_000572,cus_00025,2026-05-01T05:44:00Z,29,EUR,stripe,1,succeeded,
ch_0000751,inv_000573,cus_00025,2026-06-01T09:09:00Z,29,EUR,mollie,1,succeeded,
ch_0000752,inv_000574,cus_00025,2026-07-05T13:56:00Z,29,EUR,stripe,1,succeeded,
ch_0000753,inv_000575,cus_00025,2026-08-05T06:12:00Z,29,EUR,stripe,1,succeeded,
ch_0000754,inv_000576,cus_00026,2024-10-04T09:00:00Z,99,EUR,mollie,1,succeeded,
ch_0000755,inv_000577,cus_00026,2024-11-05T22:46:00Z,99,EUR,stripe,1,succeeded,
ch_0000756,inv_000578,cus_00026,2024-12-02T20:17:00Z,99,EUR,stripe,1,succeeded,
ch_0000757,inv_000579,cus_00026,2025-01-04T14:10:00Z,99,EUR,stripe,1,succeeded,
ch_0000758,inv_000580,cus_00026,2025-02-03T07:48:00Z,99,EUR,stripe,1,succeeded,
ch_0000759,inv_000581,cus_00026,2025-03-03T16:49:00Z,99,EUR,stripe,1,succeeded,
ch_0000760,inv_000582,cus_00026,2025-04-01T18:13:00Z,99,EUR,stripe,1,succeeded,
ch_0000761,inv_000583,cus_00026,2025-05-02T14:30:00Z,99,EUR,stripe,1,succeeded,
ch_0000762,inv_000584,cus_00026,2025-06-03T05:27:00Z,99,EUR,mollie,1,succeeded,
ch_0000763,inv_000585,cus_00026,2025-07-05T08:53:00Z,99,EUR,stripe,1,succeeded,
ch_0000764,inv_000586,cus_00027,2024-10-01T02:52:00Z,27.62,CHF,stripe,1,failed,processing_error
ch_0000765,inv_000586,cus_00027,2024-10-04T21:57:00Z,27.62,CHF,stripe,2,failed,card_declined
ch_0000766,inv_000586,cus_00027,2024-10-09T08:25:00Z,27.62,CHF,stripe,3,succeeded,
ch_0000767,inv_000587,cus_00027,2024-11-05T05:43:00Z,27.62,CHF,stripe,1,failed,insufficient_funds
ch_0000768,inv_000587,cus_00027,2024-11-12T04:36:00Z,27.62,CHF,stripe,2,succeeded,
ch_0000769,inv_000588,cus_00027,2024-12-03T00:39:00Z,27.62,CHF,mollie,1,succeeded,
ch_0000770,inv_000589,cus_00027,2025-01-04T20:16:00Z,27.62,CHF,adyen,1,succeeded,
ch_0000771,inv_000590,cus_00027,2025-02-01T02:47:00Z,27.62,CHF,adyen,1,succeeded,
ch_0000772,inv_000591,cus_00027,2025-03-03T08:57:00Z,27.62,CHF,stripe,1,succeeded,
ch_0000773,inv_000592,cus_00027,2025-04-03T04:58:00Z,27.62,CHF,adyen,1,succeeded,
ch_0000774,inv_000593,cus_00027,2025-05-02T00:04:00Z,27.62,CHF,stripe,1,succeeded,
ch_0000775,inv_000594,cus_00027,2025-06-01T15:36:00Z,27.62,CHF,stripe,1,succeeded,
ch_0000776,inv_000595,cus_00027,2025-07-05T19:56:00Z,27.62,CHF,adyen,1,failed,insufficient_funds
ch_0000777,inv_000595,cus_00027,2025-07-12T02:59:00Z,27.62,CHF,adyen,2,failed,card_declined
ch_0000778,inv_000595,cus_00027,2025-07-17T08:56:00Z,27.62,CHF,adyen,3,failed,expired_card
ch_0000779,inv_000596,cus_00027,2025-08-01T13:08:00Z,27.62,CHF,adyen,1,succeeded,
ch_0000780,inv_000597,cus_00027,2025-09-02T01:27:00Z,27.62,CHF,adyen,1,succeeded,
ch_0000781,inv_000598,cus_00027,2025-10-02T06:56:00Z,27.62,CHF,adyen,1,succeeded,
ch_0000782,inv_000599,cus_00027,2025-11-05T00:59:00Z,27.62,CHF,adyen,1,succeeded,
ch_0000783,inv_000600,cus_00027,2025-12-01T15:55:00Z,27.62,CHF,stripe,1,succeeded,
ch_0000784,inv_000601,cus_00027,2026-01-01T15:10:00Z,27.62,CHF,stripe,1,succeeded,
ch_0000785,inv_000602,cus_00027,2026-02-01T06:28:00Z,27.62,CHF,adyen,1,succeeded,
ch_0000786,inv_000603,cus_00027,2026-03-01T05:15:00Z,27.62,CHF,adyen,1,succeeded,
ch_0000787,inv_000604,cus_00027,2026-04-02T15:38:00Z,27.62,CHF,stripe,1,failed,insufficient_funds
ch_0000788,inv_000604,cus_00027,2026-04-09T05:50:00Z,27.62,CHF,stripe,2,failed,insufficient_funds
ch_0000789,inv_000604,cus_00027,2026-04-12T14:19:00Z,27.62,CHF,stripe,3,failed,card_declined
ch_0000790,inv_000604,cus_00027,2026-04-19T22:04:00Z,27.62,CHF,stripe,4,failed,do_not_honor
ch_0000791,inv_000605,cus_00027,2026-05-04T05:35:00Z,27.62,CHF,stripe,1,succeeded,
ch_0000792,inv_000606,cus_00027,2026-06-04T17:21:00Z,27.62,CHF,adyen,1,succeeded,
ch_0000793,inv_000608,cus_00028,2024-10-04T07:19:00Z,29,EUR,stripe,1,succeeded,
ch_0000794,inv_000609,cus_00028,2024-11-05T03:47:00Z,29,EUR,stripe,1,succeeded,
ch_0000795,inv_000610,cus_00028,2024-12-01T13:52:00Z,29,EUR,adyen,1,succeeded,
ch_0000796,inv_000611,cus_00028,2025-01-02T17:46:00Z,29,EUR,mollie,1,succeeded,
ch_0000797,inv_000612,cus_00028,2025-02-03T07:52:00Z,29,EUR,adyen,1,succeeded,
ch_0000798,inv_000613,cus_00028,2025-03-04T08:59:00Z,29,EUR,stripe,1,succeeded,
ch_0000799,inv_000614,cus_00028,2025-04-01T01:52:00Z,29,EUR,adyen,1,failed,card_declined
ch_0000800,inv_000614,cus_00028,2025-04-08T04:56:00Z,29,EUR,adyen,2,failed,expired_card
ch_0000801,inv_000614,cus_00028,2025-04-13T23:43:00Z,29,EUR,adyen,3,failed,insufficient_funds
ch_0000802,inv_000615,cus_00028,2025-05-05T04:16:00Z,29,EUR,adyen,1,succeeded,
ch_0000803,inv_000616,cus_00028,2025-06-04T09:07:00Z,29,EUR,stripe,1,failed,card_declined
ch_0000804,inv_000616,cus_00028,2025-06-07T23:23:00Z,29,EUR,stripe,2,failed,card_declined
ch_0000805,inv_000616,cus_00028,2025-06-12T22:39:00Z,29,EUR,stripe,3,failed,expired_card
ch_0000806,inv_000616,cus_00028,2025-06-19T09:24:00Z,29,EUR,stripe,4,failed,expired_card
ch_0000807,inv_000617,cus_00029,2024-10-01T21:31:00Z,99,EUR,stripe,1,succeeded,
ch_0000808,inv_000618,cus_00029,2024-11-05T12:21:00Z,99,EUR,mollie,1,succeeded,
ch_0000809,inv_000619,cus_00029,2024-12-03T09:52:00Z,99,EUR,stripe,1,succeeded,
ch_0000810,inv_000620,cus_00029,2025-01-01T18:51:00Z,99,EUR,adyen,1,succeeded,
ch_0000811,inv_000621,cus_00029,2025-02-03T10:41:00Z,99,EUR,mollie,1,succeeded,
ch_0000812,inv_000622,cus_00029,2025-03-03T20:34:00Z,99,EUR,adyen,1,succeeded,
ch_0000813,inv_000623,cus_00029,2025-04-01T15:12:00Z,99,EUR,stripe,1,succeeded,
ch_0000814,inv_000624,cus_00029,2025-05-04T16:58:00Z,99,EUR,stripe,1,succeeded,
ch_0000815,inv_000625,cus_00029,2025-06-03T21:56:00Z,99,EUR,mollie,1,succeeded,
ch_0000816,inv_000626,cus_00029,2025-07-01T16:50:00Z,99,EUR,adyen,1,succeeded,
ch_0000817,inv_000627,cus_00029,2025-08-03T12:07:00Z,99,EUR,mollie,1,succeeded,
ch_0000818,inv_000628,cus_00029,2025-09-02T23:33:00Z,99,EUR,stripe,1,succeeded,
ch_0000819,inv_000629,cus_00029,2025-10-02T07:56:00Z,99,EUR,mollie,1,succeeded,
ch_0000820,inv_000630,cus_00029,2025-11-05T08:12:00Z,99,EUR,stripe,1,succeeded,
ch_0000821,inv_000631,cus_00029,2025-12-04T15:29:00Z,99,EUR,adyen,1,succeeded,
ch_0000822,inv_000632,cus_00029,2026-01-03T12:51:00Z,99,EUR,stripe,1,succeeded,
ch_0000823,inv_000633,cus_00029,2026-02-02T14:43:00Z,99,EUR,stripe,1,succeeded,
ch_0000824,inv_000634,cus_00029,2026-03-03T19:30:00Z,149,EUR,adyen,1,succeeded,
ch_0000825,inv_000635,cus_00029,2026-04-04T00:00:00Z,149,EUR,mollie,1,succeeded,
ch_0000826,inv_000636,cus_00029,2026-05-05T19:08:00Z,149,EUR,adyen,1,succeeded,
ch_0000827,inv_000637,cus_00029,2026-06-01T08:04:00Z,149,EUR,mollie,1,succeeded,
ch_0000828,inv_000638,cus_00029,2026-07-05T11:11:00Z,149,EUR,adyen,1,succeeded,
ch_0000829,inv_000639,cus_00029,2026-08-01T02:07:00Z,149,EUR,adyen,1,succeeded,
ch_0000830,inv_000640,cus_00030,2024-10-04T16:30:00Z,299,EUR,adyen,1,failed,expired_card
ch_0000831,inv_000640,cus_00030,2024-10-11T10:42:00Z,299,EUR,adyen,2,failed,do_not_honor
ch_0000832,inv_000640,cus_00030,2024-10-16T19:58:00Z,299,EUR,adyen,3,succeeded,
ch_0000833,inv_000641,cus_00030,2024-11-03T22:43:00Z,299,EUR,stripe,1,succeeded,
ch_0000834,inv_000642,cus_00030,2024-12-03T10:01:00Z,299,EUR,stripe,1,succeeded,
ch_0000835,inv_000643,cus_00030,2025-01-05T20:20:00Z,299,EUR,stripe,1,succeeded,
ch_0000836,inv_000644,cus_00030,2025-02-02T21:23:00Z,299,EUR,stripe,1,succeeded,
ch_0000837,inv_000645,cus_00030,2025-03-05T03:21:00Z,299,EUR,adyen,1,succeeded,
ch_0000838,inv_000646,cus_00030,2025-04-04T12:09:00Z,299,EUR,adyen,1,succeeded,
ch_0000839,inv_000647,cus_00030,2025-05-01T02:27:00Z,299,EUR,stripe,1,failed,card_declined
ch_0000840,inv_000647,cus_00030,2025-05-06T14:24:00Z,299,EUR,stripe,2,failed,insufficient_funds
ch_0000841,inv_000647,cus_00030,2025-05-11T00:11:00Z,299,EUR,stripe,3,failed,card_declined
ch_0000842,inv_000647,cus_00030,2025-05-18T20:27:00Z,299,EUR,stripe,4,failed,card_declined
ch_0000843,inv_000648,cus_00030,2025-06-05T11:20:00Z,299,EUR,stripe,1,succeeded,
ch_0000844,inv_000649,cus_00030,2025-07-04T03:18:00Z,299,EUR,stripe,1,succeeded,
ch_0000845,inv_000650,cus_00030,2025-08-02T07:30:00Z,299,EUR,mollie,1,succeeded,
ch_0000846,inv_000651,cus_00030,2025-09-01T08:32:00Z,299,EUR,stripe,1,failed,expired_card
ch_0000847,inv_000651,cus_00030,2025-09-06T10:22:00Z,299,EUR,stripe,2,failed,processing_error
ch_0000848,inv_000652,cus_00030,2025-10-04T03:14:00Z,299,EUR,mollie,1,succeeded,
ch_0000849,inv_000653,cus_00030,2025-11-02T16:12:00Z,299,EUR,adyen,1,succeeded,
ch_0000850,inv_000654,cus_00030,2025-12-02T13:58:00Z,299,EUR,stripe,1,succeeded,
ch_0000851,inv_000655,cus_00030,2026-01-04T06:13:00Z,299,EUR,adyen,1,failed,expired_card
ch_0000852,inv_000655,cus_00030,2026-01-07T00:19:00Z,299,EUR,adyen,2,failed,card_declined
ch_0000853,inv_000655,cus_00030,2026-01-10T22:52:00Z,299,EUR,adyen,3,failed,do_not_honor
ch_0000854,inv_000655,cus_00030,2026-01-17T01:58:00Z,299,EUR,adyen,4,succeeded,
ch_0000855,inv_000656,cus_00030,2026-02-05T08:55:00Z,299,EUR,stripe,1,failed,processing_error
ch_0000856,inv_000656,cus_00030,2026-02-12T14:37:00Z,299,EUR,stripe,2,succeeded,
ch_0000857,inv_000657,cus_00030,2026-03-05T02:06:00Z,299,EUR,mollie,1,succeeded,
ch_0000858,inv_000658,cus_00030,2026-04-04T16:16:00Z,299,EUR,stripe,1,succeeded,
ch_0000859,inv_000659,cus_00030,2026-05-01T03:27:00Z,299,EUR,stripe,1,succeeded,
ch_0000860,inv_000660,cus_00030,2026-06-05T21:03:00Z,299,EUR,stripe,1,succeeded,
ch_0000861,inv_000661,cus_00030,2026-07-04T17:52:00Z,299,EUR,stripe,1,succeeded,
ch_0000862,inv_000662,cus_00030,2026-08-01T15:39:00Z,299,EUR,stripe,1,failed,card_declined
ch_0000863,inv_000662,cus_00030,2026-08-06T19:32:00Z,299,EUR,stripe,2,failed,processing_error
ch_0000864,inv_000663,cus_00031,2024-10-04T07:08:00Z,24.79,GBP,adyen,1,failed,insufficient_funds
ch_0000865,inv_000663,cus_00031,2024-10-07T00:51:00Z,24.79,GBP,adyen,2,failed,insufficient_funds
ch_0000866,inv_000663,cus_00031,2024-10-10T16:32:00Z,24.79,GBP,adyen,3,succeeded,
ch_0000867,inv_000664,cus_00031,2024-11-02T03:32:00Z,24.79,GBP,stripe,1,succeeded,
ch_0000868,inv_000665,cus_00031,2024-12-01T12:01:00Z,24.79,GBP,stripe,1,succeeded,
ch_0000869,inv_000666,cus_00031,2025-01-01T06:23:00Z,24.79,GBP,stripe,1,succeeded,
ch_0000870,inv_000667,cus_00031,2025-02-01T18:48:00Z,24.79,GBP,stripe,1,failed,card_declined
ch_0000871,inv_000667,cus_00031,2025-02-08T12:22:00Z,24.79,GBP,stripe,2,succeeded,
ch_0000872,inv_000668,cus_00031,2025-03-03T14:08:00Z,24.79,GBP,stripe,1,failed,card_declined
ch_0000873,inv_000668,cus_00031,2025-03-10T03:46:00Z,24.79,GBP,stripe,2,failed,insufficient_funds
ch_0000874,inv_000669,cus_00031,2025-04-01T12:19:00Z,24.79,GBP,mollie,1,failed,processing_error
ch_0000875,inv_000669,cus_00031,2025-04-04T23:27:00Z,24.79,GBP,mollie,2,failed,card_declined
ch_0000876,inv_000669,cus_00031,2025-04-07T09:58:00Z,24.79,GBP,mollie,3,failed,insufficient_funds
ch_0000877,inv_000670,cus_00031,2025-05-05T10:07:00Z,24.79,GBP,stripe,1,succeeded,
ch_0000878,inv_000671,cus_00031,2025-06-02T15:17:00Z,24.79,GBP,stripe,1,succeeded,
ch_0000879,inv_000672,cus_00031,2025-07-02T07:33:00Z,24.79,GBP,stripe,1,succeeded,
ch_0000880,inv_000673,cus_00031,2025-08-01T17:35:00Z,24.79,GBP,stripe,1,succeeded,
ch_0000881,inv_000674,cus_00031,2025-09-01T17:23:00Z,24.79,GBP,stripe,1,succeeded,
ch_0000882,inv_000675,cus_00031,2025-10-03T02:50:00Z,24.79,GBP,stripe,1,succeeded,
ch_0000883,inv_000676,cus_00031,2025-11-01T01:29:00Z,24.79,GBP,stripe,1,succeeded,
ch_0000884,inv_000677,cus_00031,2025-12-01T10:24:00Z,24.79,GBP,stripe,1,succeeded,
ch_0000885,inv_000678,cus_00031,2026-01-02T02:29:00Z,24.79,GBP,stripe,1,failed,insufficient_funds
ch_0000886,inv_000678,cus_00031,2026-01-09T02:29:00Z,24.79,GBP,stripe,2,failed,insufficient_funds
ch_0000887,inv_000678,cus_00031,2026-01-14T13:37:00Z,24.79,GBP,stripe,3,failed,insufficient_funds
ch_0000888,inv_000679,cus_00031,2026-02-02T07:42:00Z,24.79,GBP,adyen,1,succeeded,
ch_0000889,inv_000680,cus_00031,2026-03-01T06:34:00Z,24.79,GBP,stripe,1,succeeded,
ch_0000890,inv_000681,cus_00031,2026-04-05T10:10:00Z,24.79,GBP,adyen,1,succeeded,
ch_0000891,inv_000682,cus_00031,2026-05-01T13:04:00Z,24.79,GBP,stripe,1,succeeded,
ch_0000892,inv_000683,cus_00031,2026-06-04T14:17:00Z,24.79,GBP,adyen,1,succeeded,
ch_0000893,inv_000684,cus_00031,2026-07-02T08:31:00Z,24.79,GBP,stripe,1,succeeded,
ch_0000894,inv_000685,cus_00031,2026-08-01T21:58:00Z,24.79,GBP,adyen,1,succeeded,
ch_0000895,inv_000686,cus_00032,2024-10-03T08:15:00Z,84.62,GBP,mollie,1,succeeded,
ch_0000896,inv_000687,cus_00032,2024-11-04T02:29:00Z,84.62,GBP,mollie,1,failed,processing_error
ch_0000897,inv_000687,cus_00032,2024-11-07T23:10:00Z,84.62,GBP,mollie,2,succeeded,
ch_0000898,inv_000688,cus_00032,2024-12-02T02:16:00Z,84.62,GBP,adyen,1,succeeded,
ch_0000899,inv_000689,cus_00032,2025-01-04T11:40:00Z,84.62,GBP,adyen,1,succeeded,
ch_0000900,inv_000690,cus_00032,2025-02-01T18:48:00Z,84.62,GBP,stripe,1,failed,processing_error
ch_0000901,inv_000690,cus_00032,2025-02-06T21:23:00Z,84.62,GBP,stripe,2,failed,do_not_honor
ch_0000902,inv_000690,cus_00032,2025-02-11T21:39:00Z,84.62,GBP,stripe,3,succeeded,
ch_0000903,inv_000691,cus_00032,2025-03-01T13:28:00Z,84.62,GBP,stripe,1,succeeded,
ch_0000904,inv_000692,cus_00032,2025-04-04T12:30:00Z,84.62,GBP,stripe,1,succeeded,
ch_0000905,inv_000693,cus_00032,2025-05-04T14:57:00Z,84.62,GBP,mollie,1,succeeded,
ch_0000906,inv_000694,cus_00032,2025-06-03T14:27:00Z,84.62,GBP,stripe,1,succeeded,
ch_0000907,inv_000695,cus_00032,2025-07-04T17:26:00Z,84.62,GBP,adyen,1,succeeded,
ch_0000908,inv_000696,cus_00032,2025-08-02T18:44:00Z,84.62,GBP,adyen,1,succeeded,
ch_0000909,inv_000697,cus_00032,2025-09-03T10:59:00Z,84.62,GBP,stripe,1,succeeded,
ch_0000910,inv_000698,cus_00032,2025-10-03T08:37:00Z,84.62,GBP,stripe,1,failed,card_declined
ch_0000911,inv_000698,cus_00032,2025-10-06T11:02:00Z,84.62,GBP,stripe,2,failed,card_declined
ch_0000912,inv_000699,cus_00032,2025-11-03T15:44:00Z,84.62,GBP,stripe,1,succeeded,
ch_0000913,inv_000700,cus_00032,2025-12-02T14:06:00Z,84.62,GBP,stripe,1,failed,insufficient_funds
ch_0000914,inv_000700,cus_00032,2025-12-09T18:08:00Z,84.62,GBP,stripe,2,failed,expired_card
ch_0000915,inv_000700,cus_00032,2025-12-14T16:33:00Z,84.62,GBP,stripe,3,succeeded,
ch_0000916,inv_000701,cus_00032,2026-01-01T09:24:00Z,84.62,GBP,stripe,1,succeeded,
ch_0000917,inv_000702,cus_00032,2026-02-03T02:37:00Z,84.62,GBP,stripe,1,failed,insufficient_funds
ch_0000918,inv_000702,cus_00032,2026-02-08T19:05:00Z,84.62,GBP,stripe,2,failed,insufficient_funds
ch_0000919,inv_000702,cus_00032,2026-02-15T17:40:00Z,84.62,GBP,stripe,3,failed,expired_card
ch_0000920,inv_000702,cus_00032,2026-02-18T12:51:00Z,84.62,GBP,stripe,4,succeeded,
ch_0000921,inv_000703,cus_00032,2026-03-03T06:47:00Z,127.35,GBP,stripe,1,succeeded,
ch_0000922,inv_000704,cus_00032,2026-04-04T15:25:00Z,127.35,GBP,adyen,1,succeeded,
ch_0000923,inv_000705,cus_00032,2026-05-04T02:34:00Z,127.35,GBP,stripe,1,succeeded,
ch_0000924,inv_000706,cus_00032,2026-06-01T02:31:00Z,127.35,GBP,stripe,1,succeeded,
ch_0000925,inv_000707,cus_00032,2026-07-03T18:29:00Z,127.35,GBP,stripe,1,succeeded,
ch_0000926,inv_000708,cus_00032,2026-08-01T13:47:00Z,127.35,GBP,stripe,1,succeeded,
ch_0000927,inv_000710,cus_00033,2024-11-04T20:01:00Z,99,EUR,stripe,1,failed,expired_card
ch_0000928,inv_000710,cus_00033,2024-11-09T23:11:00Z,99,EUR,stripe,2,succeeded,
ch_0000929,inv_000711,cus_00033,2024-12-03T11:11:00Z,99,EUR,stripe,1,succeeded,
ch_0000930,inv_000713,cus_00033,2025-02-01T17:49:00Z,99,EUR,stripe,1,failed,insufficient_funds
ch_0000931,inv_000713,cus_00033,2025-02-08T18:25:00Z,99,EUR,stripe,2,failed,card_declined
ch_0000932,inv_000713,cus_00033,2025-02-13T11:54:00Z,99,EUR,stripe,3,failed,processing_error
ch_0000933,inv_000713,cus_00033,2025-02-18T03:11:00Z,99,EUR,stripe,4,succeeded,
ch_0000934,inv_000714,cus_00033,2025-03-01T08:33:00Z,99,EUR,stripe,1,succeeded,
ch_0000935,inv_000715,cus_00033,2025-04-03T11:53:00Z,99,EUR,stripe,1,succeeded,
ch_0000936,inv_000716,cus_00033,2025-05-01T17:44:00Z,99,EUR,adyen,1,succeeded,
ch_0000937,inv_000717,cus_00033,2025-06-02T09:53:00Z,99,EUR,stripe,1,succeeded,
ch_0000938,inv_000718,cus_00033,2025-07-02T09:23:00Z,99,EUR,stripe,1,succeeded,
ch_0000939,inv_000719,cus_00033,2025-08-05T10:57:00Z,99,EUR,stripe,1,succeeded,
ch_0000940,inv_000720,cus_00033,2025-09-02T14:07:00Z,99,EUR,adyen,1,failed,do_not_honor
ch_0000941,inv_000720,cus_00033,2025-09-09T20:42:00Z,99,EUR,adyen,2,failed,do_not_honor
ch_0000942,inv_000720,cus_00033,2025-09-12T12:24:00Z,99,EUR,adyen,3,succeeded,
ch_0000943,inv_000721,cus_00033,2025-10-04T08:03:00Z,99,EUR,stripe,1,succeeded,
ch_0000944,inv_000722,cus_00033,2025-11-02T13:58:00Z,99,EUR,stripe,1,failed,do_not_honor
ch_0000945,inv_000722,cus_00033,2025-11-09T17:02:00Z,99,EUR,stripe,2,failed,insufficient_funds
ch_0000946,inv_000722,cus_00033,2025-11-16T05:03:00Z,99,EUR,stripe,3,succeeded,
ch_0000947,inv_000723,cus_00033,2025-12-03T21:56:00Z,99,EUR,mollie,1,succeeded,
ch_0000948,inv_000724,cus_00033,2026-01-03T00:31:00Z,99,EUR,stripe,1,succeeded,
ch_0000949,inv_000725,cus_00033,2026-02-01T01:37:00Z,99,EUR,mollie,1,failed,card_declined
ch_0000950,inv_000725,cus_00033,2026-02-04T19:11:00Z,99,EUR,mollie,2,failed,expired_card
ch_0000951,inv_000726,cus_00033,2026-03-03T13:24:00Z,149,EUR,stripe,1,succeeded,
ch_0000952,inv_000727,cus_00033,2026-04-02T02:30:00Z,149,EUR,mollie,1,succeeded,
ch_0000953,inv_000728,cus_00033,2026-05-05T22:04:00Z,149,EUR,adyen,1,succeeded,
ch_0000954,inv_000729,cus_00033,2026-06-03T23:47:00Z,149,EUR,stripe,1,succeeded,
ch_0000955,inv_000730,cus_00033,2026-07-01T16:09:00Z,149,EUR,stripe,1,succeeded,
ch_0000956,inv_000731,cus_00033,2026-08-04T03:07:00Z,149,EUR,stripe,1,succeeded,
ch_0000957,inv_000732,cus_00034,2024-11-01T03:09:00Z,29,EUR,stripe,1,succeeded,
ch_0000958,inv_000733,cus_00034,2024-12-02T11:55:00Z,29,EUR,adyen,1,succeeded,
ch_0000959,inv_000734,cus_00034,2025-01-02T04:14:00Z,29,EUR,stripe,1,failed,insufficient_funds
ch_0000960,inv_000734,cus_00034,2025-01-07T16:14:00Z,29,EUR,stripe,2,succeeded,
ch_0000961,inv_000735,cus_00034,2025-02-02T13:24:00Z,29,EUR,mollie,1,succeeded,
ch_0000962,inv_000736,cus_00034,2025-03-04T15:32:00Z,29,EUR,stripe,1,succeeded,
ch_0000963,inv_000737,cus_00034,2025-04-02T13:11:00Z,29,EUR,stripe,1,succeeded,
ch_0000964,inv_000738,cus_00034,2025-05-02T14:00:00Z,29,EUR,adyen,1,succeeded,
ch_0000965,inv_000739,cus_00034,2025-06-05T07:25:00Z,29,EUR,stripe,1,succeeded,
ch_0000966,inv_000740,cus_00034,2025-07-04T06:04:00Z,29,EUR,adyen,1,succeeded,
ch_0000967,inv_000741,cus_00034,2025-08-04T18:53:00Z,29,EUR,adyen,1,succeeded,
ch_0000968,inv_000742,cus_00034,2025-09-03T08:22:00Z,29,EUR,adyen,1,succeeded,
ch_0000969,inv_000743,cus_00034,2025-10-03T12:12:00Z,29,EUR,stripe,1,failed,insufficient_funds
ch_0000970,inv_000743,cus_00034,2025-10-10T23:25:00Z,29,EUR,stripe,2,failed,card_declined
ch_0000971,inv_000743,cus_00034,2025-10-15T00:44:00Z,29,EUR,stripe,3,succeeded,
ch_0000972,inv_000744,cus_00034,2025-11-01T22:39:00Z,29,EUR,mollie,1,failed,processing_error
ch_0000973,inv_000744,cus_00034,2025-11-08T11:09:00Z,29,EUR,mollie,2,failed,insufficient_funds
ch_0000974,inv_000744,cus_00034,2025-11-13T00:48:00Z,29,EUR,mollie,3,failed,insufficient_funds
ch_0000975,inv_000744,cus_00034,2025-11-16T18:22:00Z,29,EUR,mollie,4,failed,expired_card
ch_0000976,inv_000745,cus_00034,2025-12-01T23:49:00Z,29,EUR,stripe,1,succeeded,
ch_0000977,inv_000746,cus_00034,2026-01-01T21:25:00Z,29,EUR,mollie,1,succeeded,
ch_0000978,inv_000747,cus_00034,2026-02-04T05:18:00Z,29,EUR,stripe,1,failed,insufficient_funds
ch_0000979,inv_000747,cus_00034,2026-02-09T14:22:00Z,29,EUR,stripe,2,succeeded,
ch_0000980,inv_000748,cus_00034,2026-03-01T21:43:00Z,29,EUR,stripe,1,succeeded,
ch_0000981,inv_000749,cus_00034,2026-04-03T01:45:00Z,29,EUR,adyen,1,succeeded,
ch_0000982,inv_000750,cus_00034,2026-05-01T11:24:00Z,29,EUR,stripe,1,succeeded,
ch_0000983,inv_000751,cus_00034,2026-06-01T04:27:00Z,29,EUR,stripe,1,succeeded,
ch_0000984,inv_000752,cus_00034,2026-07-01T05:00:00Z,29,EUR,mollie,1,failed,card_declined
ch_0000985,inv_000752,cus_00034,2026-07-06T06:11:00Z,29,EUR,mollie,2,failed,processing_error
ch_0000986,inv_000752,cus_00034,2026-07-13T01:16:00Z,29,EUR,mollie,3,failed,insufficient_funds
ch_0000987,inv_000752,cus_00034,2026-07-18T02:04:00Z,29,EUR,mollie,4,succeeded,
ch_0000988,inv_000753,cus_00034,2026-08-05T21:23:00Z,29,EUR,mollie,1,succeeded,
ch_0000989,inv_000754,cus_00035,2024-11-01T22:41:00Z,99,EUR,stripe,1,failed,processing_error
ch_0000990,inv_000754,cus_00035,2024-11-08T10:57:00Z,99,EUR,stripe,2,failed,card_declined
ch_0000991,inv_000755,cus_00035,2024-12-03T23:55:00Z,99,EUR,mollie,1,succeeded,
ch_0000992,inv_000756,cus_00035,2025-01-03T03:04:00Z,99,EUR,stripe,1,failed,expired_card
ch_0000993,inv_000756,cus_00035,2025-01-06T14:39:00Z,99,EUR,stripe,2,failed,card_declined
ch_0000994,inv_000756,cus_00035,2025-01-13T02:40:00Z,99,EUR,stripe,3,failed,do_not_honor
ch_0000995,inv_000756,cus_00035,2025-01-20T06:12:00Z,99,EUR,stripe,4,failed,expired_card
ch_0000996,inv_000757,cus_00035,2025-02-04T02:53:00Z,99,EUR,stripe,1,succeeded,
ch_0000997,inv_000758,cus_00035,2025-03-01T22:48:00Z,99,EUR,stripe,1,succeeded,
ch_0000998,inv_000759,cus_00035,2025-04-03T19:37:00Z,99,EUR,mollie,1,succeeded,
ch_0000999,inv_000760,cus_00035,2025-05-02T18:35:00Z,99,EUR,stripe,1,succeeded,
ch_0001000,inv_000761,cus_00035,2025-06-04T18:52:00Z,99,EUR,stripe,1,succeeded,
ch_0001001,inv_000762,cus_00035,2025-07-01T07:44:00Z,99,EUR,adyen,1,succeeded,
ch_0001002,inv_000763,cus_00035,2025-08-02T11:37:00Z,99,EUR,mollie,1,succeeded,
ch_0001003,inv_000764,cus_00035,2025-09-02T01:33:00Z,99,EUR,adyen,1,succeeded,
ch_0001004,inv_000765,cus_00035,2025-10-05T21:18:00Z,99,EUR,stripe,1,succeeded,
ch_0001005,inv_000766,cus_00035,2025-11-05T03:29:00Z,99,EUR,stripe,1,succeeded,
ch_0001006,inv_000767,cus_00035,2025-12-01T23:35:00Z,99,EUR,adyen,1,succeeded,
ch_0001007,inv_000768,cus_00035,2026-01-01T19:52:00Z,99,EUR,stripe,1,failed,insufficient_funds
ch_0001008,inv_000768,cus_00035,2026-01-08T09:22:00Z,99,EUR,stripe,2,failed,processing_error
ch_0001009,inv_000768,cus_00035,2026-01-13T21:21:00Z,99,EUR,stripe,3,succeeded,
ch_0001010,inv_000769,cus_00036,2024-11-03T14:51:00Z,99,EUR,stripe,1,failed,card_declined
ch_0001011,inv_000769,cus_00036,2024-11-10T11:47:00Z,99,EUR,stripe,2,succeeded,
ch_0001012,inv_000770,cus_00036,2024-12-04T23:22:00Z,99,EUR,stripe,1,succeeded,
ch_0001013,inv_000771,cus_00036,2025-01-01T07:28:00Z,99,EUR,adyen,1,succeeded,
ch_0001014,inv_000772,cus_00036,2025-02-01T18:00:00Z,99,EUR,stripe,1,succeeded,
ch_0001015,inv_000773,cus_00036,2025-03-04T02:15:00Z,99,EUR,stripe,1,succeeded,
ch_0001016,inv_000774,cus_00036,2025-04-05T16:45:00Z,99,EUR,adyen,1,succeeded,
ch_0001017,inv_000775,cus_00036,2025-05-01T16:44:00Z,99,EUR,stripe,1,succeeded,
ch_0001018,inv_000776,cus_00036,2025-06-03T04:42:00Z,99,EUR,adyen,1,succeeded,
ch_0001019,inv_000777,cus_00036,2025-07-05T05:55:00Z,99,EUR,adyen,1,succeeded,
ch_0001020,inv_000778,cus_00036,2025-08-04T23:06:00Z,99,EUR,stripe,1,succeeded,
ch_0001021,inv_000779,cus_00036,2025-09-02T13:13:00Z,99,EUR,adyen,1,succeeded,
ch_0001022,inv_000780,cus_00036,2025-10-01T20:41:00Z,99,EUR,stripe,1,failed,card_declined
ch_0001023,inv_000780,cus_00036,2025-10-06T00:53:00Z,99,EUR,stripe,2,succeeded,
ch_0001024,inv_000781,cus_00036,2025-11-03T14:56:00Z,99,EUR,stripe,1,succeeded,
ch_0001025,inv_000782,cus_00036,2025-12-03T01:11:00Z,99,EUR,stripe,1,succeeded,
ch_0001026,inv_000783,cus_00036,2026-01-05T14:15:00Z,99,EUR,mollie,1,succeeded,
ch_0001027,inv_000784,cus_00036,2026-02-03T08:13:00Z,99,EUR,stripe,1,succeeded,
ch_0001028,inv_000785,cus_00036,2026-03-02T00:43:00Z,149,EUR,adyen,1,succeeded,
ch_0001029,inv_000786,cus_00036,2026-04-04T01:26:00Z,149,EUR,mollie,1,succeeded,
ch_0001030,inv_000787,cus_00036,2026-05-03T22:34:00Z,149,EUR,adyen,1,succeeded,
ch_0001031,inv_000788,cus_00036,2026-06-02T21:31:00Z,149,EUR,adyen,1,succeeded,
ch_0001032,inv_000789,cus_00036,2026-07-05T07:07:00Z,149,EUR,stripe,1,succeeded,
ch_0001033,inv_000790,cus_00036,2026-08-04T20:49:00Z,149,EUR,adyen,1,succeeded,
ch_0001034,inv_000791,cus_00037,2024-11-05T15:00:00Z,299,EUR,stripe,1,succeeded,
ch_0001035,inv_000792,cus_00037,2024-12-05T14:39:00Z,299,EUR,stripe,1,failed,insufficient_funds
ch_0001036,inv_000792,cus_00037,2024-12-08T07:02:00Z,299,EUR,stripe,2,failed,insufficient_funds
ch_0001037,inv_000792,cus_00037,2024-12-15T07:18:00Z,299,EUR,stripe,3,failed,do_not_honor
ch_0001038,inv_000792,cus_00037,2024-12-20T04:58:00Z,299,EUR,stripe,4,succeeded,
ch_0001039,inv_000793,cus_00037,2025-01-02T14:13:00Z,299,EUR,stripe,1,succeeded,
ch_0001040,inv_000794,cus_00037,2025-02-05T11:10:00Z,299,EUR,stripe,1,succeeded,
ch_0001041,inv_000795,cus_00037,2025-03-02T09:58:00Z,299,EUR,stripe,1,succeeded,
ch_0001042,inv_000796,cus_00037,2025-04-04T18:09:00Z,299,EUR,stripe,1,succeeded,
ch_0001043,inv_000797,cus_00037,2025-05-04T23:06:00Z,299,EUR,mollie,1,succeeded,
ch_0001044,inv_000798,cus_00037,2025-06-03T13:23:00Z,299,EUR,stripe,1,succeeded,
ch_0001045,inv_000799,cus_00037,2025-07-01T23:37:00Z,299,EUR,stripe,1,succeeded,
ch_0001046,inv_000800,cus_00037,2025-08-02T11:51:00Z,299,EUR,stripe,1,succeeded,
ch_0001047,inv_000801,cus_00037,2025-09-05T12:33:00Z,299,EUR,stripe,1,succeeded,
ch_0001048,inv_000802,cus_00037,2025-10-05T20:10:00Z,299,EUR,stripe,1,succeeded,
ch_0001049,inv_000803,cus_00037,2025-11-03T14:56:00Z,299,EUR,stripe,1,succeeded,
ch_0001050,inv_000804,cus_00037,2025-12-05T22:00:00Z,299,EUR,adyen,1,failed,do_not_honor
ch_0001051,inv_000804,cus_00037,2025-12-10T22:05:00Z,299,EUR,adyen,2,failed,processing_error
ch_0001052,inv_000804,cus_00037,2025-12-15T02:22:00Z,299,EUR,adyen,3,failed,insufficient_funds
ch_0001053,inv_000805,cus_00037,2026-01-03T11:34:00Z,299,EUR,stripe,1,succeeded,
ch_0001054,inv_000806,cus_00037,2026-02-03T07:05:00Z,299,EUR,stripe,1,failed,insufficient_funds
ch_0001055,inv_000806,cus_00037,2026-02-08T06:08:00Z,299,EUR,stripe,2,failed,card_declined
ch_0001056,inv_000806,cus_00037,2026-02-13T07:58:00Z,299,EUR,stripe,3,succeeded,
ch_0001057,inv_000807,cus_00037,2026-03-05T04:51:00Z,299,EUR,adyen,1,failed,insufficient_funds
ch_0001058,inv_000807,cus_00037,2026-03-08T08:20:00Z,299,EUR,adyen,2,failed,card_declined
ch_0001059,inv_000807,cus_00037,2026-03-11T13:27:00Z,299,EUR,adyen,3,failed,processing_error
ch_0001060,inv_000807,cus_00037,2026-03-14T04:45:00Z,299,EUR,adyen,4,succeeded,
ch_0001061,inv_000808,cus_00037,2026-04-01T12:38:00Z,299,EUR,stripe,1,succeeded,
ch_0001062,inv_000809,cus_00037,2026-05-05T16:03:00Z,299,EUR,stripe,1,succeeded,
ch_0001063,inv_000810,cus_00037,2026-06-04T03:49:00Z,299,EUR,mollie,1,succeeded,
ch_0001064,inv_000811,cus_00037,2026-07-01T03:23:00Z,299,EUR,stripe,1,succeeded,
ch_0001065,inv_000812,cus_00037,2026-08-05T05:12:00Z,299,EUR,adyen,1,succeeded,
ch_0001066,inv_000813,cus_00038,2024-11-04T13:38:00Z,99,EUR,stripe,1,succeeded,
ch_0001067,inv_000814,cus_00038,2024-12-04T21:14:00Z,99,EUR,stripe,1,succeeded,
ch_0001068,inv_000815,cus_00038,2025-01-01T14:47:00Z,99,EUR,stripe,1,failed,card_declined
ch_0001069,inv_000815,cus_00038,2025-01-04T05:13:00Z,99,EUR,stripe,2,succeeded,
ch_0001070,inv_000816,cus_00038,2025-02-01T03:16:00Z,99,EUR,adyen,1,succeeded,
ch_0001071,inv_000817,cus_00039,2024-11-03T07:27:00Z,299,EUR,stripe,1,succeeded,
ch_0001072,inv_000818,cus_00039,2024-12-03T05:02:00Z,299,EUR,stripe,1,succeeded,
ch_0001073,inv_000819,cus_00039,2025-01-04T15:32:00Z,299,EUR,adyen,1,succeeded,
ch_0001074,inv_000820,cus_00039,2025-02-02T17:23:00Z,299,EUR,stripe,1,succeeded,
ch_0001075,inv_000821,cus_00039,2025-03-01T10:35:00Z,299,EUR,stripe,1,succeeded,
ch_0001076,inv_000822,cus_00039,2025-04-04T11:51:00Z,299,EUR,mollie,1,failed,insufficient_funds
ch_0001077,inv_000822,cus_00039,2025-04-11T21:01:00Z,299,EUR,mollie,2,failed,insufficient_funds
ch_0001078,inv_000822,cus_00039,2025-04-14T16:42:00Z,299,EUR,mollie,3,failed,insufficient_funds
ch_0001079,inv_000822,cus_00039,2025-04-17T05:27:00Z,299,EUR,mollie,4,succeeded,
ch_0001080,inv_000823,cus_00039,2025-05-05T18:22:00Z,299,EUR,stripe,1,succeeded,
ch_0001081,inv_000824,cus_00039,2025-06-05T13:49:00Z,299,EUR,mollie,1,succeeded,
ch_0001082,inv_000825,cus_00039,2025-07-04T12:16:00Z,299,EUR,stripe,1,succeeded,
ch_0001083,inv_000826,cus_00039,2025-08-02T14:27:00Z,299,EUR,mollie,1,succeeded,
ch_0001084,inv_000827,cus_00039,2025-09-02T21:51:00Z,299,EUR,mollie,1,succeeded,
ch_0001085,inv_000828,cus_00039,2025-10-03T19:53:00Z,299,EUR,stripe,1,succeeded,
ch_0001086,inv_000829,cus_00039,2025-11-01T06:08:00Z,299,EUR,adyen,1,succeeded,
ch_0001087,inv_000830,cus_00039,2025-12-02T18:47:00Z,299,EUR,stripe,1,succeeded,
ch_0001088,inv_000831,cus_00039,2026-01-04T11:46:00Z,299,EUR,adyen,1,succeeded,
ch_0001089,inv_000832,cus_00039,2026-02-03T19:59:00Z,299,EUR,stripe,1,succeeded,
ch_0001090,inv_000833,cus_00039,2026-03-05T02:24:00Z,299,EUR,adyen,1,succeeded,
ch_0001091,inv_000834,cus_00039,2026-04-05T20:51:00Z,299,EUR,stripe,1,failed,card_declined
ch_0001092,inv_000834,cus_00039,2026-04-08T10:31:00Z,299,EUR,stripe,2,failed,insufficient_funds
ch_0001093,inv_000834,cus_00039,2026-04-11T07:02:00Z,299,EUR,stripe,3,failed,card_declined
ch_0001094,inv_000834,cus_00039,2026-04-14T15:19:00Z,299,EUR,stripe,4,succeeded,
ch_0001095,inv_000835,cus_00039,2026-05-04T05:49:00Z,299,EUR,mollie,1,succeeded,
ch_0001096,inv_000836,cus_00039,2026-06-02T08:45:00Z,299,EUR,adyen,1,failed,card_declined
ch_0001097,inv_000836,cus_00039,2026-06-05T02:59:00Z,299,EUR,adyen,2,failed,card_declined
ch_0001098,inv_000836,cus_00039,2026-06-10T06:38:00Z,299,EUR,adyen,3,failed,insufficient_funds
ch_0001099,inv_000836,cus_00039,2026-06-15T05:42:00Z,299,EUR,adyen,4,failed,insufficient_funds
ch_0001100,inv_000837,cus_00039,2026-07-04T10:26:00Z,299,EUR,stripe,1,failed,do_not_honor
ch_0001101,inv_000837,cus_00039,2026-07-07T13:18:00Z,299,EUR,stripe,2,failed,card_declined
ch_0001102,inv_000837,cus_00039,2026-07-14T21:30:00Z,299,EUR,stripe,3,succeeded,
ch_0001103,inv_000838,cus_00039,2026-08-04T05:23:00Z,299,EUR,stripe,1,failed,insufficient_funds
ch_0001104,inv_000838,cus_00039,2026-08-11T12:42:00Z,299,EUR,stripe,2,failed,insufficient_funds
ch_0001105,inv_000839,cus_00040,2024-11-03T10:31:00Z,94.29,CHF,adyen,1,succeeded,
ch_0001106,inv_000840,cus_00040,2024-12-01T17:01:00Z,94.29,CHF,stripe,1,succeeded,
ch_0001107,inv_000841,cus_00040,2025-01-05T13:49:00Z,94.29,CHF,adyen,1,succeeded,
ch_0001108,inv_000842,cus_00040,2025-02-01T22:56:00Z,94.29,CHF,stripe,1,succeeded,
ch_0001109,inv_000843,cus_00040,2025-03-05T07:06:00Z,94.29,CHF,stripe,1,succeeded,
ch_0001110,inv_000844,cus_00040,2025-04-01T01:51:00Z,94.29,CHF,stripe,1,succeeded,
ch_0001111,inv_000845,cus_00040,2025-05-04T09:27:00Z,94.29,CHF,adyen,1,failed,do_not_honor
ch_0001112,inv_000845,cus_00040,2025-05-09T16:13:00Z,94.29,CHF,adyen,2,failed,insufficient_funds
ch_0001113,inv_000845,cus_00040,2025-05-14T18:31:00Z,94.29,CHF,adyen,3,succeeded,
ch_0001114,inv_000846,cus_00040,2025-06-05T04:49:00Z,94.29,CHF,stripe,1,succeeded,
ch_0001115,inv_000847,cus_00040,2025-07-01T09:02:00Z,94.29,CHF,stripe,1,succeeded,
ch_0001116,inv_000848,cus_00040,2025-08-02T02:30:00Z,94.29,CHF,adyen,1,succeeded,
ch_0001117,inv_000849,cus_00040,2025-09-02T04:44:00Z,94.29,CHF,stripe,1,failed,insufficient_funds
ch_0001118,inv_000849,cus_00040,2025-09-09T10:41:00Z,94.29,CHF,stripe,2,failed,insufficient_funds
ch_0001119,inv_000849,cus_00040,2025-09-16T03:29:00Z,94.29,CHF,stripe,3,succeeded,
ch_0001120,inv_000850,cus_00040,2025-10-05T16:45:00Z,94.29,CHF,stripe,1,succeeded,
ch_0001121,inv_000851,cus_00040,2025-11-01T16:44:00Z,94.29,CHF,stripe,1,succeeded,
ch_0001122,inv_000852,cus_00040,2025-12-04T06:58:00Z,94.29,CHF,stripe,1,succeeded,
ch_0001123,inv_000853,cus_00040,2026-01-05T04:44:00Z,94.29,CHF,stripe,1,succeeded,
ch_0001124,inv_000854,cus_00040,2026-02-01T23:01:00Z,94.29,CHF,stripe,1,succeeded,
ch_0001125,inv_000855,cus_00041,2024-11-01T21:04:00Z,99,EUR,stripe,1,succeeded,
ch_0001126,inv_000856,cus_00041,2024-12-05T00:00:00Z,99,EUR,stripe,1,succeeded,
ch_0001127,inv_000857,cus_00041,2025-01-03T05:31:00Z,99,EUR,adyen,1,succeeded,
ch_0001128,inv_000858,cus_00041,2025-02-03T16:25:00Z,99,EUR,adyen,1,failed,expired_card
ch_0001129,inv_000858,cus_00041,2025-02-08T01:40:00Z,99,EUR,adyen,2,failed,card_declined
ch_0001130,inv_000858,cus_00041,2025-02-13T04:29:00Z,99,EUR,adyen,3,failed,card_declined
ch_0001131,inv_000858,cus_00041,2025-02-20T22:27:00Z,99,EUR,adyen,4,failed,card_declined
ch_0001132,inv_000859,cus_00041,2025-03-03T12:32:00Z,99,EUR,adyen,1,succeeded,
ch_0001133,inv_000860,cus_00041,2025-04-02T16:15:00Z,99,EUR,mollie,1,succeeded,
ch_0001134,inv_000861,cus_00041,2025-05-04T22:58:00Z,99,EUR,adyen,1,succeeded,
ch_0001135,inv_000862,cus_00041,2025-06-02T14:55:00Z,99,EUR,adyen,1,failed,insufficient_funds
ch_0001136,inv_000862,cus_00041,2025-06-07T05:58:00Z,99,EUR,adyen,2,failed,expired_card
ch_0001137,inv_000863,cus_00041,2025-07-02T15:56:00Z,99,EUR,stripe,1,succeeded,
ch_0001138,inv_000864,cus_00041,2025-08-05T12:06:00Z,99,EUR,adyen,1,succeeded,
ch_0001139,inv_000866,cus_00041,2025-10-03T15:58:00Z,99,EUR,stripe,1,succeeded,
ch_0001140,inv_000867,cus_00041,2025-11-04T08:50:00Z,99,EUR,mollie,1,failed,do_not_honor
ch_0001141,inv_000867,cus_00041,2025-11-09T09:20:00Z,99,EUR,mollie,2,failed,insufficient_funds
ch_0001142,inv_000867,cus_00041,2025-11-12T19:50:00Z,99,EUR,mollie,3,failed,card_declined
ch_0001143,inv_000868,cus_00041,2025-12-01T20:42:00Z,99,EUR,adyen,1,succeeded,
ch_0001144,inv_000869,cus_00041,2026-01-04T11:49:00Z,99,EUR,adyen,1,succeeded,
ch_0001145,inv_000870,cus_00041,2026-02-01T00:50:00Z,99,EUR,stripe,1,succeeded,
ch_0001146,inv_000871,cus_00041,2026-03-05T18:34:00Z,149,EUR,stripe,1,failed,insufficient_funds
ch_0001147,inv_000871,cus_00041,2026-03-10T22:02:00Z,149,EUR,stripe,2,succeeded,
ch_0001148,inv_000872,cus_00041,2026-04-02T19:37:00Z,149,EUR,adyen,1,failed,card_declined
ch_0001149,inv_000872,cus_00041,2026-04-09T15:35:00Z,149,EUR,adyen,2,failed,card_declined
ch_0001150,inv_000872,cus_00041,2026-04-14T19:22:00Z,149,EUR,adyen,3,failed,insufficient_funds
ch_0001151,inv_000872,cus_00041,2026-04-21T11:00:00Z,149,EUR,adyen,4,failed,do_not_honor
ch_0001152,inv_000873,cus_00041,2026-05-04T18:41:00Z,149,EUR,stripe,1,succeeded,
ch_0001153,inv_000874,cus_00041,2026-06-05T10:50:00Z,149,EUR,mollie,1,succeeded,
ch_0001154,inv_000875,cus_00041,2026-07-05T05:18:00Z,149,EUR,stripe,1,succeeded,
ch_0001155,inv_000876,cus_00041,2026-08-01T20:31:00Z,149,EUR,stripe,1,succeeded,
ch_0001156,inv_000877,cus_00042,2024-11-05T05:01:00Z,29,EUR,stripe,1,succeeded,
ch_0001157,inv_000878,cus_00042,2024-12-01T20:35:00Z,29,EUR,adyen,1,succeeded,
ch_0001158,inv_000879,cus_00042,2025-01-01T03:29:00Z,29,EUR,adyen,1,failed,do_not_honor
ch_0001159,inv_000879,cus_00042,2025-01-08T07:10:00Z,29,EUR,adyen,2,failed,expired_card
ch_0001160,inv_000879,cus_00042,2025-01-11T22:53:00Z,29,EUR,adyen,3,failed,expired_card
ch_0001161,inv_000879,cus_00042,2025-01-18T18:27:00Z,29,EUR,adyen,4,succeeded,
ch_0001162,inv_000880,cus_00042,2025-02-04T07:50:00Z,29,EUR,adyen,1,succeeded,
ch_0001163,inv_000881,cus_00042,2025-03-03T21:24:00Z,29,EUR,adyen,1,succeeded,
ch_0001164,inv_000882,cus_00042,2025-04-05T06:33:00Z,29,EUR,stripe,1,failed,expired_card
ch_0001165,inv_000882,cus_00042,2025-04-12T00:06:00Z,29,EUR,stripe,2,failed,card_declined
ch_0001166,inv_000882,cus_00042,2025-04-19T04:37:00Z,29,EUR,stripe,3,succeeded,
ch_0001167,inv_000883,cus_00042,2025-05-02T16:29:00Z,29,EUR,stripe,1,succeeded,
ch_0001168,inv_000884,cus_00042,2025-06-02T21:43:00Z,29,EUR,stripe,1,succeeded,
ch_0001169,inv_000885,cus_00042,2025-07-03T13:24:00Z,29,EUR,stripe,1,succeeded,
ch_0001170,inv_000886,cus_00042,2025-08-03T09:32:00Z,29,EUR,mollie,1,failed,do_not_honor
ch_0001171,inv_000886,cus_00042,2025-08-10T16:05:00Z,29,EUR,mollie,2,failed,expired_card
ch_0001172,inv_000886,cus_00042,2025-08-13T13:34:00Z,29,EUR,mollie,3,failed,card_declined
ch_0001173,inv_000886,cus_00042,2025-08-20T15:57:00Z,29,EUR,mollie,4,failed,expired_card
ch_0001174,inv_000887,cus_00042,2025-09-03T19:49:00Z,29,EUR,stripe,1,succeeded,
ch_0001175,inv_000888,cus_00042,2025-10-02T08:00:00Z,29,EUR,stripe,1,succeeded,
ch_0001176,inv_000889,cus_00042,2025-11-05T03:02:00Z,29,EUR,mollie,1,succeeded,
ch_0001177,inv_000890,cus_00042,2025-12-04T04:38:00Z,29,EUR,adyen,1,failed,insufficient_funds
ch_0001178,inv_000890,cus_00042,2025-12-11T04:40:00Z,29,EUR,adyen,2,succeeded,
ch_0001179,inv_000891,cus_00042,2026-01-01T18:53:00Z,29,EUR,adyen,1,succeeded,
ch_0001180,inv_000892,cus_00042,2026-02-01T17:08:00Z,29,EUR,stripe,1,succeeded,
ch_0001181,inv_000893,cus_00042,2026-03-04T10:25:00Z,29,EUR,mollie,1,failed,expired_card
ch_0001182,inv_000893,cus_00042,2026-03-11T14:00:00Z,29,EUR,mollie,2,failed,expired_card
ch_0001183,inv_000893,cus_00042,2026-03-16T16:03:00Z,29,EUR,mollie,3,failed,do_not_honor
ch_0001184,inv_000894,cus_00042,2026-04-04T16:07:00Z,29,EUR,mollie,1,succeeded,
ch_0001185,inv_000895,cus_00042,2026-05-03T13:42:00Z,29,EUR,adyen,1,succeeded,
ch_0001186,inv_000896,cus_00042,2026-06-02T23:51:00Z,29,EUR,stripe,1,succeeded,
ch_0001187,inv_000897,cus_00042,2026-07-04T14:51:00Z,29,EUR,stripe,1,succeeded,
ch_0001188,inv_000898,cus_00042,2026-08-01T01:54:00Z,29,EUR,adyen,1,succeeded,
ch_0001189,inv_000899,cus_00043,2024-11-05T04:46:00Z,29,EUR,mollie,1,succeeded,
ch_0001190,inv_000900,cus_00043,2024-12-01T16:44:00Z,29,EUR,stripe,1,failed,card_declined
ch_0001191,inv_000900,cus_00043,2024-12-04T18:51:00Z,29,EUR,stripe,2,failed,insufficient_funds
ch_0001192,inv_000900,cus_00043,2024-12-11T08:08:00Z,29,EUR,stripe,3,failed,insufficient_funds
ch_0001193,inv_000900,cus_00043,2024-12-18T02:10:00Z,29,EUR,stripe,4,failed,card_declined
ch_0001194,inv_000901,cus_00043,2025-01-04T01:49:00Z,29,EUR,stripe,1,succeeded,
ch_0001195,inv_000902,cus_00043,2025-02-02T07:08:00Z,29,EUR,stripe,1,succeeded,
ch_0001196,inv_000903,cus_00043,2025-03-03T21:46:00Z,29,EUR,adyen,1,succeeded,
ch_0001197,inv_000904,cus_00043,2025-04-04T09:08:00Z,29,EUR,stripe,1,succeeded,
ch_0001198,inv_000905,cus_00043,2025-05-03T19:00:00Z,29,EUR,adyen,1,succeeded,
ch_0001199,inv_000906,cus_00043,2025-06-05T18:05:00Z,29,EUR,stripe,1,succeeded,
ch_0001200,inv_000907,cus_00043,2025-07-03T06:24:00Z,29,EUR,adyen,1,succeeded,
ch_0001201,inv_000908,cus_00043,2025-08-02T02:36:00Z,29,EUR,stripe,1,succeeded,
ch_0001202,inv_000909,cus_00043,2025-09-02T18:32:00Z,29,EUR,stripe,1,succeeded,
ch_0001203,inv_000910,cus_00043,2025-10-05T00:59:00Z,29,EUR,stripe,1,succeeded,
ch_0001204,inv_000911,cus_00043,2025-11-04T22:43:00Z,29,EUR,stripe,1,succeeded,
ch_0001205,inv_000912,cus_00043,2025-12-02T08:01:00Z,29,EUR,mollie,1,succeeded,
ch_0001206,inv_000913,cus_00043,2026-01-05T23:17:00Z,29,EUR,stripe,1,succeeded,
ch_0001207,inv_000914,cus_00044,2024-11-04T18:40:00Z,107.61,USD,stripe,1,succeeded,
ch_0001208,inv_000915,cus_00044,2024-12-02T11:47:00Z,107.61,USD,adyen,1,succeeded,
ch_0001209,inv_000916,cus_00044,2025-01-03T08:55:00Z,107.61,USD,stripe,1,succeeded,
ch_0001210,inv_000917,cus_00044,2025-02-03T10:08:00Z,107.61,USD,mollie,1,succeeded,
ch_0001211,inv_000918,cus_00044,2025-03-01T14:09:00Z,107.61,USD,adyen,1,failed,insufficient_funds
ch_0001212,inv_000918,cus_00044,2025-03-06T16:39:00Z,107.61,USD,adyen,2,failed,card_declined
ch_0001213,inv_000918,cus_00044,2025-03-09T20:00:00Z,107.61,USD,adyen,3,failed,expired_card
ch_0001214,inv_000919,cus_00044,2025-04-01T08:34:00Z,107.61,USD,stripe,1,succeeded,
ch_0001215,inv_000920,cus_00044,2025-05-05T09:14:00Z,107.61,USD,mollie,1,succeeded,
ch_0001216,inv_000921,cus_00044,2025-06-02T08:43:00Z,107.61,USD,adyen,1,succeeded,
ch_0001217,inv_000922,cus_00044,2025-07-04T10:39:00Z,107.61,USD,stripe,1,succeeded,
ch_0001218,inv_000923,cus_00044,2025-08-04T04:53:00Z,107.61,USD,stripe,1,failed,expired_card
ch_0001219,inv_000923,cus_00044,2025-08-11T17:12:00Z,107.61,USD,stripe,2,failed,insufficient_funds
ch_0001220,inv_000923,cus_00044,2025-08-18T02:10:00Z,107.61,USD,stripe,3,failed,do_not_honor
ch_0001221,inv_000923,cus_00044,2025-08-21T21:19:00Z,107.61,USD,stripe,4,failed,expired_card
ch_0001222,inv_000924,cus_00044,2025-09-04T22:46:00Z,107.61,USD,stripe,1,failed,card_declined
ch_0001223,inv_000924,cus_00044,2025-09-11T15:12:00Z,107.61,USD,stripe,2,failed,insufficient_funds
ch_0001224,inv_000924,cus_00044,2025-09-16T00:54:00Z,107.61,USD,stripe,3,failed,insufficient_funds
ch_0001225,inv_000925,cus_00044,2025-10-02T17:04:00Z,107.61,USD,adyen,1,succeeded,
ch_0001226,inv_000926,cus_00044,2025-11-03T20:10:00Z,107.61,USD,adyen,1,succeeded,
ch_0001227,inv_000927,cus_00044,2025-12-05T19:29:00Z,107.61,USD,stripe,1,succeeded,
ch_0001228,inv_000928,cus_00044,2026-01-01T02:45:00Z,107.61,USD,adyen,1,succeeded,
ch_0001229,inv_000929,cus_00044,2026-02-03T21:45:00Z,107.61,USD,stripe,1,succeeded,
ch_0001230,inv_000930,cus_00044,2026-03-05T16:33:00Z,161.96,USD,stripe,1,failed,do_not_honor
ch_0001231,inv_000930,cus_00044,2026-03-10T23:11:00Z,161.96,USD,stripe,2,failed,card_declined
ch_0001232,inv_000930,cus_00044,2026-03-17T18:13:00Z,161.96,USD,stripe,3,succeeded,
ch_0001233,inv_000931,cus_00044,2026-04-04T17:52:00Z,161.96,USD,stripe,1,failed,insufficient_funds
ch_0001234,inv_000931,cus_00044,2026-04-11T11:59:00Z,161.96,USD,stripe,2,failed,expired_card
ch_0001235,inv_000931,cus_00044,2026-04-16T16:43:00Z,161.96,USD,stripe,3,failed,processing_error
ch_0001236,inv_000932,cus_00044,2026-05-02T02:03:00Z,161.96,USD,stripe,1,succeeded,
ch_0001237,inv_000933,cus_00044,2026-06-04T07:53:00Z,161.96,USD,mollie,1,succeeded,
ch_0001238,inv_000934,cus_00044,2026-07-02T12:54:00Z,161.96,USD,stripe,1,succeeded,
ch_0001239,inv_000935,cus_00044,2026-08-02T03:36:00Z,161.96,USD,adyen,1,failed,insufficient_funds
ch_0001240,inv_000935,cus_00044,2026-08-07T11:05:00Z,161.96,USD,adyen,2,succeeded,
ch_0001241,inv_000936,cus_00045,2024-11-04T23:31:00Z,99,EUR,adyen,1,failed,insufficient_funds
ch_0001242,inv_000936,cus_00045,2024-11-11T13:05:00Z,99,EUR,adyen,2,failed,insufficient_funds
ch_0001243,inv_000936,cus_00045,2024-11-16T01:16:00Z,99,EUR,adyen,3,failed,card_declined
ch_0001244,inv_000937,cus_00045,2024-12-01T14:55:00Z,99,EUR,stripe,1,succeeded,
ch_0001245,inv_000938,cus_00045,2025-01-02T12:19:00Z,99,EUR,stripe,1,succeeded,
ch_0001246,inv_000939,cus_00045,2025-02-02T23:25:00Z,99,EUR,mollie,1,failed,insufficient_funds
ch_0001247,inv_000939,cus_00045,2025-02-09T21:47:00Z,99,EUR,mollie,2,succeeded,
ch_0001248,inv_000940,cus_00045,2025-03-02T12:02:00Z,99,EUR,adyen,1,failed,processing_error
ch_0001249,inv_000940,cus_00045,2025-03-05T14:22:00Z,99,EUR,adyen,2,failed,insufficient_funds
ch_0001250,inv_000940,cus_00045,2025-03-08T06:12:00Z,99,EUR,adyen,3,failed,processing_error
ch_0001251,inv_000940,cus_00045,2025-03-11T10:18:00Z,99,EUR,adyen,4,failed,expired_card
ch_0001252,inv_000941,cus_00045,2025-04-05T00:57:00Z,99,EUR,stripe,1,succeeded,
ch_0001253,inv_000942,cus_00045,2025-05-03T18:06:00Z,99,EUR,stripe,1,succeeded,
ch_0001254,inv_000944,cus_00045,2025-07-02T14:00:00Z,99,EUR,stripe,1,succeeded,
ch_0001255,inv_000945,cus_00045,2025-08-02T22:22:00Z,99,EUR,stripe,1,succeeded,
ch_0001256,inv_000946,cus_00045,2025-09-01T14:44:00Z,99,EUR,stripe,1,succeeded,
ch_0001257,inv_000947,cus_00045,2025-10-04T21:28:00Z,99,EUR,adyen,1,succeeded,
ch_0001258,inv_000949,cus_00045,2025-12-01T03:46:00Z,99,EUR,mollie,1,failed,card_declined
ch_0001259,inv_000949,cus_00045,2025-12-08T12:08:00Z,99,EUR,mollie,2,succeeded,
ch_0001260,inv_000950,cus_00045,2026-01-05T17:22:00Z,99,EUR,mollie,1,failed,do_not_honor
ch_0001261,inv_000950,cus_00045,2026-01-12T13:05:00Z,99,EUR,mollie,2,succeeded,
ch_0001262,inv_000951,cus_00045,2026-02-02T07:06:00Z,99,EUR,stripe,1,succeeded,
ch_0001263,inv_000952,cus_00046,2024-11-01T23:53:00Z,99,EUR,stripe,1,succeeded,
ch_0001264,inv_000953,cus_00046,2024-12-01T21:37:00Z,99,EUR,stripe,1,succeeded,
ch_0001265,inv_000954,cus_00046,2025-01-02T03:04:00Z,99,EUR,adyen,1,succeeded,
ch_0001266,inv_000955,cus_00047,2024-11-01T02:12:00Z,29,EUR,adyen,1,succeeded,
ch_0001267,inv_000956,cus_00047,2024-12-03T01:10:00Z,29,EUR,stripe,1,failed,expired_card
ch_0001268,inv_000956,cus_00047,2024-12-06T22:50:00Z,29,EUR,stripe,2,failed,card_declined
ch_0001269,inv_000956,cus_00047,2024-12-13T05:16:00Z,29,EUR,stripe,3,failed,card_declined
ch_0001270,inv_000956,cus_00047,2024-12-16T17:41:00Z,29,EUR,stripe,4,succeeded,
ch_0001271,inv_000957,cus_00047,2025-01-04T06:37:00Z,29,EUR,mollie,1,succeeded,
ch_0001272,inv_000958,cus_00047,2025-02-05T04:01:00Z,29,EUR,stripe,1,succeeded,
ch_0001273,inv_000959,cus_00048,2024-11-05T18:33:00Z,29,EUR,stripe,1,succeeded,
ch_0001274,inv_000960,cus_00048,2024-12-04T01:04:00Z,29,EUR,stripe,1,succeeded,
ch_0001275,inv_000961,cus_00048,2025-01-02T03:54:00Z,29,EUR,stripe,1,succeeded,
ch_0001276,inv_000962,cus_00048,2025-02-02T08:46:00Z,29,EUR,adyen,1,succeeded,
ch_0001277,inv_000963,cus_00048,2025-03-02T13:25:00Z,29,EUR,stripe,1,succeeded,
ch_0001278,inv_000964,cus_00048,2025-04-04T02:16:00Z,29,EUR,stripe,1,succeeded,
ch_0001279,inv_000965,cus_00048,2025-05-01T21:14:00Z,29,EUR,stripe,1,succeeded,
ch_0001280,inv_000966,cus_00048,2025-06-04T00:54:00Z,29,EUR,adyen,1,succeeded,
ch_0001281,inv_000967,cus_00048,2025-07-02T04:36:00Z,29,EUR,adyen,1,succeeded,
ch_0001282,inv_000968,cus_00048,2025-08-01T23:49:00Z,29,EUR,stripe,1,succeeded,
ch_0001283,inv_000969,cus_00048,2025-09-02T15:03:00Z,29,EUR,stripe,1,succeeded,
ch_0001284,inv_000970,cus_00048,2025-10-05T22:13:00Z,29,EUR,adyen,1,succeeded,
ch_0001285,inv_000971,cus_00048,2025-11-05T00:23:00Z,29,EUR,stripe,1,failed,insufficient_funds
ch_0001286,inv_000971,cus_00048,2025-11-10T13:10:00Z,29,EUR,stripe,2,failed,insufficient_funds
ch_0001287,inv_000971,cus_00048,2025-11-15T03:12:00Z,29,EUR,stripe,3,succeeded,
ch_0001288,inv_000972,cus_00048,2025-12-02T15:26:00Z,29,EUR,stripe,1,succeeded,
ch_0001289,inv_000973,cus_00048,2026-01-03T11:09:00Z,29,EUR,adyen,1,succeeded,
ch_0001290,inv_000974,cus_00048,2026-02-02T18:59:00Z,29,EUR,stripe,1,succeeded,
ch_0001291,inv_000975,cus_00049,2024-12-04T20:42:00Z,84.62,GBP,mollie,1,succeeded,
ch_0001292,inv_000976,cus_00049,2025-01-01T20:39:00Z,84.62,GBP,stripe,1,succeeded,
ch_0001293,inv_000977,cus_00049,2025-02-02T03:45:00Z,84.62,GBP,stripe,1,succeeded,
ch_0001294,inv_000978,cus_00049,2025-03-03T04:28:00Z,84.62,GBP,stripe,1,succeeded,
ch_0001295,inv_000979,cus_00049,2025-04-05T13:45:00Z,84.62,GBP,stripe,1,succeeded,
ch_0001296,inv_000980,cus_00049,2025-05-03T21:20:00Z,84.62,GBP,stripe,1,succeeded,
ch_0001297,inv_000981,cus_00049,2025-06-04T13:45:00Z,84.62,GBP,adyen,1,succeeded,
ch_0001298,inv_000982,cus_00049,2025-07-01T10:28:00Z,84.62,GBP,stripe,1,succeeded,
ch_0001299,inv_000983,cus_00049,2025-08-01T17:26:00Z,84.62,GBP,adyen,1,succeeded,
ch_0001300,inv_000984,cus_00049,2025-09-05T21:38:00Z,84.62,GBP,adyen,1,succeeded,
ch_0001301,inv_000985,cus_00049,2025-10-01T09:01:00Z,84.62,GBP,stripe,1,failed,card_declined
ch_0001302,inv_000985,cus_00049,2025-10-06T06:05:00Z,84.62,GBP,stripe,2,failed,expired_card
ch_0001303,inv_000986,cus_00049,2025-11-01T03:23:00Z,84.62,GBP,stripe,1,succeeded,
ch_0001304,inv_000987,cus_00049,2025-12-02T12:59:00Z,84.62,GBP,stripe,1,succeeded,
ch_0001305,inv_000988,cus_00049,2026-01-02T23:17:00Z,84.62,GBP,stripe,1,succeeded,
ch_0001306,inv_000989,cus_00049,2026-02-02T19:16:00Z,84.62,GBP,stripe,1,succeeded,
ch_0001307,inv_000990,cus_00049,2026-03-01T14:06:00Z,127.35,GBP,mollie,1,succeeded,
ch_0001308,inv_000991,cus_00049,2026-04-01T19:42:00Z,127.35,GBP,stripe,1,succeeded,
ch_0001309,inv_000992,cus_00049,2026-05-01T00:09:00Z,127.35,GBP,adyen,1,succeeded,
ch_0001310,inv_000993,cus_00049,2026-06-05T16:22:00Z,127.35,GBP,stripe,1,succeeded,
ch_0001311,inv_000994,cus_00049,2026-07-03T06:24:00Z,127.35,GBP,stripe,1,succeeded,
ch_0001312,inv_000995,cus_00049,2026-08-04T09:46:00Z,127.35,GBP,stripe,1,succeeded,
ch_0001313,inv_000996,cus_00050,2024-12-02T10:17:00Z,27.62,CHF,stripe,1,succeeded,
ch_0001314,inv_000997,cus_00050,2025-01-02T22:09:00Z,27.62,CHF,adyen,1,succeeded,
ch_0001315,inv_000998,cus_00050,2025-02-05T16:13:00Z,27.62,CHF,stripe,1,succeeded,
ch_0001316,inv_000999,cus_00050,2025-03-04T01:00:00Z,27.62,CHF,stripe,1,succeeded,
ch_0001317,inv_001000,cus_00050,2025-04-02T20:07:00Z,27.62,CHF,stripe,1,succeeded,
ch_0001318,inv_001001,cus_00050,2025-05-02T21:31:00Z,27.62,CHF,stripe,1,succeeded,
ch_0001319,inv_001002,cus_00050,2025-06-01T11:56:00Z,27.62,CHF,adyen,1,succeeded,
ch_0001320,inv_001003,cus_00050,2025-07-04T06:10:00Z,27.62,CHF,adyen,1,succeeded,
ch_0001321,inv_001004,cus_00050,2025-08-02T12:00:00Z,27.62,CHF,stripe,1,succeeded,
ch_0001322,inv_001005,cus_00050,2025-09-01T14:12:00Z,27.62,CHF,stripe,1,succeeded,
ch_0001323,inv_001006,cus_00050,2025-10-02T09:15:00Z,27.62,CHF,adyen,1,succeeded,
ch_0001324,inv_001007,cus_00050,2025-11-01T15:36:00Z,27.62,CHF,adyen,1,succeeded,
ch_0001325,inv_001009,cus_00050,2026-01-01T02:03:00Z,27.62,CHF,stripe,1,succeeded,
ch_0001326,inv_001010,cus_00051,2024-12-01T16:15:00Z,99,EUR,stripe,1,succeeded,
ch_0001327,inv_001011,cus_00051,2025-01-03T10:59:00Z,99,EUR,stripe,1,succeeded,
ch_0001328,inv_001012,cus_00051,2025-02-01T22:58:00Z,99,EUR,adyen,1,succeeded,
ch_0001329,inv_001013,cus_00051,2025-03-02T19:45:00Z,99,EUR,mollie,1,succeeded,
ch_0001330,inv_001014,cus_00051,2025-04-03T01:21:00Z,99,EUR,adyen,1,succeeded,
ch_0001331,inv_001015,cus_00051,2025-05-01T06:05:00Z,99,EUR,adyen,1,succeeded,
ch_0001332,inv_001016,cus_00051,2025-06-05T02:24:00Z,99,EUR,adyen,1,succeeded,
ch_0001333,inv_001017,cus_00051,2025-07-04T01:34:00Z,99,EUR,mollie,1,succeeded,
ch_0001334,inv_001018,cus_00051,2025-08-05T13:57:00Z,99,EUR,stripe,1,succeeded,
ch_0001335,inv_001019,cus_00051,2025-09-03T13:49:00Z,99,EUR,adyen,1,failed,insufficient_funds
ch_0001336,inv_001019,cus_00051,2025-09-10T19:54:00Z,99,EUR,adyen,2,failed,processing_error
ch_0001337,inv_001019,cus_00051,2025-09-17T19:07:00Z,99,EUR,adyen,3,succeeded,
ch_0001338,inv_001020,cus_00051,2025-10-04T01:30:00Z,99,EUR,stripe,1,succeeded,
ch_0001339,inv_001021,cus_00051,2025-11-01T06:12:00Z,99,EUR,stripe,1,succeeded,
ch_0001340,inv_001022,cus_00051,2025-12-05T18:55:00Z,99,EUR,stripe,1,succeeded,
ch_0001341,inv_001023,cus_00051,2026-01-03T12:52:00Z,99,EUR,stripe,1,succeeded,
ch_0001342,inv_001024,cus_00051,2026-02-04T18:12:00Z,99,EUR,stripe,1,succeeded,
ch_0001343,inv_001025,cus_00051,2026-03-04T03:39:00Z,149,EUR,stripe,1,succeeded,
ch_0001344,inv_001026,cus_00051,2026-04-05T10:34:00Z,149,EUR,stripe,1,succeeded,
ch_0001345,inv_001027,cus_00051,2026-05-04T22:26:00Z,149,EUR,adyen,1,failed,expired_card
ch_0001346,inv_001027,cus_00051,2026-05-11T02:25:00Z,149,EUR,adyen,2,failed,insufficient_funds
ch_0001347,inv_001027,cus_00051,2026-05-14T19:19:00Z,149,EUR,adyen,3,failed,insufficient_funds
ch_0001348,inv_001027,cus_00051,2026-05-17T06:09:00Z,149,EUR,adyen,4,succeeded,
ch_0001349,inv_001028,cus_00051,2026-06-02T22:16:00Z,149,EUR,stripe,1,succeeded,
ch_0001350,inv_001029,cus_00051,2026-07-01T23:06:00Z,149,EUR,stripe,1,succeeded,
ch_0001351,inv_001030,cus_00051,2026-08-03T19:07:00Z,149,EUR,stripe,1,failed,insufficient_funds
ch_0001352,inv_001030,cus_00051,2026-08-06T18:42:00Z,149,EUR,stripe,2,failed,card_declined
ch_0001353,inv_001030,cus_00051,2026-08-13T15:28:00Z,149,EUR,stripe,3,succeeded,
ch_0001354,inv_001031,cus_00052,2024-12-02T05:55:00Z,99,EUR,stripe,1,succeeded,
ch_0001355,inv_001032,cus_00052,2025-01-03T00:47:00Z,99,EUR,stripe,1,succeeded,
ch_0001356,inv_001033,cus_00052,2025-02-05T05:53:00Z,99,EUR,stripe,1,succeeded,
ch_0001357,inv_001034,cus_00053,2024-12-04T06:29:00Z,99,EUR,stripe,1,succeeded,
ch_0001358,inv_001035,cus_00054,2024-12-03T13:37:00Z,325,USD,stripe,1,succeeded,
ch_0001359,inv_001036,cus_00054,2025-01-02T22:32:00Z,325,USD,adyen,1,succeeded,
ch_0001360,inv_001037,cus_00054,2025-02-01T19:23:00Z,325,USD,adyen,1,failed,insufficient_funds
ch_0001361,inv_001037,cus_00054,2025-02-06T01:26:00Z,325,USD,adyen,2,succeeded,
ch_0001362,inv_001038,cus_00054,2025-03-02T17:42:00Z,325,USD,stripe,1,succeeded,
ch_0001363,inv_001039,cus_00054,2025-04-04T19:36:00Z,325,USD,adyen,1,succeeded,
ch_0001364,inv_001040,cus_00054,2025-05-02T12:18:00Z,325,USD,adyen,1,failed,processing_error
ch_0001365,inv_001040,cus_00054,2025-05-09T17:49:00Z,325,USD,adyen,2,succeeded,
ch_0001366,inv_001041,cus_00054,2025-06-05T02:44:00Z,325,USD,mollie,1,succeeded,
ch_0001367,inv_001042,cus_00054,2025-07-05T10:19:00Z,325,USD,mollie,1,succeeded,
ch_0001368,inv_001043,cus_00054,2025-08-02T02:47:00Z,325,USD,adyen,1,succeeded,
ch_0001369,inv_001044,cus_00054,2025-09-04T17:05:00Z,325,USD,stripe,1,succeeded,
ch_0001370,inv_001045,cus_00054,2025-10-04T04:36:00Z,325,USD,stripe,1,succeeded,
ch_0001371,inv_001046,cus_00054,2025-11-01T21:44:00Z,325,USD,stripe,1,succeeded,
ch_0001372,inv_001047,cus_00054,2025-12-01T23:41:00Z,325,USD,mollie,1,succeeded,
ch_0001373,inv_001048,cus_00054,2026-01-05T14:39:00Z,325,USD,stripe,1,succeeded,
ch_0001374,inv_001049,cus_00054,2026-02-02T15:50:00Z,325,USD,stripe,1,failed,card_declined
ch_0001375,inv_001049,cus_00054,2026-02-07T23:14:00Z,325,USD,stripe,2,failed,do_not_honor
ch_0001376,inv_001049,cus_00054,2026-02-14T04:49:00Z,325,USD,stripe,3,succeeded,
ch_0001377,inv_001050,cus_00054,2026-03-01T21:34:00Z,325,USD,stripe,1,failed,expired_card
ch_0001378,inv_001050,cus_00054,2026-03-04T03:01:00Z,325,USD,stripe,2,failed,card_declined
ch_0001379,inv_001051,cus_00054,2026-04-01T13:40:00Z,325,USD,stripe,1,succeeded,
ch_0001380,inv_001052,cus_00054,2026-05-05T03:24:00Z,325,USD,adyen,1,succeeded,
ch_0001381,inv_001053,cus_00054,2026-06-04T19:18:00Z,325,USD,stripe,1,succeeded,
ch_0001382,inv_001054,cus_00054,2026-07-05T04:45:00Z,325,USD,mollie,1,succeeded,
ch_0001383,inv_001055,cus_00054,2026-08-03T07:08:00Z,325,USD,stripe,1,succeeded,
ch_0001384,inv_001056,cus_00055,2024-12-02T01:38:00Z,99,EUR,stripe,1,succeeded,
ch_0001385,inv_001057,cus_00055,2025-01-03T16:45:00Z,99,EUR,stripe,1,succeeded,
ch_0001386,inv_001058,cus_00055,2025-02-02T12:25:00Z,99,EUR,adyen,1,succeeded,
ch_0001387,inv_001059,cus_00055,2025-03-03T21:50:00Z,99,EUR,stripe,1,succeeded,
ch_0001388,inv_001060,cus_00055,2025-04-04T06:18:00Z,99,EUR,stripe,1,succeeded,
ch_0001389,inv_001061,cus_00055,2025-05-02T02:15:00Z,99,EUR,adyen,1,succeeded,
ch_0001390,inv_001062,cus_00055,2025-06-05T23:39:00Z,99,EUR,stripe,1,succeeded,
ch_0001391,inv_001063,cus_00055,2025-07-02T16:42:00Z,99,EUR,stripe,1,succeeded,
ch_0001392,inv_001064,cus_00056,2024-12-04T00:57:00Z,99,EUR,stripe,1,succeeded,
ch_0001393,inv_001065,cus_00056,2025-01-05T00:12:00Z,99,EUR,stripe,1,succeeded,
ch_0001394,inv_001066,cus_00056,2025-02-02T02:16:00Z,99,EUR,adyen,1,succeeded,
ch_0001395,inv_001067,cus_00056,2025-03-01T19:14:00Z,99,EUR,stripe,1,succeeded,
ch_0001396,inv_001068,cus_00056,2025-04-04T08:18:00Z,99,EUR,mollie,1,succeeded,
ch_0001397,inv_001069,cus_00056,2025-05-01T11:47:00Z,99,EUR,stripe,1,succeeded,
ch_0001398,inv_001070,cus_00056,2025-06-04T07:49:00Z,99,EUR,mollie,1,succeeded,
ch_0001399,inv_001071,cus_00056,2025-07-05T00:06:00Z,99,EUR,mollie,1,succeeded,
ch_0001400,inv_001072,cus_00056,2025-08-01T23:17:00Z,99,EUR,stripe,1,succeeded,
ch_0001401,inv_001073,cus_00056,2025-09-05T03:55:00Z,99,EUR,adyen,1,succeeded,
ch_0001402,inv_001074,cus_00056,2025-10-01T23:52:00Z,99,EUR,stripe,1,succeeded,
ch_0001403,inv_001075,cus_00056,2025-11-03T23:25:00Z,99,EUR,mollie,1,succeeded,
ch_0001404,inv_001076,cus_00056,2025-12-01T14:01:00Z,99,EUR,stripe,1,succeeded,
ch_0001405,inv_001078,cus_00056,2026-02-04T10:34:00Z,99,EUR,adyen,1,failed,expired_card
ch_0001406,inv_001078,cus_00056,2026-02-07T15:32:00Z,99,EUR,adyen,2,failed,do_not_honor
ch_0001407,inv_001078,cus_00056,2026-02-10T00:18:00Z,99,EUR,adyen,3,failed,do_not_honor
ch_0001408,inv_001078,cus_00056,2026-02-17T07:29:00Z,99,EUR,adyen,4,succeeded,
ch_0001409,inv_001079,cus_00056,2026-03-03T09:17:00Z,149,EUR,mollie,1,succeeded,
ch_0001410,inv_001080,cus_00057,2024-12-03T09:02:00Z,99,EUR,stripe,1,succeeded,
ch_0001411,inv_001081,cus_00057,2025-01-02T12:23:00Z,99,EUR,adyen,1,succeeded,
ch_0001412,inv_001082,cus_00057,2025-02-03T21:45:00Z,99,EUR,stripe,1,failed,insufficient_funds
ch_0001413,inv_001082,cus_00057,2025-02-10T04:04:00Z,99,EUR,stripe,2,failed,insufficient_funds
ch_0001414,inv_001083,cus_00057,2025-03-01T20:31:00Z,99,EUR,stripe,1,succeeded,
ch_0001415,inv_001084,cus_00057,2025-04-03T20:10:00Z,99,EUR,stripe,1,succeeded,
ch_0001416,inv_001085,cus_00057,2025-05-04T03:12:00Z,99,EUR,stripe,1,failed,card_declined
ch_0001417,inv_001085,cus_00057,2025-05-09T22:49:00Z,99,EUR,stripe,2,failed,card_declined
ch_0001418,inv_001085,cus_00057,2025-05-14T09:01:00Z,99,EUR,stripe,3,failed,expired_card
ch_0001419,inv_001085,cus_00057,2025-05-17T16:35:00Z,99,EUR,stripe,4,failed,card_declined
ch_0001420,inv_001086,cus_00057,2025-06-05T01:30:00Z,99,EUR,stripe,1,succeeded,
ch_0001421,inv_001087,cus_00057,2025-07-02T09:47:00Z,99,EUR,adyen,1,succeeded,
ch_0001422,inv_001088,cus_00057,2025-08-02T14:54:00Z,99,EUR,stripe,1,succeeded,
ch_0001423,inv_001089,cus_00057,2025-09-04T04:24:00Z,99,EUR,mollie,1,succeeded,
ch_0001424,inv_001090,cus_00057,2025-10-01T19:22:00Z,99,EUR,mollie,1,succeeded,
ch_0001425,inv_001091,cus_00057,2025-11-01T12:54:00Z,99,EUR,stripe,1,succeeded,
ch_0001426,inv_001092,cus_00057,2025-12-04T20:38:00Z,99,EUR,adyen,1,succeeded,
ch_0001427,inv_001093,cus_00057,2026-01-01T07:39:00Z,99,EUR,adyen,1,failed,do_not_honor
ch_0001428,inv_001093,cus_00057,2026-01-08T17:47:00Z,99,EUR,adyen,2,succeeded,
ch_0001429,inv_001094,cus_00057,2026-02-04T15:01:00Z,99,EUR,stripe,1,succeeded,
ch_0001430,inv_001095,cus_00057,2026-03-05T22:01:00Z,149,EUR,mollie,1,succeeded,
ch_0001431,inv_001096,cus_00057,2026-04-02T23:37:00Z,149,EUR,adyen,1,failed,insufficient_funds
ch_0001432,inv_001096,cus_00057,2026-04-05T23:29:00Z,149,EUR,adyen,2,failed,card_declined
ch_0001433,inv_001096,cus_00057,2026-04-08T20:59:00Z,149,EUR,adyen,3,failed,insufficient_funds
ch_0001434,inv_001096,cus_00057,2026-04-13T17:19:00Z,149,EUR,adyen,4,failed,insufficient_funds
ch_0001435,inv_001098,cus_00057,2026-06-02T23:44:00Z,149,EUR,stripe,1,succeeded,
ch_0001436,inv_001099,cus_00057,2026-07-05T00:57:00Z,149,EUR,stripe,1,succeeded,
ch_0001437,inv_001100,cus_00057,2026-08-05T02:06:00Z,149,EUR,stripe,1,failed,card_declined
ch_0001438,inv_001100,cus_00057,2026-08-10T02:47:00Z,149,EUR,stripe,2,succeeded,
ch_0001439,inv_001101,cus_00058,2024-12-05T04:37:00Z,299,EUR,adyen,1,succeeded,
ch_0001440,inv_001102,cus_00058,2025-01-05T20:02:00Z,299,EUR,adyen,1,succeeded,
ch_0001441,inv_001103,cus_00058,2025-02-01T02:43:00Z,299,EUR,stripe,1,succeeded,
ch_0001442,inv_001104,cus_00058,2025-03-01T12:11:00Z,299,EUR,adyen,1,succeeded,
ch_0001443,inv_001105,cus_00058,2025-04-04T00:27:00Z,299,EUR,stripe,1,succeeded,
ch_0001444,inv_001106,cus_00058,2025-05-02T20:52:00Z,299,EUR,adyen,1,succeeded,
ch_0001445,inv_001107,cus_00058,2025-06-05T05:07:00Z,299,EUR,stripe,1,succeeded,
ch_0001446,inv_001108,cus_00058,2025-07-01T13:25:00Z,299,EUR,stripe,1,failed,card_declined
ch_0001447,inv_001108,cus_00058,2025-07-04T03:03:00Z,299,EUR,stripe,2,succeeded,
ch_0001448,inv_001109,cus_00058,2025-08-04T20:57:00Z,299,EUR,mollie,1,succeeded,
ch_0001449,inv_001110,cus_00058,2025-09-01T00:18:00Z,299,EUR,stripe,1,succeeded,
ch_0001450,inv_001111,cus_00058,2025-10-03T06:58:00Z,299,EUR,stripe,1,succeeded,
ch_0001451,inv_001112,cus_00058,2025-11-02T06:00:00Z,299,EUR,stripe,1,succeeded,
ch_0001452,inv_001113,cus_00058,2025-12-05T05:43:00Z,299,EUR,stripe,1,failed,card_declined
ch_0001453,inv_001113,cus_00058,2025-12-12T15:52:00Z,299,EUR,stripe,2,succeeded,
ch_0001454,inv_001114,cus_00058,2026-01-03T20:58:00Z,299,EUR,stripe,1,succeeded,
ch_0001455,inv_001115,cus_00058,2026-02-05T11:31:00Z,299,EUR,stripe,1,failed,card_declined
ch_0001456,inv_001115,cus_00058,2026-02-10T13:29:00Z,299,EUR,stripe,2,failed,insufficient_funds
ch_0001457,inv_001115,cus_00058,2026-02-13T20:35:00Z,299,EUR,stripe,3,succeeded,
ch_0001458,inv_001116,cus_00058,2026-03-01T19:46:00Z,299,EUR,stripe,1,succeeded,
ch_0001459,inv_001117,cus_00058,2026-04-04T05:58:00Z,299,EUR,stripe,1,succeeded,
ch_0001460,inv_001118,cus_00058,2026-05-01T07:59:00Z,299,EUR,mollie,1,succeeded,
ch_0001461,inv_001119,cus_00058,2026-06-02T12:42:00Z,299,EUR,stripe,1,succeeded,
ch_0001462,inv_001120,cus_00058,2026-07-03T15:27:00Z,299,EUR,stripe,1,succeeded,
ch_0001463,inv_001121,cus_00058,2026-08-01T04:29:00Z,299,EUR,adyen,1,succeeded,
ch_0001464,inv_001122,cus_00059,2024-12-03T23:20:00Z,29,EUR,stripe,1,succeeded,
ch_0001465,inv_001123,cus_00059,2025-01-02T02:26:00Z,29,EUR,stripe,1,succeeded,
ch_0001466,inv_001124,cus_00059,2025-02-04T06:19:00Z,29,EUR,stripe,1,succeeded,
ch_0001467,inv_001125,cus_00059,2025-03-02T19:35:00Z,29,EUR,stripe,1,succeeded,
ch_0001468,inv_001126,cus_00059,2025-04-04T11:40:00Z,29,EUR,adyen,1,succeeded,
ch_0001469,inv_001127,cus_00059,2025-05-02T22:08:00Z,29,EUR,adyen,1,failed,card_declined
ch_0001470,inv_001127,cus_00059,2025-05-09T18:28:00Z,29,EUR,adyen,2,failed,expired_card
ch_0001471,inv_001127,cus_00059,2025-05-12T02:51:00Z,29,EUR,adyen,3,succeeded,
ch_0001472,inv_001128,cus_00059,2025-06-03T12:39:00Z,29,EUR,mollie,1,succeeded,
ch_0001473,inv_001129,cus_00059,2025-07-04T12:55:00Z,29,EUR,stripe,1,succeeded,
ch_0001474,inv_001130,cus_00059,2025-08-02T17:34:00Z,29,EUR,stripe,1,succeeded,
ch_0001475,inv_001131,cus_00059,2025-09-04T18:13:00Z,29,EUR,adyen,1,succeeded,
ch_0001476,inv_001132,cus_00059,2025-10-05T12:27:00Z,29,EUR,stripe,1,failed,do_not_honor
ch_0001477,inv_001132,cus_00059,2025-10-12T20:54:00Z,29,EUR,stripe,2,failed,expired_card
ch_0001478,inv_001132,cus_00059,2025-10-15T13:41:00Z,29,EUR,stripe,3,failed,insufficient_funds
ch_0001479,inv_001132,cus_00059,2025-10-18T11:10:00Z,29,EUR,stripe,4,succeeded,
ch_0001480,inv_001133,cus_00059,2025-11-04T03:36:00Z,29,EUR,stripe,1,succeeded,
ch_0001481,inv_001134,cus_00059,2025-12-02T00:07:00Z,29,EUR,stripe,1,succeeded,
ch_0001482,inv_001135,cus_00059,2026-01-03T09:40:00Z,29,EUR,stripe,1,succeeded,
ch_0001483,inv_001136,cus_00059,2026-02-05T09:19:00Z,29,EUR,stripe,1,succeeded,
ch_0001484,inv_001137,cus_00059,2026-03-05T02:53:00Z,29,EUR,adyen,1,succeeded,
ch_0001485,inv_001138,cus_00059,2026-04-02T00:21:00Z,29,EUR,adyen,1,succeeded,
ch_0001486,inv_001139,cus_00059,2026-05-05T11:20:00Z,29,EUR,stripe,1,succeeded,
ch_0001487,inv_001140,cus_00059,2026-06-04T05:51:00Z,29,EUR,adyen,1,succeeded,
ch_0001488,inv_001141,cus_00059,2026-07-03T17:06:00Z,29,EUR,stripe,1,succeeded,
ch_0001489,inv_001142,cus_00059,2026-08-01T20:48:00Z,29,EUR,adyen,1,failed,processing_error
ch_0001490,inv_001142,cus_00059,2026-08-04T05:00:00Z,29,EUR,adyen,2,failed,insufficient_funds
ch_0001491,inv_001142,cus_00059,2026-08-11T19:40:00Z,29,EUR,adyen,3,failed,expired_card
ch_0001492,inv_001142,cus_00059,2026-08-14T10:08:00Z,29,EUR,adyen,4,failed,card_declined
ch_0001493,inv_001143,cus_00060,2024-12-03T01:24:00Z,84.62,GBP,adyen,1,failed,insufficient_funds
ch_0001494,inv_001143,cus_00060,2024-12-10T21:46:00Z,84.62,GBP,adyen,2,failed,insufficient_funds
ch_0001495,inv_001144,cus_00060,2025-01-01T22:44:00Z,84.62,GBP,adyen,1,succeeded,
ch_0001496,inv_001145,cus_00061,2024-12-05T16:21:00Z,84.62,GBP,stripe,1,succeeded,
ch_0001497,inv_001146,cus_00061,2025-01-02T06:53:00Z,84.62,GBP,adyen,1,succeeded,
ch_0001498,inv_001147,cus_00061,2025-02-01T17:17:00Z,84.62,GBP,adyen,1,succeeded,
ch_0001499,inv_001148,cus_00061,2025-03-04T08:24:00Z,84.62,GBP,adyen,1,succeeded,
ch_0001500,inv_001149,cus_00061,2025-04-02T14:24:00Z,84.62,GBP,stripe,1,succeeded,
ch_0001501,inv_001150,cus_00061,2025-05-04T04:00:00Z,84.62,GBP,stripe,1,succeeded,
ch_0001502,inv_001151,cus_00061,2025-06-04T04:05:00Z,84.62,GBP,stripe,1,succeeded,
ch_0001503,inv_001152,cus_00061,2025-07-05T17:27:00Z,84.62,GBP,adyen,1,succeeded,
ch_0001504,inv_001153,cus_00061,2025-08-01T17:52:00Z,84.62,GBP,mollie,1,succeeded,
ch_0001505,inv_001155,cus_00061,2025-10-01T15:32:00Z,84.62,GBP,adyen,1,succeeded,
ch_0001506,inv_001156,cus_00061,2025-11-02T02:44:00Z,84.62,GBP,mollie,1,succeeded,
ch_0001507,inv_001157,cus_00061,2025-12-04T01:19:00Z,84.62,GBP,adyen,1,succeeded,
ch_0001508,inv_001158,cus_00061,2026-01-02T03:00:00Z,84.62,GBP,stripe,1,succeeded,
ch_0001509,inv_001159,cus_00061,2026-02-05T16:53:00Z,84.62,GBP,stripe,1,failed,card_declined
ch_0001510,inv_001159,cus_00061,2026-02-10T20:52:00Z,84.62,GBP,stripe,2,failed,card_declined
ch_0001511,inv_001160,cus_00061,2026-03-01T22:09:00Z,127.35,GBP,stripe,1,succeeded,
ch_0001512,inv_001161,cus_00061,2026-04-02T10:16:00Z,127.35,GBP,stripe,1,succeeded,
ch_0001513,inv_001162,cus_00061,2026-05-05T14:49:00Z,127.35,GBP,stripe,1,succeeded,
ch_0001514,inv_001163,cus_00061,2026-06-01T18:36:00Z,127.35,GBP,adyen,1,failed,processing_error
ch_0001515,inv_001163,cus_00061,2026-06-04T04:17:00Z,127.35,GBP,adyen,2,failed,insufficient_funds
ch_0001516,inv_001163,cus_00061,2026-06-07T15:11:00Z,127.35,GBP,adyen,3,succeeded,
ch_0001517,inv_001164,cus_00061,2026-07-04T11:07:00Z,127.35,GBP,stripe,1,succeeded,
ch_0001518,inv_001165,cus_00061,2026-08-03T05:32:00Z,127.35,GBP,stripe,1,failed,card_declined
ch_0001519,inv_001165,cus_00061,2026-08-08T08:31:00Z,127.35,GBP,stripe,2,failed,card_declined
ch_0001520,inv_001165,cus_00061,2026-08-15T16:30:00Z,127.35,GBP,stripe,3,succeeded,
ch_0001521,inv_001166,cus_00062,2024-12-01T18:01:00Z,99,EUR,stripe,1,succeeded,
ch_0001522,inv_001167,cus_00062,2025-01-02T17:03:00Z,99,EUR,stripe,1,succeeded,
ch_0001523,inv_001168,cus_00062,2025-02-05T10:35:00Z,99,EUR,adyen,1,succeeded,
ch_0001524,inv_001169,cus_00063,2024-12-03T17:46:00Z,99,EUR,adyen,1,succeeded,
ch_0001525,inv_001170,cus_00063,2025-01-03T10:34:00Z,99,EUR,stripe,1,succeeded,
ch_0001526,inv_001171,cus_00063,2025-02-03T17:32:00Z,99,EUR,stripe,1,succeeded,
ch_0001527,inv_001172,cus_00063,2025-03-05T13:01:00Z,99,EUR,adyen,1,succeeded,
ch_0001528,inv_001173,cus_00063,2025-04-03T15:21:00Z,99,EUR,stripe,1,succeeded,
ch_0001529,inv_001174,cus_00063,2025-05-05T20:11:00Z,99,EUR,adyen,1,succeeded,
ch_0001530,inv_001175,cus_00063,2025-06-04T16:37:00Z,99,EUR,stripe,1,failed,insufficient_funds
ch_0001531,inv_001175,cus_00063,2025-06-09T12:48:00Z,99,EUR,stripe,2,failed,expired_card
ch_0001532,inv_001175,cus_00063,2025-06-12T03:20:00Z,99,EUR,stripe,3,failed,insufficient_funds
ch_0001533,inv_001175,cus_00063,2025-06-15T15:35:00Z,99,EUR,stripe,4,succeeded,
ch_0001534,inv_001176,cus_00063,2025-07-04T01:02:00Z,99,EUR,stripe,1,succeeded,
ch_0001535,inv_001177,cus_00063,2025-08-02T22:49:00Z,99,EUR,stripe,1,succeeded,
ch_0001536,inv_001178,cus_00063,2025-09-05T15:17:00Z,99,EUR,adyen,1,succeeded,
ch_0001537,inv_001179,cus_00063,2025-10-01T14:35:00Z,99,EUR,adyen,1,succeeded,
ch_0001538,inv_001180,cus_00063,2025-11-01T20:21:00Z,99,EUR,stripe,1,succeeded,
ch_0001539,inv_001181,cus_00063,2025-12-04T01:12:00Z,99,EUR,adyen,1,succeeded,
ch_0001540,inv_001182,cus_00063,2026-01-04T09:28:00Z,99,EUR,stripe,1,failed,expired_card
ch_0001541,inv_001182,cus_00063,2026-01-09T09:04:00Z,99,EUR,stripe,2,failed,expired_card
ch_0001542,inv_001182,cus_00063,2026-01-14T12:34:00Z,99,EUR,stripe,3,succeeded,
ch_0001543,inv_001183,cus_00063,2026-02-03T21:59:00Z,99,EUR,mollie,1,succeeded,
ch_0001544,inv_001184,cus_00063,2026-03-02T15:27:00Z,149,EUR,stripe,1,succeeded,
ch_0001545,inv_001185,cus_00063,2026-04-03T11:50:00Z,149,EUR,stripe,1,succeeded,
ch_0001546,inv_001186,cus_00063,2026-05-04T23:06:00Z,149,EUR,stripe,1,failed,card_declined
ch_0001547,inv_001186,cus_00063,2026-05-11T22:35:00Z,149,EUR,stripe,2,succeeded,
ch_0001548,inv_001187,cus_00063,2026-06-03T14:22:00Z,149,EUR,stripe,1,succeeded,
ch_0001549,inv_001188,cus_00063,2026-07-05T06:39:00Z,149,EUR,stripe,1,succeeded,
ch_0001550,inv_001189,cus_00064,2024-12-03T17:21:00Z,99,EUR,stripe,1,succeeded,
ch_0001551,inv_001190,cus_00064,2025-01-03T04:28:00Z,99,EUR,stripe,1,succeeded,
ch_0001552,inv_001191,cus_00064,2025-02-03T00:42:00Z,99,EUR,adyen,1,succeeded,
ch_0001553,inv_001192,cus_00064,2025-03-02T08:55:00Z,99,EUR,adyen,1,succeeded,
ch_0001554,inv_001193,cus_00064,2025-04-03T08:44:00Z,99,EUR,stripe,1,failed,insufficient_funds
ch_0001555,inv_001193,cus_00064,2025-04-10T18:47:00Z,99,EUR,stripe,2,failed,do_not_honor
ch_0001556,inv_001193,cus_00064,2025-04-17T18:37:00Z,99,EUR,stripe,3,failed,do_not_honor
ch_0001557,inv_001193,cus_00064,2025-04-20T15:25:00Z,99,EUR,stripe,4,failed,card_declined
ch_0001558,inv_001194,cus_00064,2025-05-02T16:57:00Z,99,EUR,stripe,1,succeeded,
ch_0001559,inv_001195,cus_00064,2025-06-01T16:25:00Z,99,EUR,stripe,1,succeeded,
ch_0001560,inv_001196,cus_00064,2025-07-02T14:01:00Z,99,EUR,adyen,1,succeeded,
ch_0001561,inv_001197,cus_00064,2025-08-02T09:52:00Z,99,EUR,adyen,1,succeeded,
ch_0001562,inv_001198,cus_00064,2025-09-01T19:51:00Z,99,EUR,mollie,1,succeeded,
ch_0001563,inv_001199,cus_00064,2025-10-05T10:46:00Z,99,EUR,adyen,1,succeeded,
ch_0001564,inv_001200,cus_00064,2025-11-01T17:09:00Z,99,EUR,stripe,1,succeeded,
ch_0001565,inv_001201,cus_00064,2025-12-05T23:32:00Z,99,EUR,stripe,1,succeeded,
ch_0001566,inv_001202,cus_00065,2024-12-04T11:56:00Z,99,EUR,adyen,1,succeeded,
ch_0001567,inv_001203,cus_00065,2025-01-03T11:06:00Z,99,EUR,stripe,1,succeeded,
ch_0001568,inv_001204,cus_00065,2025-02-05T20:59:00Z,99,EUR,stripe,1,succeeded,
ch_0001569,inv_001206,cus_00065,2025-04-05T21:26:00Z,99,EUR,stripe,1,succeeded,
ch_0001570,inv_001207,cus_00065,2025-05-01T00:12:00Z,99,EUR,stripe,1,succeeded,
ch_0001571,inv_001208,cus_00065,2025-06-02T01:15:00Z,99,EUR,stripe,1,succeeded,
ch_0001572,inv_001209,cus_00065,2025-07-02T09:26:00Z,99,EUR,adyen,1,failed,card_declined
ch_0001573,inv_001209,cus_00065,2025-07-09T08:18:00Z,99,EUR,adyen,2,failed,expired_card
ch_0001574,inv_001209,cus_00065,2025-07-14T10:41:00Z,99,EUR,adyen,3,succeeded,
ch_0001575,inv_001210,cus_00065,2025-08-03T10:16:00Z,99,EUR,stripe,1,succeeded,
ch_0001576,inv_001211,cus_00065,2025-09-03T07:16:00Z,99,EUR,stripe,1,failed,insufficient_funds
ch_0001577,inv_001211,cus_00065,2025-09-08T21:41:00Z,99,EUR,stripe,2,failed,processing_error
ch_0001578,inv_001211,cus_00065,2025-09-13T19:32:00Z,99,EUR,stripe,3,failed,expired_card
ch_0001579,inv_001211,cus_00065,2025-09-18T10:39:00Z,99,EUR,stripe,4,succeeded,
ch_0001580,inv_001212,cus_00065,2025-10-01T09:41:00Z,99,EUR,stripe,1,succeeded,
ch_0001581,inv_001213,cus_00065,2025-11-01T08:17:00Z,99,EUR,adyen,1,succeeded,
ch_0001582,inv_001214,cus_00065,2025-12-05T12:53:00Z,99,EUR,adyen,1,succeeded,
ch_0001583,inv_001215,cus_00065,2026-01-05T01:12:00Z,99,EUR,mollie,1,succeeded,
ch_0001584,inv_001216,cus_00065,2026-02-01T02:54:00Z,99,EUR,mollie,1,succeeded,
ch_0001585,inv_001217,cus_00065,2026-03-05T00:11:00Z,149,EUR,adyen,1,succeeded,
ch_0001586,inv_001218,cus_00065,2026-04-02T21:10:00Z,149,EUR,adyen,1,failed,card_declined
ch_0001587,inv_001218,cus_00065,2026-04-07T23:51:00Z,149,EUR,adyen,2,failed,do_not_honor
ch_0001588,inv_001218,cus_00065,2026-04-12T15:23:00Z,149,EUR,adyen,3,failed,card_declined
ch_0001589,inv_001218,cus_00065,2026-04-17T03:11:00Z,149,EUR,adyen,4,succeeded,
ch_0001590,inv_001219,cus_00065,2026-05-03T00:01:00Z,149,EUR,adyen,1,succeeded,
ch_0001591,inv_001220,cus_00065,2026-06-01T18:35:00Z,149,EUR,adyen,1,succeeded,
ch_0001592,inv_001221,cus_00065,2026-07-05T10:32:00Z,149,EUR,adyen,1,succeeded,
ch_0001593,inv_001222,cus_00065,2026-08-04T21:36:00Z,149,EUR,adyen,1,failed,card_declined
ch_0001594,inv_001222,cus_00065,2026-08-09T02:45:00Z,149,EUR,adyen,2,failed,do_not_honor
ch_0001595,inv_001222,cus_00065,2026-08-16T09:59:00Z,149,EUR,adyen,3,failed,card_declined
ch_0001596,inv_001222,cus_00065,2026-08-19T18:22:00Z,149,EUR,adyen,4,succeeded,
ch_0001597,inv_001223,cus_00066,2024-12-05T03:12:00Z,99,EUR,stripe,1,succeeded,
ch_0001598,inv_001224,cus_00066,2025-01-01T19:46:00Z,99,EUR,stripe,1,succeeded,
ch_0001599,inv_001225,cus_00066,2025-02-04T01:15:00Z,99,EUR,mollie,1,succeeded,
ch_0001600,inv_001226,cus_00066,2025-03-01T12:18:00Z,99,EUR,stripe,1,succeeded,
ch_0001601,inv_001227,cus_00066,2025-04-04T02:59:00Z,99,EUR,adyen,1,succeeded,
ch_0001602,inv_001228,cus_00066,2025-05-01T20:32:00Z,99,EUR,adyen,1,succeeded,
ch_0001603,inv_001229,cus_00066,2025-06-03T19:54:00Z,99,EUR,stripe,1,succeeded,
ch_0001604,inv_001230,cus_00066,2025-07-01T23:07:00Z,99,EUR,adyen,1,succeeded,
ch_0001605,inv_001232,cus_00066,2025-09-02T02:35:00Z,99,EUR,stripe,1,succeeded,
ch_0001606,inv_001233,cus_00066,2025-10-05T17:52:00Z,99,EUR,stripe,1,succeeded,
ch_0001607,inv_001234,cus_00066,2025-11-03T17:36:00Z,99,EUR,stripe,1,succeeded,
ch_0001608,inv_001235,cus_00066,2025-12-03T00:45:00Z,99,EUR,stripe,1,succeeded,
ch_0001609,inv_001236,cus_00066,2026-01-02T15:40:00Z,99,EUR,stripe,1,succeeded,
ch_0001610,inv_001237,cus_00066,2026-02-03T22:22:00Z,99,EUR,stripe,1,succeeded,
ch_0001611,inv_001238,cus_00066,2026-03-03T12:51:00Z,149,EUR,stripe,1,succeeded,
ch_0001612,inv_001239,cus_00066,2026-04-05T22:10:00Z,149,EUR,adyen,1,succeeded,
ch_0001613,inv_001240,cus_00066,2026-05-03T02:15:00Z,149,EUR,stripe,1,succeeded,
ch_0001614,inv_001241,cus_00066,2026-06-03T16:31:00Z,149,EUR,stripe,1,succeeded,
ch_0001615,inv_001242,cus_00066,2026-07-04T00:04:00Z,149,EUR,adyen,1,succeeded,
ch_0001616,inv_001243,cus_00066,2026-08-03T15:09:00Z,149,EUR,stripe,1,failed,card_declined
ch_0001617,inv_001243,cus_00066,2026-08-08T00:36:00Z,149,EUR,stripe,2,failed,processing_error
ch_0001618,inv_001243,cus_00066,2026-08-15T18:16:00Z,149,EUR,stripe,3,failed,insufficient_funds
ch_0001619,inv_001244,cus_00067,2025-01-02T18:33:00Z,31.52,USD,stripe,1,failed,expired_card
ch_0001620,inv_001244,cus_00067,2025-01-05T01:28:00Z,31.52,USD,stripe,2,succeeded,
ch_0001621,inv_001245,cus_00067,2025-02-01T17:41:00Z,31.52,USD,stripe,1,failed,expired_card
ch_0001622,inv_001245,cus_00067,2025-02-06T13:44:00Z,31.52,USD,stripe,2,failed,expired_card
ch_0001623,inv_001246,cus_00067,2025-03-03T02:50:00Z,31.52,USD,adyen,1,succeeded,
ch_0001624,inv_001247,cus_00067,2025-04-02T09:41:00Z,31.52,USD,stripe,1,succeeded,
ch_0001625,inv_001248,cus_00067,2025-05-01T12:52:00Z,31.52,USD,stripe,1,succeeded,
ch_0001626,inv_001249,cus_00067,2025-06-03T16:14:00Z,31.52,USD,stripe,1,succeeded,
ch_0001627,inv_001250,cus_00067,2025-07-03T10:16:00Z,31.52,USD,stripe,1,succeeded,
ch_0001628,inv_001251,cus_00067,2025-08-03T17:54:00Z,31.52,USD,adyen,1,succeeded,
ch_0001629,inv_001252,cus_00067,2025-09-05T12:31:00Z,31.52,USD,stripe,1,succeeded,
ch_0001630,inv_001253,cus_00067,2025-10-05T10:57:00Z,31.52,USD,mollie,1,succeeded,
ch_0001631,inv_001254,cus_00067,2025-11-05T20:50:00Z,31.52,USD,stripe,1,succeeded,
ch_0001632,inv_001255,cus_00067,2025-12-03T15:22:00Z,31.52,USD,stripe,1,failed,insufficient_funds
ch_0001633,inv_001255,cus_00067,2025-12-08T03:58:00Z,31.52,USD,stripe,2,failed,insufficient_funds
ch_0001634,inv_001255,cus_00067,2025-12-15T23:02:00Z,31.52,USD,stripe,3,failed,processing_error
ch_0001635,inv_001255,cus_00067,2025-12-20T14:00:00Z,31.52,USD,stripe,4,succeeded,
ch_0001636,inv_001256,cus_00067,2026-01-02T03:19:00Z,31.52,USD,stripe,1,succeeded,
ch_0001637,inv_001257,cus_00067,2026-02-02T22:43:00Z,31.52,USD,mollie,1,succeeded,
ch_0001638,inv_001258,cus_00068,2025-01-02T06:32:00Z,24.79,GBP,stripe,1,succeeded,
ch_0001639,inv_001259,cus_00068,2025-02-02T18:55:00Z,24.79,GBP,adyen,1,failed,processing_error
ch_0001640,inv_001259,cus_00068,2025-02-05T08:31:00Z,24.79,GBP,adyen,2,failed,card_declined
ch_0001641,inv_001259,cus_00068,2025-02-12T12:06:00Z,24.79,GBP,adyen,3,failed,insufficient_funds
ch_0001642,inv_001259,cus_00068,2025-02-15T18:40:00Z,24.79,GBP,adyen,4,succeeded,
ch_0001643,inv_001260,cus_00068,2025-03-01T23:17:00Z,24.79,GBP,stripe,1,succeeded,
ch_0001644,inv_001261,cus_00068,2025-04-02T15:16:00Z,24.79,GBP,adyen,1,succeeded,
ch_0001645,inv_001262,cus_00068,2025-05-02T02:59:00Z,24.79,GBP,stripe,1,succeeded,
ch_0001646,inv_001263,cus_00068,2025-06-03T06:24:00Z,24.79,GBP,mollie,1,succeeded,
ch_0001647,inv_001264,cus_00068,2025-07-03T21:52:00Z,24.79,GBP,stripe,1,succeeded,
ch_0001648,inv_001265,cus_00068,2025-08-03T06:34:00Z,24.79,GBP,stripe,1,succeeded,
ch_0001649,inv_001267,cus_00068,2025-10-05T09:06:00Z,24.79,GBP,stripe,1,succeeded,
ch_0001650,inv_001268,cus_00068,2025-11-04T01:29:00Z,24.79,GBP,adyen,1,succeeded,
ch_0001651,inv_001269,cus_00068,2025-12-02T15:38:00Z,24.79,GBP,stripe,1,succeeded,
ch_0001652,inv_001270,cus_00068,2026-01-02T09:08:00Z,24.79,GBP,mollie,1,failed,processing_error
ch_0001653,inv_001270,cus_00068,2026-01-05T04:05:00Z,24.79,GBP,mollie,2,failed,expired_card
ch_0001654,inv_001270,cus_00068,2026-01-10T11:15:00Z,24.79,GBP,mollie,3,failed,insufficient_funds
ch_0001655,inv_001270,cus_00068,2026-01-15T04:39:00Z,24.79,GBP,mollie,4,succeeded,
ch_0001656,inv_001271,cus_00068,2026-02-05T01:57:00Z,24.79,GBP,stripe,1,succeeded,
ch_0001657,inv_001272,cus_00068,2026-03-04T04:57:00Z,24.79,GBP,adyen,1,succeeded,
ch_0001658,inv_001273,cus_00068,2026-04-02T15:58:00Z,24.79,GBP,stripe,1,succeeded,
ch_0001659,inv_001274,cus_00068,2026-05-02T06:15:00Z,24.79,GBP,stripe,1,failed,do_not_honor
ch_0001660,inv_001274,cus_00068,2026-05-05T14:30:00Z,24.79,GBP,stripe,2,failed,card_declined
ch_0001661,inv_001274,cus_00068,2026-05-10T07:37:00Z,24.79,GBP,stripe,3,succeeded,
ch_0001662,inv_001275,cus_00068,2026-06-04T01:07:00Z,24.79,GBP,adyen,1,succeeded,
ch_0001663,inv_001276,cus_00068,2026-07-01T17:43:00Z,24.79,GBP,adyen,1,succeeded,
ch_0001664,inv_001277,cus_00068,2026-08-02T06:50:00Z,24.79,GBP,adyen,1,succeeded,
ch_0001665,inv_001278,cus_00069,2025-01-02T04:12:00Z,107.61,USD,adyen,1,succeeded,
ch_0001666,inv_001279,cus_00069,2025-02-01T08:50:00Z,107.61,USD,mollie,1,succeeded,
ch_0001667,inv_001280,cus_00069,2025-03-01T06:03:00Z,107.61,USD,adyen,1,succeeded,
ch_0001668,inv_001281,cus_00069,2025-04-04T11:10:00Z,107.61,USD,stripe,1,failed,insufficient_funds
ch_0001669,inv_001281,cus_00069,2025-04-07T00:03:00Z,107.61,USD,stripe,2,failed,processing_error
ch_0001670,inv_001281,cus_00069,2025-04-10T07:03:00Z,107.61,USD,stripe,3,failed,card_declined
ch_0001671,inv_001281,cus_00069,2025-04-15T13:03:00Z,107.61,USD,stripe,4,succeeded,
ch_0001672,inv_001282,cus_00070,2025-01-03T17:51:00Z,29,EUR,adyen,1,succeeded,
ch_0001673,inv_001283,cus_00070,2025-02-05T16:36:00Z,29,EUR,stripe,1,succeeded,
ch_0001674,inv_001284,cus_00070,2025-03-05T16:55:00Z,29,EUR,adyen,1,succeeded,
ch_0001675,inv_001285,cus_00070,2025-04-04T05:29:00Z,29,EUR,stripe,1,succeeded,
ch_0001676,inv_001286,cus_00070,2025-05-05T14:47:00Z,29,EUR,stripe,1,succeeded,
ch_0001677,inv_001287,cus_00070,2025-06-01T18:50:00Z,29,EUR,adyen,1,failed,expired_card
ch_0001678,inv_001287,cus_00070,2025-06-06T23:56:00Z,29,EUR,adyen,2,failed,insufficient_funds
ch_0001679,inv_001287,cus_00070,2025-06-09T12:25:00Z,29,EUR,adyen,3,succeeded,
ch_0001680,inv_001288,cus_00070,2025-07-05T04:36:00Z,29,EUR,adyen,1,failed,insufficient_funds
ch_0001681,inv_001288,cus_00070,2025-07-12T04:22:00Z,29,EUR,adyen,2,failed,card_declined
ch_0001682,inv_001288,cus_00070,2025-07-17T08:24:00Z,29,EUR,adyen,3,succeeded,
ch_0001683,inv_001289,cus_00070,2025-08-05T09:03:00Z,29,EUR,stripe,1,failed,insufficient_funds
ch_0001684,inv_001289,cus_00070,2025-08-10T14:56:00Z,29,EUR,stripe,2,succeeded,
ch_0001685,inv_001290,cus_00070,2025-09-03T00:07:00Z,29,EUR,stripe,1,succeeded,
ch_0001686,inv_001291,cus_00070,2025-10-02T15:12:00Z,29,EUR,stripe,1,succeeded,
ch_0001687,inv_001292,cus_00070,2025-11-01T20:02:00Z,29,EUR,stripe,1,failed,insufficient_funds
ch_0001688,inv_001292,cus_00070,2025-11-06T06:28:00Z,29,EUR,stripe,2,failed,card_declined
ch_0001689,inv_001292,cus_00070,2025-11-13T09:14:00Z,29,EUR,stripe,3,failed,card_declined
ch_0001690,inv_001293,cus_00070,2025-12-02T19:38:00Z,29,EUR,stripe,1,failed,card_declined
ch_0001691,inv_001293,cus_00070,2025-12-05T08:17:00Z,29,EUR,stripe,2,succeeded,
ch_0001692,inv_001294,cus_00070,2026-01-05T11:43:00Z,29,EUR,mollie,1,succeeded,
ch_0001693,inv_001295,cus_00070,2026-02-02T19:15:00Z,29,EUR,mollie,1,succeeded,
ch_0001694,inv_001296,cus_00070,2026-03-04T01:34:00Z,29,EUR,stripe,1,succeeded,
ch_0001695,inv_001297,cus_00070,2026-04-04T17:18:00Z,29,EUR,adyen,1,succeeded,
ch_0001696,inv_001298,cus_00070,2026-05-03T06:09:00Z,29,EUR,stripe,1,succeeded,
ch_0001697,inv_001299,cus_00070,2026-06-02T14:25:00Z,29,EUR,stripe,1,succeeded,
ch_0001698,inv_001300,cus_00070,2026-07-01T03:29:00Z,29,EUR,stripe,1,succeeded,
ch_0001699,inv_001301,cus_00070,2026-08-04T14:36:00Z,29,EUR,stripe,1,succeeded,
ch_0001700,inv_001302,cus_00071,2025-01-02T14:45:00Z,29,EUR,stripe,1,succeeded,
ch_0001701,inv_001303,cus_00071,2025-02-05T15:49:00Z,29,EUR,stripe,1,succeeded,
ch_0001702,inv_001304,cus_00071,2025-03-04T09:16:00Z,29,EUR,stripe,1,succeeded,
ch_0001703,inv_001305,cus_00071,2025-04-03T21:24:00Z,29,EUR,mollie,1,succeeded,
ch_0001704,inv_001306,cus_00071,2025-05-03T16:16:00Z,29,EUR,adyen,1,succeeded,
ch_0001705,inv_001307,cus_00071,2025-06-01T22:42:00Z,29,EUR,adyen,1,succeeded,
ch_0001706,inv_001308,cus_00071,2025-07-01T01:45:00Z,29,EUR,adyen,1,succeeded,
ch_0001707,inv_001309,cus_00071,2025-08-03T16:24:00Z,29,EUR,stripe,1,succeeded,
ch_0001708,inv_001310,cus_00071,2025-09-05T11:31:00Z,29,EUR,stripe,1,succeeded,
ch_0001709,inv_001311,cus_00071,2025-10-02T14:24:00Z,29,EUR,stripe,1,succeeded,
ch_0001710,inv_001312,cus_00071,2025-11-04T15:56:00Z,29,EUR,adyen,1,succeeded,
ch_0001711,inv_001313,cus_00071,2025-12-05T20:49:00Z,29,EUR,adyen,1,failed,insufficient_funds
ch_0001712,inv_001313,cus_00071,2025-12-10T04:42:00Z,29,EUR,adyen,2,failed,insufficient_funds
ch_0001713,inv_001313,cus_00071,2025-12-15T00:21:00Z,29,EUR,adyen,3,failed,card_declined
ch_0001714,inv_001313,cus_00071,2025-12-18T04:12:00Z,29,EUR,adyen,4,failed,processing_error
ch_0001715,inv_001314,cus_00071,2026-01-05T22:14:00Z,29,EUR,stripe,1,succeeded,
ch_0001716,inv_001315,cus_00071,2026-02-01T01:06:00Z,29,EUR,stripe,1,succeeded,
ch_0001717,inv_001316,cus_00071,2026-03-02T05:45:00Z,29,EUR,stripe,1,succeeded,
ch_0001718,inv_001317,cus_00071,2026-04-05T14:40:00Z,29,EUR,stripe,1,failed,do_not_honor
ch_0001719,inv_001317,cus_00071,2026-04-08T01:03:00Z,29,EUR,stripe,2,failed,card_declined
ch_0001720,inv_001317,cus_00071,2026-04-11T02:42:00Z,29,EUR,stripe,3,failed,card_declined
ch_0001721,inv_001317,cus_00071,2026-04-18T04:48:00Z,29,EUR,stripe,4,succeeded,
ch_0001722,inv_001318,cus_00071,2026-05-04T17:52:00Z,29,EUR,adyen,1,succeeded,
ch_0001723,inv_001319,cus_00071,2026-06-05T07:20:00Z,29,EUR,stripe,1,failed,expired_card
ch_0001724,inv_001319,cus_00071,2026-06-08T10:49:00Z,29,EUR,stripe,2,failed,insufficient_funds
ch_0001725,inv_001319,cus_00071,2026-06-13T13:04:00Z,29,EUR,stripe,3,failed,card_declined
ch_0001726,inv_001319,cus_00071,2026-06-18T12:07:00Z,29,EUR,stripe,4,failed,card_declined
ch_0001727,inv_001320,cus_00071,2026-07-05T10:09:00Z,29,EUR,stripe,1,succeeded,
ch_0001728,inv_001321,cus_00071,2026-08-05T09:42:00Z,29,EUR,stripe,1,succeeded,
ch_0001729,inv_001322,cus_00072,2025-01-03T07:39:00Z,24.79,GBP,adyen,1,succeeded,
ch_0001730,inv_001323,cus_00072,2025-02-02T07:07:00Z,24.79,GBP,stripe,1,succeeded,
ch_0001731,inv_001324,cus_00072,2025-03-01T17:36:00Z,24.79,GBP,adyen,1,succeeded,
ch_0001732,inv_001325,cus_00072,2025-04-05T12:37:00Z,24.79,GBP,stripe,1,succeeded,
ch_0001733,inv_001326,cus_00072,2025-05-05T11:58:00Z,24.79,GBP,stripe,1,succeeded,
ch_0001734,inv_001327,cus_00072,2025-06-03T22:00:00Z,24.79,GBP,stripe,1,failed,insufficient_funds
ch_0001735,inv_001327,cus_00072,2025-06-08T15:36:00Z,24.79,GBP,stripe,2,failed,expired_card
ch_0001736,inv_001327,cus_00072,2025-06-13T12:36:00Z,24.79,GBP,stripe,3,succeeded,
ch_0001737,inv_001328,cus_00072,2025-07-01T20:49:00Z,24.79,GBP,stripe,1,succeeded,
ch_0001738,inv_001329,cus_00072,2025-08-03T23:57:00Z,24.79,GBP,adyen,1,succeeded,
ch_0001739,inv_001330,cus_00072,2025-09-01T05:30:00Z,24.79,GBP,stripe,1,succeeded,
ch_0001740,inv_001331,cus_00072,2025-10-02T22:22:00Z,24.79,GBP,stripe,1,succeeded,
ch_0001741,inv_001332,cus_00072,2025-11-02T17:18:00Z,24.79,GBP,adyen,1,succeeded,
ch_0001742,inv_001333,cus_00072,2025-12-03T19:28:00Z,24.79,GBP,stripe,1,succeeded,
ch_0001743,inv_001334,cus_00072,2026-01-02T15:25:00Z,24.79,GBP,stripe,1,succeeded,
ch_0001744,inv_001335,cus_00072,2026-02-01T13:14:00Z,24.79,GBP,mollie,1,succeeded,
ch_0001745,inv_001336,cus_00072,2026-03-04T15:58:00Z,24.79,GBP,stripe,1,succeeded,
ch_0001746,inv_001337,cus_00072,2026-04-04T03:24:00Z,24.79,GBP,mollie,1,failed,expired_card
ch_0001747,inv_001337,cus_00072,2026-04-07T14:45:00Z,24.79,GBP,mollie,2,failed,card_declined
ch_0001748,inv_001337,cus_00072,2026-04-10T12:34:00Z,24.79,GBP,mollie,3,succeeded,
ch_0001749,inv_001338,cus_00072,2026-05-05T00:35:00Z,24.79,GBP,stripe,1,succeeded,
ch_0001750,inv_001339,cus_00072,2026-06-02T06:25:00Z,24.79,GBP,mollie,1,failed,card_declined
ch_0001751,inv_001339,cus_00072,2026-06-09T10:47:00Z,24.79,GBP,mollie,2,failed,expired_card
ch_0001752,inv_001340,cus_00073,2025-01-01T01:00:00Z,29,EUR,adyen,1,succeeded,
ch_0001753,inv_001341,cus_00073,2025-02-02T11:46:00Z,29,EUR,adyen,1,succeeded,
ch_0001754,inv_001342,cus_00073,2025-03-02T15:32:00Z,29,EUR,stripe,1,succeeded,
ch_0001755,inv_001343,cus_00073,2025-04-02T04:00:00Z,29,EUR,adyen,1,succeeded,
ch_0001756,inv_001344,cus_00073,2025-05-03T14:43:00Z,29,EUR,mollie,1,succeeded,
ch_0001757,inv_001345,cus_00073,2025-06-01T14:36:00Z,29,EUR,adyen,1,succeeded,
ch_0001758,inv_001346,cus_00073,2025-07-05T23:46:00Z,29,EUR,stripe,1,succeeded,
ch_0001759,inv_001347,cus_00073,2025-08-04T12:11:00Z,29,EUR,stripe,1,succeeded,
ch_0001760,inv_001348,cus_00073,2025-09-04T06:03:00Z,29,EUR,stripe,1,succeeded,
ch_0001761,inv_001349,cus_00073,2025-10-05T03:50:00Z,29,EUR,stripe,1,succeeded,
ch_0001762,inv_001350,cus_00073,2025-11-04T17:04:00Z,29,EUR,stripe,1,succeeded,
ch_0001763,inv_001351,cus_00073,2025-12-01T11:26:00Z,29,EUR,mollie,1,succeeded,
ch_0001764,inv_001352,cus_00073,2026-01-05T04:28:00Z,29,EUR,stripe,1,succeeded,
ch_0001765,inv_001353,cus_00073,2026-02-04T03:50:00Z,29,EUR,stripe,1,succeeded,
ch_0001766,inv_001354,cus_00073,2026-03-05T18:50:00Z,29,EUR,mollie,1,failed,expired_card
ch_0001767,inv_001354,cus_00073,2026-03-08T03:40:00Z,29,EUR,mollie,2,succeeded,
ch_0001768,inv_001355,cus_00073,2026-04-02T05:15:00Z,29,EUR,stripe,1,succeeded,
ch_0001769,inv_001357,cus_00073,2026-06-04T15:37:00Z,29,EUR,adyen,1,succeeded,
ch_0001770,inv_001358,cus_00073,2026-07-05T23:03:00Z,29,EUR,stripe,1,failed,card_declined
ch_0001771,inv_001358,cus_00073,2026-07-12T19:01:00Z,29,EUR,stripe,2,failed,do_not_honor
ch_0001772,inv_001358,cus_00073,2026-07-15T07:35:00Z,29,EUR,stripe,3,succeeded,
ch_0001773,inv_001359,cus_00073,2026-08-02T22:42:00Z,29,EUR,stripe,1,succeeded,
ch_0001774,inv_001360,cus_00074,2025-01-04T19:43:00Z,84.62,GBP,stripe,1,succeeded,
ch_0001775,inv_001361,cus_00074,2025-02-04T10:13:00Z,84.62,GBP,stripe,1,succeeded,
ch_0001776,inv_001362,cus_00074,2025-03-03T12:07:00Z,84.62,GBP,mollie,1,succeeded,
ch_0001777,inv_001363,cus_00074,2025-04-03T18:29:00Z,84.62,GBP,adyen,1,succeeded,
ch_0001778,inv_001364,cus_00074,2025-05-05T15:47:00Z,84.62,GBP,adyen,1,succeeded,
ch_0001779,inv_001365,cus_00074,2025-06-01T11:58:00Z,84.62,GBP,adyen,1,succeeded,
ch_0001780,inv_001366,cus_00074,2025-07-02T13:02:00Z,84.62,GBP,stripe,1,succeeded,
ch_0001781,inv_001367,cus_00074,2025-08-01T22:00:00Z,84.62,GBP,adyen,1,succeeded,
ch_0001782,inv_001368,cus_00074,2025-09-02T10:07:00Z,84.62,GBP,adyen,1,failed,insufficient_funds
ch_0001783,inv_001368,cus_00074,2025-09-05T03:53:00Z,84.62,GBP,adyen,2,succeeded,
ch_0001784,inv_001369,cus_00074,2025-10-04T23:23:00Z,84.62,GBP,adyen,1,succeeded,
ch_0001785,inv_001370,cus_00074,2025-11-01T10:39:00Z,84.62,GBP,mollie,1,succeeded,
ch_0001786,inv_001372,cus_00074,2026-01-03T08:09:00Z,84.62,GBP,mollie,1,succeeded,
ch_0001787,inv_001373,cus_00074,2026-02-04T21:09:00Z,84.62,GBP,mollie,1,succeeded,
ch_0001788,inv_001374,cus_00074,2026-03-04T23:49:00Z,127.35,GBP,stripe,1,succeeded,
ch_0001789,inv_001375,cus_00074,2026-04-04T07:04:00Z,127.35,GBP,stripe,1,succeeded,
ch_0001790,inv_001376,cus_00074,2026-05-01T03:07:00Z,127.35,GBP,stripe,1,succeeded,
ch_0001791,inv_001377,cus_00074,2026-06-04T09:26:00Z,127.35,GBP,adyen,1,succeeded,
ch_0001792,inv_001378,cus_00074,2026-07-02T07:04:00Z,127.35,GBP,stripe,1,succeeded,
ch_0001793,inv_001379,cus_00074,2026-08-03T11:09:00Z,127.35,GBP,stripe,1,succeeded,
ch_0001794,inv_001380,cus_00075,2025-01-03T00:03:00Z,99,EUR,mollie,1,succeeded,
ch_0001795,inv_001381,cus_00075,2025-02-05T09:44:00Z,99,EUR,mollie,1,succeeded,
ch_0001796,inv_001382,cus_00075,2025-03-02T21:56:00Z,99,EUR,adyen,1,succeeded,
ch_0001797,inv_001383,cus_00075,2025-04-05T09:27:00Z,99,EUR,stripe,1,succeeded,
ch_0001798,inv_001384,cus_00075,2025-05-02T08:33:00Z,99,EUR,stripe,1,succeeded,
ch_0001799,inv_001385,cus_00075,2025-06-02T16:13:00Z,99,EUR,stripe,1,succeeded,
ch_0001800,inv_001386,cus_00075,2025-07-01T00:20:00Z,99,EUR,stripe,1,succeeded,
ch_0001801,inv_001387,cus_00075,2025-08-02T06:21:00Z,99,EUR,adyen,1,succeeded,
ch_0001802,inv_001388,cus_00075,2025-09-05T21:45:00Z,99,EUR,mollie,1,succeeded,
ch_0001803,inv_001389,cus_00075,2025-10-01T12:54:00Z,99,EUR,stripe,1,succeeded,
ch_0001804,inv_001390,cus_00075,2025-11-05T19:36:00Z,99,EUR,mollie,1,succeeded,
ch_0001805,inv_001391,cus_00075,2025-12-03T11:10:00Z,99,EUR,stripe,1,succeeded,
ch_0001806,inv_001392,cus_00075,2026-01-03T02:03:00Z,99,EUR,mollie,1,succeeded,
ch_0001807,inv_001393,cus_00075,2026-02-04T00:16:00Z,99,EUR,mollie,1,failed,insufficient_funds
ch_0001808,inv_001393,cus_00075,2026-02-07T14:56:00Z,99,EUR,mollie,2,failed,insufficient_funds
ch_0001809,inv_001393,cus_00075,2026-02-10T16:21:00Z,99,EUR,mollie,3,failed,insufficient_funds
ch_0001810,inv_001393,cus_00075,2026-02-15T19:52:00Z,99,EUR,mollie,4,failed,insufficient_funds
ch_0001811,inv_001394,cus_00076,2025-01-04T22:29:00Z,24.79,GBP,stripe,1,succeeded,
ch_0001812,inv_001395,cus_00076,2025-02-04T15:27:00Z,24.79,GBP,mollie,1,succeeded,
ch_0001813,inv_001396,cus_00076,2025-03-05T09:48:00Z,24.79,GBP,stripe,1,succeeded,
ch_0001814,inv_001397,cus_00076,2025-04-04T22:03:00Z,24.79,GBP,stripe,1,succeeded,
ch_0001815,inv_001398,cus_00076,2025-05-04T17:21:00Z,24.79,GBP,adyen,1,succeeded,
ch_0001816,inv_001399,cus_00076,2025-06-04T18:18:00Z,24.79,GBP,stripe,1,succeeded,
ch_0001817,inv_001400,cus_00076,2025-07-04T06:57:00Z,24.79,GBP,stripe,1,succeeded,
ch_0001818,inv_001401,cus_00076,2025-08-04T23:12:00Z,24.79,GBP,stripe,1,succeeded,
ch_0001819,inv_001402,cus_00076,2025-09-02T22:03:00Z,24.79,GBP,adyen,1,succeeded,
ch_0001820,inv_001403,cus_00076,2025-10-05T10:20:00Z,24.79,GBP,stripe,1,failed,processing_error
ch_0001821,inv_001403,cus_00076,2025-10-08T00:27:00Z,24.79,GBP,stripe,2,failed,insufficient_funds
ch_0001822,inv_001403,cus_00076,2025-10-15T06:48:00Z,24.79,GBP,stripe,3,failed,insufficient_funds
ch_0001823,inv_001403,cus_00076,2025-10-22T15:24:00Z,24.79,GBP,stripe,4,succeeded,
ch_0001824,inv_001404,cus_00076,2025-11-03T18:26:00Z,24.79,GBP,stripe,1,succeeded,
ch_0001825,inv_001405,cus_00076,2025-12-02T13:39:00Z,24.79,GBP,stripe,1,succeeded,
ch_0001826,inv_001406,cus_00076,2026-01-05T06:18:00Z,24.79,GBP,stripe,1,succeeded,
ch_0001827,inv_001407,cus_00076,2026-02-01T19:49:00Z,24.79,GBP,stripe,1,failed,card_declined
ch_0001828,inv_001407,cus_00076,2026-02-04T06:23:00Z,24.79,GBP,stripe,2,failed,card_declined
ch_0001829,inv_001407,cus_00076,2026-02-07T14:59:00Z,24.79,GBP,stripe,3,succeeded,
ch_0001830,inv_001408,cus_00076,2026-03-03T09:26:00Z,24.79,GBP,stripe,1,failed,expired_card
ch_0001831,inv_001408,cus_00076,2026-03-10T03:23:00Z,24.79,GBP,stripe,2,failed,card_declined
ch_0001832,inv_001408,cus_00076,2026-03-13T04:58:00Z,24.79,GBP,stripe,3,succeeded,
ch_0001833,inv_001409,cus_00076,2026-04-02T19:19:00Z,24.79,GBP,stripe,1,succeeded,
ch_0001834,inv_001410,cus_00076,2026-05-03T01:39:00Z,24.79,GBP,stripe,1,succeeded,
ch_0001835,inv_001411,cus_00076,2026-06-05T23:44:00Z,24.79,GBP,mollie,1,succeeded,
ch_0001836,inv_001412,cus_00076,2026-07-02T04:44:00Z,24.79,GBP,stripe,1,succeeded,
ch_0001837,inv_001413,cus_00076,2026-08-03T23:21:00Z,24.79,GBP,adyen,1,failed,insufficient_funds
ch_0001838,inv_001413,cus_00076,2026-08-10T11:38:00Z,24.79,GBP,adyen,2,failed,processing_error
ch_0001839,inv_001413,cus_00076,2026-08-13T11:14:00Z,24.79,GBP,adyen,3,failed,insufficient_funds
ch_0001840,inv_001413,cus_00076,2026-08-20T02:06:00Z,24.79,GBP,adyen,4,succeeded,
ch_0001841,inv_001414,cus_00077,2025-01-01T18:27:00Z,29,EUR,adyen,1,succeeded,
ch_0001842,inv_001415,cus_00077,2025-02-01T11:24:00Z,29,EUR,stripe,1,succeeded,
ch_0001843,inv_001416,cus_00077,2025-03-01T17:30:00Z,29,EUR,stripe,1,succeeded,
ch_0001844,inv_001417,cus_00077,2025-04-01T20:48:00Z,29,EUR,adyen,1,succeeded,
ch_0001845,inv_001418,cus_00077,2025-05-01T05:08:00Z,29,EUR,stripe,1,succeeded,
ch_0001846,inv_001419,cus_00077,2025-06-02T05:35:00Z,29,EUR,stripe,1,succeeded,
ch_0001847,inv_001420,cus_00077,2025-07-03T15:08:00Z,29,EUR,adyen,1,succeeded,
ch_0001848,inv_001421,cus_00077,2025-08-01T20:56:00Z,29,EUR,stripe,1,succeeded,
ch_0001849,inv_001422,cus_00077,2025-09-04T01:30:00Z,29,EUR,mollie,1,succeeded,
ch_0001850,inv_001423,cus_00077,2025-10-03T00:50:00Z,29,EUR,stripe,1,succeeded,
ch_0001851,inv_001424,cus_00077,2025-11-02T02:42:00Z,29,EUR,stripe,1,succeeded,
ch_0001852,inv_001425,cus_00077,2025-12-02T08:25:00Z,29,EUR,stripe,1,succeeded,
ch_0001853,inv_001426,cus_00077,2026-01-03T04:25:00Z,29,EUR,stripe,1,succeeded,
ch_0001854,inv_001427,cus_00077,2026-02-03T09:19:00Z,29,EUR,adyen,1,failed,card_declined
ch_0001855,inv_001427,cus_00077,2026-02-10T11:56:00Z,29,EUR,adyen,2,failed,card_declined
ch_0001856,inv_001427,cus_00077,2026-02-17T21:46:00Z,29,EUR,adyen,3,succeeded,
ch_0001857,inv_001428,cus_00077,2026-03-05T03:44:00Z,29,EUR,stripe,1,succeeded,
ch_0001858,inv_001429,cus_00077,2026-04-03T05:06:00Z,29,EUR,stripe,1,succeeded,
ch_0001859,inv_001430,cus_00077,2026-05-04T03:06:00Z,29,EUR,adyen,1,succeeded,
ch_0001860,inv_001431,cus_00077,2026-06-05T14:18:00Z,29,EUR,stripe,1,succeeded,
ch_0001861,inv_001432,cus_00077,2026-07-03T08:25:00Z,29,EUR,stripe,1,succeeded,
ch_0001862,inv_001433,cus_00077,2026-08-04T14:22:00Z,29,EUR,stripe,1,succeeded,
ch_0001863,inv_001434,cus_00078,2025-01-05T05:48:00Z,99,EUR,stripe,1,succeeded,
ch_0001864,inv_001435,cus_00078,2025-02-05T11:10:00Z,99,EUR,stripe,1,succeeded,
ch_0001865,inv_001436,cus_00078,2025-03-05T12:39:00Z,99,EUR,mollie,1,succeeded,
ch_0001866,inv_001437,cus_00078,2025-04-03T02:32:00Z,99,EUR,stripe,1,succeeded,
ch_0001867,inv_001439,cus_00078,2025-06-02T03:15:00Z,99,EUR,stripe,1,failed,card_declined
ch_0001868,inv_001439,cus_00078,2025-06-07T13:12:00Z,99,EUR,stripe,2,succeeded,
ch_0001869,inv_001440,cus_00078,2025-07-04T10:32:00Z,99,EUR,adyen,1,succeeded,
ch_0001870,inv_001441,cus_00078,2025-08-02T03:38:00Z,99,EUR,stripe,1,succeeded,
ch_0001871,inv_001442,cus_00078,2025-09-05T07:07:00Z,99,EUR,stripe,1,failed,do_not_honor
ch_0001872,inv_001442,cus_00078,2025-09-08T00:19:00Z,99,EUR,stripe,2,failed,processing_error
ch_0001873,inv_001442,cus_00078,2025-09-11T20:05:00Z,99,EUR,stripe,3,failed,expired_card
ch_0001874,inv_001442,cus_00078,2025-09-16T20:08:00Z,99,EUR,stripe,4,succeeded,
ch_0001875,inv_001443,cus_00078,2025-10-01T18:50:00Z,99,EUR,adyen,1,succeeded,
ch_0001876,inv_001444,cus_00078,2025-11-01T17:15:00Z,99,EUR,mollie,1,succeeded,
ch_0001877,inv_001445,cus_00078,2025-12-05T22:15:00Z,99,EUR,stripe,1,succeeded,
ch_0001878,inv_001446,cus_00078,2026-01-01T15:01:00Z,99,EUR,stripe,1,failed,insufficient_funds
ch_0001879,inv_001446,cus_00078,2026-01-08T18:15:00Z,99,EUR,stripe,2,failed,insufficient_funds
ch_0001880,inv_001446,cus_00078,2026-01-15T23:15:00Z,99,EUR,stripe,3,failed,expired_card
ch_0001881,inv_001446,cus_00078,2026-01-18T15:53:00Z,99,EUR,stripe,4,succeeded,
ch_0001882,inv_001447,cus_00078,2026-02-04T19:00:00Z,99,EUR,adyen,1,failed,insufficient_funds
ch_0001883,inv_001447,cus_00078,2026-02-09T19:35:00Z,99,EUR,adyen,2,failed,expired_card
ch_0001884,inv_001448,cus_00078,2026-03-03T07:17:00Z,149,EUR,stripe,1,succeeded,
ch_0001885,inv_001449,cus_00078,2026-04-01T03:14:00Z,149,EUR,adyen,1,succeeded,
ch_0001886,inv_001450,cus_00078,2026-05-05T11:24:00Z,149,EUR,stripe,1,succeeded,
ch_0001887,inv_001451,cus_00078,2026-06-02T20:29:00Z,149,EUR,stripe,1,succeeded,
ch_0001888,inv_001452,cus_00078,2026-07-04T14:36:00Z,149,EUR,stripe,1,failed,card_declined
ch_0001889,inv_001452,cus_00078,2026-07-09T09:53:00Z,149,EUR,stripe,2,failed,card_declined
ch_0001890,inv_001452,cus_00078,2026-07-12T21:01:00Z,149,EUR,stripe,3,succeeded,
ch_0001891,inv_001453,cus_00078,2026-08-02T04:44:00Z,149,EUR,stripe,1,succeeded,
ch_0001892,inv_001454,cus_00079,2025-01-04T02:34:00Z,99,EUR,adyen,1,succeeded,
ch_0001893,inv_001455,cus_00079,2025-02-05T03:21:00Z,99,EUR,mollie,1,failed,expired_card
ch_0001894,inv_001455,cus_00079,2025-02-12T10:26:00Z,99,EUR,mollie,2,failed,card_declined
ch_0001895,inv_001455,cus_00079,2025-02-19T04:51:00Z,99,EUR,mollie,3,failed,card_declined
ch_0001896,inv_001455,cus_00079,2025-02-26T17:13:00Z,99,EUR,mollie,4,failed,expired_card
ch_0001897,inv_001456,cus_00079,2025-03-01T19:48:00Z,99,EUR,mollie,1,succeeded,
ch_0001898,inv_001457,cus_00079,2025-04-03T15:01:00Z,99,EUR,mollie,1,succeeded,
ch_0001899,inv_001458,cus_00079,2025-05-01T05:09:00Z,99,EUR,stripe,1,succeeded,
ch_0001900,inv_001459,cus_00079,2025-06-02T10:38:00Z,99,EUR,adyen,1,succeeded,
ch_0001901,inv_001460,cus_00079,2025-07-02T14:57:00Z,99,EUR,adyen,1,succeeded,
ch_0001902,inv_001461,cus_00079,2025-08-04T12:47:00Z,99,EUR,stripe,1,succeeded,
ch_0001903,inv_001462,cus_00079,2025-09-04T08:52:00Z,99,EUR,stripe,1,succeeded,
ch_0001904,inv_001463,cus_00079,2025-10-03T16:13:00Z,99,EUR,mollie,1,succeeded,
ch_0001905,inv_001464,cus_00079,2025-11-03T09:59:00Z,99,EUR,stripe,1,succeeded,
ch_0001906,inv_001465,cus_00079,2025-12-03T13:12:00Z,99,EUR,stripe,1,failed,insufficient_funds
ch_0001907,inv_001465,cus_00079,2025-12-08T04:14:00Z,99,EUR,stripe,2,succeeded,
ch_0001908,inv_001466,cus_00079,2026-01-01T06:56:00Z,99,EUR,adyen,1,succeeded,
ch_0001909,inv_001467,cus_00079,2026-02-01T12:52:00Z,99,EUR,stripe,1,succeeded,
ch_0001910,inv_001468,cus_00079,2026-03-05T03:51:00Z,149,EUR,stripe,1,succeeded,
ch_0001911,inv_001469,cus_00079,2026-04-05T17:16:00Z,149,EUR,stripe,1,succeeded,
ch_0001912,inv_001470,cus_00079,2026-05-01T18:42:00Z,149,EUR,adyen,1,succeeded,
ch_0001913,inv_001471,cus_00079,2026-06-03T01:38:00Z,149,EUR,stripe,1,succeeded,
ch_0001914,inv_001472,cus_00079,2026-07-02T18:27:00Z,149,EUR,adyen,1,succeeded,
ch_0001915,inv_001473,cus_00079,2026-08-05T19:41:00Z,149,EUR,stripe,1,succeeded,
ch_0001916,inv_001474,cus_00080,2025-01-02T11:18:00Z,99,EUR,stripe,1,succeeded,
ch_0001917,inv_001475,cus_00080,2025-02-03T15:02:00Z,99,EUR,adyen,1,succeeded,
ch_0001918,inv_001476,cus_00080,2025-03-01T21:43:00Z,99,EUR,stripe,1,succeeded,
ch_0001919,inv_001477,cus_00080,2025-04-01T13:26:00Z,99,EUR,stripe,1,succeeded,
ch_0001920,inv_001479,cus_00081,2025-01-02T09:47:00Z,299,EUR,stripe,1,failed,insufficient_funds
ch_0001921,inv_001479,cus_00081,2025-01-09T20:54:00Z,299,EUR,stripe,2,succeeded,
ch_0001922,inv_001480,cus_00081,2025-02-03T08:05:00Z,299,EUR,mollie,1,succeeded,
ch_0001923,inv_001481,cus_00081,2025-03-03T04:16:00Z,299,EUR,mollie,1,succeeded,
ch_0001924,inv_001482,cus_00081,2025-04-02T16:08:00Z,299,EUR,stripe,1,succeeded,
ch_0001925,inv_001483,cus_00081,2025-05-04T08:50:00Z,299,EUR,stripe,1,succeeded,
ch_0001926,inv_001484,cus_00081,2025-06-05T08:02:00Z,299,EUR,adyen,1,failed,card_declined
ch_0001927,inv_001484,cus_00081,2025-06-08T14:24:00Z,299,EUR,adyen,2,failed,insufficient_funds
ch_0001928,inv_001484,cus_00081,2025-06-11T04:01:00Z,299,EUR,adyen,3,failed,card_declined
ch_0001929,inv_001485,cus_00082,2025-01-04T05:14:00Z,325,USD,adyen,1,succeeded,
ch_0001930,inv_001486,cus_00082,2025-02-04T07:37:00Z,325,USD,stripe,1,succeeded,
ch_0001931,inv_001487,cus_00082,2025-03-02T07:59:00Z,325,USD,stripe,1,succeeded,
ch_0001932,inv_001488,cus_00082,2025-04-01T07:13:00Z,325,USD,stripe,1,succeeded,
ch_0001933,inv_001489,cus_00082,2025-05-02T12:43:00Z,325,USD,adyen,1,failed,card_declined
ch_0001934,inv_001489,cus_00082,2025-05-07T11:50:00Z,325,USD,adyen,2,failed,card_declined
ch_0001935,inv_001489,cus_00082,2025-05-10T19:39:00Z,325,USD,adyen,3,failed,insufficient_funds
ch_0001936,inv_001489,cus_00082,2025-05-13T04:17:00Z,325,USD,adyen,4,succeeded,
ch_0001937,inv_001490,cus_00082,2025-06-03T10:07:00Z,325,USD,stripe,1,succeeded,
ch_0001938,inv_001491,cus_00082,2025-07-03T09:58:00Z,325,USD,stripe,1,failed,do_not_honor
ch_0001939,inv_001491,cus_00082,2025-07-06T00:48:00Z,325,USD,stripe,2,failed,card_declined
ch_0001940,inv_001491,cus_00082,2025-07-11T07:19:00Z,325,USD,stripe,3,failed,do_not_honor
ch_0001941,inv_001491,cus_00082,2025-07-18T02:34:00Z,325,USD,stripe,4,succeeded,
ch_0001942,inv_001492,cus_00082,2025-08-05T07:54:00Z,325,USD,stripe,1,succeeded,
ch_0001943,inv_001493,cus_00082,2025-09-03T05:13:00Z,325,USD,stripe,1,succeeded,
ch_0001944,inv_001494,cus_00082,2025-10-04T08:07:00Z,325,USD,stripe,1,succeeded,
ch_0001945,inv_001495,cus_00082,2025-11-03T14:37:00Z,325,USD,stripe,1,succeeded,
ch_0001946,inv_001496,cus_00082,2025-12-05T13:14:00Z,325,USD,stripe,1,succeeded,
ch_0001947,inv_001497,cus_00082,2026-01-01T09:02:00Z,325,USD,adyen,1,succeeded,
ch_0001948,inv_001498,cus_00082,2026-02-03T14:22:00Z,325,USD,adyen,1,succeeded,
ch_0001949,inv_001499,cus_00082,2026-03-03T07:57:00Z,325,USD,stripe,1,succeeded,
ch_0001950,inv_001500,cus_00082,2026-04-03T22:46:00Z,325,USD,adyen,1,succeeded,
ch_0001951,inv_001501,cus_00082,2026-05-04T08:00:00Z,325,USD,adyen,1,succeeded,
ch_0001952,inv_001502,cus_00082,2026-06-02T10:16:00Z,325,USD,stripe,1,succeeded,
ch_0001953,inv_001503,cus_00082,2026-07-03T13:20:00Z,325,USD,stripe,1,succeeded,
ch_0001954,inv_001504,cus_00082,2026-08-01T14:52:00Z,325,USD,stripe,1,succeeded,
ch_0001955,inv_001505,cus_00083,2025-01-04T20:41:00Z,84.62,GBP,stripe,1,succeeded,
ch_0001956,inv_001506,cus_00083,2025-02-03T23:06:00Z,84.62,GBP,mollie,1,succeeded,
ch_0001957,inv_001507,cus_00083,2025-03-05T08:31:00Z,84.62,GBP,stripe,1,succeeded,
ch_0001958,inv_001508,cus_00083,2025-04-02T08:31:00Z,84.62,GBP,mollie,1,succeeded,
ch_0001959,inv_001509,cus_00083,2025-05-03T00:08:00Z,84.62,GBP,adyen,1,succeeded,
ch_0001960,inv_001510,cus_00083,2025-06-03T07:39:00Z,84.62,GBP,stripe,1,succeeded,
ch_0001961,inv_001511,cus_00083,2025-07-01T14:23:00Z,84.62,GBP,adyen,1,failed,expired_card
ch_0001962,inv_001511,cus_00083,2025-07-06T18:28:00Z,84.62,GBP,adyen,2,failed,expired_card
ch_0001963,inv_001511,cus_00083,2025-07-09T09:44:00Z,84.62,GBP,adyen,3,succeeded,
ch_0001964,inv_001512,cus_00083,2025-08-02T22:12:00Z,84.62,GBP,stripe,1,failed,expired_card
ch_0001965,inv_001512,cus_00083,2025-08-05T15:16:00Z,84.62,GBP,stripe,2,failed,insufficient_funds
ch_0001966,inv_001512,cus_00083,2025-08-12T04:55:00Z,84.62,GBP,stripe,3,failed,insufficient_funds
ch_0001967,inv_001512,cus_00083,2025-08-19T20:26:00Z,84.62,GBP,stripe,4,failed,card_declined
ch_0001968,inv_001513,cus_00083,2025-09-01T13:30:00Z,84.62,GBP,stripe,1,succeeded,
ch_0001969,inv_001514,cus_00083,2025-10-02T04:11:00Z,84.62,GBP,stripe,1,succeeded,
ch_0001970,inv_001515,cus_00083,2025-11-01T10:58:00Z,84.62,GBP,stripe,1,succeeded,
ch_0001971,inv_001516,cus_00083,2025-12-02T16:46:00Z,84.62,GBP,adyen,1,succeeded,
ch_0001972,inv_001517,cus_00083,2026-01-03T19:18:00Z,84.62,GBP,stripe,1,succeeded,
ch_0001973,inv_001518,cus_00083,2026-02-03T03:08:00Z,84.62,GBP,stripe,1,succeeded,
ch_0001974,inv_001519,cus_00083,2026-03-05T04:59:00Z,127.35,GBP,stripe,1,succeeded,
ch_0001975,inv_001520,cus_00083,2026-04-01T19:08:00Z,127.35,GBP,mollie,1,succeeded,
ch_0001976,inv_001521,cus_00083,2026-05-02T19:29:00Z,127.35,GBP,adyen,1,succeeded,
ch_0001977,inv_001522,cus_00083,2026-06-05T06:00:00Z,127.35,GBP,stripe,1,succeeded,
ch_0001978,inv_001523,cus_00083,2026-07-01T16:29:00Z,127.35,GBP,adyen,1,succeeded,
ch_0001979,inv_001524,cus_00083,2026-08-02T21:25:00Z,127.35,GBP,stripe,1,succeeded,
ch_0001980,inv_001525,cus_00084,2025-01-03T21:21:00Z,99,EUR,adyen,1,succeeded,
ch_0001981,inv_001526,cus_00084,2025-02-04T18:05:00Z,99,EUR,adyen,1,succeeded,
ch_0001982,inv_001527,cus_00084,2025-03-04T04:40:00Z,99,EUR,adyen,1,succeeded,
ch_0001983,inv_001528,cus_00084,2025-04-04T21:22:00Z,99,EUR,mollie,1,succeeded,
ch_0001984,inv_001529,cus_00084,2025-05-03T10:05:00Z,99,EUR,stripe,1,failed,expired_card
ch_0001985,inv_001529,cus_00084,2025-05-06T05:26:00Z,99,EUR,stripe,2,failed,card_declined
ch_0001986,inv_001529,cus_00084,2025-05-09T19:18:00Z,99,EUR,stripe,3,failed,do_not_honor
ch_0001987,inv_001529,cus_00084,2025-05-16T22:51:00Z,99,EUR,stripe,4,succeeded,
ch_0001988,inv_001530,cus_00084,2025-06-03T09:01:00Z,99,EUR,stripe,1,succeeded,
ch_0001989,inv_001531,cus_00084,2025-07-02T10:34:00Z,99,EUR,stripe,1,succeeded,
ch_0001990,inv_001532,cus_00084,2025-08-05T04:49:00Z,99,EUR,stripe,1,succeeded,
ch_0001991,inv_001533,cus_00084,2025-09-04T19:30:00Z,99,EUR,stripe,1,succeeded,
ch_0001992,inv_001534,cus_00084,2025-10-02T04:37:00Z,99,EUR,adyen,1,succeeded,
ch_0001993,inv_001535,cus_00084,2025-11-02T07:31:00Z,99,EUR,stripe,1,succeeded,
ch_0001994,inv_001536,cus_00084,2025-12-03T00:58:00Z,99,EUR,stripe,1,succeeded,
ch_0001995,inv_001537,cus_00084,2026-01-04T17:16:00Z,99,EUR,stripe,1,succeeded,
ch_0001996,inv_001538,cus_00084,2026-02-01T05:08:00Z,99,EUR,stripe,1,succeeded,
ch_0001997,inv_001539,cus_00084,2026-03-05T05:03:00Z,149,EUR,stripe,1,succeeded,
ch_0001998,inv_001540,cus_00085,2025-01-01T12:15:00Z,325,USD,stripe,1,succeeded,
ch_0001999,inv_001541,cus_00085,2025-02-01T07:19:00Z,325,USD,mollie,1,succeeded,
ch_0002000,inv_001542,cus_00085,2025-03-04T02:34:00Z,325,USD,stripe,1,succeeded,
ch_0002001,inv_001543,cus_00085,2025-04-04T05:37:00Z,325,USD,adyen,1,succeeded,
ch_0002002,inv_001544,cus_00085,2025-05-03T22:50:00Z,325,USD,stripe,1,failed,processing_error
ch_0002003,inv_001544,cus_00085,2025-05-06T01:36:00Z,325,USD,stripe,2,failed,do_not_honor
ch_0002004,inv_001544,cus_00085,2025-05-13T07:36:00Z,325,USD,stripe,3,failed,processing_error
ch_0002005,inv_001544,cus_00085,2025-05-20T05:58:00Z,325,USD,stripe,4,succeeded,
ch_0002006,inv_001545,cus_00085,2025-06-02T21:27:00Z,325,USD,adyen,1,succeeded,
ch_0002007,inv_001546,cus_00085,2025-07-04T11:25:00Z,325,USD,stripe,1,succeeded,
ch_0002008,inv_001547,cus_00085,2025-08-03T12:13:00Z,325,USD,stripe,1,succeeded,
ch_0002009,inv_001548,cus_00086,2025-01-04T12:07:00Z,99,EUR,stripe,1,succeeded,
ch_0002010,inv_001549,cus_00086,2025-02-01T03:11:00Z,99,EUR,stripe,1,succeeded,
ch_0002011,inv_001550,cus_00086,2025-03-04T01:20:00Z,99,EUR,stripe,1,succeeded,
ch_0002012,inv_001551,cus_00086,2025-04-03T04:57:00Z,99,EUR,mollie,1,succeeded,
ch_0002013,inv_001552,cus_00086,2025-05-01T04:53:00Z,99,EUR,mollie,1,succeeded,
ch_0002014,inv_001553,cus_00086,2025-06-04T23:20:00Z,99,EUR,stripe,1,succeeded,
ch_0002015,inv_001554,cus_00086,2025-07-02T11:53:00Z,99,EUR,mollie,1,failed,expired_card
ch_0002016,inv_001554,cus_00086,2025-07-05T21:20:00Z,99,EUR,mollie,2,failed,processing_error
ch_0002017,inv_001554,cus_00086,2025-07-10T07:56:00Z,99,EUR,mollie,3,failed,insufficient_funds
ch_0002018,inv_001554,cus_00086,2025-07-17T15:46:00Z,99,EUR,mollie,4,failed,do_not_honor
ch_0002019,inv_001555,cus_00086,2025-08-01T18:18:00Z,99,EUR,adyen,1,failed,expired_card
ch_0002020,inv_001555,cus_00086,2025-08-04T16:23:00Z,99,EUR,adyen,2,failed,insufficient_funds
ch_0002021,inv_001555,cus_00086,2025-08-07T21:23:00Z,99,EUR,adyen,3,succeeded,
ch_0002022,inv_001556,cus_00086,2025-09-04T06:01:00Z,99,EUR,mollie,1,succeeded,
ch_0002023,inv_001557,cus_00086,2025-10-03T00:54:00Z,99,EUR,stripe,1,succeeded,
ch_0002024,inv_001558,cus_00086,2025-11-02T16:47:00Z,99,EUR,mollie,1,succeeded,
ch_0002025,inv_001559,cus_00086,2025-12-02T09:32:00Z,99,EUR,stripe,1,succeeded,
ch_0002026,inv_001560,cus_00086,2026-01-03T00:55:00Z,99,EUR,stripe,1,succeeded,
ch_0002027,inv_001561,cus_00086,2026-02-01T12:01:00Z,99,EUR,stripe,1,succeeded,
ch_0002028,inv_001562,cus_00086,2026-03-05T01:10:00Z,149,EUR,stripe,1,succeeded,
ch_0002029,inv_001563,cus_00086,2026-04-03T21:26:00Z,149,EUR,stripe,1,failed,insufficient_funds
ch_0002030,inv_001563,cus_00086,2026-04-06T02:12:00Z,149,EUR,stripe,2,failed,processing_error
ch_0002031,inv_001563,cus_00086,2026-04-11T19:45:00Z,149,EUR,stripe,3,failed,card_declined
ch_0002032,inv_001563,cus_00086,2026-04-18T12:26:00Z,149,EUR,stripe,4,succeeded,
ch_0002033,inv_001564,cus_00086,2026-05-04T12:14:00Z,149,EUR,mollie,1,succeeded,
ch_0002034,inv_001565,cus_00086,2026-06-05T03:44:00Z,149,EUR,adyen,1,succeeded,
ch_0002035,inv_001566,cus_00086,2026-07-03T04:10:00Z,149,EUR,adyen,1,succeeded,
ch_0002036,inv_001567,cus_00086,2026-08-04T07:28:00Z,149,EUR,adyen,1,succeeded,
ch_0002037,inv_001568,cus_00087,2025-02-01T06:04:00Z,27.62,CHF,stripe,1,failed,insufficient_funds
ch_0002038,inv_001568,cus_00087,2025-02-08T21:52:00Z,27.62,CHF,stripe,2,failed,expired_card
ch_0002039,inv_001568,cus_00087,2025-02-15T16:03:00Z,27.62,CHF,stripe,3,failed,expired_card
ch_0002040,inv_001568,cus_00087,2025-02-18T23:48:00Z,27.62,CHF,stripe,4,succeeded,
ch_0002041,inv_001569,cus_00087,2025-03-05T22:18:00Z,27.62,CHF,stripe,1,failed,do_not_honor
ch_0002042,inv_001569,cus_00087,2025-03-12T18:35:00Z,27.62,CHF,stripe,2,succeeded,
ch_0002043,inv_001570,cus_00087,2025-04-03T08:06:00Z,27.62,CHF,adyen,1,succeeded,
ch_0002044,inv_001571,cus_00087,2025-05-05T07:58:00Z,27.62,CHF,stripe,1,succeeded,
ch_0002045,inv_001572,cus_00087,2025-06-01T18:06:00Z,27.62,CHF,stripe,1,succeeded,
ch_0002046,inv_001573,cus_00087,2025-07-03T10:14:00Z,27.62,CHF,mollie,1,succeeded,
ch_0002047,inv_001574,cus_00087,2025-08-03T23:18:00Z,27.62,CHF,mollie,1,succeeded,
ch_0002048,inv_001575,cus_00087,2025-09-03T10:31:00Z,27.62,CHF,stripe,1,failed,expired_card
ch_0002049,inv_001575,cus_00087,2025-09-10T13:43:00Z,27.62,CHF,stripe,2,failed,expired_card
ch_0002050,inv_001575,cus_00087,2025-09-13T13:38:00Z,27.62,CHF,stripe,3,failed,expired_card
ch_0002051,inv_001575,cus_00087,2025-09-18T00:07:00Z,27.62,CHF,stripe,4,succeeded,
ch_0002052,inv_001576,cus_00087,2025-10-04T20:37:00Z,27.62,CHF,mollie,1,succeeded,
ch_0002053,inv_001577,cus_00087,2025-11-04T08:56:00Z,27.62,CHF,mollie,1,succeeded,
ch_0002054,inv_001578,cus_00087,2025-12-04T06:27:00Z,27.62,CHF,stripe,1,succeeded,
ch_0002055,inv_001579,cus_00087,2026-01-03T10:15:00Z,27.62,CHF,stripe,1,succeeded,
ch_0002056,inv_001580,cus_00087,2026-02-05T15:59:00Z,27.62,CHF,adyen,1,succeeded,
ch_0002057,inv_001581,cus_00087,2026-03-02T23:56:00Z,27.62,CHF,adyen,1,succeeded,
ch_0002058,inv_001582,cus_00087,2026-04-03T05:16:00Z,27.62,CHF,stripe,1,succeeded,
ch_0002059,inv_001583,cus_00087,2026-05-01T13:56:00Z,27.62,CHF,adyen,1,succeeded,
ch_0002060,inv_001584,cus_00087,2026-06-03T22:32:00Z,27.62,CHF,stripe,1,succeeded,
ch_0002061,inv_001585,cus_00087,2026-07-03T05:27:00Z,27.62,CHF,adyen,1,failed,processing_error
ch_0002062,inv_001585,cus_00087,2026-07-06T14:29:00Z,27.62,CHF,adyen,2,failed,card_declined
ch_0002063,inv_001585,cus_00087,2026-07-11T02:19:00Z,27.62,CHF,adyen,3,succeeded,
ch_0002064,inv_001586,cus_00088,2025-02-02T12:08:00Z,99,EUR,stripe,1,failed,processing_error
ch_0002065,inv_001586,cus_00088,2025-02-09T15:55:00Z,99,EUR,stripe,2,failed,processing_error
ch_0002066,inv_001586,cus_00088,2025-02-16T11:59:00Z,99,EUR,stripe,3,failed,card_declined
ch_0002067,inv_001586,cus_00088,2025-02-23T02:33:00Z,99,EUR,stripe,4,succeeded,
ch_0002068,inv_001587,cus_00088,2025-03-03T16:04:00Z,99,EUR,mollie,1,succeeded,
ch_0002069,inv_001588,cus_00088,2025-04-05T20:16:00Z,99,EUR,stripe,1,succeeded,
ch_0002070,inv_001589,cus_00088,2025-05-01T16:50:00Z,99,EUR,stripe,1,succeeded,
ch_0002071,inv_001590,cus_00088,2025-06-04T21:18:00Z,99,EUR,stripe,1,succeeded,
ch_0002072,inv_001591,cus_00088,2025-07-04T12:25:00Z,99,EUR,stripe,1,succeeded,
ch_0002073,inv_001592,cus_00088,2025-08-02T05:49:00Z,99,EUR,stripe,1,succeeded,
ch_0002074,inv_001593,cus_00088,2025-09-01T02:48:00Z,99,EUR,stripe,1,failed,card_declined
ch_0002075,inv_001593,cus_00088,2025-09-06T16:30:00Z,99,EUR,stripe,2,failed,insufficient_funds
ch_0002076,inv_001593,cus_00088,2025-09-09T13:06:00Z,99,EUR,stripe,3,failed,card_declined
ch_0002077,inv_001593,cus_00088,2025-09-12T01:24:00Z,99,EUR,stripe,4,failed,expired_card
ch_0002078,inv_001594,cus_00088,2025-10-05T22:27:00Z,99,EUR,stripe,1,succeeded,
ch_0002079,inv_001595,cus_00088,2025-11-05T15:36:00Z,99,EUR,stripe,1,succeeded,
ch_0002080,inv_001596,cus_00088,2025-12-03T22:16:00Z,99,EUR,adyen,1,succeeded,
ch_0002081,inv_001597,cus_00088,2026-01-04T09:23:00Z,99,EUR,stripe,1,failed,expired_card
ch_0002082,inv_001597,cus_00088,2026-01-11T23:57:00Z,99,EUR,stripe,2,failed,processing_error
ch_0002083,inv_001598,cus_00088,2026-02-04T11:31:00Z,99,EUR,adyen,1,succeeded,
ch_0002084,inv_001599,cus_00088,2026-03-05T00:09:00Z,149,EUR,stripe,1,succeeded,
ch_0002085,inv_001600,cus_00088,2026-04-04T22:47:00Z,149,EUR,adyen,1,succeeded,
ch_0002086,inv_001601,cus_00088,2026-05-03T13:25:00Z,149,EUR,stripe,1,succeeded,
ch_0002087,inv_001602,cus_00088,2026-06-02T20:02:00Z,149,EUR,stripe,1,succeeded,
ch_0002088,inv_001603,cus_00088,2026-07-01T21:57:00Z,149,EUR,adyen,1,succeeded,
ch_0002089,inv_001604,cus_00088,2026-08-02T23:10:00Z,149,EUR,stripe,1,failed,card_declined
ch_0002090,inv_001604,cus_00088,2026-08-09T04:22:00Z,149,EUR,stripe,2,succeeded,
ch_0002091,inv_001605,cus_00089,2025-02-02T04:56:00Z,29,EUR,stripe,1,succeeded,
ch_0002092,inv_001606,cus_00089,2025-03-04T18:25:00Z,29,EUR,mollie,1,succeeded,
ch_0002093,inv_001607,cus_00089,2025-04-01T02:04:00Z,29,EUR,mollie,1,succeeded,
ch_0002094,inv_001608,cus_00089,2025-05-01T11:58:00Z,29,EUR,stripe,1,succeeded,
ch_0002095,inv_001609,cus_00089,2025-06-03T21:14:00Z,29,EUR,stripe,1,succeeded,
ch_0002096,inv_001610,cus_00089,2025-07-05T14:03:00Z,29,EUR,stripe,1,succeeded,
ch_0002097,inv_001611,cus_00089,2025-08-04T04:29:00Z,29,EUR,adyen,1,succeeded,
ch_0002098,inv_001612,cus_00089,2025-09-01T15:07:00Z,29,EUR,stripe,1,succeeded,
ch_0002099,inv_001613,cus_00089,2025-10-01T00:02:00Z,29,EUR,stripe,1,succeeded,
ch_0002100,inv_001614,cus_00089,2025-11-03T10:26:00Z,29,EUR,adyen,1,succeeded,
ch_0002101,inv_001615,cus_00089,2025-12-03T19:08:00Z,29,EUR,stripe,1,failed,do_not_honor
ch_0002102,inv_001615,cus_00089,2025-12-10T00:09:00Z,29,EUR,stripe,2,failed,card_declined
ch_0002103,inv_001615,cus_00089,2025-12-15T08:57:00Z,29,EUR,stripe,3,failed,expired_card
ch_0002104,inv_001615,cus_00089,2025-12-20T16:04:00Z,29,EUR,stripe,4,succeeded,
ch_0002105,inv_001616,cus_00089,2026-01-01T18:54:00Z,29,EUR,adyen,1,succeeded,
ch_0002106,inv_001617,cus_00089,2026-02-03T11:10:00Z,29,EUR,adyen,1,succeeded,
ch_0002107,inv_001618,cus_00089,2026-03-02T06:02:00Z,29,EUR,adyen,1,failed,expired_card
ch_0002108,inv_001618,cus_00089,2026-03-07T01:30:00Z,29,EUR,adyen,2,succeeded,
ch_0002109,inv_001619,cus_00089,2026-04-05T21:28:00Z,29,EUR,stripe,1,succeeded,
ch_0002110,inv_001620,cus_00089,2026-05-05T06:42:00Z,29,EUR,adyen,1,succeeded,
ch_0002111,inv_001621,cus_00089,2026-06-03T03:17:00Z,29,EUR,stripe,1,succeeded,
ch_0002112,inv_001622,cus_00089,2026-07-05T22:57:00Z,29,EUR,stripe,1,succeeded,
ch_0002113,inv_001623,cus_00089,2026-08-05T05:38:00Z,29,EUR,adyen,1,succeeded,
ch_0002114,inv_001624,cus_00090,2025-02-02T22:09:00Z,299,EUR,stripe,1,failed,card_declined
ch_0002115,inv_001624,cus_00090,2025-02-09T12:49:00Z,299,EUR,stripe,2,failed,card_declined
ch_0002116,inv_001624,cus_00090,2025-02-14T21:00:00Z,299,EUR,stripe,3,succeeded,
ch_0002117,inv_001625,cus_00090,2025-03-02T00:10:00Z,299,EUR,stripe,1,succeeded,
ch_0002118,inv_001626,cus_00090,2025-04-03T02:22:00Z,299,EUR,stripe,1,succeeded,
ch_0002119,inv_001628,cus_00090,2025-06-03T17:13:00Z,299,EUR,stripe,1,succeeded,
ch_0002120,inv_001629,cus_00090,2025-07-02T15:44:00Z,299,EUR,mollie,1,succeeded,
ch_0002121,inv_001630,cus_00090,2025-08-04T06:18:00Z,299,EUR,stripe,1,failed,do_not_honor
ch_0002122,inv_001630,cus_00090,2025-08-11T16:48:00Z,299,EUR,stripe,2,failed,card_declined
ch_0002123,inv_001631,cus_00090,2025-09-01T07:09:00Z,299,EUR,adyen,1,succeeded,
ch_0002124,inv_001632,cus_00090,2025-10-01T13:40:00Z,299,EUR,stripe,1,failed,expired_card
ch_0002125,inv_001632,cus_00090,2025-10-08T18:00:00Z,299,EUR,stripe,2,failed,expired_card
ch_0002126,inv_001632,cus_00090,2025-10-15T11:24:00Z,299,EUR,stripe,3,succeeded,
ch_0002127,inv_001633,cus_00090,2025-11-03T03:24:00Z,299,EUR,adyen,1,succeeded,
ch_0002128,inv_001634,cus_00090,2025-12-04T10:25:00Z,299,EUR,stripe,1,succeeded,
ch_0002129,inv_001635,cus_00090,2026-01-05T03:01:00Z,299,EUR,stripe,1,succeeded,
ch_0002130,inv_001636,cus_00090,2026-02-03T22:40:00Z,299,EUR,adyen,1,succeeded,
ch_0002131,inv_001637,cus_00090,2026-03-04T05:41:00Z,299,EUR,adyen,1,succeeded,
ch_0002132,inv_001638,cus_00090,2026-04-01T00:19:00Z,299,EUR,stripe,1,failed,processing_error
ch_0002133,inv_001638,cus_00090,2026-04-06T18:23:00Z,299,EUR,stripe,2,succeeded,
ch_0002134,inv_001639,cus_00090,2026-05-03T12:35:00Z,299,EUR,adyen,1,succeeded,
ch_0002135,inv_001640,cus_00090,2026-06-02T16:08:00Z,299,EUR,stripe,1,succeeded,
ch_0002136,inv_001641,cus_00090,2026-07-04T14:55:00Z,299,EUR,stripe,1,failed,expired_card
ch_0002137,inv_001641,cus_00090,2026-07-07T01:26:00Z,299,EUR,stripe,2,failed,insufficient_funds
ch_0002138,inv_001641,cus_00090,2026-07-12T17:13:00Z,299,EUR,stripe,3,succeeded,
ch_0002139,inv_001642,cus_00090,2026-08-03T06:05:00Z,299,EUR,mollie,1,succeeded,
ch_0002140,inv_001643,cus_00091,2025-02-01T22:26:00Z,107.61,USD,stripe,1,failed,insufficient_funds
ch_0002141,inv_001643,cus_00091,2025-02-08T05:44:00Z,107.61,USD,stripe,2,failed,card_declined
ch_0002142,inv_001643,cus_00091,2025-02-15T00:16:00Z,107.61,USD,stripe,3,succeeded,
ch_0002143,inv_001644,cus_00091,2025-03-05T12:55:00Z,107.61,USD,adyen,1,succeeded,
ch_0002144,inv_001645,cus_00091,2025-04-05T04:17:00Z,107.61,USD,stripe,1,succeeded,
ch_0002145,inv_001646,cus_00092,2025-02-05T20:22:00Z,29,EUR,stripe,1,succeeded,
ch_0002146,inv_001647,cus_00092,2025-03-03T15:45:00Z,29,EUR,stripe,1,succeeded,
ch_0002147,inv_001648,cus_00092,2025-04-04T22:11:00Z,29,EUR,adyen,1,succeeded,
ch_0002148,inv_001649,cus_00092,2025-05-03T15:10:00Z,29,EUR,stripe,1,succeeded,
ch_0002149,inv_001650,cus_00092,2025-06-03T09:30:00Z,29,EUR,stripe,1,succeeded,
ch_0002150,inv_001651,cus_00092,2025-07-04T06:33:00Z,29,EUR,mollie,1,succeeded,
ch_0002151,inv_001652,cus_00092,2025-08-02T22:24:00Z,29,EUR,stripe,1,succeeded,
ch_0002152,inv_001653,cus_00092,2025-09-03T19:58:00Z,29,EUR,stripe,1,failed,card_declined
ch_0002153,inv_001653,cus_00092,2025-09-06T13:28:00Z,29,EUR,stripe,2,failed,insufficient_funds
ch_0002154,inv_001653,cus_00092,2025-09-09T10:59:00Z,29,EUR,stripe,3,failed,card_declined
ch_0002155,inv_001654,cus_00092,2025-10-05T05:27:00Z,29,EUR,stripe,1,succeeded,
ch_0002156,inv_001655,cus_00092,2025-11-04T02:37:00Z,29,EUR,stripe,1,succeeded,
ch_0002157,inv_001656,cus_00092,2025-12-04T03:42:00Z,29,EUR,stripe,1,succeeded,
ch_0002158,inv_001657,cus_00092,2026-01-05T08:55:00Z,29,EUR,adyen,1,succeeded,
ch_0002159,inv_001658,cus_00092,2026-02-03T02:59:00Z,29,EUR,adyen,1,succeeded,
ch_0002160,inv_001659,cus_00092,2026-03-04T18:46:00Z,29,EUR,stripe,1,failed,card_declined
ch_0002161,inv_001659,cus_00092,2026-03-07T00:50:00Z,29,EUR,stripe,2,failed,expired_card
ch_0002162,inv_001659,cus_00092,2026-03-14T07:23:00Z,29,EUR,stripe,3,succeeded,
ch_0002163,inv_001660,cus_00092,2026-04-05T04:46:00Z,29,EUR,stripe,1,succeeded,
ch_0002164,inv_001661,cus_00092,2026-05-04T10:37:00Z,29,EUR,stripe,1,succeeded,
ch_0002165,inv_001662,cus_00092,2026-06-02T22:40:00Z,29,EUR,stripe,1,succeeded,
ch_0002166,inv_001663,cus_00092,2026-07-04T07:25:00Z,29,EUR,mollie,1,failed,card_declined
ch_0002167,inv_001663,cus_00092,2026-07-07T20:24:00Z,29,EUR,mollie,2,failed,insufficient_funds
ch_0002168,inv_001663,cus_00092,2026-07-12T03:59:00Z,29,EUR,mollie,3,succeeded,
ch_0002169,inv_001664,cus_00092,2026-08-02T10:15:00Z,29,EUR,stripe,1,succeeded,
ch_0002170,inv_001665,cus_00093,2025-02-05T01:57:00Z,99,EUR,mollie,1,succeeded,
ch_0002171,inv_001666,cus_00093,2025-03-04T14:39:00Z,99,EUR,stripe,1,failed,card_declined
ch_0002172,inv_001666,cus_00093,2025-03-11T16:21:00Z,99,EUR,stripe,2,failed,expired_card
ch_0002173,inv_001666,cus_00093,2025-03-16T02:54:00Z,99,EUR,stripe,3,failed,processing_error
ch_0002174,inv_001666,cus_00093,2025-03-19T06:02:00Z,99,EUR,stripe,4,failed,insufficient_funds
ch_0002175,inv_001667,cus_00093,2025-04-02T02:28:00Z,99,EUR,adyen,1,succeeded,
ch_0002176,inv_001668,cus_00093,2025-05-01T22:36:00Z,99,EUR,stripe,1,succeeded,
ch_0002177,inv_001669,cus_00093,2025-06-01T14:50:00Z,99,EUR,adyen,1,succeeded,
ch_0002178,inv_001670,cus_00093,2025-07-05T17:45:00Z,99,EUR,stripe,1,failed,card_declined
ch_0002179,inv_001670,cus_00093,2025-07-10T07:19:00Z,99,EUR,stripe,2,succeeded,
ch_0002180,inv_001671,cus_00093,2025-08-05T09:08:00Z,99,EUR,stripe,1,succeeded,
ch_0002181,inv_001672,cus_00093,2025-09-03T08:16:00Z,99,EUR,stripe,1,succeeded,
ch_0002182,inv_001673,cus_00093,2025-10-04T09:00:00Z,99,EUR,stripe,1,failed,card_declined
ch_0002183,inv_001673,cus_00093,2025-10-09T04:24:00Z,99,EUR,stripe,2,failed,insufficient_funds
ch_0002184,inv_001673,cus_00093,2025-10-14T16:28:00Z,99,EUR,stripe,3,failed,insufficient_funds
ch_0002185,inv_001674,cus_00093,2025-11-02T11:33:00Z,99,EUR,mollie,1,succeeded,
ch_0002186,inv_001675,cus_00093,2025-12-03T06:50:00Z,99,EUR,stripe,1,succeeded,
ch_0002187,inv_001676,cus_00093,2026-01-04T09:07:00Z,99,EUR,stripe,1,failed,card_declined
ch_0002188,inv_001676,cus_00093,2026-01-11T16:44:00Z,99,EUR,stripe,2,failed,insufficient_funds
ch_0002189,inv_001676,cus_00093,2026-01-14T21:33:00Z,99,EUR,stripe,3,failed,card_declined
ch_0002190,inv_001676,cus_00093,2026-01-21T21:33:00Z,99,EUR,stripe,4,succeeded,
ch_0002191,inv_001677,cus_00093,2026-02-03T08:12:00Z,99,EUR,adyen,1,succeeded,
ch_0002192,inv_001678,cus_00093,2026-03-05T06:45:00Z,149,EUR,stripe,1,succeeded,
ch_0002193,inv_001679,cus_00093,2026-04-05T18:38:00Z,149,EUR,stripe,1,succeeded,
ch_0002194,inv_001680,cus_00093,2026-05-04T05:54:00Z,149,EUR,stripe,1,succeeded,
ch_0002195,inv_001681,cus_00093,2026-06-05T21:39:00Z,149,EUR,stripe,1,failed,insufficient_funds
ch_0002196,inv_001681,cus_00093,2026-06-08T15:16:00Z,149,EUR,stripe,2,failed,expired_card
ch_0002197,inv_001681,cus_00093,2026-06-15T19:10:00Z,149,EUR,stripe,3,failed,insufficient_funds
ch_0002198,inv_001681,cus_00093,2026-06-22T20:25:00Z,149,EUR,stripe,4,succeeded,
ch_0002199,inv_001682,cus_00093,2026-07-04T12:32:00Z,149,EUR,stripe,1,succeeded,
ch_0002200,inv_001683,cus_00093,2026-08-01T06:13:00Z,149,EUR,stripe,1,succeeded,
ch_0002201,inv_001684,cus_00094,2025-02-01T19:27:00Z,29,EUR,mollie,1,succeeded,
ch_0002202,inv_001685,cus_00094,2025-03-04T19:11:00Z,29,EUR,mollie,1,succeeded,
ch_0002203,inv_001686,cus_00094,2025-04-01T02:28:00Z,29,EUR,stripe,1,succeeded,
ch_0002204,inv_001687,cus_00094,2025-05-04T11:44:00Z,29,EUR,stripe,1,succeeded,
ch_0002205,inv_001688,cus_00094,2025-06-04T17:31:00Z,29,EUR,stripe,1,succeeded,
ch_0002206,inv_001689,cus_00094,2025-07-04T07:46:00Z,29,EUR,mollie,1,succeeded,
ch_0002207,inv_001690,cus_00094,2025-08-01T08:03:00Z,29,EUR,stripe,1,failed,do_not_honor
ch_0002208,inv_001690,cus_00094,2025-08-04T11:18:00Z,29,EUR,stripe,2,failed,do_not_honor
ch_0002209,inv_001690,cus_00094,2025-08-09T01:33:00Z,29,EUR,stripe,3,succeeded,
ch_0002210,inv_001691,cus_00094,2025-09-03T07:51:00Z,29,EUR,stripe,1,failed,card_declined
ch_0002211,inv_001691,cus_00094,2025-09-08T06:37:00Z,29,EUR,stripe,2,succeeded,
ch_0002212,inv_001692,cus_00094,2025-10-02T13:02:00Z,29,EUR,mollie,1,succeeded,
ch_0002213,inv_001693,cus_00094,2025-11-05T12:07:00Z,29,EUR,stripe,1,succeeded,
ch_0002214,inv_001694,cus_00094,2025-12-02T22:41:00Z,29,EUR,mollie,1,succeeded,
ch_0002215,inv_001695,cus_00094,2026-01-04T06:57:00Z,29,EUR,stripe,1,succeeded,
ch_0002216,inv_001696,cus_00094,2026-02-03T10:03:00Z,29,EUR,adyen,1,succeeded,
ch_0002217,inv_001697,cus_00094,2026-03-03T15:41:00Z,29,EUR,adyen,1,succeeded,
ch_0002218,inv_001698,cus_00094,2026-04-02T12:21:00Z,29,EUR,adyen,1,succeeded,
ch_0002219,inv_001699,cus_00094,2026-05-01T22:25:00Z,29,EUR,stripe,1,succeeded,
ch_0002220,inv_001700,cus_00094,2026-06-03T16:15:00Z,29,EUR,stripe,1,succeeded,
ch_0002221,inv_001701,cus_00094,2026-07-01T13:54:00Z,29,EUR,adyen,1,succeeded,
ch_0002222,inv_001702,cus_00094,2026-08-01T12:11:00Z,29,EUR,stripe,1,succeeded,
ch_0002223,inv_001703,cus_00095,2025-02-05T21:00:00Z,99,EUR,stripe,1,failed,processing_error
ch_0002224,inv_001703,cus_00095,2025-02-08T10:21:00Z,99,EUR,stripe,2,failed,do_not_honor
ch_0002225,inv_001704,cus_00095,2025-03-05T02:08:00Z,99,EUR,stripe,1,succeeded,
ch_0002226,inv_001705,cus_00095,2025-04-01T17:05:00Z,99,EUR,adyen,1,failed,card_declined
ch_0002227,inv_001705,cus_00095,2025-04-08T22:24:00Z,99,EUR,adyen,2,failed,insufficient_funds
ch_0002228,inv_001706,cus_00095,2025-05-04T00:09:00Z,99,EUR,stripe,1,succeeded,
ch_0002229,inv_001707,cus_00095,2025-06-05T04:51:00Z,99,EUR,stripe,1,succeeded,
ch_0002230,inv_001708,cus_00095,2025-07-01T02:04:00Z,99,EUR,stripe,1,failed,insufficient_funds
ch_0002231,inv_001708,cus_00095,2025-07-06T17:07:00Z,99,EUR,stripe,2,failed,card_declined
ch_0002232,inv_001708,cus_00095,2025-07-13T00:59:00Z,99,EUR,stripe,3,succeeded,
ch_0002233,inv_001709,cus_00095,2025-08-05T05:45:00Z,99,EUR,mollie,1,succeeded,
ch_0002234,inv_001710,cus_00095,2025-09-04T16:42:00Z,99,EUR,stripe,1,succeeded,
ch_0002235,inv_001711,cus_00095,2025-10-04T20:49:00Z,99,EUR,stripe,1,succeeded,
ch_0002236,inv_001712,cus_00095,2025-11-04T02:55:00Z,99,EUR,mollie,1,succeeded,
ch_0002237,inv_001713,cus_00095,2025-12-04T11:16:00Z,99,EUR,stripe,1,succeeded,
ch_0002238,inv_001714,cus_00095,2026-01-04T12:06:00Z,99,EUR,stripe,1,succeeded,
ch_0002239,inv_001715,cus_00095,2026-02-01T20:39:00Z,99,EUR,stripe,1,succeeded,
ch_0002240,inv_001716,cus_00095,2026-03-04T23:37:00Z,149,EUR,stripe,1,succeeded,
ch_0002241,inv_001717,cus_00095,2026-04-01T19:46:00Z,149,EUR,adyen,1,failed,card_declined
ch_0002242,inv_001717,cus_00095,2026-04-08T21:58:00Z,149,EUR,adyen,2,succeeded,
ch_0002243,inv_001718,cus_00095,2026-05-02T14:28:00Z,149,EUR,stripe,1,succeeded,
ch_0002244,inv_001719,cus_00095,2026-06-01T21:16:00Z,149,EUR,adyen,1,succeeded,
ch_0002245,inv_001720,cus_00095,2026-07-04T11:21:00Z,149,EUR,stripe,1,succeeded,
ch_0002246,inv_001721,cus_00095,2026-08-01T03:54:00Z,149,EUR,mollie,1,succeeded,
ch_0002247,inv_001722,cus_00096,2025-02-01T02:15:00Z,94.29,CHF,adyen,1,failed,card_declined
ch_0002248,inv_001722,cus_00096,2025-02-04T11:16:00Z,94.29,CHF,adyen,2,failed,card_declined
ch_0002249,inv_001722,cus_00096,2025-02-11T21:14:00Z,94.29,CHF,adyen,3,failed,card_declined
ch_0002250,inv_001722,cus_00096,2025-02-16T20:16:00Z,94.29,CHF,adyen,4,failed,insufficient_funds
ch_0002251,inv_001723,cus_00096,2025-03-03T22:43:00Z,94.29,CHF,stripe,1,succeeded,
ch_0002252,inv_001724,cus_00096,2025-04-05T23:30:00Z,94.29,CHF,mollie,1,succeeded,
ch_0002253,inv_001725,cus_00096,2025-05-05T09:25:00Z,94.29,CHF,mollie,1,succeeded,
ch_0002254,inv_001726,cus_00096,2025-06-02T23:38:00Z,94.29,CHF,stripe,1,succeeded,
ch_0002255,inv_001727,cus_00096,2025-07-05T23:07:00Z,94.29,CHF,adyen,1,succeeded,
ch_0002256,inv_001728,cus_00096,2025-08-03T02:20:00Z,94.29,CHF,adyen,1,succeeded,
ch_0002257,inv_001729,cus_00096,2025-09-01T18:23:00Z,94.29,CHF,stripe,1,succeeded,
ch_0002258,inv_001730,cus_00096,2025-10-04T15:26:00Z,94.29,CHF,adyen,1,succeeded,
ch_0002259,inv_001731,cus_00096,2025-11-03T17:34:00Z,94.29,CHF,stripe,1,succeeded,
ch_0002260,inv_001732,cus_00096,2025-12-02T09:42:00Z,94.29,CHF,adyen,1,succeeded,
ch_0002261,inv_001733,cus_00096,2026-01-05T09:21:00Z,94.29,CHF,stripe,1,succeeded,
ch_0002262,inv_001734,cus_00096,2026-02-05T19:27:00Z,94.29,CHF,mollie,1,failed,card_declined
ch_0002263,inv_001734,cus_00096,2026-02-12T16:43:00Z,94.29,CHF,mollie,2,failed,card_declined
ch_0002264,inv_001734,cus_00096,2026-02-19T01:55:00Z,94.29,CHF,mollie,3,succeeded,
ch_0002265,inv_001735,cus_00096,2026-03-04T00:29:00Z,141.9,CHF,adyen,1,succeeded,
ch_0002266,inv_001736,cus_00096,2026-04-03T05:52:00Z,141.9,CHF,stripe,1,failed,insufficient_funds
ch_0002267,inv_001736,cus_00096,2026-04-06T19:34:00Z,141.9,CHF,stripe,2,succeeded,
ch_0002268,inv_001737,cus_00096,2026-05-01T21:41:00Z,141.9,CHF,stripe,1,failed,insufficient_funds
ch_0002269,inv_001737,cus_00096,2026-05-04T10:51:00Z,141.9,CHF,stripe,2,succeeded,
ch_0002270,inv_001738,cus_00096,2026-06-05T15:46:00Z,141.9,CHF,stripe,1,succeeded,
ch_0002271,inv_001739,cus_00096,2026-07-02T06:31:00Z,141.9,CHF,adyen,1,succeeded,
ch_0002272,inv_001740,cus_00096,2026-08-04T03:15:00Z,141.9,CHF,stripe,1,succeeded,
ch_0002273,inv_001741,cus_00097,2025-02-01T08:37:00Z,299,EUR,stripe,1,failed,insufficient_funds
ch_0002274,inv_001741,cus_00097,2025-02-04T01:45:00Z,299,EUR,stripe,2,failed,insufficient_funds
ch_0002275,inv_001742,cus_00097,2025-03-01T16:17:00Z,299,EUR,stripe,1,succeeded,
ch_0002276,inv_001743,cus_00097,2025-04-05T20:14:00Z,299,EUR,stripe,1,succeeded,
ch_0002277,inv_001744,cus_00097,2025-05-03T18:45:00Z,299,EUR,stripe,1,succeeded,
ch_0002278,inv_001745,cus_00097,2025-06-01T11:42:00Z,299,EUR,stripe,1,succeeded,
ch_0002279,inv_001746,cus_00097,2025-07-05T08:08:00Z,299,EUR,stripe,1,succeeded,
ch_0002280,inv_001747,cus_00097,2025-08-02T17:28:00Z,299,EUR,mollie,1,succeeded,
ch_0002281,inv_001748,cus_00097,2025-09-01T08:47:00Z,299,EUR,stripe,1,succeeded,
ch_0002282,inv_001749,cus_00097,2025-10-04T05:03:00Z,299,EUR,stripe,1,failed,card_declined
ch_0002283,inv_001749,cus_00097,2025-10-09T12:14:00Z,299,EUR,stripe,2,failed,processing_error
ch_0002284,inv_001749,cus_00097,2025-10-14T19:04:00Z,299,EUR,stripe,3,failed,card_declined
ch_0002285,inv_001749,cus_00097,2025-10-21T01:25:00Z,299,EUR,stripe,4,succeeded,
ch_0002286,inv_001750,cus_00097,2025-11-01T00:28:00Z,299,EUR,adyen,1,failed,insufficient_funds
ch_0002287,inv_001750,cus_00097,2025-11-06T16:03:00Z,299,EUR,adyen,2,failed,card_declined
ch_0002288,inv_001750,cus_00097,2025-11-09T00:15:00Z,299,EUR,adyen,3,succeeded,
ch_0002289,inv_001751,cus_00097,2025-12-02T13:46:00Z,299,EUR,stripe,1,succeeded,
ch_0002290,inv_001752,cus_00097,2026-01-05T18:52:00Z,299,EUR,stripe,1,succeeded,
ch_0002291,inv_001753,cus_00097,2026-02-01T03:53:00Z,299,EUR,stripe,1,succeeded,
ch_0002292,inv_001754,cus_00097,2026-03-02T17:50:00Z,299,EUR,stripe,1,succeeded,
ch_0002293,inv_001755,cus_00097,2026-04-04T17:59:00Z,299,EUR,mollie,1,succeeded,
ch_0002294,inv_001756,cus_00097,2026-05-03T15:37:00Z,299,EUR,stripe,1,succeeded,
ch_0002295,inv_001757,cus_00097,2026-06-05T20:10:00Z,299,EUR,stripe,1,succeeded,
ch_0002296,inv_001758,cus_00097,2026-07-05T03:10:00Z,299,EUR,stripe,1,succeeded,
ch_0002297,inv_001759,cus_00097,2026-08-01T11:55:00Z,299,EUR,mollie,1,succeeded,
ch_0002298,inv_001760,cus_00098,2025-02-01T14:58:00Z,84.62,GBP,stripe,1,succeeded,
ch_0002299,inv_001761,cus_00098,2025-03-04T19:47:00Z,84.62,GBP,mollie,1,failed,card_declined
ch_0002300,inv_001761,cus_00098,2025-03-07T21:54:00Z,84.62,GBP,mollie,2,failed,expired_card
ch_0002301,inv_001761,cus_00098,2025-03-12T05:53:00Z,84.62,GBP,mollie,3,succeeded,
ch_0002302,inv_001762,cus_00098,2025-04-02T08:38:00Z,84.62,GBP,stripe,1,succeeded,
ch_0002303,inv_001763,cus_00098,2025-05-01T12:40:00Z,84.62,GBP,stripe,1,succeeded,
ch_0002304,inv_001764,cus_00098,2025-06-02T13:15:00Z,84.62,GBP,stripe,1,succeeded,
ch_0002305,inv_001765,cus_00098,2025-07-01T21:17:00Z,84.62,GBP,stripe,1,succeeded,
ch_0002306,inv_001766,cus_00098,2025-08-03T16:55:00Z,84.62,GBP,adyen,1,failed,expired_card
ch_0002307,inv_001766,cus_00098,2025-08-08T20:12:00Z,84.62,GBP,adyen,2,failed,card_declined
ch_0002308,inv_001766,cus_00098,2025-08-13T13:35:00Z,84.62,GBP,adyen,3,failed,do_not_honor
ch_0002309,inv_001766,cus_00098,2025-08-18T09:35:00Z,84.62,GBP,adyen,4,succeeded,
ch_0002310,inv_001767,cus_00098,2025-09-02T18:46:00Z,84.62,GBP,adyen,1,succeeded,
ch_0002311,inv_001768,cus_00098,2025-10-02T14:04:00Z,84.62,GBP,stripe,1,succeeded,
ch_0002312,inv_001769,cus_00098,2025-11-05T12:27:00Z,84.62,GBP,mollie,1,succeeded,
ch_0002313,inv_001770,cus_00098,2025-12-02T14:15:00Z,84.62,GBP,stripe,1,succeeded,
ch_0002314,inv_001771,cus_00098,2026-01-03T12:47:00Z,84.62,GBP,stripe,1,succeeded,
ch_0002315,inv_001772,cus_00098,2026-02-04T20:44:00Z,84.62,GBP,adyen,1,succeeded,
ch_0002316,inv_001773,cus_00098,2026-03-05T20:14:00Z,127.35,GBP,stripe,1,succeeded,
ch_0002317,inv_001774,cus_00098,2026-04-02T16:06:00Z,127.35,GBP,mollie,1,succeeded,
ch_0002318,inv_001775,cus_00098,2026-05-01T13:23:00Z,127.35,GBP,adyen,1,succeeded,
ch_0002319,inv_001777,cus_00098,2026-07-04T23:10:00Z,127.35,GBP,stripe,1,succeeded,
ch_0002320,inv_001778,cus_00098,2026-08-01T14:55:00Z,127.35,GBP,stripe,1,failed,expired_card
ch_0002321,inv_001778,cus_00098,2026-08-04T12:52:00Z,127.35,GBP,stripe,2,failed,card_declined
ch_0002322,inv_001778,cus_00098,2026-08-09T04:48:00Z,127.35,GBP,stripe,3,failed,card_declined
ch_0002323,inv_001779,cus_00099,2025-02-02T03:24:00Z,99,EUR,adyen,1,succeeded,
ch_0002324,inv_001780,cus_00099,2025-03-04T15:48:00Z,99,EUR,stripe,1,succeeded,
ch_0002325,inv_001781,cus_00099,2025-04-01T20:08:00Z,99,EUR,stripe,1,succeeded,
ch_0002326,inv_001782,cus_00099,2025-05-01T15:57:00Z,99,EUR,stripe,1,succeeded,
ch_0002327,inv_001783,cus_00099,2025-06-04T17:38:00Z,99,EUR,adyen,1,succeeded,
ch_0002328,inv_001784,cus_00099,2025-07-04T23:06:00Z,99,EUR,stripe,1,failed,card_declined
ch_0002329,inv_001784,cus_00099,2025-07-09T04:17:00Z,99,EUR,stripe,2,failed,insufficient_funds
ch_0002330,inv_001784,cus_00099,2025-07-12T23:54:00Z,99,EUR,stripe,3,succeeded,
ch_0002331,inv_001785,cus_00099,2025-08-05T19:38:00Z,99,EUR,adyen,1,succeeded,
ch_0002332,inv_001786,cus_00099,2025-09-02T16:21:00Z,99,EUR,adyen,1,failed,expired_card
ch_0002333,inv_001786,cus_00099,2025-09-07T04:20:00Z,99,EUR,adyen,2,failed,insufficient_funds
ch_0002334,inv_001786,cus_00099,2025-09-12T03:27:00Z,99,EUR,adyen,3,succeeded,
ch_0002335,inv_001787,cus_00099,2025-10-02T16:05:00Z,99,EUR,mollie,1,failed,expired_card
ch_0002336,inv_001787,cus_00099,2025-10-09T01:26:00Z,99,EUR,mollie,2,failed,expired_card
ch_0002337,inv_001787,cus_00099,2025-10-12T17:34:00Z,99,EUR,mollie,3,succeeded,
ch_0002338,inv_001788,cus_00099,2025-11-02T12:17:00Z,99,EUR,stripe,1,failed,expired_card
ch_0002339,inv_001788,cus_00099,2025-11-05T10:13:00Z,99,EUR,stripe,2,failed,insufficient_funds
ch_0002340,inv_001788,cus_00099,2025-11-10T00:45:00Z,99,EUR,stripe,3,failed,insufficient_funds
ch_0002341,inv_001788,cus_00099,2025-11-13T23:57:00Z,99,EUR,stripe,4,succeeded,
ch_0002342,inv_001789,cus_00099,2025-12-03T03:44:00Z,99,EUR,mollie,1,succeeded,
ch_0002343,inv_001790,cus_00099,2026-01-01T07:22:00Z,99,EUR,stripe,1,succeeded,
ch_0002344,inv_001791,cus_00099,2026-02-04T15:56:00Z,99,EUR,mollie,1,failed,card_declined
ch_0002345,inv_001791,cus_00099,2026-02-11T13:10:00Z,99,EUR,mollie,2,failed,card_declined
ch_0002346,inv_001791,cus_00099,2026-02-16T00:47:00Z,99,EUR,mollie,3,failed,do_not_honor
ch_0002347,inv_001792,cus_00099,2026-03-04T08:22:00Z,149,EUR,stripe,1,succeeded,
ch_0002348,inv_001793,cus_00099,2026-04-03T15:15:00Z,149,EUR,stripe,1,succeeded,
ch_0002349,inv_001794,cus_00099,2026-05-04T05:55:00Z,149,EUR,mollie,1,succeeded,
ch_0002350,inv_001795,cus_00099,2026-06-05T12:26:00Z,149,EUR,adyen,1,succeeded,
ch_0002351,inv_001796,cus_00099,2026-07-04T03:17:00Z,149,EUR,stripe,1,succeeded,
ch_0002352,inv_001797,cus_00099,2026-08-01T20:03:00Z,149,EUR,adyen,1,succeeded,
ch_0002353,inv_001798,cus_00100,2025-02-03T16:57:00Z,999,EUR,adyen,1,succeeded,
ch_0002354,inv_001799,cus_00100,2025-03-01T14:22:00Z,999,EUR,stripe,1,succeeded,
ch_0002355,inv_001800,cus_00100,2025-04-01T06:47:00Z,999,EUR,adyen,1,succeeded,
ch_0002356,inv_001801,cus_00100,2025-05-04T19:22:00Z,999,EUR,stripe,1,failed,card_declined
ch_0002357,inv_001801,cus_00100,2025-05-11T07:42:00Z,999,EUR,stripe,2,failed,insufficient_funds
ch_0002358,inv_001801,cus_00100,2025-05-18T08:37:00Z,999,EUR,stripe,3,failed,insufficient_funds
ch_0002359,inv_001801,cus_00100,2025-05-21T08:03:00Z,999,EUR,stripe,4,succeeded,
ch_0002360,inv_001802,cus_00100,2025-06-04T23:00:00Z,999,EUR,stripe,1,succeeded,
ch_0002361,inv_001803,cus_00100,2025-07-05T03:24:00Z,999,EUR,mollie,1,failed,insufficient_funds
ch_0002362,inv_001803,cus_00100,2025-07-12T15:46:00Z,999,EUR,mollie,2,failed,card_declined
ch_0002363,inv_001803,cus_00100,2025-07-19T07:48:00Z,999,EUR,mollie,3,failed,insufficient_funds
ch_0002364,inv_001803,cus_00100,2025-07-26T20:40:00Z,999,EUR,mollie,4,failed,processing_error
ch_0002365,inv_001804,cus_00100,2025-08-03T01:00:00Z,999,EUR,stripe,1,succeeded,
ch_0002366,inv_001805,cus_00100,2025-09-05T04:38:00Z,999,EUR,mollie,1,succeeded,
ch_0002367,inv_001806,cus_00100,2025-10-01T17:05:00Z,999,EUR,stripe,1,succeeded,
ch_0002368,inv_001807,cus_00100,2025-11-05T08:56:00Z,999,EUR,stripe,1,succeeded,
ch_0002369,inv_001808,cus_00100,2025-12-04T07:18:00Z,999,EUR,stripe,1,succeeded,
ch_0002370,inv_001809,cus_00100,2026-01-01T04:09:00Z,999,EUR,adyen,1,failed,card_declined
ch_0002371,inv_001809,cus_00100,2026-01-04T15:16:00Z,999,EUR,adyen,2,failed,card_declined
ch_0002372,inv_001809,cus_00100,2026-01-07T13:54:00Z,999,EUR,adyen,3,failed,insufficient_funds
ch_0002373,inv_001809,cus_00100,2026-01-10T12:32:00Z,999,EUR,adyen,4,failed,expired_card
ch_0002374,inv_001810,cus_00100,2026-02-01T15:49:00Z,999,EUR,adyen,1,failed,do_not_honor
ch_0002375,inv_001810,cus_00100,2026-02-04T10:10:00Z,999,EUR,adyen,2,succeeded,
ch_0002376,inv_001811,cus_00100,2026-03-04T16:21:00Z,999,EUR,stripe,1,succeeded,
ch_0002377,inv_001812,cus_00100,2026-04-04T12:49:00Z,999,EUR,mollie,1,succeeded,
ch_0002378,inv_001813,cus_00100,2026-05-01T13:18:00Z,999,EUR,stripe,1,succeeded,
ch_0002379,inv_001814,cus_00100,2026-06-04T21:17:00Z,999,EUR,adyen,1,succeeded,
ch_0002380,inv_001815,cus_00100,2026-07-02T19:51:00Z,999,EUR,stripe,1,succeeded,
ch_0002381,inv_001816,cus_00100,2026-08-05T11:21:00Z,999,EUR,adyen,1,succeeded,
ch_0002382,inv_001817,cus_00101,2025-02-03T02:15:00Z,1085.87,USD,mollie,1,succeeded,
ch_0002383,inv_001818,cus_00101,2025-03-04T21:23:00Z,1085.87,USD,stripe,1,succeeded,
ch_0002384,inv_001819,cus_00101,2025-04-01T02:31:00Z,1085.87,USD,mollie,1,succeeded,
ch_0002385,inv_001820,cus_00101,2025-05-02T20:46:00Z,1085.87,USD,mollie,1,succeeded,
ch_0002386,inv_001821,cus_00101,2025-06-05T13:14:00Z,1085.87,USD,adyen,1,succeeded,
ch_0002387,inv_001822,cus_00101,2025-07-05T15:25:00Z,1085.87,USD,stripe,1,failed,processing_error
ch_0002388,inv_001822,cus_00101,2025-07-10T07:05:00Z,1085.87,USD,stripe,2,failed,expired_card
ch_0002389,inv_001822,cus_00101,2025-07-17T13:35:00Z,1085.87,USD,stripe,3,succeeded,
ch_0002390,inv_001823,cus_00101,2025-08-03T08:23:00Z,1085.87,USD,mollie,1,failed,processing_error
ch_0002391,inv_001823,cus_00101,2025-08-08T20:48:00Z,1085.87,USD,mollie,2,failed,card_declined
ch_0002392,inv_001823,cus_00101,2025-08-11T21:09:00Z,1085.87,USD,mollie,3,failed,card_declined
ch_0002393,inv_001823,cus_00101,2025-08-16T11:01:00Z,1085.87,USD,mollie,4,succeeded,
ch_0002394,inv_001824,cus_00101,2025-09-02T12:58:00Z,1085.87,USD,stripe,1,failed,expired_card
ch_0002395,inv_001824,cus_00101,2025-09-05T01:34:00Z,1085.87,USD,stripe,2,succeeded,
ch_0002396,inv_001825,cus_00101,2025-10-03T00:49:00Z,1085.87,USD,stripe,1,succeeded,
ch_0002397,inv_001826,cus_00101,2025-11-02T13:38:00Z,1085.87,USD,stripe,1,succeeded,
ch_0002398,inv_001827,cus_00101,2025-12-01T09:55:00Z,1085.87,USD,stripe,1,succeeded,
ch_0002399,inv_001828,cus_00101,2026-01-02T01:32:00Z,1085.87,USD,adyen,1,succeeded,
ch_0002400,inv_001829,cus_00101,2026-02-03T17:26:00Z,1085.87,USD,stripe,1,succeeded,
ch_0002401,inv_001830,cus_00101,2026-03-02T06:23:00Z,1085.87,USD,stripe,1,succeeded,
ch_0002402,inv_001831,cus_00101,2026-04-04T15:06:00Z,1085.87,USD,stripe,1,succeeded,
ch_0002403,inv_001832,cus_00101,2026-05-02T15:16:00Z,1085.87,USD,stripe,1,succeeded,
ch_0002404,inv_001833,cus_00101,2026-06-04T23:12:00Z,1085.87,USD,adyen,1,succeeded,
ch_0002405,inv_001834,cus_00101,2026-07-05T15:34:00Z,1085.87,USD,stripe,1,succeeded,
ch_0002406,inv_001835,cus_00101,2026-08-02T20:33:00Z,1085.87,USD,mollie,1,succeeded,
ch_0002407,inv_001836,cus_00102,2025-02-02T10:52:00Z,24.79,GBP,stripe,1,succeeded,
ch_0002408,inv_001837,cus_00102,2025-03-03T19:02:00Z,24.79,GBP,adyen,1,succeeded,
ch_0002409,inv_001838,cus_00102,2025-04-04T09:22:00Z,24.79,GBP,adyen,1,succeeded,
ch_0002410,inv_001839,cus_00102,2025-05-05T05:46:00Z,24.79,GBP,stripe,1,succeeded,
ch_0002411,inv_001840,cus_00102,2025-06-03T03:34:00Z,24.79,GBP,adyen,1,succeeded,
ch_0002412,inv_001841,cus_00102,2025-07-02T11:51:00Z,24.79,GBP,mollie,1,succeeded,
ch_0002413,inv_001842,cus_00102,2025-08-05T23:27:00Z,24.79,GBP,stripe,1,failed,insufficient_funds
ch_0002414,inv_001842,cus_00102,2025-08-12T21:31:00Z,24.79,GBP,stripe,2,succeeded,
ch_0002415,inv_001843,cus_00102,2025-09-03T15:26:00Z,24.79,GBP,stripe,1,succeeded,
ch_0002416,inv_001844,cus_00102,2025-10-03T08:51:00Z,24.79,GBP,adyen,1,succeeded,
ch_0002417,inv_001845,cus_00102,2025-11-05T01:35:00Z,24.79,GBP,mollie,1,succeeded,
ch_0002418,inv_001846,cus_00102,2025-12-01T12:07:00Z,24.79,GBP,adyen,1,failed,insufficient_funds
ch_0002419,inv_001846,cus_00102,2025-12-08T05:58:00Z,24.79,GBP,adyen,2,failed,card_declined
ch_0002420,inv_001846,cus_00102,2025-12-11T11:11:00Z,24.79,GBP,adyen,3,succeeded,
ch_0002421,inv_001847,cus_00102,2026-01-01T19:36:00Z,24.79,GBP,adyen,1,succeeded,
ch_0002422,inv_001848,cus_00102,2026-02-01T18:34:00Z,24.79,GBP,mollie,1,succeeded,
ch_0002423,inv_001849,cus_00102,2026-03-05T18:43:00Z,24.79,GBP,mollie,1,succeeded,
ch_0002424,inv_001850,cus_00102,2026-04-01T11:30:00Z,24.79,GBP,stripe,1,succeeded,
ch_0002425,inv_001851,cus_00102,2026-05-03T14:56:00Z,24.79,GBP,stripe,1,succeeded,
ch_0002426,inv_001852,cus_00102,2026-06-02T23:23:00Z,24.79,GBP,adyen,1,succeeded,
ch_0002427,inv_001853,cus_00102,2026-07-04T05:39:00Z,24.79,GBP,adyen,1,succeeded,
ch_0002428,inv_001854,cus_00102,2026-08-04T21:26:00Z,24.79,GBP,stripe,1,succeeded,
ch_0002429,inv_001855,cus_00103,2025-02-02T23:40:00Z,29,EUR,adyen,1,succeeded,
ch_0002430,inv_001856,cus_00103,2025-03-01T11:53:00Z,29,EUR,stripe,1,succeeded,
ch_0002431,inv_001857,cus_00103,2025-04-05T18:35:00Z,29,EUR,stripe,1,succeeded,
ch_0002432,inv_001858,cus_00103,2025-05-01T04:31:00Z,29,EUR,mollie,1,succeeded,
ch_0002433,inv_001859,cus_00103,2025-06-01T10:53:00Z,29,EUR,stripe,1,succeeded,
ch_0002434,inv_001860,cus_00103,2025-07-04T11:44:00Z,29,EUR,adyen,1,succeeded,
ch_0002435,inv_001861,cus_00103,2025-08-02T23:53:00Z,29,EUR,stripe,1,succeeded,
ch_0002436,inv_001862,cus_00103,2025-09-04T22:24:00Z,29,EUR,stripe,1,succeeded,
ch_0002437,inv_001863,cus_00103,2025-10-04T19:49:00Z,29,EUR,mollie,1,succeeded,
ch_0002438,inv_001864,cus_00103,2025-11-01T08:25:00Z,29,EUR,stripe,1,succeeded,
ch_0002439,inv_001865,cus_00103,2025-12-04T17:20:00Z,29,EUR,stripe,1,succeeded,
ch_0002440,inv_001866,cus_00103,2026-01-02T15:18:00Z,29,EUR,mollie,1,succeeded,
ch_0002441,inv_001867,cus_00103,2026-02-01T10:06:00Z,29,EUR,stripe,1,succeeded,
ch_0002442,inv_001868,cus_00103,2026-03-02T09:24:00Z,29,EUR,stripe,1,succeeded,
ch_0002443,inv_001869,cus_00103,2026-04-02T09:13:00Z,29,EUR,stripe,1,failed,card_declined
ch_0002444,inv_001869,cus_00103,2026-04-05T15:02:00Z,29,EUR,stripe,2,failed,insufficient_funds
ch_0002445,inv_001870,cus_00103,2026-05-05T14:16:00Z,29,EUR,mollie,1,failed,expired_card
ch_0002446,inv_001870,cus_00103,2026-05-08T00:41:00Z,29,EUR,mollie,2,failed,insufficient_funds
ch_0002447,inv_001870,cus_00103,2026-05-13T07:57:00Z,29,EUR,mollie,3,succeeded,
ch_0002448,inv_001871,cus_00103,2026-06-04T02:34:00Z,29,EUR,adyen,1,failed,insufficient_funds
ch_0002449,inv_001871,cus_00103,2026-06-09T20:48:00Z,29,EUR,adyen,2,failed,card_declined
ch_0002450,inv_001871,cus_00103,2026-06-14T01:34:00Z,29,EUR,adyen,3,succeeded,
ch_0002451,inv_001872,cus_00103,2026-07-01T20:45:00Z,29,EUR,adyen,1,failed,insufficient_funds
ch_0002452,inv_001872,cus_00103,2026-07-04T13:12:00Z,29,EUR,adyen,2,failed,card_declined
ch_0002453,inv_001872,cus_00103,2026-07-11T20:54:00Z,29,EUR,adyen,3,failed,card_declined
ch_0002454,inv_001872,cus_00103,2026-07-14T23:59:00Z,29,EUR,adyen,4,failed,card_declined
ch_0002455,inv_001873,cus_00103,2026-08-05T12:49:00Z,29,EUR,stripe,1,succeeded,
ch_0002456,inv_001874,cus_00104,2025-02-04T15:52:00Z,99,EUR,adyen,1,succeeded,
ch_0002457,inv_001875,cus_00104,2025-03-03T09:19:00Z,99,EUR,adyen,1,succeeded,
ch_0002458,inv_001876,cus_00104,2025-04-01T05:17:00Z,99,EUR,stripe,1,failed,insufficient_funds
ch_0002459,inv_001876,cus_00104,2025-04-04T10:05:00Z,99,EUR,stripe,2,failed,do_not_honor
ch_0002460,inv_001876,cus_00104,2025-04-09T22:10:00Z,99,EUR,stripe,3,succeeded,
ch_0002461,inv_001877,cus_00104,2025-05-05T02:44:00Z,99,EUR,stripe,1,succeeded,
ch_0002462,inv_001878,cus_00104,2025-06-01T00:06:00Z,99,EUR,adyen,1,succeeded,
ch_0002463,inv_001879,cus_00104,2025-07-04T21:42:00Z,99,EUR,adyen,1,succeeded,
ch_0002464,inv_001880,cus_00104,2025-08-02T15:09:00Z,99,EUR,stripe,1,succeeded,
ch_0002465,inv_001881,cus_00104,2025-09-02T08:09:00Z,99,EUR,stripe,1,succeeded,
ch_0002466,inv_001882,cus_00104,2025-10-05T06:41:00Z,99,EUR,adyen,1,succeeded,
ch_0002467,inv_001883,cus_00104,2025-11-02T21:18:00Z,99,EUR,stripe,1,failed,card_declined
ch_0002468,inv_001883,cus_00104,2025-11-09T20:41:00Z,99,EUR,stripe,2,succeeded,
ch_0002469,inv_001884,cus_00104,2025-12-05T10:56:00Z,99,EUR,adyen,1,succeeded,
ch_0002470,inv_001885,cus_00104,2026-01-02T07:04:00Z,99,EUR,stripe,1,succeeded,
ch_0002471,inv_001886,cus_00104,2026-02-02T02:51:00Z,99,EUR,stripe,1,succeeded,
ch_0002472,inv_001887,cus_00104,2026-03-05T02:35:00Z,149,EUR,stripe,1,succeeded,
ch_0002473,inv_001888,cus_00104,2026-04-04T01:25:00Z,149,EUR,mollie,1,failed,processing_error
ch_0002474,inv_001888,cus_00104,2026-04-09T06:55:00Z,149,EUR,mollie,2,failed,do_not_honor
ch_0002475,inv_001888,cus_00104,2026-04-12T20:03:00Z,149,EUR,mollie,3,failed,card_declined
ch_0002476,inv_001888,cus_00104,2026-04-17T09:56:00Z,149,EUR,mollie,4,succeeded,
ch_0002477,inv_001889,cus_00104,2026-05-01T04:31:00Z,149,EUR,adyen,1,succeeded,
ch_0002478,inv_001890,cus_00104,2026-06-05T23:57:00Z,149,EUR,stripe,1,failed,card_declined
ch_0002479,inv_001890,cus_00104,2026-06-08T21:54:00Z,149,EUR,stripe,2,succeeded,
ch_0002480,inv_001891,cus_00104,2026-07-05T21:33:00Z,149,EUR,adyen,1,succeeded,
ch_0002481,inv_001892,cus_00104,2026-08-01T01:01:00Z,149,EUR,adyen,1,failed,expired_card
ch_0002482,inv_001892,cus_00104,2026-08-06T10:22:00Z,149,EUR,adyen,2,failed,do_not_honor
ch_0002483,inv_001892,cus_00104,2026-08-13T12:14:00Z,149,EUR,adyen,3,failed,expired_card
ch_0002484,inv_001893,cus_00105,2025-02-04T17:38:00Z,299,EUR,adyen,1,succeeded,
ch_0002485,inv_001894,cus_00105,2025-03-02T02:25:00Z,299,EUR,stripe,1,succeeded,
ch_0002486,inv_001895,cus_00105,2025-04-02T18:32:00Z,299,EUR,stripe,1,succeeded,
ch_0002487,inv_001896,cus_00105,2025-05-01T00:50:00Z,299,EUR,stripe,1,succeeded,
ch_0002488,inv_001897,cus_00105,2025-06-02T16:33:00Z,299,EUR,stripe,1,failed,processing_error
ch_0002489,inv_001897,cus_00105,2025-06-09T06:59:00Z,299,EUR,stripe,2,succeeded,
ch_0002490,inv_001898,cus_00105,2025-07-04T04:57:00Z,299,EUR,stripe,1,succeeded,
ch_0002491,inv_001899,cus_00105,2025-08-03T09:34:00Z,299,EUR,stripe,1,succeeded,
ch_0002492,inv_001900,cus_00105,2025-09-02T22:30:00Z,299,EUR,adyen,1,succeeded,
ch_0002493,inv_001901,cus_00105,2025-10-01T16:19:00Z,299,EUR,stripe,1,succeeded,
ch_0002494,inv_001902,cus_00105,2025-11-03T13:24:00Z,299,EUR,stripe,1,succeeded,
ch_0002495,inv_001903,cus_00105,2025-12-05T18:11:00Z,299,EUR,stripe,1,succeeded,
ch_0002496,inv_001905,cus_00105,2026-02-02T22:47:00Z,299,EUR,stripe,1,succeeded,
ch_0002497,inv_001906,cus_00105,2026-03-03T00:07:00Z,299,EUR,stripe,1,succeeded,
ch_0002498,inv_001907,cus_00105,2026-04-02T15:33:00Z,299,EUR,stripe,1,succeeded,
ch_0002499,inv_001908,cus_00105,2026-05-04T16:20:00Z,299,EUR,adyen,1,succeeded,
ch_0002500,inv_001909,cus_00105,2026-06-05T16:33:00Z,299,EUR,stripe,1,failed,processing_error
ch_0002501,inv_001909,cus_00105,2026-06-08T17:12:00Z,299,EUR,stripe,2,failed,insufficient_funds
ch_0002502,inv_001909,cus_00105,2026-06-15T15:07:00Z,299,EUR,stripe,3,failed,insufficient_funds
ch_0002503,inv_001909,cus_00105,2026-06-18T20:06:00Z,299,EUR,stripe,4,succeeded,
ch_0002504,inv_001910,cus_00105,2026-07-04T05:46:00Z,299,EUR,mollie,1,succeeded,
ch_0002505,inv_001911,cus_00105,2026-08-02T04:00:00Z,299,EUR,stripe,1,succeeded,
ch_0002506,inv_001912,cus_00106,2025-02-05T19:49:00Z,107.61,USD,stripe,1,succeeded,
ch_0002507,inv_001913,cus_00106,2025-03-04T04:54:00Z,107.61,USD,mollie,1,succeeded,
ch_0002508,inv_001914,cus_00106,2025-04-04T14:42:00Z,107.61,USD,adyen,1,failed,card_declined
ch_0002509,inv_001914,cus_00106,2025-04-11T18:23:00Z,107.61,USD,adyen,2,failed,do_not_honor
ch_0002510,inv_001914,cus_00106,2025-04-14T08:04:00Z,107.61,USD,adyen,3,failed,expired_card
ch_0002511,inv_001914,cus_00106,2025-04-19T11:35:00Z,107.61,USD,adyen,4,succeeded,
ch_0002512,inv_001915,cus_00106,2025-05-03T20:23:00Z,107.61,USD,stripe,1,succeeded,
ch_0002513,inv_001916,cus_00106,2025-06-03T11:12:00Z,107.61,USD,adyen,1,succeeded,
ch_0002514,inv_001917,cus_00106,2025-07-03T10:08:00Z,107.61,USD,adyen,1,failed,card_declined
ch_0002515,inv_001917,cus_00106,2025-07-10T15:17:00Z,107.61,USD,adyen,2,failed,insufficient_funds
ch_0002516,inv_001917,cus_00106,2025-07-17T03:44:00Z,107.61,USD,adyen,3,failed,card_declined
ch_0002517,inv_001917,cus_00106,2025-07-20T19:14:00Z,107.61,USD,adyen,4,succeeded,
ch_0002518,inv_001918,cus_00106,2025-08-04T06:42:00Z,107.61,USD,stripe,1,succeeded,
ch_0002519,inv_001919,cus_00106,2025-09-02T23:03:00Z,107.61,USD,adyen,1,failed,card_declined
ch_0002520,inv_001919,cus_00106,2025-09-07T19:01:00Z,107.61,USD,adyen,2,failed,card_declined
ch_0002521,inv_001919,cus_00106,2025-09-14T12:48:00Z,107.61,USD,adyen,3,failed,do_not_honor
ch_0002522,inv_001920,cus_00106,2025-10-02T14:03:00Z,107.61,USD,mollie,1,succeeded,
ch_0002523,inv_001921,cus_00106,2025-11-04T09:06:00Z,107.61,USD,adyen,1,succeeded,
ch_0002524,inv_001922,cus_00106,2025-12-01T19:15:00Z,107.61,USD,stripe,1,succeeded,
ch_0002525,inv_001923,cus_00106,2026-01-04T03:08:00Z,107.61,USD,adyen,1,failed,expired_card
ch_0002526,inv_001923,cus_00106,2026-01-09T19:03:00Z,107.61,USD,adyen,2,failed,insufficient_funds
ch_0002527,inv_001923,cus_00106,2026-01-16T13:11:00Z,107.61,USD,adyen,3,succeeded,
ch_0002528,inv_001924,cus_00106,2026-02-03T02:45:00Z,107.61,USD,adyen,1,succeeded,
ch_0002529,inv_001925,cus_00106,2026-03-02T00:39:00Z,161.96,USD,stripe,1,succeeded,
ch_0002530,inv_001926,cus_00106,2026-04-05T22:06:00Z,161.96,USD,mollie,1,succeeded,
ch_0002531,inv_001927,cus_00106,2026-05-04T21:53:00Z,161.96,USD,adyen,1,succeeded,
ch_0002532,inv_001928,cus_00106,2026-06-01T15:11:00Z,161.96,USD,stripe,1,succeeded,
ch_0002533,inv_001929,cus_00106,2026-07-04T16:37:00Z,161.96,USD,mollie,1,succeeded,
ch_0002534,inv_001930,cus_00106,2026-08-04T12:52:00Z,161.96,USD,stripe,1,succeeded,
ch_0002535,inv_001931,cus_00107,2025-03-04T13:24:00Z,99,EUR,adyen,1,failed,card_declined
ch_0002536,inv_001931,cus_00107,2025-03-07T22:13:00Z,99,EUR,adyen,2,failed,insufficient_funds
ch_0002537,inv_001931,cus_00107,2025-03-14T08:53:00Z,99,EUR,adyen,3,failed,insufficient_funds
ch_0002538,inv_001931,cus_00107,2025-03-19T06:08:00Z,99,EUR,adyen,4,succeeded,
ch_0002539,inv_001932,cus_00107,2025-04-05T23:58:00Z,99,EUR,stripe,1,succeeded,
ch_0002540,inv_001933,cus_00107,2025-05-02T21:56:00Z,99,EUR,stripe,1,succeeded,
ch_0002541,inv_001934,cus_00107,2025-06-04T12:32:00Z,99,EUR,stripe,1,succeeded,
ch_0002542,inv_001935,cus_00107,2025-07-04T01:16:00Z,99,EUR,stripe,1,succeeded,
ch_0002543,inv_001936,cus_00107,2025-08-04T16:44:00Z,99,EUR,stripe,1,succeeded,
ch_0002544,inv_001937,cus_00107,2025-09-05T14:46:00Z,99,EUR,stripe,1,succeeded,
ch_0002545,inv_001938,cus_00107,2025-10-05T16:30:00Z,99,EUR,adyen,1,succeeded,
ch_0002546,inv_001939,cus_00107,2025-11-01T13:56:00Z,99,EUR,mollie,1,failed,card_declined
ch_0002547,inv_001939,cus_00107,2025-11-08T05:57:00Z,99,EUR,mollie,2,failed,do_not_honor
ch_0002548,inv_001939,cus_00107,2025-11-15T17:17:00Z,99,EUR,mollie,3,succeeded,
ch_0002549,inv_001940,cus_00107,2025-12-03T11:46:00Z,99,EUR,mollie,1,succeeded,
ch_0002550,inv_001941,cus_00107,2026-01-01T23:03:00Z,99,EUR,stripe,1,failed,insufficient_funds
ch_0002551,inv_001941,cus_00107,2026-01-04T20:59:00Z,99,EUR,stripe,2,failed,processing_error
ch_0002552,inv_001941,cus_00107,2026-01-09T03:22:00Z,99,EUR,stripe,3,failed,card_declined
ch_0002553,inv_001942,cus_00107,2026-02-04T06:04:00Z,99,EUR,adyen,1,failed,insufficient_funds
ch_0002554,inv_001942,cus_00107,2026-02-09T16:05:00Z,99,EUR,adyen,2,failed,insufficient_funds
ch_0002555,inv_001942,cus_00107,2026-02-12T00:27:00Z,99,EUR,adyen,3,failed,do_not_honor
ch_0002556,inv_001942,cus_00107,2026-02-19T14:06:00Z,99,EUR,adyen,4,failed,card_declined
ch_0002557,inv_001943,cus_00108,2025-03-03T16:06:00Z,29,EUR,adyen,1,succeeded,
ch_0002558,inv_001944,cus_00108,2025-04-02T04:08:00Z,29,EUR,adyen,1,succeeded,
ch_0002559,inv_001945,cus_00108,2025-05-02T12:12:00Z,29,EUR,adyen,1,succeeded,
ch_0002560,inv_001946,cus_00108,2025-06-01T00:32:00Z,29,EUR,mollie,1,failed,card_declined
ch_0002561,inv_001946,cus_00108,2025-06-08T08:45:00Z,29,EUR,mollie,2,failed,do_not_honor
ch_0002562,inv_001946,cus_00108,2025-06-11T13:31:00Z,29,EUR,mollie,3,failed,card_declined
ch_0002563,inv_001947,cus_00108,2025-07-03T03:06:00Z,29,EUR,stripe,1,failed,card_declined
ch_0002564,inv_001947,cus_00108,2025-07-06T09:35:00Z,29,EUR,stripe,2,failed,card_declined
ch_0002565,inv_001947,cus_00108,2025-07-11T06:33:00Z,29,EUR,stripe,3,failed,card_declined
ch_0002566,inv_001947,cus_00108,2025-07-18T08:40:00Z,29,EUR,stripe,4,succeeded,
ch_0002567,inv_001948,cus_00108,2025-08-01T00:10:00Z,29,EUR,stripe,1,succeeded,
ch_0002568,inv_001949,cus_00108,2025-09-05T06:01:00Z,29,EUR,stripe,1,succeeded,
ch_0002569,inv_001950,cus_00108,2025-10-03T01:02:00Z,29,EUR,mollie,1,failed,insufficient_funds
ch_0002570,inv_001950,cus_00108,2025-10-08T20:19:00Z,29,EUR,mollie,2,failed,card_declined
ch_0002571,inv_001950,cus_00108,2025-10-11T14:22:00Z,29,EUR,mollie,3,succeeded,
ch_0002572,inv_001951,cus_00108,2025-11-03T02:11:00Z,29,EUR,stripe,1,succeeded,
ch_0002573,inv_001952,cus_00108,2025-12-03T10:06:00Z,29,EUR,mollie,1,succeeded,
ch_0002574,inv_001953,cus_00108,2026-01-05T18:49:00Z,29,EUR,adyen,1,failed,expired_card
ch_0002575,inv_001953,cus_00108,2026-01-08T19:12:00Z,29,EUR,adyen,2,failed,insufficient_funds
ch_0002576,inv_001953,cus_00108,2026-01-15T10:33:00Z,29,EUR,adyen,3,failed,card_declined
ch_0002577,inv_001953,cus_00108,2026-01-18T12:30:00Z,29,EUR,adyen,4,succeeded,
ch_0002578,inv_001954,cus_00108,2026-02-02T22:21:00Z,29,EUR,stripe,1,succeeded,
ch_0002579,inv_001955,cus_00108,2026-03-05T09:24:00Z,29,EUR,stripe,1,succeeded,
ch_0002580,inv_001956,cus_00108,2026-04-02T23:28:00Z,29,EUR,stripe,1,succeeded,
ch_0002581,inv_001957,cus_00108,2026-05-05T04:24:00Z,29,EUR,adyen,1,failed,card_declined
ch_0002582,inv_001957,cus_00108,2026-05-12T18:52:00Z,29,EUR,adyen,2,succeeded,
ch_0002583,inv_001958,cus_00108,2026-06-05T15:07:00Z,29,EUR,stripe,1,succeeded,
ch_0002584,inv_001959,cus_00109,2025-03-02T10:05:00Z,29,EUR,stripe,1,succeeded,
ch_0002585,inv_001960,cus_00109,2025-04-02T15:47:00Z,29,EUR,adyen,1,succeeded,
ch_0002586,inv_001961,cus_00109,2025-05-05T00:56:00Z,29,EUR,adyen,1,succeeded,
ch_0002587,inv_001962,cus_00109,2025-06-04T10:49:00Z,29,EUR,mollie,1,succeeded,
ch_0002588,inv_001963,cus_00109,2025-07-01T12:45:00Z,29,EUR,stripe,1,succeeded,
ch_0002589,inv_001964,cus_00109,2025-08-01T10:11:00Z,29,EUR,adyen,1,succeeded,
ch_0002590,inv_001965,cus_00109,2025-09-03T01:48:00Z,29,EUR,stripe,1,succeeded,
ch_0002591,inv_001966,cus_00109,2025-10-03T01:13:00Z,29,EUR,stripe,1,succeeded,
ch_0002592,inv_001967,cus_00109,2025-11-02T06:04:00Z,29,EUR,stripe,1,succeeded,
ch_0002593,inv_001968,cus_00109,2025-12-02T23:45:00Z,29,EUR,mollie,1,failed,expired_card
ch_0002594,inv_001968,cus_00109,2025-12-05T09:42:00Z,29,EUR,mollie,2,succeeded,
ch_0002595,inv_001969,cus_00109,2026-01-01T17:54:00Z,29,EUR,stripe,1,succeeded,
ch_0002596,inv_001970,cus_00109,2026-02-03T08:14:00Z,29,EUR,adyen,1,succeeded,
ch_0002597,inv_001971,cus_00109,2026-03-04T22:33:00Z,29,EUR,stripe,1,succeeded,
ch_0002598,inv_001972,cus_00109,2026-04-04T10:35:00Z,29,EUR,adyen,1,succeeded,
ch_0002599,inv_001973,cus_00109,2026-05-05T03:29:00Z,29,EUR,mollie,1,succeeded,
ch_0002600,inv_001974,cus_00109,2026-06-03T09:17:00Z,29,EUR,stripe,1,succeeded,
ch_0002601,inv_001975,cus_00109,2026-07-05T18:39:00Z,29,EUR,mollie,1,succeeded,
ch_0002602,inv_001976,cus_00109,2026-08-04T13:26:00Z,29,EUR,stripe,1,succeeded,
ch_0002603,inv_001977,cus_00110,2025-03-01T08:57:00Z,99,EUR,mollie,1,succeeded,
ch_0002604,inv_001978,cus_00110,2025-04-04T05:37:00Z,99,EUR,stripe,1,succeeded,
ch_0002605,inv_001979,cus_00110,2025-05-01T01:56:00Z,99,EUR,stripe,1,succeeded,
ch_0002606,inv_001980,cus_00110,2025-06-04T03:43:00Z,99,EUR,stripe,1,succeeded,
ch_0002607,inv_001981,cus_00110,2025-07-02T18:38:00Z,99,EUR,stripe,1,succeeded,
ch_0002608,inv_001982,cus_00110,2025-08-04T01:36:00Z,99,EUR,stripe,1,failed,expired_card
ch_0002609,inv_001982,cus_00110,2025-08-07T12:20:00Z,99,EUR,stripe,2,succeeded,
ch_0002610,inv_001983,cus_00110,2025-09-04T19:35:00Z,99,EUR,stripe,1,succeeded,
ch_0002611,inv_001984,cus_00110,2025-10-03T20:42:00Z,99,EUR,stripe,1,succeeded,
ch_0002612,inv_001985,cus_00110,2025-11-01T08:45:00Z,99,EUR,mollie,1,succeeded,
ch_0002613,inv_001986,cus_00110,2025-12-04T02:03:00Z,99,EUR,stripe,1,succeeded,
ch_0002614,inv_001987,cus_00110,2026-01-03T02:51:00Z,99,EUR,stripe,1,succeeded,
ch_0002615,inv_001988,cus_00110,2026-02-04T20:36:00Z,99,EUR,stripe,1,succeeded,
ch_0002616,inv_001989,cus_00110,2026-03-05T00:31:00Z,149,EUR,stripe,1,succeeded,
ch_0002617,inv_001990,cus_00110,2026-04-01T04:48:00Z,149,EUR,adyen,1,succeeded,
ch_0002618,inv_001991,cus_00110,2026-05-01T19:00:00Z,149,EUR,stripe,1,succeeded,
ch_0002619,inv_001992,cus_00110,2026-06-01T01:54:00Z,149,EUR,stripe,1,succeeded,
ch_0002620,inv_001993,cus_00110,2026-07-04T17:59:00Z,149,EUR,adyen,1,succeeded,
ch_0002621,inv_001994,cus_00110,2026-08-02T05:05:00Z,149,EUR,adyen,1,succeeded,
ch_0002622,inv_001995,cus_00111,2025-03-05T21:49:00Z,99,EUR,stripe,1,succeeded,
ch_0002623,inv_001996,cus_00111,2025-04-02T20:11:00Z,99,EUR,stripe,1,failed,card_declined
ch_0002624,inv_001996,cus_00111,2025-04-05T04:49:00Z,99,EUR,stripe,2,failed,processing_error
ch_0002625,inv_001996,cus_00111,2025-04-10T13:35:00Z,99,EUR,stripe,3,succeeded,
ch_0002626,inv_001997,cus_00111,2025-05-03T17:14:00Z,99,EUR,stripe,1,succeeded,
ch_0002627,inv_001998,cus_00111,2025-06-02T14:20:00Z,99,EUR,adyen,1,succeeded,
ch_0002628,inv_001999,cus_00111,2025-07-01T04:16:00Z,99,EUR,stripe,1,failed,insufficient_funds
ch_0002629,inv_001999,cus_00111,2025-07-04T14:05:00Z,99,EUR,stripe,2,failed,insufficient_funds
ch_0002630,inv_001999,cus_00111,2025-07-07T00:36:00Z,99,EUR,stripe,3,succeeded,
ch_0002631,inv_002000,cus_00111,2025-08-05T21:49:00Z,99,EUR,stripe,1,failed,card_declined
ch_0002632,inv_002000,cus_00111,2025-08-12T16:54:00Z,99,EUR,stripe,2,failed,insufficient_funds
ch_0002633,inv_002000,cus_00111,2025-08-17T07:12:00Z,99,EUR,stripe,3,succeeded,
ch_0002634,inv_002001,cus_00111,2025-09-02T17:51:00Z,99,EUR,stripe,1,succeeded,
ch_0002635,inv_002002,cus_00111,2025-10-02T19:59:00Z,99,EUR,mollie,1,failed,do_not_honor
ch_0002636,inv_002002,cus_00111,2025-10-09T17:30:00Z,99,EUR,mollie,2,succeeded,
ch_0002637,inv_002003,cus_00111,2025-11-04T17:18:00Z,99,EUR,stripe,1,succeeded,
ch_0002638,inv_002004,cus_00111,2025-12-05T07:26:00Z,99,EUR,adyen,1,succeeded,
ch_0002639,inv_002005,cus_00111,2026-01-01T10:15:00Z,99,EUR,stripe,1,succeeded,
ch_0002640,inv_002006,cus_00111,2026-02-04T14:47:00Z,99,EUR,stripe,1,failed,insufficient_funds
ch_0002641,inv_002006,cus_00111,2026-02-11T19:22:00Z,99,EUR,stripe,2,failed,do_not_honor
ch_0002642,inv_002006,cus_00111,2026-02-14T14:00:00Z,99,EUR,stripe,3,failed,do_not_honor
ch_0002643,inv_002007,cus_00112,2025-03-05T09:05:00Z,299,EUR,mollie,1,succeeded,
ch_0002644,inv_002008,cus_00112,2025-04-02T12:57:00Z,299,EUR,stripe,1,succeeded,
ch_0002645,inv_002009,cus_00112,2025-05-02T12:28:00Z,299,EUR,adyen,1,succeeded,
ch_0002646,inv_002010,cus_00112,2025-06-04T13:55:00Z,299,EUR,mollie,1,succeeded,
ch_0002647,inv_002011,cus_00112,2025-07-01T13:27:00Z,299,EUR,stripe,1,succeeded,
ch_0002648,inv_002012,cus_00112,2025-08-01T06:58:00Z,299,EUR,stripe,1,succeeded,
ch_0002649,inv_002013,cus_00112,2025-09-04T22:05:00Z,299,EUR,stripe,1,succeeded,
ch_0002650,inv_002014,cus_00112,2025-10-02T22:48:00Z,299,EUR,stripe,1,succeeded,
ch_0002651,inv_002015,cus_00112,2025-11-05T04:21:00Z,299,EUR,adyen,1,succeeded,
ch_0002652,inv_002016,cus_00112,2025-12-05T09:26:00Z,299,EUR,stripe,1,failed,expired_card
ch_0002653,inv_002016,cus_00112,2025-12-08T19:00:00Z,299,EUR,stripe,2,succeeded,
ch_0002654,inv_002017,cus_00112,2026-01-03T19:03:00Z,299,EUR,stripe,1,succeeded,
ch_0002655,inv_002018,cus_00112,2026-02-05T10:39:00Z,299,EUR,stripe,1,succeeded,
ch_0002656,inv_002019,cus_00112,2026-03-04T13:09:00Z,299,EUR,stripe,1,succeeded,
ch_0002657,inv_002020,cus_00112,2026-04-01T22:05:00Z,299,EUR,stripe,1,succeeded,
ch_0002658,inv_002022,cus_00112,2026-06-05T17:08:00Z,299,EUR,adyen,1,failed,card_declined
ch_0002659,inv_002022,cus_00112,2026-06-08T01:02:00Z,299,EUR,adyen,2,failed,insufficient_funds
ch_0002660,inv_002023,cus_00112,2026-07-03T20:30:00Z,299,EUR,stripe,1,succeeded,
ch_0002661,inv_002024,cus_00112,2026-08-01T05:11:00Z,299,EUR,stripe,1,succeeded,
ch_0002662,inv_002025,cus_00113,2025-03-05T15:53:00Z,1085.87,USD,mollie,1,succeeded,
ch_0002663,inv_002026,cus_00113,2025-04-05T12:17:00Z,1085.87,USD,adyen,1,succeeded,
ch_0002664,inv_002027,cus_00113,2025-05-01T17:53:00Z,1085.87,USD,adyen,1,succeeded,
ch_0002665,inv_002028,cus_00113,2025-06-01T08:43:00Z,1085.87,USD,stripe,1,succeeded,
ch_0002666,inv_002029,cus_00113,2025-07-04T00:45:00Z,1085.87,USD,mollie,1,succeeded,
ch_0002667,inv_002030,cus_00113,2025-08-05T22:31:00Z,1085.87,USD,stripe,1,succeeded,
ch_0002668,inv_002031,cus_00113,2025-09-02T20:36:00Z,1085.87,USD,stripe,1,succeeded,
ch_0002669,inv_002032,cus_00113,2025-10-03T03:15:00Z,1085.87,USD,adyen,1,succeeded,
ch_0002670,inv_002033,cus_00113,2025-11-04T05:39:00Z,1085.87,USD,stripe,1,succeeded,
ch_0002671,inv_002034,cus_00113,2025-12-05T10:19:00Z,1085.87,USD,stripe,1,succeeded,
ch_0002672,inv_002035,cus_00113,2026-01-03T01:46:00Z,1085.87,USD,mollie,1,succeeded,
ch_0002673,inv_002036,cus_00113,2026-02-02T06:54:00Z,1085.87,USD,adyen,1,failed,card_declined
ch_0002674,inv_002036,cus_00113,2026-02-07T16:41:00Z,1085.87,USD,adyen,2,succeeded,
ch_0002675,inv_002037,cus_00113,2026-03-02T21:11:00Z,1085.87,USD,stripe,1,succeeded,
ch_0002676,inv_002038,cus_00113,2026-04-04T19:46:00Z,1085.87,USD,stripe,1,succeeded,
ch_0002677,inv_002039,cus_00113,2026-05-05T03:19:00Z,1085.87,USD,stripe,1,succeeded,
ch_0002678,inv_002040,cus_00113,2026-06-03T17:04:00Z,1085.87,USD,stripe,1,succeeded,
ch_0002679,inv_002041,cus_00113,2026-07-02T08:33:00Z,1085.87,USD,adyen,1,succeeded,
ch_0002680,inv_002042,cus_00113,2026-08-03T03:17:00Z,1085.87,USD,stripe,1,failed,insufficient_funds
ch_0002681,inv_002042,cus_00113,2026-08-08T05:42:00Z,1085.87,USD,stripe,2,failed,insufficient_funds
ch_0002682,inv_002042,cus_00113,2026-08-15T15:58:00Z,1085.87,USD,stripe,3,succeeded,
ch_0002683,inv_002043,cus_00114,2025-03-03T19:04:00Z,84.62,GBP,adyen,1,succeeded,
ch_0002684,inv_002044,cus_00114,2025-04-01T16:15:00Z,84.62,GBP,adyen,1,succeeded,
ch_0002685,inv_002045,cus_00114,2025-05-01T06:53:00Z,84.62,GBP,stripe,1,failed,card_declined
ch_0002686,inv_002045,cus_00114,2025-05-04T01:30:00Z,84.62,GBP,stripe,2,failed,card_declined
ch_0002687,inv_002046,cus_00114,2025-06-03T02:32:00Z,84.62,GBP,adyen,1,succeeded,
ch_0002688,inv_002047,cus_00114,2025-07-04T20:10:00Z,84.62,GBP,adyen,1,succeeded,
ch_0002689,inv_002048,cus_00114,2025-08-01T05:54:00Z,84.62,GBP,stripe,1,succeeded,
ch_0002690,inv_002049,cus_00114,2025-09-05T04:43:00Z,84.62,GBP,stripe,1,succeeded,
ch_0002691,inv_002050,cus_00114,2025-10-03T07:42:00Z,84.62,GBP,stripe,1,succeeded,
ch_0002692,inv_002051,cus_00114,2025-11-03T01:21:00Z,84.62,GBP,mollie,1,succeeded,
ch_0002693,inv_002052,cus_00114,2025-12-04T06:30:00Z,84.62,GBP,adyen,1,succeeded,
ch_0002694,inv_002053,cus_00114,2026-01-04T22:52:00Z,84.62,GBP,stripe,1,succeeded,
ch_0002695,inv_002054,cus_00114,2026-02-02T10:13:00Z,84.62,GBP,stripe,1,failed,insufficient_funds
ch_0002696,inv_002054,cus_00114,2026-02-07T16:20:00Z,84.62,GBP,stripe,2,failed,card_declined
ch_0002697,inv_002054,cus_00114,2026-02-12T01:53:00Z,84.62,GBP,stripe,3,failed,do_not_honor
ch_0002698,inv_002054,cus_00114,2026-02-15T23:39:00Z,84.62,GBP,stripe,4,succeeded,
ch_0002699,inv_002055,cus_00114,2026-03-03T04:56:00Z,127.35,GBP,stripe,1,succeeded,
ch_0002700,inv_002056,cus_00114,2026-04-03T12:08:00Z,127.35,GBP,adyen,1,succeeded,
ch_0002701,inv_002057,cus_00114,2026-05-05T02:41:00Z,127.35,GBP,adyen,1,succeeded,
ch_0002702,inv_002058,cus_00114,2026-06-02T14:55:00Z,127.35,GBP,stripe,1,succeeded,
ch_0002703,inv_002059,cus_00114,2026-07-05T23:06:00Z,127.35,GBP,adyen,1,succeeded,
ch_0002704,inv_002060,cus_00114,2026-08-02T06:37:00Z,127.35,GBP,adyen,1,succeeded,
ch_0002705,inv_002061,cus_00115,2025-03-02T11:48:00Z,999,EUR,stripe,1,succeeded,
ch_0002706,inv_002062,cus_00115,2025-04-03T21:37:00Z,999,EUR,adyen,1,failed,do_not_honor
ch_0002707,inv_002062,cus_00115,2025-04-10T07:28:00Z,999,EUR,adyen,2,succeeded,
ch_0002708,inv_002063,cus_00115,2025-05-02T12:42:00Z,999,EUR,stripe,1,succeeded,
ch_0002709,inv_002064,cus_00115,2025-06-02T14:37:00Z,999,EUR,adyen,1,succeeded,
ch_0002710,inv_002065,cus_00115,2025-07-04T07:29:00Z,999,EUR,adyen,1,succeeded,
ch_0002711,inv_002066,cus_00115,2025-08-03T19:03:00Z,999,EUR,stripe,1,succeeded,
ch_0002712,inv_002067,cus_00115,2025-09-02T19:03:00Z,999,EUR,adyen,1,succeeded,
ch_0002713,inv_002068,cus_00115,2025-10-01T05:12:00Z,999,EUR,mollie,1,succeeded,
ch_0002714,inv_002069,cus_00115,2025-11-04T23:39:00Z,999,EUR,adyen,1,failed,do_not_honor
ch_0002715,inv_002069,cus_00115,2025-11-11T17:40:00Z,999,EUR,adyen,2,failed,insufficient_funds
ch_0002716,inv_002070,cus_00115,2025-12-04T00:25:00Z,999,EUR,adyen,1,succeeded,
ch_0002717,inv_002071,cus_00115,2026-01-04T19:29:00Z,999,EUR,stripe,1,succeeded,
ch_0002718,inv_002072,cus_00115,2026-02-03T01:59:00Z,999,EUR,mollie,1,failed,card_declined
ch_0002719,inv_002072,cus_00115,2026-02-08T12:25:00Z,999,EUR,mollie,2,succeeded,
ch_0002720,inv_002073,cus_00115,2026-03-05T01:30:00Z,999,EUR,stripe,1,succeeded,
ch_0002721,inv_002074,cus_00115,2026-04-04T14:05:00Z,999,EUR,adyen,1,succeeded,
ch_0002722,inv_002075,cus_00115,2026-05-01T14:50:00Z,999,EUR,adyen,1,succeeded,
ch_0002723,inv_002076,cus_00115,2026-06-01T14:09:00Z,999,EUR,mollie,1,succeeded,
ch_0002724,inv_002077,cus_00115,2026-07-04T01:46:00Z,999,EUR,stripe,1,succeeded,
ch_0002725,inv_002078,cus_00115,2026-08-05T01:39:00Z,999,EUR,adyen,1,succeeded,
ch_0002726,inv_002079,cus_00116,2025-03-02T22:17:00Z,29,EUR,stripe,1,failed,insufficient_funds
ch_0002727,inv_002079,cus_00116,2025-03-05T13:35:00Z,29,EUR,stripe,2,succeeded,
ch_0002728,inv_002080,cus_00116,2025-04-04T04:52:00Z,29,EUR,stripe,1,failed,insufficient_funds
ch_0002729,inv_002080,cus_00116,2025-04-11T18:53:00Z,29,EUR,stripe,2,failed,expired_card
ch_0002730,inv_002080,cus_00116,2025-04-16T09:44:00Z,29,EUR,stripe,3,failed,card_declined
ch_0002731,inv_002080,cus_00116,2025-04-19T09:28:00Z,29,EUR,stripe,4,succeeded,
ch_0002732,inv_002081,cus_00116,2025-05-03T22:08:00Z,29,EUR,stripe,1,succeeded,
ch_0002733,inv_002082,cus_00116,2025-06-03T21:09:00Z,29,EUR,mollie,1,succeeded,
ch_0002734,inv_002083,cus_00116,2025-07-05T18:06:00Z,29,EUR,stripe,1,succeeded,
ch_0002735,inv_002084,cus_00116,2025-08-01T10:30:00Z,29,EUR,stripe,1,succeeded,
ch_0002736,inv_002085,cus_00116,2025-09-02T18:22:00Z,29,EUR,stripe,1,succeeded,
ch_0002737,inv_002086,cus_00116,2025-10-04T19:32:00Z,29,EUR,adyen,1,succeeded,
ch_0002738,inv_002087,cus_00116,2025-11-03T02:53:00Z,29,EUR,stripe,1,succeeded,
ch_0002739,inv_002088,cus_00116,2025-12-04T10:27:00Z,29,EUR,mollie,1,succeeded,
ch_0002740,inv_002089,cus_00116,2026-01-01T22:11:00Z,29,EUR,adyen,1,failed,insufficient_funds
ch_0002741,inv_002089,cus_00116,2026-01-06T22:39:00Z,29,EUR,adyen,2,failed,do_not_honor
ch_0002742,inv_002089,cus_00116,2026-01-11T09:14:00Z,29,EUR,adyen,3,failed,insufficient_funds
ch_0002743,inv_002089,cus_00116,2026-01-18T22:54:00Z,29,EUR,adyen,4,succeeded,
ch_0002744,inv_002090,cus_00116,2026-02-05T01:52:00Z,29,EUR,adyen,1,failed,card_declined
ch_0002745,inv_002090,cus_00116,2026-02-12T18:20:00Z,29,EUR,adyen,2,failed,processing_error
ch_0002746,inv_002090,cus_00116,2026-02-19T18:19:00Z,29,EUR,adyen,3,failed,card_declined
ch_0002747,inv_002090,cus_00116,2026-02-26T06:19:00Z,29,EUR,adyen,4,succeeded,
ch_0002748,inv_002091,cus_00116,2026-03-03T13:15:00Z,29,EUR,stripe,1,succeeded,
ch_0002749,inv_002092,cus_00116,2026-04-02T06:31:00Z,29,EUR,mollie,1,succeeded,
ch_0002750,inv_002093,cus_00116,2026-05-02T14:22:00Z,29,EUR,stripe,1,succeeded,
ch_0002751,inv_002094,cus_00116,2026-06-02T09:04:00Z,29,EUR,stripe,1,succeeded,
ch_0002752,inv_002095,cus_00116,2026-07-03T21:44:00Z,29,EUR,mollie,1,succeeded,
ch_0002753,inv_002096,cus_00116,2026-08-01T07:09:00Z,29,EUR,adyen,1,succeeded,
ch_0002754,inv_002097,cus_00117,2025-03-01T15:58:00Z,99,EUR,adyen,1,succeeded,
ch_0002755,inv_002098,cus_00117,2025-04-04T06:57:00Z,99,EUR,stripe,1,succeeded,
ch_0002756,inv_002099,cus_00117,2025-05-01T19:06:00Z,99,EUR,adyen,1,succeeded,
ch_0002757,inv_002100,cus_00117,2025-06-01T07:41:00Z,99,EUR,mollie,1,succeeded,
ch_0002758,inv_002101,cus_00117,2025-07-04T15:49:00Z,99,EUR,stripe,1,succeeded,
ch_0002759,inv_002102,cus_00117,2025-08-03T09:12:00Z,99,EUR,stripe,1,failed,expired_card
ch_0002760,inv_002102,cus_00117,2025-08-08T21:02:00Z,99,EUR,stripe,2,failed,card_declined
ch_0002761,inv_002102,cus_00117,2025-08-15T09:52:00Z,99,EUR,stripe,3,succeeded,
ch_0002762,inv_002103,cus_00117,2025-09-03T03:23:00Z,99,EUR,adyen,1,succeeded,
ch_0002763,inv_002104,cus_00117,2025-10-05T04:12:00Z,99,EUR,stripe,1,succeeded,
ch_0002764,inv_002105,cus_00117,2025-11-04T01:03:00Z,99,EUR,stripe,1,succeeded,
ch_0002765,inv_002106,cus_00117,2025-12-02T00:43:00Z,99,EUR,stripe,1,succeeded,
ch_0002766,inv_002107,cus_00117,2026-01-03T05:54:00Z,99,EUR,adyen,1,succeeded,
ch_0002767,inv_002108,cus_00117,2026-02-02T02:17:00Z,99,EUR,stripe,1,succeeded,
ch_0002768,inv_002109,cus_00117,2026-03-03T19:22:00Z,149,EUR,mollie,1,succeeded,
ch_0002769,inv_002110,cus_00117,2026-04-02T22:36:00Z,149,EUR,mollie,1,failed,insufficient_funds
ch_0002770,inv_002110,cus_00117,2026-04-07T08:34:00Z,149,EUR,mollie,2,succeeded,
ch_0002771,inv_002111,cus_00117,2026-05-05T07:27:00Z,149,EUR,stripe,1,succeeded,
ch_0002772,inv_002112,cus_00117,2026-06-01T04:09:00Z,149,EUR,stripe,1,succeeded,
ch_0002773,inv_002113,cus_00117,2026-07-05T22:41:00Z,149,EUR,adyen,1,succeeded,
ch_0002774,inv_002114,cus_00117,2026-08-03T15:13:00Z,149,EUR,stripe,1,succeeded,
ch_0002775,inv_002115,cus_00118,2025-03-03T19:02:00Z,99,EUR,adyen,1,succeeded,
ch_0002776,inv_002116,cus_00118,2025-04-01T03:35:00Z,99,EUR,adyen,1,succeeded,
ch_0002777,inv_002117,cus_00118,2025-05-05T23:02:00Z,99,EUR,stripe,1,failed,insufficient_funds
ch_0002778,inv_002117,cus_00118,2025-05-12T02:39:00Z,99,EUR,stripe,2,succeeded,
ch_0002779,inv_002118,cus_00118,2025-06-01T02:29:00Z,99,EUR,stripe,1,succeeded,
ch_0002780,inv_002119,cus_00118,2025-07-02T05:26:00Z,99,EUR,stripe,1,succeeded,
ch_0002781,inv_002120,cus_00118,2025-08-04T03:49:00Z,99,EUR,stripe,1,succeeded,
ch_0002782,inv_002121,cus_00118,2025-09-03T15:16:00Z,99,EUR,stripe,1,succeeded,
ch_0002783,inv_002122,cus_00118,2025-10-04T17:12:00Z,99,EUR,stripe,1,failed,expired_card
ch_0002784,inv_002122,cus_00118,2025-10-11T23:07:00Z,99,EUR,stripe,2,failed,card_declined
ch_0002785,inv_002122,cus_00118,2025-10-18T03:54:00Z,99,EUR,stripe,3,failed,expired_card
ch_0002786,inv_002122,cus_00118,2025-10-23T03:24:00Z,99,EUR,stripe,4,failed,card_declined
ch_0002787,inv_002123,cus_00118,2025-11-01T22:39:00Z,99,EUR,stripe,1,failed,processing_error
ch_0002788,inv_002123,cus_00118,2025-11-04T05:31:00Z,99,EUR,stripe,2,failed,processing_error
ch_0002789,inv_002123,cus_00118,2025-11-11T01:29:00Z,99,EUR,stripe,3,failed,insufficient_funds
ch_0002790,inv_002123,cus_00118,2025-11-18T02:27:00Z,99,EUR,stripe,4,failed,card_declined
ch_0002791,inv_002124,cus_00118,2025-12-04T10:56:00Z,99,EUR,stripe,1,succeeded,
ch_0002792,inv_002125,cus_00118,2026-01-04T17:33:00Z,99,EUR,stripe,1,succeeded,
ch_0002793,inv_002126,cus_00118,2026-02-03T13:43:00Z,99,EUR,adyen,1,succeeded,
ch_0002794,inv_002127,cus_00118,2026-03-05T06:36:00Z,149,EUR,stripe,1,succeeded,
ch_0002795,inv_002128,cus_00118,2026-04-02T18:55:00Z,149,EUR,mollie,1,succeeded,
ch_0002796,inv_002129,cus_00118,2026-05-01T13:44:00Z,149,EUR,stripe,1,succeeded,
ch_0002797,inv_002130,cus_00118,2026-06-04T14:12:00Z,149,EUR,stripe,1,succeeded,
ch_0002798,inv_002131,cus_00118,2026-07-02T06:41:00Z,149,EUR,stripe,1,succeeded,
ch_0002799,inv_002132,cus_00118,2026-08-01T02:40:00Z,149,EUR,adyen,1,succeeded,
ch_0002800,inv_002133,cus_00119,2025-03-03T23:11:00Z,299,EUR,stripe,1,succeeded,
ch_0002801,inv_002134,cus_00119,2025-04-01T22:26:00Z,299,EUR,stripe,1,succeeded,
ch_0002802,inv_002135,cus_00119,2025-05-01T16:17:00Z,299,EUR,mollie,1,succeeded,
ch_0002803,inv_002136,cus_00119,2025-06-05T16:46:00Z,299,EUR,stripe,1,succeeded,
ch_0002804,inv_002137,cus_00119,2025-07-02T03:33:00Z,299,EUR,stripe,1,succeeded,
ch_0002805,inv_002138,cus_00119,2025-08-01T13:31:00Z,299,EUR,stripe,1,failed,insufficient_funds
ch_0002806,inv_002138,cus_00119,2025-08-08T11:42:00Z,299,EUR,stripe,2,succeeded,
ch_0002807,inv_002139,cus_00119,2025-09-02T18:05:00Z,299,EUR,adyen,1,succeeded,
ch_0002808,inv_002140,cus_00119,2025-10-01T19:28:00Z,299,EUR,adyen,1,succeeded,
ch_0002809,inv_002141,cus_00120,2025-03-02T13:11:00Z,29,EUR,adyen,1,succeeded,
ch_0002810,inv_002142,cus_00120,2025-04-04T00:20:00Z,29,EUR,stripe,1,succeeded,
ch_0002811,inv_002143,cus_00120,2025-05-03T04:32:00Z,29,EUR,adyen,1,failed,card_declined
ch_0002812,inv_002143,cus_00120,2025-05-08T08:42:00Z,29,EUR,adyen,2,failed,insufficient_funds
ch_0002813,inv_002143,cus_00120,2025-05-13T00:36:00Z,29,EUR,adyen,3,failed,expired_card
ch_0002814,inv_002144,cus_00120,2025-06-04T05:32:00Z,29,EUR,mollie,1,succeeded,
ch_0002815,inv_002145,cus_00120,2025-07-04T17:53:00Z,29,EUR,stripe,1,succeeded,
ch_0002816,inv_002146,cus_00120,2025-08-01T01:31:00Z,29,EUR,adyen,1,succeeded,
ch_0002817,inv_002147,cus_00120,2025-09-01T13:45:00Z,29,EUR,adyen,1,succeeded,
ch_0002818,inv_002148,cus_00120,2025-10-03T21:32:00Z,29,EUR,stripe,1,succeeded,
ch_0002819,inv_002149,cus_00120,2025-11-01T18:00:00Z,29,EUR,stripe,1,succeeded,
ch_0002820,inv_002150,cus_00120,2025-12-05T23:34:00Z,29,EUR,stripe,1,succeeded,
ch_0002821,inv_002151,cus_00120,2026-01-02T12:37:00Z,29,EUR,stripe,1,succeeded,
ch_0002822,inv_002152,cus_00120,2026-02-02T14:52:00Z,29,EUR,stripe,1,succeeded,
ch_0002823,inv_002153,cus_00120,2026-03-02T18:59:00Z,29,EUR,adyen,1,succeeded,
ch_0002824,inv_002154,cus_00120,2026-04-02T00:30:00Z,29,EUR,stripe,1,succeeded,
ch_0002825,inv_002155,cus_00120,2026-05-05T03:07:00Z,29,EUR,stripe,1,succeeded,
ch_0002826,inv_002156,cus_00120,2026-06-04T22:33:00Z,29,EUR,mollie,1,succeeded,
ch_0002827,inv_002157,cus_00120,2026-07-03T02:58:00Z,29,EUR,adyen,1,succeeded,
ch_0002828,inv_002158,cus_00120,2026-08-04T16:08:00Z,29,EUR,stripe,1,succeeded,
ch_0002829,inv_002159,cus_00121,2025-03-03T09:22:00Z,99,EUR,stripe,1,succeeded,
ch_0002830,inv_002160,cus_00121,2025-04-02T21:15:00Z,99,EUR,stripe,1,succeeded,
ch_0002831,inv_002161,cus_00121,2025-05-02T17:17:00Z,99,EUR,stripe,1,failed,processing_error
ch_0002832,inv_002161,cus_00121,2025-05-05T12:29:00Z,99,EUR,stripe,2,succeeded,
ch_0002833,inv_002162,cus_00121,2025-06-03T08:56:00Z,99,EUR,stripe,1,succeeded,
ch_0002834,inv_002163,cus_00121,2025-07-03T13:58:00Z,99,EUR,stripe,1,succeeded,
ch_0002835,inv_002164,cus_00121,2025-08-04T16:04:00Z,99,EUR,stripe,1,failed,expired_card
ch_0002836,inv_002164,cus_00121,2025-08-09T10:45:00Z,99,EUR,stripe,2,failed,card_declined
ch_0002837,inv_002164,cus_00121,2025-08-12T01:07:00Z,99,EUR,stripe,3,succeeded,
ch_0002838,inv_002165,cus_00121,2025-09-02T00:25:00Z,99,EUR,stripe,1,succeeded,
ch_0002839,inv_002166,cus_00121,2025-10-03T16:16:00Z,99,EUR,adyen,1,succeeded,
ch_0002840,inv_002167,cus_00121,2025-11-05T22:19:00Z,99,EUR,stripe,1,failed,do_not_honor
ch_0002841,inv_002167,cus_00121,2025-11-08T15:25:00Z,99,EUR,stripe,2,succeeded,
ch_0002842,inv_002168,cus_00121,2025-12-02T00:14:00Z,99,EUR,stripe,1,succeeded,
ch_0002843,inv_002169,cus_00121,2026-01-05T16:17:00Z,99,EUR,stripe,1,failed,expired_card
ch_0002844,inv_002169,cus_00121,2026-01-12T15:32:00Z,99,EUR,stripe,2,failed,card_declined
ch_0002845,inv_002169,cus_00121,2026-01-19T11:33:00Z,99,EUR,stripe,3,failed,card_declined
ch_0002846,inv_002169,cus_00121,2026-01-26T22:29:00Z,99,EUR,stripe,4,failed,insufficient_funds
ch_0002847,inv_002170,cus_00121,2026-02-01T05:03:00Z,99,EUR,stripe,1,succeeded,
ch_0002848,inv_002171,cus_00122,2025-03-05T15:23:00Z,299,EUR,stripe,1,succeeded,
ch_0002849,inv_002172,cus_00122,2025-04-02T22:23:00Z,299,EUR,stripe,1,failed,card_declined
ch_0002850,inv_002172,cus_00122,2025-04-07T04:05:00Z,299,EUR,stripe,2,failed,card_declined
ch_0002851,inv_002172,cus_00122,2025-04-12T00:14:00Z,299,EUR,stripe,3,succeeded,
ch_0002852,inv_002173,cus_00122,2025-05-03T23:46:00Z,299,EUR,stripe,1,succeeded,
ch_0002853,inv_002174,cus_00122,2025-06-05T02:16:00Z,299,EUR,adyen,1,failed,card_declined
ch_0002854,inv_002174,cus_00122,2025-06-12T23:33:00Z,299,EUR,adyen,2,failed,card_declined
ch_0002855,inv_002174,cus_00122,2025-06-19T04:15:00Z,299,EUR,adyen,3,failed,insufficient_funds
ch_0002856,inv_002175,cus_00122,2025-07-05T13:11:00Z,299,EUR,mollie,1,succeeded,
ch_0002857,inv_002176,cus_00122,2025-08-02T08:40:00Z,299,EUR,stripe,1,succeeded,
ch_0002858,inv_002177,cus_00122,2025-09-04T11:48:00Z,299,EUR,stripe,1,succeeded,
ch_0002859,inv_002178,cus_00122,2025-10-04T21:26:00Z,299,EUR,stripe,1,succeeded,
ch_0002860,inv_002179,cus_00122,2025-11-05T21:07:00Z,299,EUR,stripe,1,succeeded,
ch_0002861,inv_002180,cus_00122,2025-12-03T00:01:00Z,299,EUR,adyen,1,succeeded,
ch_0002862,inv_002181,cus_00122,2026-01-01T19:41:00Z,299,EUR,adyen,1,succeeded,
ch_0002863,inv_002182,cus_00122,2026-02-01T07:46:00Z,299,EUR,stripe,1,failed,insufficient_funds
ch_0002864,inv_002182,cus_00122,2026-02-08T09:38:00Z,299,EUR,stripe,2,succeeded,
ch_0002865,inv_002183,cus_00122,2026-03-01T10:00:00Z,299,EUR,stripe,1,succeeded,
ch_0002866,inv_002184,cus_00122,2026-04-04T23:11:00Z,299,EUR,mollie,1,succeeded,
ch_0002867,inv_002185,cus_00122,2026-05-01T19:15:00Z,299,EUR,stripe,1,succeeded,
ch_0002868,inv_002186,cus_00122,2026-06-03T13:48:00Z,299,EUR,stripe,1,succeeded,
ch_0002869,inv_002187,cus_00122,2026-07-02T18:15:00Z,299,EUR,stripe,1,succeeded,
ch_0002870,inv_002188,cus_00122,2026-08-03T14:22:00Z,299,EUR,adyen,1,succeeded,
ch_0002871,inv_002189,cus_00123,2025-03-04T23:52:00Z,99,EUR,stripe,1,succeeded,
ch_0002872,inv_002190,cus_00123,2025-04-01T21:00:00Z,99,EUR,stripe,1,failed,expired_card
ch_0002873,inv_002190,cus_00123,2025-04-08T09:03:00Z,99,EUR,stripe,2,failed,insufficient_funds
ch_0002874,inv_002190,cus_00123,2025-04-11T23:10:00Z,99,EUR,stripe,3,failed,card_declined
ch_0002875,inv_002191,cus_00123,2025-05-03T03:37:00Z,99,EUR,stripe,1,succeeded,
ch_0002876,inv_002192,cus_00123,2025-06-02T08:15:00Z,99,EUR,stripe,1,failed,insufficient_funds
ch_0002877,inv_002192,cus_00123,2025-06-07T01:42:00Z,99,EUR,stripe,2,succeeded,
ch_0002878,inv_002193,cus_00123,2025-07-02T23:44:00Z,99,EUR,stripe,1,succeeded,
ch_0002879,inv_002194,cus_00123,2025-08-01T06:24:00Z,99,EUR,adyen,1,succeeded,
ch_0002880,inv_002195,cus_00123,2025-09-02T15:25:00Z,99,EUR,stripe,1,succeeded,
ch_0002881,inv_002196,cus_00123,2025-10-02T18:59:00Z,99,EUR,stripe,1,failed,insufficient_funds
ch_0002882,inv_002196,cus_00123,2025-10-09T14:16:00Z,99,EUR,stripe,2,failed,insufficient_funds
ch_0002883,inv_002196,cus_00123,2025-10-16T00:28:00Z,99,EUR,stripe,3,succeeded,
ch_0002884,inv_002197,cus_00123,2025-11-04T04:03:00Z,99,EUR,mollie,1,failed,expired_card
ch_0002885,inv_002197,cus_00123,2025-11-11T18:27:00Z,99,EUR,mollie,2,failed,do_not_honor
ch_0002886,inv_002197,cus_00123,2025-11-16T18:31:00Z,99,EUR,mollie,3,succeeded,
ch_0002887,inv_002198,cus_00123,2025-12-01T14:13:00Z,99,EUR,stripe,1,failed,insufficient_funds
ch_0002888,inv_002198,cus_00123,2025-12-06T08:27:00Z,99,EUR,stripe,2,failed,card_declined
ch_0002889,inv_002198,cus_00123,2025-12-11T08:21:00Z,99,EUR,stripe,3,failed,card_declined
ch_0002890,inv_002198,cus_00123,2025-12-16T21:04:00Z,99,EUR,stripe,4,succeeded,
ch_0002891,inv_002199,cus_00123,2026-01-02T08:03:00Z,99,EUR,stripe,1,succeeded,
ch_0002892,inv_002200,cus_00123,2026-02-05T00:52:00Z,99,EUR,stripe,1,succeeded,
ch_0002893,inv_002201,cus_00123,2026-03-03T10:33:00Z,149,EUR,stripe,1,succeeded,
ch_0002894,inv_002202,cus_00123,2026-04-01T02:56:00Z,149,EUR,stripe,1,succeeded,
ch_0002895,inv_002203,cus_00123,2026-05-02T12:12:00Z,149,EUR,stripe,1,failed,card_declined
ch_0002896,inv_002203,cus_00123,2026-05-07T02:01:00Z,149,EUR,stripe,2,failed,insufficient_funds
ch_0002897,inv_002203,cus_00123,2026-05-14T05:00:00Z,149,EUR,stripe,3,failed,insufficient_funds
ch_0002898,inv_002204,cus_00123,2026-06-01T05:55:00Z,149,EUR,mollie,1,succeeded,
ch_0002899,inv_002205,cus_00123,2026-07-01T18:08:00Z,149,EUR,adyen,1,succeeded,
ch_0002900,inv_002206,cus_00123,2026-08-01T15:59:00Z,149,EUR,adyen,1,succeeded,
ch_0002901,inv_002207,cus_00124,2025-03-01T07:04:00Z,299,EUR,stripe,1,succeeded,
ch_0002902,inv_002208,cus_00124,2025-04-05T22:13:00Z,299,EUR,stripe,1,succeeded,
ch_0002903,inv_002209,cus_00124,2025-05-01T00:08:00Z,299,EUR,mollie,1,failed,do_not_honor
ch_0002904,inv_002209,cus_00124,2025-05-06T13:26:00Z,299,EUR,mollie,2,failed,card_declined
ch_0002905,inv_002209,cus_00124,2025-05-09T22:04:00Z,299,EUR,mollie,3,failed,insufficient_funds
ch_0002906,inv_002209,cus_00124,2025-05-12T00:58:00Z,299,EUR,mollie,4,succeeded,
ch_0002907,inv_002210,cus_00124,2025-06-04T01:31:00Z,299,EUR,adyen,1,succeeded,
ch_0002908,inv_002211,cus_00124,2025-07-05T21:56:00Z,299,EUR,adyen,1,succeeded,
ch_0002909,inv_002212,cus_00124,2025-08-02T05:11:00Z,299,EUR,stripe,1,succeeded,
ch_0002910,inv_002213,cus_00124,2025-09-01T03:18:00Z,299,EUR,stripe,1,failed,card_declined
ch_0002911,inv_002213,cus_00124,2025-09-06T22:36:00Z,299,EUR,stripe,2,failed,expired_card
ch_0002912,inv_002213,cus_00124,2025-09-13T09:59:00Z,299,EUR,stripe,3,failed,card_declined
ch_0002913,inv_002213,cus_00124,2025-09-16T11:55:00Z,299,EUR,stripe,4,succeeded,
ch_0002914,inv_002214,cus_00124,2025-10-02T14:51:00Z,299,EUR,stripe,1,succeeded,
ch_0002915,inv_002215,cus_00124,2025-11-02T06:33:00Z,299,EUR,stripe,1,succeeded,
ch_0002916,inv_002216,cus_00124,2025-12-04T20:00:00Z,299,EUR,adyen,1,succeeded,
ch_0002917,inv_002217,cus_00124,2026-01-03T00:34:00Z,299,EUR,stripe,1,succeeded,
ch_0002918,inv_002218,cus_00124,2026-02-03T20:05:00Z,299,EUR,adyen,1,succeeded,
ch_0002919,inv_002219,cus_00124,2026-03-01T00:18:00Z,299,EUR,adyen,1,succeeded,
ch_0002920,inv_002220,cus_00124,2026-04-02T16:15:00Z,299,EUR,mollie,1,succeeded,
ch_0002921,inv_002221,cus_00124,2026-05-04T07:59:00Z,299,EUR,stripe,1,succeeded,
ch_0002922,inv_002222,cus_00124,2026-06-04T12:58:00Z,299,EUR,adyen,1,failed,processing_error
ch_0002923,inv_002222,cus_00124,2026-06-07T16:33:00Z,299,EUR,adyen,2,failed,expired_card
ch_0002924,inv_002222,cus_00124,2026-06-10T05:34:00Z,299,EUR,adyen,3,failed,card_declined
ch_0002925,inv_002223,cus_00124,2026-07-01T00:24:00Z,299,EUR,stripe,1,succeeded,
ch_0002926,inv_002224,cus_00124,2026-08-04T01:38:00Z,299,EUR,stripe,1,failed,insufficient_funds
ch_0002927,inv_002224,cus_00124,2026-08-09T08:07:00Z,299,EUR,stripe,2,failed,insufficient_funds
ch_0002928,inv_002224,cus_00124,2026-08-16T11:58:00Z,299,EUR,stripe,3,failed,card_declined
ch_0002929,inv_002224,cus_00124,2026-08-19T01:31:00Z,299,EUR,stripe,4,failed,expired_card
ch_0002930,inv_002225,cus_00125,2025-03-02T09:03:00Z,24.79,GBP,adyen,1,succeeded,
ch_0002931,inv_002226,cus_00125,2025-04-04T04:32:00Z,24.79,GBP,adyen,1,failed,do_not_honor
ch_0002932,inv_002226,cus_00125,2025-04-11T18:38:00Z,24.79,GBP,adyen,2,failed,card_declined
ch_0002933,inv_002226,cus_00125,2025-04-16T09:28:00Z,24.79,GBP,adyen,3,succeeded,
ch_0002934,inv_002227,cus_00125,2025-05-01T02:26:00Z,24.79,GBP,adyen,1,failed,do_not_honor
ch_0002935,inv_002227,cus_00125,2025-05-08T19:49:00Z,24.79,GBP,adyen,2,succeeded,
ch_0002936,inv_002228,cus_00125,2025-06-02T10:43:00Z,24.79,GBP,stripe,1,succeeded,
ch_0002937,inv_002229,cus_00125,2025-07-05T21:28:00Z,24.79,GBP,stripe,1,succeeded,
ch_0002938,inv_002230,cus_00125,2025-08-03T16:21:00Z,24.79,GBP,stripe,1,succeeded,
ch_0002939,inv_002231,cus_00126,2025-03-01T09:45:00Z,99,EUR,stripe,1,succeeded,
ch_0002940,inv_002232,cus_00126,2025-04-02T21:36:00Z,99,EUR,stripe,1,succeeded,
ch_0002941,inv_002233,cus_00126,2025-05-02T19:49:00Z,99,EUR,stripe,1,succeeded,
ch_0002942,inv_002234,cus_00126,2025-06-02T03:08:00Z,99,EUR,stripe,1,succeeded,
ch_0002943,inv_002235,cus_00126,2025-07-01T08:53:00Z,99,EUR,stripe,1,succeeded,
ch_0002944,inv_002236,cus_00126,2025-08-02T06:02:00Z,99,EUR,stripe,1,succeeded,
ch_0002945,inv_002237,cus_00126,2025-09-01T06:47:00Z,99,EUR,adyen,1,succeeded,
ch_0002946,inv_002238,cus_00126,2025-10-04T15:03:00Z,99,EUR,stripe,1,succeeded,
ch_0002947,inv_002239,cus_00126,2025-11-04T18:16:00Z,99,EUR,stripe,1,succeeded,
ch_0002948,inv_002240,cus_00126,2025-12-05T23:06:00Z,99,EUR,adyen,1,succeeded,
ch_0002949,inv_002241,cus_00126,2026-01-04T11:00:00Z,99,EUR,stripe,1,succeeded,
ch_0002950,inv_002242,cus_00126,2026-02-02T21:53:00Z,99,EUR,stripe,1,succeeded,
ch_0002951,inv_002243,cus_00126,2026-03-03T03:28:00Z,149,EUR,stripe,1,succeeded,
ch_0002952,inv_002244,cus_00126,2026-04-04T09:11:00Z,149,EUR,adyen,1,succeeded,
ch_0002953,inv_002245,cus_00126,2026-05-03T09:43:00Z,149,EUR,stripe,1,succeeded,
ch_0002954,inv_002246,cus_00126,2026-06-02T04:03:00Z,149,EUR,stripe,1,succeeded,
ch_0002955,inv_002247,cus_00126,2026-07-02T23:25:00Z,149,EUR,stripe,1,succeeded,
ch_0002956,inv_002248,cus_00126,2026-08-03T00:47:00Z,149,EUR,stripe,1,succeeded,
ch_0002957,inv_002249,cus_00127,2025-03-05T20:58:00Z,299,EUR,stripe,1,failed,card_declined
ch_0002958,inv_002249,cus_00127,2025-03-10T03:06:00Z,299,EUR,stripe,2,failed,card_declined
ch_0002959,inv_002249,cus_00127,2025-03-15T03:59:00Z,299,EUR,stripe,3,succeeded,
ch_0002960,inv_002250,cus_00127,2025-04-03T02:14:00Z,299,EUR,stripe,1,succeeded,
ch_0002961,inv_002251,cus_00127,2025-05-02T18:11:00Z,299,EUR,adyen,1,succeeded,
ch_0002962,inv_002252,cus_00127,2025-06-02T18:35:00Z,299,EUR,adyen,1,succeeded,
ch_0002963,inv_002253,cus_00127,2025-07-04T16:26:00Z,299,EUR,stripe,1,succeeded,
ch_0002964,inv_002254,cus_00127,2025-08-03T06:53:00Z,299,EUR,stripe,1,succeeded,
ch_0002965,inv_002255,cus_00127,2025-09-03T14:24:00Z,299,EUR,stripe,1,succeeded,
ch_0002966,inv_002256,cus_00127,2025-10-02T19:48:00Z,299,EUR,stripe,1,succeeded,
ch_0002967,inv_002257,cus_00127,2025-11-03T19:30:00Z,299,EUR,adyen,1,succeeded,
ch_0002968,inv_002258,cus_00127,2025-12-03T03:55:00Z,299,EUR,adyen,1,succeeded,
ch_0002969,inv_002259,cus_00127,2026-01-01T04:23:00Z,299,EUR,adyen,1,succeeded,
ch_0002970,inv_002260,cus_00127,2026-02-04T07:00:00Z,299,EUR,stripe,1,succeeded,
ch_0002971,inv_002261,cus_00127,2026-03-02T21:20:00Z,299,EUR,stripe,1,succeeded,
ch_0002972,inv_002262,cus_00127,2026-04-03T07:11:00Z,299,EUR,stripe,1,succeeded,
ch_0002973,inv_002263,cus_00127,2026-05-05T22:28:00Z,299,EUR,stripe,1,succeeded,
ch_0002974,inv_002264,cus_00127,2026-06-02T06:00:00Z,299,EUR,stripe,1,failed,insufficient_funds
ch_0002975,inv_002264,cus_00127,2026-06-05T18:59:00Z,299,EUR,stripe,2,succeeded,
ch_0002976,inv_002265,cus_00127,2026-07-02T16:02:00Z,299,EUR,stripe,1,succeeded,
ch_0002977,inv_002266,cus_00127,2026-08-02T17:23:00Z,299,EUR,stripe,1,succeeded,
ch_0002978,inv_002267,cus_00128,2025-03-02T01:03:00Z,107.61,USD,stripe,1,succeeded,
ch_0002979,inv_002268,cus_00128,2025-04-05T05:25:00Z,107.61,USD,stripe,1,failed,card_declined
ch_0002980,inv_002268,cus_00128,2025-04-08T19:56:00Z,107.61,USD,stripe,2,succeeded,
ch_0002981,inv_002269,cus_00128,2025-05-05T21:07:00Z,107.61,USD,adyen,1,succeeded,
ch_0002982,inv_002270,cus_00128,2025-06-04T19:47:00Z,107.61,USD,adyen,1,succeeded,
ch_0002983,inv_002271,cus_00128,2025-07-04T17:47:00Z,107.61,USD,stripe,1,failed,card_declined
ch_0002984,inv_002271,cus_00128,2025-07-09T07:28:00Z,107.61,USD,stripe,2,failed,do_not_honor
ch_0002985,inv_002271,cus_00128,2025-07-14T18:14:00Z,107.61,USD,stripe,3,succeeded,
ch_0002986,inv_002272,cus_00128,2025-08-02T20:21:00Z,107.61,USD,stripe,1,succeeded,
ch_0002987,inv_002273,cus_00128,2025-09-01T20:24:00Z,107.61,USD,stripe,1,succeeded,
ch_0002988,inv_002274,cus_00128,2025-10-01T19:48:00Z,107.61,USD,adyen,1,succeeded,
ch_0002989,inv_002275,cus_00128,2025-11-03T05:30:00Z,107.61,USD,mollie,1,succeeded,
ch_0002990,inv_002276,cus_00128,2025-12-02T02:04:00Z,107.61,USD,stripe,1,failed,insufficient_funds
ch_0002991,inv_002276,cus_00128,2025-12-05T03:45:00Z,107.61,USD,stripe,2,succeeded,
ch_0002992,inv_002277,cus_00128,2026-01-02T21:54:00Z,107.61,USD,stripe,1,succeeded,
ch_0002993,inv_002278,cus_00128,2026-02-03T00:40:00Z,107.61,USD,stripe,1,succeeded,
ch_0002994,inv_002279,cus_00128,2026-03-03T18:45:00Z,161.96,USD,adyen,1,succeeded,
ch_0002995,inv_002280,cus_00128,2026-04-01T00:23:00Z,161.96,USD,mollie,1,failed,card_declined
ch_0002996,inv_002280,cus_00128,2026-04-06T15:10:00Z,161.96,USD,mollie,2,failed,insufficient_funds
ch_0002997,inv_002280,cus_00128,2026-04-13T23:05:00Z,161.96,USD,mollie,3,failed,insufficient_funds
ch_0002998,inv_002280,cus_00128,2026-04-18T23:38:00Z,161.96,USD,mollie,4,succeeded,
ch_0002999,inv_002281,cus_00128,2026-05-05T09:29:00Z,161.96,USD,stripe,1,succeeded,
ch_0003000,inv_002282,cus_00128,2026-06-04T17:51:00Z,161.96,USD,adyen,1,succeeded,
ch_0003001,inv_002283,cus_00128,2026-07-05T08:46:00Z,161.96,USD,adyen,1,succeeded,
ch_0003002,inv_002284,cus_00128,2026-08-03T06:34:00Z,161.96,USD,adyen,1,succeeded,
ch_0003003,inv_002285,cus_00129,2025-03-05T11:54:00Z,29,EUR,stripe,1,succeeded,
ch_0003004,inv_002286,cus_00129,2025-04-04T00:31:00Z,29,EUR,stripe,1,succeeded,
ch_0003005,inv_002287,cus_00129,2025-05-03T10:17:00Z,29,EUR,adyen,1,failed,card_declined
ch_0003006,inv_002287,cus_00129,2025-05-06T13:21:00Z,29,EUR,adyen,2,failed,insufficient_funds
ch_0003007,inv_002287,cus_00129,2025-05-09T13:24:00Z,29,EUR,adyen,3,failed,card_declined
ch_0003008,inv_002287,cus_00129,2025-05-16T00:55:00Z,29,EUR,adyen,4,succeeded,
ch_0003009,inv_002288,cus_00129,2025-06-04T11:35:00Z,29,EUR,stripe,1,succeeded,
ch_0003010,inv_002289,cus_00129,2025-07-02T02:48:00Z,29,EUR,mollie,1,failed,do_not_honor
ch_0003011,inv_002289,cus_00129,2025-07-09T03:44:00Z,29,EUR,mollie,2,failed,processing_error
ch_0003012,inv_002289,cus_00129,2025-07-16T11:42:00Z,29,EUR,mollie,3,succeeded,
ch_0003013,inv_002290,cus_00129,2025-08-04T09:13:00Z,29,EUR,stripe,1,succeeded,
ch_0003014,inv_002291,cus_00129,2025-09-04T09:46:00Z,29,EUR,mollie,1,failed,card_declined
ch_0003015,inv_002291,cus_00129,2025-09-11T22:44:00Z,29,EUR,mollie,2,failed,card_declined
ch_0003016,inv_002291,cus_00129,2025-09-16T01:49:00Z,29,EUR,mollie,3,succeeded,
ch_0003017,inv_002292,cus_00129,2025-10-03T13:23:00Z,29,EUR,stripe,1,succeeded,
ch_0003018,inv_002293,cus_00129,2025-11-05T00:44:00Z,29,EUR,stripe,1,failed,card_declined
ch_0003019,inv_002293,cus_00129,2025-11-10T23:24:00Z,29,EUR,stripe,2,failed,insufficient_funds
ch_0003020,inv_002293,cus_00129,2025-11-15T20:37:00Z,29,EUR,stripe,3,failed,card_declined
ch_0003021,inv_002293,cus_00129,2025-11-22T22:26:00Z,29,EUR,stripe,4,succeeded,
ch_0003022,inv_002294,cus_00129,2025-12-05T13:26:00Z,29,EUR,stripe,1,succeeded,
ch_0003023,inv_002295,cus_00129,2026-01-02T14:47:00Z,29,EUR,adyen,1,succeeded,
ch_0003024,inv_002296,cus_00129,2026-02-01T08:35:00Z,29,EUR,mollie,1,failed,card_declined
ch_0003025,inv_002296,cus_00129,2026-02-06T17:59:00Z,29,EUR,mollie,2,failed,expired_card
ch_0003026,inv_002296,cus_00129,2026-02-09T23:17:00Z,29,EUR,mollie,3,succeeded,
ch_0003027,inv_002297,cus_00129,2026-03-05T22:31:00Z,29,EUR,stripe,1,succeeded,
ch_0003028,inv_002298,cus_00129,2026-04-03T12:54:00Z,29,EUR,stripe,1,succeeded,
ch_0003029,inv_002299,cus_00129,2026-05-04T16:21:00Z,29,EUR,adyen,1,succeeded,
ch_0003030,inv_002300,cus_00129,2026-06-02T01:55:00Z,29,EUR,adyen,1,succeeded,
ch_0003031,inv_002301,cus_00129,2026-07-01T17:33:00Z,29,EUR,stripe,1,succeeded,
ch_0003032,inv_002302,cus_00129,2026-08-05T03:47:00Z,29,EUR,adyen,1,succeeded,
ch_0003033,inv_002303,cus_00130,2025-03-03T22:48:00Z,299,EUR,stripe,1,failed,card_declined
ch_0003034,inv_002303,cus_00130,2025-03-08T10:38:00Z,299,EUR,stripe,2,failed,insufficient_funds
ch_0003035,inv_002303,cus_00130,2025-03-11T21:29:00Z,299,EUR,stripe,3,failed,card_declined
ch_0003036,inv_002303,cus_00130,2025-03-18T06:20:00Z,299,EUR,stripe,4,failed,do_not_honor
ch_0003037,inv_002304,cus_00130,2025-04-04T17:10:00Z,299,EUR,stripe,1,failed,card_declined
ch_0003038,inv_002304,cus_00130,2025-04-11T09:33:00Z,299,EUR,stripe,2,failed,expired_card
ch_0003039,inv_002304,cus_00130,2025-04-18T09:16:00Z,299,EUR,stripe,3,failed,card_declined
ch_0003040,inv_002304,cus_00130,2025-04-25T14:36:00Z,299,EUR,stripe,4,failed,processing_error
ch_0003041,inv_002305,cus_00130,2025-05-03T01:12:00Z,299,EUR,adyen,1,succeeded,
ch_0003042,inv_002306,cus_00130,2025-06-05T15:45:00Z,299,EUR,stripe,1,succeeded,
ch_0003043,inv_002307,cus_00130,2025-07-04T20:17:00Z,299,EUR,adyen,1,succeeded,
ch_0003044,inv_002308,cus_00130,2025-08-05T01:55:00Z,299,EUR,stripe,1,failed,insufficient_funds
ch_0003045,inv_002308,cus_00130,2025-08-12T15:33:00Z,299,EUR,stripe,2,failed,insufficient_funds
ch_0003046,inv_002308,cus_00130,2025-08-17T13:06:00Z,299,EUR,stripe,3,failed,expired_card
ch_0003047,inv_002308,cus_00130,2025-08-22T05:12:00Z,299,EUR,stripe,4,succeeded,
ch_0003048,inv_002309,cus_00130,2025-09-05T18:51:00Z,299,EUR,mollie,1,succeeded,
ch_0003049,inv_002310,cus_00130,2025-10-04T01:56:00Z,299,EUR,stripe,1,failed,card_declined
ch_0003050,inv_002310,cus_00130,2025-10-11T23:15:00Z,299,EUR,stripe,2,succeeded,
ch_0003051,inv_002311,cus_00130,2025-11-03T07:09:00Z,299,EUR,stripe,1,failed,do_not_honor
ch_0003052,inv_002311,cus_00130,2025-11-06T19:13:00Z,299,EUR,stripe,2,failed,expired_card
ch_0003053,inv_002311,cus_00130,2025-11-09T08:16:00Z,299,EUR,stripe,3,succeeded,
ch_0003054,inv_002312,cus_00130,2025-12-04T23:53:00Z,299,EUR,adyen,1,failed,card_declined
ch_0003055,inv_002312,cus_00130,2025-12-11T02:46:00Z,299,EUR,adyen,2,failed,do_not_honor
ch_0003056,inv_002312,cus_00130,2025-12-16T16:56:00Z,299,EUR,adyen,3,succeeded,
ch_0003057,inv_002313,cus_00130,2026-01-02T19:38:00Z,299,EUR,adyen,1,succeeded,
ch_0003058,inv_002314,cus_00130,2026-02-03T23:40:00Z,299,EUR,stripe,1,failed,insufficient_funds
ch_0003059,inv_002314,cus_00130,2026-02-06T16:34:00Z,299,EUR,stripe,2,failed,card_declined
ch_0003060,inv_002314,cus_00130,2026-02-11T11:46:00Z,299,EUR,stripe,3,failed,processing_error
ch_0003061,inv_002314,cus_00130,2026-02-16T19:25:00Z,299,EUR,stripe,4,succeeded,
ch_0003062,inv_002315,cus_00130,2026-03-04T10:40:00Z,299,EUR,stripe,1,succeeded,
ch_0003063,inv_002316,cus_00130,2026-04-01T10:39:00Z,299,EUR,stripe,1,succeeded,
ch_0003064,inv_002317,cus_00130,2026-05-04T22:52:00Z,299,EUR,stripe,1,succeeded,
ch_0003065,inv_002318,cus_00130,2026-06-01T14:37:00Z,299,EUR,stripe,1,succeeded,
ch_0003066,inv_002319,cus_00130,2026-07-02T14:48:00Z,299,EUR,adyen,1,succeeded,
ch_0003067,inv_002320,cus_00130,2026-08-04T21:28:00Z,299,EUR,adyen,1,succeeded,
ch_0003068,inv_002321,cus_00131,2025-03-04T16:13:00Z,84.62,GBP,stripe,1,succeeded,
ch_0003069,inv_002322,cus_00132,2025-04-01T07:10:00Z,84.62,GBP,mollie,1,succeeded,
ch_0003070,inv_002323,cus_00132,2025-05-01T15:54:00Z,84.62,GBP,mollie,1,succeeded,
ch_0003071,inv_002324,cus_00132,2025-06-04T13:14:00Z,84.62,GBP,stripe,1,succeeded,
ch_0003072,inv_002325,cus_00132,2025-07-02T15:05:00Z,84.62,GBP,stripe,1,succeeded,
ch_0003073,inv_002326,cus_00132,2025-08-05T02:49:00Z,84.62,GBP,stripe,1,failed,card_declined
ch_0003074,inv_002326,cus_00132,2025-08-08T09:15:00Z,84.62,GBP,stripe,2,succeeded,
ch_0003075,inv_002327,cus_00132,2025-09-03T06:39:00Z,84.62,GBP,adyen,1,failed,insufficient_funds
ch_0003076,inv_002327,cus_00132,2025-09-10T01:39:00Z,84.62,GBP,adyen,2,failed,insufficient_funds
ch_0003077,inv_002327,cus_00132,2025-09-17T02:37:00Z,84.62,GBP,adyen,3,failed,card_declined
ch_0003078,inv_002328,cus_00132,2025-10-02T11:45:00Z,84.62,GBP,stripe,1,failed,card_declined
ch_0003079,inv_002328,cus_00132,2025-10-05T14:36:00Z,84.62,GBP,stripe,2,failed,expired_card
ch_0003080,inv_002328,cus_00132,2025-10-08T16:17:00Z,84.62,GBP,stripe,3,failed,do_not_honor
ch_0003081,inv_002328,cus_00132,2025-10-11T03:08:00Z,84.62,GBP,stripe,4,succeeded,
ch_0003082,inv_002329,cus_00132,2025-11-02T12:13:00Z,84.62,GBP,stripe,1,succeeded,
ch_0003083,inv_002330,cus_00132,2025-12-03T04:55:00Z,84.62,GBP,stripe,1,failed,insufficient_funds
ch_0003084,inv_002330,cus_00132,2025-12-08T04:49:00Z,84.62,GBP,stripe,2,failed,card_declined
ch_0003085,inv_002330,cus_00132,2025-12-15T07:51:00Z,84.62,GBP,stripe,3,failed,processing_error
ch_0003086,inv_002330,cus_00132,2025-12-18T00:43:00Z,84.62,GBP,stripe,4,succeeded,
ch_0003087,inv_002331,cus_00132,2026-01-03T13:49:00Z,84.62,GBP,mollie,1,succeeded,
ch_0003088,inv_002332,cus_00132,2026-02-05T02:44:00Z,84.62,GBP,stripe,1,succeeded,
ch_0003089,inv_002333,cus_00132,2026-03-05T10:23:00Z,127.35,GBP,mollie,1,succeeded,
ch_0003090,inv_002334,cus_00132,2026-04-03T08:14:00Z,127.35,GBP,stripe,1,succeeded,
ch_0003091,inv_002335,cus_00132,2026-05-02T15:22:00Z,127.35,GBP,adyen,1,succeeded,
ch_0003092,inv_002336,cus_00132,2026-06-05T23:14:00Z,127.35,GBP,stripe,1,failed,insufficient_funds
ch_0003093,inv_002336,cus_00132,2026-06-08T11:18:00Z,127.35,GBP,stripe,2,failed,do_not_honor
ch_0003094,inv_002336,cus_00132,2026-06-15T02:17:00Z,127.35,GBP,stripe,3,failed,card_declined
ch_0003095,inv_002337,cus_00132,2026-07-01T15:04:00Z,127.35,GBP,stripe,1,succeeded,
ch_0003096,inv_002338,cus_00132,2026-08-05T06:26:00Z,127.35,GBP,adyen,1,succeeded,
ch_0003097,inv_002339,cus_00133,2025-04-03T13:47:00Z,329.55,SEK,stripe,1,succeeded,
ch_0003098,inv_002340,cus_00133,2025-05-04T05:24:00Z,329.55,SEK,stripe,1,succeeded,
ch_0003099,inv_002341,cus_00133,2025-06-02T16:59:00Z,329.55,SEK,stripe,1,succeeded,
ch_0003100,inv_002342,cus_00133,2025-07-02T15:37:00Z,329.55,SEK,mollie,1,succeeded,
ch_0003101,inv_002343,cus_00133,2025-08-05T13:57:00Z,329.55,SEK,stripe,1,succeeded,
ch_0003102,inv_002344,cus_00133,2025-09-01T17:05:00Z,329.55,SEK,stripe,1,succeeded,
ch_0003103,inv_002345,cus_00133,2025-10-05T13:21:00Z,329.55,SEK,stripe,1,succeeded,
ch_0003104,inv_002346,cus_00133,2025-11-03T23:45:00Z,329.55,SEK,stripe,1,succeeded,
ch_0003105,inv_002347,cus_00133,2025-12-05T03:13:00Z,329.55,SEK,stripe,1,succeeded,
ch_0003106,inv_002348,cus_00133,2026-01-02T16:18:00Z,329.55,SEK,stripe,1,succeeded,
ch_0003107,inv_002349,cus_00133,2026-02-04T13:40:00Z,329.55,SEK,stripe,1,failed,do_not_honor
ch_0003108,inv_002349,cus_00133,2026-02-11T03:57:00Z,329.55,SEK,stripe,2,succeeded,
ch_0003109,inv_002350,cus_00133,2026-03-01T13:34:00Z,329.55,SEK,stripe,1,succeeded,
ch_0003110,inv_002351,cus_00133,2026-04-04T06:28:00Z,329.55,SEK,adyen,1,succeeded,
ch_0003111,inv_002352,cus_00133,2026-05-02T13:37:00Z,329.55,SEK,stripe,1,succeeded,
ch_0003112,inv_002353,cus_00133,2026-06-05T10:23:00Z,329.55,SEK,stripe,1,succeeded,
ch_0003113,inv_002354,cus_00133,2026-07-02T03:14:00Z,329.55,SEK,mollie,1,succeeded,
ch_0003114,inv_002355,cus_00133,2026-08-03T23:58:00Z,329.55,SEK,adyen,1,succeeded,
ch_0003115,inv_002356,cus_00134,2025-04-04T21:34:00Z,27.62,CHF,stripe,1,succeeded,
ch_0003116,inv_002357,cus_00134,2025-05-03T11:05:00Z,27.62,CHF,adyen,1,succeeded,
ch_0003117,inv_002358,cus_00134,2025-06-02T09:59:00Z,27.62,CHF,stripe,1,failed,do_not_honor
ch_0003118,inv_002358,cus_00134,2025-06-07T07:55:00Z,27.62,CHF,stripe,2,failed,expired_card
ch_0003119,inv_002358,cus_00134,2025-06-14T11:17:00Z,27.62,CHF,stripe,3,succeeded,
ch_0003120,inv_002359,cus_00134,2025-07-04T19:21:00Z,27.62,CHF,adyen,1,failed,expired_card
ch_0003121,inv_002359,cus_00134,2025-07-07T20:05:00Z,27.62,CHF,adyen,2,succeeded,
ch_0003122,inv_002360,cus_00134,2025-08-03T12:48:00Z,27.62,CHF,stripe,1,failed,card_declined
ch_0003123,inv_002360,cus_00134,2025-08-08T08:02:00Z,27.62,CHF,stripe,2,succeeded,
ch_0003124,inv_002361,cus_00134,2025-09-05T21:58:00Z,27.62,CHF,stripe,1,succeeded,
ch_0003125,inv_002362,cus_00134,2025-10-05T12:46:00Z,27.62,CHF,stripe,1,succeeded,
ch_0003126,inv_002363,cus_00134,2025-11-03T14:22:00Z,27.62,CHF,stripe,1,succeeded,
ch_0003127,inv_002364,cus_00134,2025-12-01T10:03:00Z,27.62,CHF,stripe,1,succeeded,
ch_0003128,inv_002365,cus_00134,2026-01-04T14:24:00Z,27.62,CHF,mollie,1,succeeded,
ch_0003129,inv_002366,cus_00134,2026-02-04T21:16:00Z,27.62,CHF,adyen,1,succeeded,
ch_0003130,inv_002367,cus_00134,2026-03-05T05:27:00Z,27.62,CHF,stripe,1,succeeded,
ch_0003131,inv_002368,cus_00134,2026-04-05T08:21:00Z,27.62,CHF,stripe,1,failed,card_declined
ch_0003132,inv_002368,cus_00134,2026-04-08T22:40:00Z,27.62,CHF,stripe,2,failed,do_not_honor
ch_0003133,inv_002368,cus_00134,2026-04-13T22:22:00Z,27.62,CHF,stripe,3,failed,card_declined
ch_0003134,inv_002368,cus_00134,2026-04-20T17:41:00Z,27.62,CHF,stripe,4,failed,insufficient_funds
ch_0003135,inv_002369,cus_00134,2026-05-05T11:29:00Z,27.62,CHF,adyen,1,succeeded,
ch_0003136,inv_002370,cus_00134,2026-06-03T04:45:00Z,27.62,CHF,stripe,1,succeeded,
ch_0003137,inv_002371,cus_00134,2026-07-03T11:53:00Z,27.62,CHF,adyen,1,succeeded,
ch_0003138,inv_002372,cus_00134,2026-08-05T15:50:00Z,27.62,CHF,stripe,1,succeeded,
ch_0003139,inv_002373,cus_00135,2025-04-01T11:04:00Z,99,EUR,stripe,1,succeeded,
ch_0003140,inv_002374,cus_00135,2025-05-03T08:07:00Z,99,EUR,stripe,1,failed,do_not_honor
ch_0003141,inv_002374,cus_00135,2025-05-06T22:27:00Z,99,EUR,stripe,2,succeeded,
ch_0003142,inv_002375,cus_00135,2025-06-01T19:21:00Z,99,EUR,stripe,1,succeeded,
ch_0003143,inv_002376,cus_00135,2025-07-01T14:12:00Z,99,EUR,mollie,1,succeeded,
ch_0003144,inv_002377,cus_00135,2025-08-03T21:00:00Z,99,EUR,adyen,1,succeeded,
ch_0003145,inv_002378,cus_00135,2025-09-02T01:05:00Z,99,EUR,stripe,1,succeeded,
ch_0003146,inv_002379,cus_00135,2025-10-05T19:27:00Z,99,EUR,adyen,1,succeeded,
ch_0003147,inv_002380,cus_00135,2025-11-03T08:30:00Z,99,EUR,stripe,1,succeeded,
ch_0003148,inv_002381,cus_00135,2025-12-03T07:51:00Z,99,EUR,mollie,1,succeeded,
ch_0003149,inv_002382,cus_00135,2026-01-03T05:22:00Z,99,EUR,stripe,1,succeeded,
ch_0003150,inv_002383,cus_00135,2026-02-01T17:04:00Z,99,EUR,stripe,1,succeeded,
ch_0003151,inv_002384,cus_00135,2026-03-01T08:47:00Z,149,EUR,mollie,1,succeeded,
ch_0003152,inv_002385,cus_00135,2026-04-04T00:46:00Z,149,EUR,mollie,1,succeeded,
ch_0003153,inv_002386,cus_00135,2026-05-01T06:42:00Z,149,EUR,stripe,1,succeeded,
ch_0003154,inv_002387,cus_00135,2026-06-02T03:25:00Z,149,EUR,stripe,1,succeeded,
ch_0003155,inv_002388,cus_00135,2026-07-02T19:59:00Z,149,EUR,stripe,1,succeeded,
ch_0003156,inv_002389,cus_00135,2026-08-04T05:30:00Z,149,EUR,stripe,1,failed,card_declined
ch_0003157,inv_002389,cus_00135,2026-08-11T17:42:00Z,149,EUR,stripe,2,failed,card_declined
ch_0003158,inv_002389,cus_00135,2026-08-14T10:04:00Z,149,EUR,stripe,3,succeeded,
ch_0003159,inv_002390,cus_00136,2025-04-02T04:46:00Z,99,EUR,stripe,1,succeeded,
ch_0003160,inv_002391,cus_00136,2025-05-01T02:11:00Z,99,EUR,stripe,1,succeeded,
ch_0003161,inv_002392,cus_00136,2025-06-03T00:44:00Z,99,EUR,adyen,1,succeeded,
ch_0003162,inv_002393,cus_00136,2025-07-05T05:09:00Z,99,EUR,stripe,1,succeeded,
ch_0003163,inv_002394,cus_00136,2025-08-04T13:21:00Z,99,EUR,stripe,1,failed,do_not_honor
ch_0003164,inv_002394,cus_00136,2025-08-09T23:09:00Z,99,EUR,stripe,2,failed,processing_error
ch_0003165,inv_002394,cus_00136,2025-08-14T15:27:00Z,99,EUR,stripe,3,succeeded,
ch_0003166,inv_002395,cus_00136,2025-09-04T00:12:00Z,99,EUR,adyen,1,succeeded,
ch_0003167,inv_002396,cus_00136,2025-10-03T11:24:00Z,99,EUR,mollie,1,succeeded,
ch_0003168,inv_002397,cus_00136,2025-11-02T00:46:00Z,99,EUR,mollie,1,succeeded,
ch_0003169,inv_002398,cus_00136,2025-12-03T08:00:00Z,99,EUR,stripe,1,failed,insufficient_funds
ch_0003170,inv_002398,cus_00136,2025-12-06T14:38:00Z,99,EUR,stripe,2,failed,insufficient_funds
ch_0003171,inv_002398,cus_00136,2025-12-09T16:42:00Z,99,EUR,stripe,3,failed,insufficient_funds
ch_0003172,inv_002398,cus_00136,2025-12-14T01:07:00Z,99,EUR,stripe,4,failed,card_declined
ch_0003173,inv_002399,cus_00136,2026-01-03T07:07:00Z,99,EUR,mollie,1,succeeded,
ch_0003174,inv_002400,cus_00136,2026-02-04T12:53:00Z,99,EUR,stripe,1,succeeded,
ch_0003175,inv_002401,cus_00136,2026-03-03T13:01:00Z,149,EUR,mollie,1,succeeded,
ch_0003176,inv_002402,cus_00136,2026-04-05T13:31:00Z,149,EUR,stripe,1,succeeded,
ch_0003177,inv_002403,cus_00136,2026-05-04T19:59:00Z,149,EUR,adyen,1,succeeded,
ch_0003178,inv_002404,cus_00136,2026-06-03T11:11:00Z,149,EUR,adyen,1,succeeded,
ch_0003179,inv_002405,cus_00136,2026-07-04T14:56:00Z,149,EUR,stripe,1,succeeded,
ch_0003180,inv_002406,cus_00136,2026-08-02T23:14:00Z,149,EUR,stripe,1,failed,card_declined
ch_0003181,inv_002406,cus_00136,2026-08-05T08:05:00Z,149,EUR,stripe,2,failed,card_declined
ch_0003182,inv_002407,cus_00137,2025-04-05T06:41:00Z,29,EUR,stripe,1,succeeded,
ch_0003183,inv_002408,cus_00137,2025-05-02T16:17:00Z,29,EUR,mollie,1,succeeded,
ch_0003184,inv_002409,cus_00137,2025-06-03T08:09:00Z,29,EUR,mollie,1,failed,insufficient_funds
ch_0003185,inv_002409,cus_00137,2025-06-10T11:00:00Z,29,EUR,mollie,2,succeeded,
ch_0003186,inv_002410,cus_00137,2025-07-01T03:34:00Z,29,EUR,stripe,1,succeeded,
ch_0003187,inv_002411,cus_00138,2025-04-02T14:47:00Z,99,EUR,stripe,1,succeeded,
ch_0003188,inv_002412,cus_00138,2025-05-05T22:51:00Z,99,EUR,stripe,1,succeeded,
ch_0003189,inv_002413,cus_00138,2025-06-02T22:01:00Z,99,EUR,stripe,1,succeeded,
ch_0003190,inv_002414,cus_00138,2025-07-04T07:47:00Z,99,EUR,stripe,1,failed,card_declined
ch_0003191,inv_002414,cus_00138,2025-07-07T12:50:00Z,99,EUR,stripe,2,failed,card_declined
ch_0003192,inv_002414,cus_00138,2025-07-12T22:41:00Z,99,EUR,stripe,3,failed,card_declined
ch_0003193,inv_002415,cus_00138,2025-08-02T23:55:00Z,99,EUR,stripe,1,succeeded,
ch_0003194,inv_002416,cus_00138,2025-09-02T23:42:00Z,99,EUR,adyen,1,succeeded,
ch_0003195,inv_002417,cus_00138,2025-10-01T13:08:00Z,99,EUR,stripe,1,succeeded,
ch_0003196,inv_002418,cus_00138,2025-11-05T01:57:00Z,99,EUR,stripe,1,succeeded,
ch_0003197,inv_002419,cus_00138,2025-12-04T08:37:00Z,99,EUR,mollie,1,succeeded,
ch_0003198,inv_002420,cus_00138,2026-01-04T00:43:00Z,99,EUR,stripe,1,succeeded,
ch_0003199,inv_002421,cus_00138,2026-02-04T08:20:00Z,99,EUR,stripe,1,failed,insufficient_funds
ch_0003200,inv_002421,cus_00138,2026-02-09T03:33:00Z,99,EUR,stripe,2,failed,insufficient_funds
ch_0003201,inv_002421,cus_00138,2026-02-16T13:05:00Z,99,EUR,stripe,3,failed,card_declined
ch_0003202,inv_002421,cus_00138,2026-02-19T20:17:00Z,99,EUR,stripe,4,succeeded,
ch_0003203,inv_002422,cus_00138,2026-03-03T10:38:00Z,149,EUR,adyen,1,succeeded,
ch_0003204,inv_002423,cus_00138,2026-04-01T07:12:00Z,149,EUR,mollie,1,succeeded,
ch_0003205,inv_002424,cus_00138,2026-05-05T07:39:00Z,149,EUR,mollie,1,succeeded,
ch_0003206,inv_002425,cus_00138,2026-06-05T17:42:00Z,149,EUR,mollie,1,succeeded,
ch_0003207,inv_002426,cus_00138,2026-07-03T10:44:00Z,149,EUR,stripe,1,succeeded,
ch_0003208,inv_002427,cus_00138,2026-08-04T05:23:00Z,149,EUR,stripe,1,succeeded,
ch_0003209,inv_002428,cus_00139,2025-04-05T18:05:00Z,107.61,USD,adyen,1,succeeded,
ch_0003210,inv_002429,cus_00139,2025-05-03T08:55:00Z,107.61,USD,stripe,1,failed,card_declined
ch_0003211,inv_002429,cus_00139,2025-05-06T03:34:00Z,107.61,USD,stripe,2,failed,expired_card
ch_0003212,inv_002429,cus_00139,2025-05-09T17:24:00Z,107.61,USD,stripe,3,failed,card_declined
ch_0003213,inv_002429,cus_00139,2025-05-12T17:35:00Z,107.61,USD,stripe,4,succeeded,
ch_0003214,inv_002430,cus_00139,2025-06-03T18:51:00Z,107.61,USD,adyen,1,succeeded,
ch_0003215,inv_002431,cus_00139,2025-07-04T09:53:00Z,107.61,USD,mollie,1,succeeded,
ch_0003216,inv_002432,cus_00139,2025-08-03T00:47:00Z,107.61,USD,stripe,1,failed,insufficient_funds
ch_0003217,inv_002432,cus_00139,2025-08-06T11:17:00Z,107.61,USD,stripe,2,failed,card_declined
ch_0003218,inv_002432,cus_00139,2025-08-11T14:53:00Z,107.61,USD,stripe,3,succeeded,
ch_0003219,inv_002433,cus_00139,2025-09-05T14:27:00Z,107.61,USD,stripe,1,succeeded,
ch_0003220,inv_002434,cus_00139,2025-10-04T16:58:00Z,107.61,USD,stripe,1,failed,card_declined
ch_0003221,inv_002434,cus_00139,2025-10-07T02:11:00Z,107.61,USD,stripe,2,succeeded,
ch_0003222,inv_002435,cus_00139,2025-11-03T14:43:00Z,107.61,USD,stripe,1,failed,processing_error
ch_0003223,inv_002435,cus_00139,2025-11-10T11:27:00Z,107.61,USD,stripe,2,failed,do_not_honor
ch_0003224,inv_002435,cus_00139,2025-11-17T03:15:00Z,107.61,USD,stripe,3,failed,processing_error
ch_0003225,inv_002435,cus_00139,2025-11-22T19:37:00Z,107.61,USD,stripe,4,succeeded,
ch_0003226,inv_002436,cus_00139,2025-12-04T03:13:00Z,107.61,USD,stripe,1,succeeded,
ch_0003227,inv_002437,cus_00139,2026-01-04T04:11:00Z,107.61,USD,adyen,1,succeeded,
ch_0003228,inv_002438,cus_00139,2026-02-04T15:31:00Z,107.61,USD,stripe,1,succeeded,
ch_0003229,inv_002439,cus_00139,2026-03-04T21:09:00Z,161.96,USD,stripe,1,succeeded,
ch_0003230,inv_002440,cus_00140,2025-04-05T06:29:00Z,107.61,USD,adyen,1,succeeded,
ch_0003231,inv_002441,cus_00140,2025-05-01T04:29:00Z,107.61,USD,stripe,1,succeeded,
ch_0003232,inv_002442,cus_00140,2025-06-01T11:31:00Z,107.61,USD,stripe,1,failed,insufficient_funds
ch_0003233,inv_002442,cus_00140,2025-06-08T16:12:00Z,107.61,USD,stripe,2,failed,card_declined
ch_0003234,inv_002442,cus_00140,2025-06-11T12:02:00Z,107.61,USD,stripe,3,succeeded,
ch_0003235,inv_002443,cus_00140,2025-07-03T17:18:00Z,107.61,USD,adyen,1,succeeded,
ch_0003236,inv_002444,cus_00140,2025-08-03T21:41:00Z,107.61,USD,adyen,1,succeeded,
ch_0003237,inv_002445,cus_00140,2025-09-03T17:03:00Z,107.61,USD,mollie,1,succeeded,
ch_0003238,inv_002446,cus_00140,2025-10-03T02:11:00Z,107.61,USD,adyen,1,succeeded,
ch_0003239,inv_002447,cus_00140,2025-11-03T13:59:00Z,107.61,USD,stripe,1,succeeded,
ch_0003240,inv_002448,cus_00140,2025-12-05T13:56:00Z,107.61,USD,stripe,1,succeeded,
ch_0003241,inv_002449,cus_00140,2026-01-05T02:01:00Z,107.61,USD,adyen,1,failed,card_declined
ch_0003242,inv_002449,cus_00140,2026-01-10T21:24:00Z,107.61,USD,adyen,2,failed,expired_card
ch_0003243,inv_002449,cus_00140,2026-01-13T01:59:00Z,107.61,USD,adyen,3,failed,insufficient_funds
ch_0003244,inv_002449,cus_00140,2026-01-18T04:17:00Z,107.61,USD,adyen,4,succeeded,
ch_0003245,inv_002450,cus_00140,2026-02-04T04:08:00Z,107.61,USD,stripe,1,failed,insufficient_funds
ch_0003246,inv_002450,cus_00140,2026-02-07T11:50:00Z,107.61,USD,stripe,2,succeeded,
ch_0003247,inv_002452,cus_00141,2025-05-01T09:20:00Z,84.62,GBP,stripe,1,succeeded,
ch_0003248,inv_002453,cus_00141,2025-06-03T17:41:00Z,84.62,GBP,stripe,1,succeeded,
ch_0003249,inv_002454,cus_00141,2025-07-04T19:26:00Z,84.62,GBP,stripe,1,succeeded,
ch_0003250,inv_002455,cus_00141,2025-08-04T22:41:00Z,84.62,GBP,mollie,1,succeeded,
ch_0003251,inv_002456,cus_00141,2025-09-01T10:29:00Z,84.62,GBP,adyen,1,succeeded,
ch_0003252,inv_002457,cus_00141,2025-10-02T19:57:00Z,84.62,GBP,adyen,1,succeeded,
ch_0003253,inv_002458,cus_00141,2025-11-03T13:08:00Z,84.62,GBP,stripe,1,succeeded,
ch_0003254,inv_002459,cus_00141,2025-12-05T00:17:00Z,84.62,GBP,stripe,1,succeeded,
ch_0003255,inv_002460,cus_00141,2026-01-02T14:37:00Z,84.62,GBP,stripe,1,succeeded,
ch_0003256,inv_002461,cus_00141,2026-02-01T16:04:00Z,84.62,GBP,stripe,1,succeeded,
ch_0003257,inv_002462,cus_00141,2026-03-03T05:23:00Z,127.35,GBP,stripe,1,succeeded,
ch_0003258,inv_002464,cus_00141,2026-05-03T21:58:00Z,127.35,GBP,stripe,1,succeeded,
ch_0003259,inv_002465,cus_00141,2026-06-03T11:16:00Z,127.35,GBP,adyen,1,failed,do_not_honor
ch_0003260,inv_002465,cus_00141,2026-06-06T22:07:00Z,127.35,GBP,adyen,2,failed,insufficient_funds
ch_0003261,inv_002465,cus_00141,2026-06-13T05:08:00Z,127.35,GBP,adyen,3,succeeded,
ch_0003262,inv_002466,cus_00141,2026-07-02T23:44:00Z,127.35,GBP,adyen,1,succeeded,
ch_0003263,inv_002467,cus_00141,2026-08-04T02:57:00Z,127.35,GBP,adyen,1,succeeded,
ch_0003264,inv_002468,cus_00142,2025-04-03T02:59:00Z,99,EUR,mollie,1,succeeded,
ch_0003265,inv_002469,cus_00142,2025-05-05T00:26:00Z,99,EUR,stripe,1,succeeded,
ch_0003266,inv_002470,cus_00142,2025-06-05T18:30:00Z,99,EUR,stripe,1,succeeded,
ch_0003267,inv_002471,cus_00142,2025-07-05T07:47:00Z,99,EUR,stripe,1,succeeded,
ch_0003268,inv_002472,cus_00142,2025-08-03T08:06:00Z,99,EUR,mollie,1,succeeded,
ch_0003269,inv_002473,cus_00142,2025-09-02T09:01:00Z,99,EUR,stripe,1,succeeded,
ch_0003270,inv_002474,cus_00142,2025-10-05T14:46:00Z,99,EUR,stripe,1,succeeded,
ch_0003271,inv_002475,cus_00142,2025-11-01T12:01:00Z,99,EUR,stripe,1,failed,card_declined
ch_0003272,inv_002475,cus_00142,2025-11-08T02:04:00Z,99,EUR,stripe,2,failed,insufficient_funds
ch_0003273,inv_002475,cus_00142,2025-11-15T09:42:00Z,99,EUR,stripe,3,failed,card_declined
ch_0003274,inv_002475,cus_00142,2025-11-18T19:10:00Z,99,EUR,stripe,4,succeeded,
ch_0003275,inv_002476,cus_00142,2025-12-01T03:50:00Z,99,EUR,adyen,1,failed,processing_error
ch_0003276,inv_002476,cus_00142,2025-12-08T19:23:00Z,99,EUR,adyen,2,failed,expired_card
ch_0003277,inv_002476,cus_00142,2025-12-15T14:03:00Z,99,EUR,adyen,3,succeeded,
ch_0003278,inv_002477,cus_00142,2026-01-05T09:58:00Z,99,EUR,adyen,1,succeeded,
ch_0003279,inv_002478,cus_00142,2026-02-05T18:22:00Z,99,EUR,stripe,1,succeeded,
ch_0003280,inv_002479,cus_00142,2026-03-02T09:33:00Z,149,EUR,stripe,1,failed,insufficient_funds
ch_0003281,inv_002479,cus_00142,2026-03-09T06:32:00Z,149,EUR,stripe,2,succeeded,
ch_0003282,inv_002481,cus_00143,2025-04-05T08:51:00Z,99,EUR,stripe,1,succeeded,
ch_0003283,inv_002482,cus_00143,2025-05-04T21:04:00Z,99,EUR,stripe,1,succeeded,
ch_0003284,inv_002483,cus_00143,2025-06-03T21:52:00Z,99,EUR,stripe,1,succeeded,
ch_0003285,inv_002484,cus_00143,2025-07-04T17:48:00Z,99,EUR,mollie,1,succeeded,
ch_0003286,inv_002485,cus_00143,2025-08-04T00:28:00Z,99,EUR,stripe,1,succeeded,
ch_0003287,inv_002486,cus_00143,2025-09-04T12:54:00Z,99,EUR,stripe,1,failed,do_not_honor
ch_0003288,inv_002486,cus_00143,2025-09-11T11:22:00Z,99,EUR,stripe,2,failed,insufficient_funds
ch_0003289,inv_002486,cus_00143,2025-09-16T05:57:00Z,99,EUR,stripe,3,succeeded,
ch_0003290,inv_002487,cus_00143,2025-10-02T13:51:00Z,99,EUR,stripe,1,succeeded,
ch_0003291,inv_002488,cus_00143,2025-11-04T18:53:00Z,99,EUR,mollie,1,succeeded,
ch_0003292,inv_002489,cus_00143,2025-12-03T08:58:00Z,99,EUR,mollie,1,succeeded,
ch_0003293,inv_002490,cus_00143,2026-01-02T10:40:00Z,99,EUR,stripe,1,succeeded,
ch_0003294,inv_002491,cus_00143,2026-02-02T21:38:00Z,99,EUR,stripe,1,succeeded,
ch_0003295,inv_002492,cus_00143,2026-03-05T15:58:00Z,149,EUR,stripe,1,succeeded,
ch_0003296,inv_002493,cus_00143,2026-04-04T16:01:00Z,149,EUR,stripe,1,succeeded,
ch_0003297,inv_002494,cus_00143,2026-05-01T09:33:00Z,149,EUR,stripe,1,failed,card_declined
ch_0003298,inv_002494,cus_00143,2026-05-06T20:24:00Z,149,EUR,stripe,2,failed,do_not_honor
ch_0003299,inv_002494,cus_00143,2026-05-13T17:40:00Z,149,EUR,stripe,3,failed,card_declined
ch_0003300,inv_002494,cus_00143,2026-05-18T04:07:00Z,149,EUR,stripe,4,succeeded,
ch_0003301,inv_002495,cus_00143,2026-06-05T12:41:00Z,149,EUR,mollie,1,failed,insufficient_funds
ch_0003302,inv_002495,cus_00143,2026-06-10T07:38:00Z,149,EUR,mollie,2,failed,expired_card
ch_0003303,inv_002495,cus_00143,2026-06-13T18:22:00Z,149,EUR,mollie,3,succeeded,
ch_0003304,inv_002496,cus_00143,2026-07-03T02:40:00Z,149,EUR,stripe,1,failed,card_declined
ch_0003305,inv_002496,cus_00143,2026-07-10T21:14:00Z,149,EUR,stripe,2,failed,do_not_honor
ch_0003306,inv_002496,cus_00143,2026-07-13T15:48:00Z,149,EUR,stripe,3,failed,card_declined
ch_0003307,inv_002496,cus_00143,2026-07-16T23:32:00Z,149,EUR,stripe,4,failed,processing_error
ch_0003308,inv_002497,cus_00143,2026-08-05T21:01:00Z,149,EUR,stripe,1,succeeded,
ch_0003309,inv_002498,cus_00144,2025-04-04T22:42:00Z,29,EUR,stripe,1,failed,card_declined
ch_0003310,inv_002498,cus_00144,2025-04-09T15:08:00Z,29,EUR,stripe,2,failed,do_not_honor
ch_0003311,inv_002498,cus_00144,2025-04-16T14:50:00Z,29,EUR,stripe,3,failed,processing_error
ch_0003312,inv_002499,cus_00144,2025-05-03T22:25:00Z,29,EUR,stripe,1,failed,card_declined
ch_0003313,inv_002499,cus_00144,2025-05-08T06:59:00Z,29,EUR,stripe,2,succeeded,
ch_0003314,inv_002500,cus_00144,2025-06-04T10:01:00Z,29,EUR,adyen,1,succeeded,
ch_0003315,inv_002501,cus_00144,2025-07-03T15:07:00Z,29,EUR,adyen,1,succeeded,
ch_0003316,inv_002502,cus_00144,2025-08-04T07:12:00Z,29,EUR,adyen,1,succeeded,
ch_0003317,inv_002503,cus_00144,2025-09-03T20:11:00Z,29,EUR,stripe,1,succeeded,
ch_0003318,inv_002504,cus_00145,2025-04-01T08:12:00Z,299,EUR,mollie,1,succeeded,
ch_0003319,inv_002505,cus_00145,2025-05-02T03:13:00Z,299,EUR,adyen,1,failed,processing_error
ch_0003320,inv_002505,cus_00145,2025-05-07T11:19:00Z,299,EUR,adyen,2,failed,card_declined
ch_0003321,inv_002505,cus_00145,2025-05-14T22:19:00Z,299,EUR,adyen,3,failed,insufficient_funds
ch_0003322,inv_002505,cus_00145,2025-05-21T05:30:00Z,299,EUR,adyen,4,succeeded,
ch_0003323,inv_002506,cus_00145,2025-06-01T21:10:00Z,299,EUR,stripe,1,succeeded,
ch_0003324,inv_002507,cus_00145,2025-07-02T02:48:00Z,299,EUR,mollie,1,succeeded,
ch_0003325,inv_002508,cus_00145,2025-08-04T04:52:00Z,299,EUR,stripe,1,succeeded,
ch_0003326,inv_002509,cus_00145,2025-09-04T20:47:00Z,299,EUR,stripe,1,succeeded,
ch_0003327,inv_002510,cus_00145,2025-10-05T11:18:00Z,299,EUR,stripe,1,succeeded,
ch_0003328,inv_002511,cus_00145,2025-11-02T18:31:00Z,299,EUR,stripe,1,succeeded,
ch_0003329,inv_002512,cus_00145,2025-12-04T19:59:00Z,299,EUR,stripe,1,succeeded,
ch_0003330,inv_002513,cus_00145,2026-01-04T12:08:00Z,299,EUR,mollie,1,failed,card_declined
ch_0003331,inv_002513,cus_00145,2026-01-07T17:32:00Z,299,EUR,mollie,2,failed,expired_card
ch_0003332,inv_002513,cus_00145,2026-01-12T07:37:00Z,299,EUR,mollie,3,failed,expired_card
ch_0003333,inv_002514,cus_00145,2026-02-02T13:14:00Z,299,EUR,adyen,1,succeeded,
ch_0003334,inv_002515,cus_00145,2026-03-05T14:36:00Z,299,EUR,stripe,1,succeeded,
ch_0003335,inv_002516,cus_00145,2026-04-01T07:23:00Z,299,EUR,mollie,1,succeeded,
ch_0003336,inv_002517,cus_00145,2026-05-03T02:04:00Z,299,EUR,stripe,1,succeeded,
ch_0003337,inv_002518,cus_00145,2026-06-05T16:05:00Z,299,EUR,stripe,1,succeeded,
ch_0003338,inv_002519,cus_00145,2026-07-01T01:31:00Z,299,EUR,adyen,1,failed,card_declined
ch_0003339,inv_002519,cus_00145,2026-07-04T02:45:00Z,299,EUR,adyen,2,failed,expired_card
ch_0003340,inv_002519,cus_00145,2026-07-09T22:23:00Z,299,EUR,adyen,3,failed,insufficient_funds
ch_0003341,inv_002519,cus_00145,2026-07-16T14:27:00Z,299,EUR,adyen,4,succeeded,
ch_0003342,inv_002520,cus_00145,2026-08-01T22:15:00Z,299,EUR,stripe,1,succeeded,
ch_0003343,inv_002521,cus_00146,2025-04-02T15:06:00Z,299,EUR,stripe,1,succeeded,
ch_0003344,inv_002522,cus_00146,2025-05-03T13:04:00Z,299,EUR,mollie,1,succeeded,
ch_0003345,inv_002523,cus_00146,2025-06-03T17:31:00Z,299,EUR,mollie,1,succeeded,
ch_0003346,inv_002524,cus_00146,2025-07-03T19:02:00Z,299,EUR,adyen,1,succeeded,
ch_0003347,inv_002525,cus_00146,2025-08-04T09:22:00Z,299,EUR,stripe,1,succeeded,
ch_0003348,inv_002526,cus_00146,2025-09-02T11:38:00Z,299,EUR,adyen,1,succeeded,
ch_0003349,inv_002527,cus_00146,2025-10-04T09:57:00Z,299,EUR,stripe,1,succeeded,
ch_0003350,inv_002528,cus_00146,2025-11-05T05:51:00Z,299,EUR,stripe,1,succeeded,
ch_0003351,inv_002529,cus_00146,2025-12-05T15:30:00Z,299,EUR,stripe,1,failed,card_declined
ch_0003352,inv_002529,cus_00146,2025-12-10T11:17:00Z,299,EUR,stripe,2,failed,do_not_honor
ch_0003353,inv_002529,cus_00146,2025-12-13T05:47:00Z,299,EUR,stripe,3,failed,card_declined
ch_0003354,inv_002529,cus_00146,2025-12-18T12:07:00Z,299,EUR,stripe,4,succeeded,
ch_0003355,inv_002530,cus_00146,2026-01-01T00:28:00Z,299,EUR,adyen,1,failed,expired_card
ch_0003356,inv_002530,cus_00146,2026-01-08T00:52:00Z,299,EUR,adyen,2,failed,insufficient_funds
ch_0003357,inv_002530,cus_00146,2026-01-11T16:44:00Z,299,EUR,adyen,3,failed,do_not_honor
ch_0003358,inv_002530,cus_00146,2026-01-18T17:37:00Z,299,EUR,adyen,4,succeeded,
ch_0003359,inv_002531,cus_00146,2026-02-04T22:50:00Z,299,EUR,stripe,1,succeeded,
ch_0003360,inv_002532,cus_00146,2026-03-01T22:03:00Z,299,EUR,mollie,1,succeeded,
ch_0003361,inv_002533,cus_00146,2026-04-05T23:39:00Z,299,EUR,adyen,1,succeeded,
ch_0003362,inv_002534,cus_00146,2026-05-03T00:48:00Z,299,EUR,stripe,1,succeeded,
ch_0003363,inv_002535,cus_00146,2026-06-04T02:49:00Z,299,EUR,stripe,1,succeeded,
ch_0003364,inv_002536,cus_00146,2026-07-03T11:54:00Z,299,EUR,adyen,1,succeeded,
ch_0003365,inv_002537,cus_00146,2026-08-05T09:55:00Z,299,EUR,adyen,1,succeeded,
ch_0003366,inv_002538,cus_00147,2025-04-03T18:24:00Z,31.52,USD,adyen,1,succeeded,
ch_0003367,inv_002539,cus_00147,2025-05-04T16:18:00Z,31.52,USD,stripe,1,succeeded,
ch_0003368,inv_002540,cus_00147,2025-06-02T17:20:00Z,31.52,USD,stripe,1,succeeded,
ch_0003369,inv_002541,cus_00147,2025-07-04T19:31:00Z,31.52,USD,mollie,1,failed,insufficient_funds
ch_0003370,inv_002541,cus_00147,2025-07-09T23:38:00Z,31.52,USD,mollie,2,succeeded,
ch_0003371,inv_002542,cus_00147,2025-08-03T15:33:00Z,31.52,USD,adyen,1,succeeded,
ch_0003372,inv_002543,cus_00147,2025-09-04T16:39:00Z,31.52,USD,adyen,1,succeeded,
ch_0003373,inv_002544,cus_00148,2025-04-01T13:57:00Z,1085.87,USD,stripe,1,succeeded,
ch_0003374,inv_002545,cus_00148,2025-05-01T12:50:00Z,1085.87,USD,adyen,1,failed,do_not_honor
ch_0003375,inv_002545,cus_00148,2025-05-04T02:43:00Z,1085.87,USD,adyen,2,failed,card_declined
ch_0003376,inv_002546,cus_00148,2025-06-02T15:39:00Z,1085.87,USD,adyen,1,succeeded,
ch_0003377,inv_002547,cus_00148,2025-07-04T13:09:00Z,1085.87,USD,stripe,1,succeeded,
ch_0003378,inv_002548,cus_00148,2025-08-01T18:15:00Z,1085.87,USD,mollie,1,failed,insufficient_funds
ch_0003379,inv_002548,cus_00148,2025-08-06T07:12:00Z,1085.87,USD,mollie,2,failed,insufficient_funds
ch_0003380,inv_002548,cus_00148,2025-08-11T13:26:00Z,1085.87,USD,mollie,3,failed,card_declined
ch_0003381,inv_002548,cus_00148,2025-08-18T06:39:00Z,1085.87,USD,mollie,4,failed,expired_card
ch_0003382,inv_002549,cus_00148,2025-09-01T11:13:00Z,1085.87,USD,mollie,1,succeeded,
ch_0003383,inv_002550,cus_00148,2025-10-03T17:59:00Z,1085.87,USD,stripe,1,succeeded,
ch_0003384,inv_002551,cus_00148,2025-11-04T19:04:00Z,1085.87,USD,stripe,1,succeeded,
ch_0003385,inv_002552,cus_00148,2025-12-05T15:12:00Z,1085.87,USD,stripe,1,succeeded,
ch_0003386,inv_002553,cus_00148,2026-01-02T10:16:00Z,1085.87,USD,stripe,1,failed,insufficient_funds
ch_0003387,inv_002553,cus_00148,2026-01-05T02:33:00Z,1085.87,USD,stripe,2,failed,expired_card
ch_0003388,inv_002553,cus_00148,2026-01-10T09:47:00Z,1085.87,USD,stripe,3,failed,insufficient_funds
ch_0003389,inv_002554,cus_00148,2026-02-03T00:56:00Z,1085.87,USD,stripe,1,failed,insufficient_funds
ch_0003390,inv_002554,cus_00148,2026-02-10T16:00:00Z,1085.87,USD,stripe,2,failed,insufficient_funds
ch_0003391,inv_002554,cus_00148,2026-02-15T16:07:00Z,1085.87,USD,stripe,3,succeeded,
ch_0003392,inv_002555,cus_00148,2026-03-01T10:20:00Z,1085.87,USD,mollie,1,succeeded,
ch_0003393,inv_002556,cus_00148,2026-04-02T17:42:00Z,1085.87,USD,mollie,1,succeeded,
ch_0003394,inv_002557,cus_00148,2026-05-03T02:30:00Z,1085.87,USD,stripe,1,succeeded,
ch_0003395,inv_002558,cus_00148,2026-06-04T05:46:00Z,1085.87,USD,stripe,1,succeeded,
ch_0003396,inv_002559,cus_00148,2026-07-01T14:17:00Z,1085.87,USD,adyen,1,succeeded,
ch_0003397,inv_002560,cus_00148,2026-08-01T07:39:00Z,1085.87,USD,stripe,1,succeeded,
ch_0003398,inv_002561,cus_00149,2025-04-02T01:52:00Z,29,EUR,stripe,1,succeeded,
ch_0003399,inv_002562,cus_00149,2025-05-03T14:46:00Z,29,EUR,stripe,1,succeeded,
ch_0003400,inv_002563,cus_00149,2025-06-05T03:21:00Z,29,EUR,stripe,1,succeeded,
ch_0003401,inv_002564,cus_00150,2025-04-02T17:06:00Z,29,EUR,stripe,1,succeeded,
ch_0003402,inv_002565,cus_00150,2025-05-05T05:10:00Z,29,EUR,stripe,1,failed,insufficient_funds
ch_0003403,inv_002565,cus_00150,2025-05-10T18:37:00Z,29,EUR,stripe,2,failed,insufficient_funds
ch_0003404,inv_002565,cus_00150,2025-05-17T01:59:00Z,29,EUR,stripe,3,failed,card_declined
ch_0003405,inv_002565,cus_00150,2025-05-22T12:13:00Z,29,EUR,stripe,4,failed,expired_card
ch_0003406,inv_002566,cus_00150,2025-06-05T13:12:00Z,29,EUR,mollie,1,succeeded,
ch_0003407,inv_002567,cus_00150,2025-07-02T02:01:00Z,29,EUR,mollie,1,succeeded,
ch_0003408,inv_002568,cus_00150,2025-08-02T03:35:00Z,29,EUR,adyen,1,succeeded,
ch_0003409,inv_002569,cus_00150,2025-09-02T02:39:00Z,29,EUR,stripe,1,succeeded,
ch_0003410,inv_002570,cus_00150,2025-10-02T05:15:00Z,29,EUR,stripe,1,succeeded,
ch_0003411,inv_002571,cus_00150,2025-11-01T20:22:00Z,29,EUR,stripe,1,succeeded,
ch_0003412,inv_002572,cus_00150,2025-12-04T12:41:00Z,29,EUR,stripe,1,succeeded,
ch_0003413,inv_002573,cus_00150,2026-01-03T22:28:00Z,29,EUR,stripe,1,succeeded,
ch_0003414,inv_002574,cus_00150,2026-02-05T11:58:00Z,29,EUR,stripe,1,succeeded,
ch_0003415,inv_002575,cus_00150,2026-03-05T03:34:00Z,29,EUR,adyen,1,succeeded,
ch_0003416,inv_002576,cus_00150,2026-04-02T00:37:00Z,29,EUR,stripe,1,failed,insufficient_funds
ch_0003417,inv_002576,cus_00150,2026-04-09T09:24:00Z,29,EUR,stripe,2,failed,expired_card
ch_0003418,inv_002577,cus_00150,2026-05-02T12:41:00Z,29,EUR,adyen,1,succeeded,
ch_0003419,inv_002578,cus_00150,2026-06-03T09:25:00Z,29,EUR,stripe,1,succeeded,
ch_0003420,inv_002579,cus_00150,2026-07-05T13:30:00Z,29,EUR,stripe,1,succeeded,
ch_0003421,inv_002580,cus_00150,2026-08-03T17:08:00Z,29,EUR,adyen,1,succeeded,
ch_0003422,inv_002581,cus_00151,2025-04-05T07:37:00Z,99,EUR,stripe,1,succeeded,
ch_0003423,inv_002582,cus_00151,2025-05-01T14:47:00Z,99,EUR,adyen,1,succeeded,
ch_0003424,inv_002583,cus_00151,2025-06-03T23:33:00Z,99,EUR,mollie,1,failed,insufficient_funds
ch_0003425,inv_002583,cus_00151,2025-06-06T09:09:00Z,99,EUR,mollie,2,failed,insufficient_funds
ch_0003426,inv_002583,cus_00151,2025-06-09T14:23:00Z,99,EUR,mollie,3,failed,card_declined
ch_0003427,inv_002583,cus_00151,2025-06-14T08:58:00Z,99,EUR,mollie,4,failed,insufficient_funds
ch_0003428,inv_002584,cus_00151,2025-07-02T07:11:00Z,99,EUR,stripe,1,succeeded,
ch_0003429,inv_002585,cus_00151,2025-08-04T05:53:00Z,99,EUR,stripe,1,succeeded,
ch_0003430,inv_002586,cus_00151,2025-09-03T17:31:00Z,99,EUR,adyen,1,succeeded,
ch_0003431,inv_002587,cus_00152,2025-04-05T17:30:00Z,325,USD,stripe,1,succeeded,
ch_0003432,inv_002588,cus_00152,2025-05-03T20:46:00Z,325,USD,mollie,1,failed,processing_error
ch_0003433,inv_002588,cus_00152,2025-05-08T23:52:00Z,325,USD,mollie,2,failed,expired_card
ch_0003434,inv_002588,cus_00152,2025-05-11T15:21:00Z,325,USD,mollie,3,failed,card_declined
ch_0003435,inv_002588,cus_00152,2025-05-16T08:35:00Z,325,USD,mollie,4,succeeded,
ch_0003436,inv_002589,cus_00152,2025-06-01T17:15:00Z,325,USD,stripe,1,succeeded,
ch_0003437,inv_002590,cus_00152,2025-07-04T01:06:00Z,325,USD,stripe,1,succeeded,
ch_0003438,inv_002591,cus_00152,2025-08-03T07:13:00Z,325,USD,adyen,1,succeeded,
ch_0003439,inv_002592,cus_00152,2025-09-03T13:57:00Z,325,USD,mollie,1,succeeded,
ch_0003440,inv_002593,cus_00152,2025-10-03T14:48:00Z,325,USD,stripe,1,succeeded,
ch_0003441,inv_002594,cus_00152,2025-11-05T11:40:00Z,325,USD,stripe,1,succeeded,
ch_0003442,inv_002595,cus_00152,2025-12-01T20:13:00Z,325,USD,adyen,1,succeeded,
ch_0003443,inv_002596,cus_00152,2026-01-02T19:43:00Z,325,USD,stripe,1,succeeded,
ch_0003444,inv_002597,cus_00152,2026-02-03T06:42:00Z,325,USD,stripe,1,succeeded,
ch_0003445,inv_002598,cus_00152,2026-03-04T01:07:00Z,325,USD,stripe,1,succeeded,
ch_0003446,inv_002599,cus_00152,2026-04-03T17:26:00Z,325,USD,adyen,1,succeeded,
ch_0003447,inv_002600,cus_00152,2026-05-04T04:37:00Z,325,USD,adyen,1,succeeded,
ch_0003448,inv_002601,cus_00152,2026-06-04T05:11:00Z,325,USD,mollie,1,succeeded,
ch_0003449,inv_002602,cus_00152,2026-07-05T08:47:00Z,325,USD,mollie,1,succeeded,
ch_0003450,inv_002603,cus_00152,2026-08-05T08:11:00Z,325,USD,mollie,1,failed,processing_error
ch_0003451,inv_002603,cus_00152,2026-08-10T16:38:00Z,325,USD,mollie,2,failed,card_declined
ch_0003452,inv_002603,cus_00152,2026-08-15T18:07:00Z,325,USD,mollie,3,failed,card_declined
ch_0003453,inv_002603,cus_00152,2026-08-18T19:29:00Z,325,USD,mollie,4,failed,card_declined
ch_0003454,inv_002604,cus_00153,2025-04-03T17:23:00Z,999,EUR,stripe,1,succeeded,
ch_0003455,inv_002605,cus_00153,2025-05-04T05:04:00Z,999,EUR,adyen,1,succeeded,
ch_0003456,inv_002606,cus_00153,2025-06-03T03:05:00Z,999,EUR,stripe,1,failed,expired_card
ch_0003457,inv_002606,cus_00153,2025-06-08T13:00:00Z,999,EUR,stripe,2,failed,expired_card
ch_0003458,inv_002607,cus_00153,2025-07-04T01:44:00Z,999,EUR,stripe,1,succeeded,
ch_0003459,inv_002608,cus_00153,2025-08-04T02:26:00Z,999,EUR,stripe,1,succeeded,
ch_0003460,inv_002609,cus_00153,2025-09-05T02:05:00Z,999,EUR,stripe,1,succeeded,
ch_0003461,inv_002610,cus_00153,2025-10-05T01:28:00Z,999,EUR,stripe,1,succeeded,
ch_0003462,inv_002611,cus_00153,2025-11-04T11:43:00Z,999,EUR,mollie,1,succeeded,
ch_0003463,inv_002612,cus_00153,2025-12-05T05:14:00Z,999,EUR,adyen,1,succeeded,
ch_0003464,inv_002613,cus_00153,2026-01-04T05:29:00Z,999,EUR,stripe,1,succeeded,
ch_0003465,inv_002614,cus_00153,2026-02-03T16:23:00Z,999,EUR,stripe,1,succeeded,
ch_0003466,inv_002615,cus_00153,2026-03-03T20:41:00Z,999,EUR,mollie,1,failed,insufficient_funds
ch_0003467,inv_002615,cus_00153,2026-03-06T18:39:00Z,999,EUR,mollie,2,failed,card_declined
ch_0003468,inv_002615,cus_00153,2026-03-13T23:57:00Z,999,EUR,mollie,3,failed,do_not_honor
ch_0003469,inv_002615,cus_00153,2026-03-18T21:25:00Z,999,EUR,mollie,4,succeeded,
ch_0003470,inv_002616,cus_00153,2026-04-02T23:49:00Z,999,EUR,stripe,1,failed,insufficient_funds
ch_0003471,inv_002616,cus_00153,2026-04-07T15:51:00Z,999,EUR,stripe,2,failed,expired_card
ch_0003472,inv_002616,cus_00153,2026-04-14T09:57:00Z,999,EUR,stripe,3,failed,card_declined
ch_0003473,inv_002616,cus_00153,2026-04-21T03:38:00Z,999,EUR,stripe,4,succeeded,
ch_0003474,inv_002617,cus_00153,2026-05-02T12:36:00Z,999,EUR,stripe,1,succeeded,
ch_0003475,inv_002618,cus_00153,2026-06-03T14:48:00Z,999,EUR,adyen,1,succeeded,
ch_0003476,inv_002619,cus_00153,2026-07-05T17:44:00Z,999,EUR,stripe,1,succeeded,
ch_0003477,inv_002620,cus_00153,2026-08-02T03:10:00Z,999,EUR,stripe,1,succeeded,
ch_0003478,inv_002621,cus_00154,2025-04-02T04:06:00Z,284.76,CHF,stripe,1,succeeded,
ch_0003479,inv_002622,cus_00154,2025-05-05T02:07:00Z,284.76,CHF,stripe,1,succeeded,
ch_0003480,inv_002623,cus_00154,2025-06-04T22:32:00Z,284.76,CHF,adyen,1,succeeded,
ch_0003481,inv_002624,cus_00154,2025-07-01T15:53:00Z,284.76,CHF,mollie,1,succeeded,
ch_0003482,inv_002625,cus_00154,2025-08-02T14:25:00Z,284.76,CHF,stripe,1,failed,do_not_honor
ch_0003483,inv_002625,cus_00154,2025-08-07T06:56:00Z,284.76,CHF,stripe,2,failed,do_not_honor
ch_0003484,inv_002625,cus_00154,2025-08-12T00:16:00Z,284.76,CHF,stripe,3,failed,card_declined
ch_0003485,inv_002625,cus_00154,2025-08-17T16:34:00Z,284.76,CHF,stripe,4,failed,card_declined
ch_0003486,inv_002626,cus_00154,2025-09-01T20:21:00Z,284.76,CHF,adyen,1,succeeded,
ch_0003487,inv_002627,cus_00154,2025-10-04T12:50:00Z,284.76,CHF,adyen,1,succeeded,
ch_0003488,inv_002628,cus_00154,2025-11-01T11:19:00Z,284.76,CHF,adyen,1,succeeded,
ch_0003489,inv_002629,cus_00154,2025-12-01T18:04:00Z,284.76,CHF,mollie,1,succeeded,
ch_0003490,inv_002630,cus_00154,2026-01-02T13:20:00Z,284.76,CHF,stripe,1,succeeded,
ch_0003491,inv_002631,cus_00154,2026-02-02T17:59:00Z,284.76,CHF,stripe,1,succeeded,
ch_0003492,inv_002632,cus_00154,2026-03-05T10:56:00Z,284.76,CHF,stripe,1,succeeded,
ch_0003493,inv_002633,cus_00154,2026-04-04T09:38:00Z,284.76,CHF,adyen,1,succeeded,
ch_0003494,inv_002634,cus_00154,2026-05-03T19:31:00Z,284.76,CHF,stripe,1,succeeded,
ch_0003495,inv_002635,cus_00154,2026-06-01T08:06:00Z,284.76,CHF,adyen,1,succeeded,
ch_0003496,inv_002636,cus_00154,2026-07-03T20:59:00Z,284.76,CHF,adyen,1,succeeded,
ch_0003497,inv_002637,cus_00154,2026-08-04T21:19:00Z,284.76,CHF,mollie,1,succeeded,
ch_0003498,inv_002638,cus_00155,2025-04-04T04:46:00Z,29,EUR,stripe,1,succeeded,
ch_0003499,inv_002639,cus_00155,2025-05-02T17:39:00Z,29,EUR,stripe,1,succeeded,
ch_0003500,inv_002640,cus_00155,2025-06-01T13:42:00Z,29,EUR,stripe,1,succeeded,
ch_0003501,inv_002641,cus_00155,2025-07-05T21:44:00Z,29,EUR,stripe,1,succeeded,
ch_0003502,inv_002642,cus_00155,2025-08-02T14:31:00Z,29,EUR,mollie,1,succeeded,
ch_0003503,inv_002643,cus_00155,2025-09-02T10:25:00Z,29,EUR,stripe,1,succeeded,
ch_0003504,inv_002644,cus_00155,2025-10-04T10:54:00Z,29,EUR,mollie,1,succeeded,
ch_0003505,inv_002645,cus_00155,2025-11-01T15:50:00Z,29,EUR,stripe,1,succeeded,
ch_0003506,inv_002646,cus_00155,2025-12-04T20:43:00Z,29,EUR,stripe,1,succeeded,
ch_0003507,inv_002647,cus_00155,2026-01-01T00:11:00Z,29,EUR,stripe,1,succeeded,
ch_0003508,inv_002648,cus_00155,2026-02-01T13:11:00Z,29,EUR,stripe,1,succeeded,
ch_0003509,inv_002649,cus_00155,2026-03-01T14:08:00Z,29,EUR,mollie,1,succeeded,
ch_0003510,inv_002650,cus_00155,2026-04-03T01:40:00Z,29,EUR,stripe,1,succeeded,
ch_0003511,inv_002651,cus_00155,2026-05-01T09:26:00Z,29,EUR,stripe,1,succeeded,
ch_0003512,inv_002652,cus_00155,2026-06-01T06:55:00Z,29,EUR,adyen,1,succeeded,
ch_0003513,inv_002654,cus_00155,2026-08-03T11:17:00Z,29,EUR,stripe,1,succeeded,
ch_0003514,inv_002655,cus_00156,2025-04-03T06:47:00Z,29,EUR,stripe,1,failed,insufficient_funds
ch_0003515,inv_002655,cus_00156,2025-04-08T17:04:00Z,29,EUR,stripe,2,succeeded,
ch_0003516,inv_002656,cus_00156,2025-05-02T18:51:00Z,29,EUR,stripe,1,succeeded,
ch_0003517,inv_002657,cus_00156,2025-06-01T17:05:00Z,29,EUR,adyen,1,failed,insufficient_funds
ch_0003518,inv_002657,cus_00156,2025-06-08T20:23:00Z,29,EUR,adyen,2,failed,expired_card
ch_0003519,inv_002657,cus_00156,2025-06-13T00:31:00Z,29,EUR,adyen,3,failed,do_not_honor
ch_0003520,inv_002657,cus_00156,2025-06-18T02:41:00Z,29,EUR,adyen,4,failed,card_declined
ch_0003521,inv_002658,cus_00156,2025-07-04T07:17:00Z,29,EUR,adyen,1,succeeded,
ch_0003522,inv_002659,cus_00156,2025-08-04T04:31:00Z,29,EUR,adyen,1,succeeded,
ch_0003523,inv_002660,cus_00156,2025-09-01T09:32:00Z,29,EUR,stripe,1,succeeded,
ch_0003524,inv_002661,cus_00156,2025-10-05T16:33:00Z,29,EUR,adyen,1,failed,processing_error
ch_0003525,inv_002661,cus_00156,2025-10-10T21:48:00Z,29,EUR,adyen,2,failed,card_declined
ch_0003526,inv_002661,cus_00156,2025-10-17T23:10:00Z,29,EUR,adyen,3,failed,insufficient_funds
ch_0003527,inv_002662,cus_00156,2025-11-04T18:54:00Z,29,EUR,mollie,1,succeeded,
ch_0003528,inv_002663,cus_00156,2025-12-03T18:45:00Z,29,EUR,adyen,1,failed,insufficient_funds
ch_0003529,inv_002663,cus_00156,2025-12-10T12:24:00Z,29,EUR,adyen,2,failed,insufficient_funds
ch_0003530,inv_002663,cus_00156,2025-12-15T09:39:00Z,29,EUR,adyen,3,failed,do_not_honor
ch_0003531,inv_002663,cus_00156,2025-12-20T07:49:00Z,29,EUR,adyen,4,succeeded,
ch_0003532,inv_002664,cus_00156,2026-01-03T03:15:00Z,29,EUR,adyen,1,succeeded,
ch_0003533,inv_002665,cus_00156,2026-02-01T05:20:00Z,29,EUR,stripe,1,succeeded,
ch_0003534,inv_002666,cus_00156,2026-03-02T20:32:00Z,29,EUR,stripe,1,failed,card_declined
ch_0003535,inv_002666,cus_00156,2026-03-07T05:07:00Z,29,EUR,stripe,2,failed,card_declined
ch_0003536,inv_002666,cus_00156,2026-03-10T07:10:00Z,29,EUR,stripe,3,succeeded,
ch_0003537,inv_002667,cus_00156,2026-04-05T10:09:00Z,29,EUR,adyen,1,succeeded,
ch_0003538,inv_002668,cus_00156,2026-05-05T09:09:00Z,29,EUR,stripe,1,succeeded,
ch_0003539,inv_002669,cus_00156,2026-06-01T21:02:00Z,29,EUR,stripe,1,succeeded,
ch_0003540,inv_002670,cus_00156,2026-07-02T07:40:00Z,29,EUR,stripe,1,succeeded,
ch_0003541,inv_002671,cus_00156,2026-08-01T06:42:00Z,29,EUR,adyen,1,failed,card_declined
ch_0003542,inv_002671,cus_00156,2026-08-08T09:50:00Z,29,EUR,adyen,2,failed,insufficient_funds
ch_0003543,inv_002671,cus_00156,2026-08-13T01:11:00Z,29,EUR,adyen,3,failed,expired_card
ch_0003544,inv_002671,cus_00156,2026-08-18T05:24:00Z,29,EUR,adyen,4,succeeded,
ch_0003545,inv_002672,cus_00157,2025-05-03T07:10:00Z,299,EUR,stripe,1,succeeded,
ch_0003546,inv_002673,cus_00157,2025-06-04T14:12:00Z,299,EUR,stripe,1,succeeded,
ch_0003547,inv_002674,cus_00157,2025-07-05T03:27:00Z,299,EUR,adyen,1,succeeded,
ch_0003548,inv_002675,cus_00157,2025-08-03T04:41:00Z,299,EUR,mollie,1,succeeded,
ch_0003549,inv_002676,cus_00157,2025-09-02T02:21:00Z,299,EUR,stripe,1,succeeded,
ch_0003550,inv_002677,cus_00157,2025-10-03T19:26:00Z,299,EUR,stripe,1,succeeded,
ch_0003551,inv_002678,cus_00157,2025-11-04T09:12:00Z,299,EUR,stripe,1,succeeded,
ch_0003552,inv_002679,cus_00157,2025-12-01T21:31:00Z,299,EUR,stripe,1,succeeded,
ch_0003553,inv_002680,cus_00157,2026-01-01T01:43:00Z,299,EUR,adyen,1,succeeded,
ch_0003554,inv_002681,cus_00157,2026-02-02T01:04:00Z,299,EUR,stripe,1,succeeded,
ch_0003555,inv_002682,cus_00157,2026-03-01T02:04:00Z,299,EUR,adyen,1,succeeded,
ch_0003556,inv_002683,cus_00157,2026-04-02T19:09:00Z,299,EUR,mollie,1,succeeded,
ch_0003557,inv_002684,cus_00157,2026-05-03T01:41:00Z,299,EUR,stripe,1,succeeded,
ch_0003558,inv_002685,cus_00157,2026-06-05T18:43:00Z,299,EUR,adyen,1,succeeded,
ch_0003559,inv_002686,cus_00157,2026-07-03T22:48:00Z,299,EUR,stripe,1,succeeded,
ch_0003560,inv_002687,cus_00157,2026-08-03T08:49:00Z,299,EUR,stripe,1,succeeded,
ch_0003561,inv_002688,cus_00158,2025-05-02T10:22:00Z,299,EUR,mollie,1,succeeded,
ch_0003562,inv_002689,cus_00158,2025-06-03T08:14:00Z,299,EUR,stripe,1,succeeded,
ch_0003563,inv_002690,cus_00158,2025-07-04T22:28:00Z,299,EUR,stripe,1,succeeded,
ch_0003564,inv_002691,cus_00158,2025-08-01T11:30:00Z,299,EUR,mollie,1,succeeded,
ch_0003565,inv_002692,cus_00158,2025-09-02T13:39:00Z,299,EUR,stripe,1,succeeded,
ch_0003566,inv_002693,cus_00158,2025-10-03T06:44:00Z,299,EUR,stripe,1,succeeded,
ch_0003567,inv_002694,cus_00158,2025-11-05T22:52:00Z,299,EUR,stripe,1,succeeded,
ch_0003568,inv_002695,cus_00158,2025-12-04T02:15:00Z,299,EUR,stripe,1,succeeded,
ch_0003569,inv_002696,cus_00159,2025-05-05T02:27:00Z,853.85,GBP,adyen,1,failed,card_declined
ch_0003570,inv_002696,cus_00159,2025-05-10T14:45:00Z,853.85,GBP,adyen,2,failed,card_declined
ch_0003571,inv_002696,cus_00159,2025-05-17T16:10:00Z,853.85,GBP,adyen,3,failed,do_not_honor
ch_0003572,inv_002696,cus_00159,2025-05-20T02:45:00Z,853.85,GBP,adyen,4,failed,insufficient_funds
ch_0003573,inv_002697,cus_00159,2025-06-04T06:19:00Z,853.85,GBP,stripe,1,succeeded,
ch_0003574,inv_002698,cus_00159,2025-07-03T12:17:00Z,853.85,GBP,adyen,1,failed,expired_card
ch_0003575,inv_002698,cus_00159,2025-07-10T22:02:00Z,853.85,GBP,adyen,2,failed,card_declined
ch_0003576,inv_002698,cus_00159,2025-07-17T09:50:00Z,853.85,GBP,adyen,3,failed,expired_card
ch_0003577,inv_002698,cus_00159,2025-07-22T20:12:00Z,853.85,GBP,adyen,4,succeeded,
ch_0003578,inv_002699,cus_00159,2025-08-02T05:49:00Z,853.85,GBP,stripe,1,succeeded,
ch_0003579,inv_002700,cus_00159,2025-09-04T05:37:00Z,853.85,GBP,mollie,1,succeeded,
ch_0003580,inv_002701,cus_00159,2025-10-05T04:54:00Z,853.85,GBP,stripe,1,succeeded,
ch_0003581,inv_002702,cus_00159,2025-11-05T12:25:00Z,853.85,GBP,stripe,1,succeeded,
ch_0003582,inv_002703,cus_00159,2025-12-05T06:50:00Z,853.85,GBP,adyen,1,succeeded,
ch_0003583,inv_002704,cus_00159,2026-01-02T00:26:00Z,853.85,GBP,stripe,1,succeeded,
ch_0003584,inv_002705,cus_00159,2026-02-03T13:50:00Z,853.85,GBP,stripe,1,succeeded,
ch_0003585,inv_002706,cus_00159,2026-03-04T12:23:00Z,853.85,GBP,mollie,1,succeeded,
ch_0003586,inv_002707,cus_00159,2026-04-02T16:34:00Z,853.85,GBP,stripe,1,succeeded,
ch_0003587,inv_002708,cus_00159,2026-05-02T13:05:00Z,853.85,GBP,stripe,1,succeeded,
ch_0003588,inv_002709,cus_00159,2026-06-03T19:07:00Z,853.85,GBP,mollie,1,succeeded,
ch_0003589,inv_002710,cus_00159,2026-07-05T07:04:00Z,853.85,GBP,adyen,1,failed,insufficient_funds
ch_0003590,inv_002710,cus_00159,2026-07-12T06:17:00Z,853.85,GBP,adyen,2,succeeded,
ch_0003591,inv_002711,cus_00159,2026-08-02T12:30:00Z,853.85,GBP,stripe,1,succeeded,
ch_0003592,inv_002712,cus_00160,2025-05-04T06:27:00Z,325,USD,mollie,1,succeeded,
ch_0003593,inv_002713,cus_00160,2025-06-03T00:55:00Z,325,USD,stripe,1,succeeded,
ch_0003594,inv_002714,cus_00160,2025-07-03T06:42:00Z,325,USD,stripe,1,succeeded,
ch_0003595,inv_002715,cus_00160,2025-08-05T17:18:00Z,325,USD,stripe,1,succeeded,
ch_0003596,inv_002716,cus_00160,2025-09-01T00:18:00Z,325,USD,mollie,1,succeeded,
ch_0003597,inv_002717,cus_00160,2025-10-01T09:23:00Z,325,USD,mollie,1,failed,expired_card
ch_0003598,inv_002717,cus_00160,2025-10-06T17:37:00Z,325,USD,mollie,2,failed,do_not_honor
ch_0003599,inv_002717,cus_00160,2025-10-09T19:01:00Z,325,USD,mollie,3,succeeded,
ch_0003600,inv_002718,cus_00160,2025-11-05T13:22:00Z,325,USD,stripe,1,succeeded,
ch_0003601,inv_002719,cus_00160,2025-12-04T15:21:00Z,325,USD,adyen,1,succeeded,
ch_0003602,inv_002720,cus_00160,2026-01-05T16:10:00Z,325,USD,stripe,1,succeeded,
ch_0003603,inv_002721,cus_00160,2026-02-04T01:13:00Z,325,USD,stripe,1,succeeded,
ch_0003604,inv_002722,cus_00160,2026-03-03T03:46:00Z,325,USD,stripe,1,succeeded,
ch_0003605,inv_002723,cus_00160,2026-04-04T19:33:00Z,325,USD,mollie,1,succeeded,
ch_0003606,inv_002724,cus_00160,2026-05-05T23:17:00Z,325,USD,mollie,1,succeeded,
ch_0003607,inv_002725,cus_00160,2026-06-04T20:29:00Z,325,USD,stripe,1,succeeded,
ch_0003608,inv_002726,cus_00160,2026-07-01T08:09:00Z,325,USD,stripe,1,succeeded,
ch_0003609,inv_002727,cus_00160,2026-08-03T19:05:00Z,325,USD,stripe,1,succeeded,
ch_0003610,inv_002728,cus_00161,2025-05-03T23:20:00Z,99,EUR,mollie,1,succeeded,
ch_0003611,inv_002729,cus_00161,2025-06-02T17:20:00Z,99,EUR,stripe,1,succeeded,
ch_0003612,inv_002730,cus_00161,2025-07-01T07:02:00Z,99,EUR,mollie,1,succeeded,
ch_0003613,inv_002731,cus_00161,2025-08-03T17:58:00Z,99,EUR,adyen,1,failed,card_declined
ch_0003614,inv_002731,cus_00161,2025-08-06T04:46:00Z,99,EUR,adyen,2,failed,do_not_honor
ch_0003615,inv_002732,cus_00161,2025-09-04T11:13:00Z,99,EUR,stripe,1,succeeded,
ch_0003616,inv_002733,cus_00161,2025-10-01T21:22:00Z,99,EUR,stripe,1,succeeded,
ch_0003617,inv_002734,cus_00161,2025-11-04T05:34:00Z,99,EUR,adyen,1,succeeded,
ch_0003618,inv_002735,cus_00161,2025-12-04T08:33:00Z,99,EUR,mollie,1,succeeded,
ch_0003619,inv_002736,cus_00161,2026-01-02T06:30:00Z,99,EUR,adyen,1,succeeded,
ch_0003620,inv_002737,cus_00161,2026-02-04T11:02:00Z,99,EUR,adyen,1,succeeded,
ch_0003621,inv_002738,cus_00161,2026-03-02T18:30:00Z,149,EUR,stripe,1,succeeded,
ch_0003622,inv_002739,cus_00161,2026-04-03T05:49:00Z,149,EUR,adyen,1,succeeded,
ch_0003623,inv_002740,cus_00161,2026-05-05T01:40:00Z,149,EUR,stripe,1,succeeded,
ch_0003624,inv_002741,cus_00161,2026-06-01T17:44:00Z,149,EUR,stripe,1,succeeded,
ch_0003625,inv_002742,cus_00161,2026-07-04T04:40:00Z,149,EUR,stripe,1,failed,card_declined
ch_0003626,inv_002742,cus_00161,2026-07-07T08:04:00Z,149,EUR,stripe,2,failed,card_declined
ch_0003627,inv_002742,cus_00161,2026-07-10T17:57:00Z,149,EUR,stripe,3,failed,insufficient_funds
ch_0003628,inv_002742,cus_00161,2026-07-13T08:00:00Z,149,EUR,stripe,4,succeeded,
ch_0003629,inv_002743,cus_00161,2026-08-05T00:32:00Z,149,EUR,mollie,1,succeeded,
ch_0003630,inv_002744,cus_00162,2025-05-04T12:50:00Z,29,EUR,mollie,1,succeeded,
ch_0003631,inv_002745,cus_00162,2025-06-03T23:14:00Z,29,EUR,stripe,1,succeeded,
ch_0003632,inv_002746,cus_00162,2025-07-04T14:13:00Z,29,EUR,adyen,1,succeeded,
ch_0003633,inv_002747,cus_00162,2025-08-03T04:08:00Z,29,EUR,adyen,1,succeeded,
ch_0003634,inv_002748,cus_00162,2025-09-05T21:17:00Z,29,EUR,stripe,1,succeeded,
ch_0003635,inv_002749,cus_00162,2025-10-03T16:56:00Z,29,EUR,stripe,1,failed,insufficient_funds
ch_0003636,inv_002749,cus_00162,2025-10-10T01:49:00Z,29,EUR,stripe,2,failed,insufficient_funds
ch_0003637,inv_002749,cus_00162,2025-10-17T18:15:00Z,29,EUR,stripe,3,succeeded,
ch_0003638,inv_002750,cus_00162,2025-11-04T19:18:00Z,29,EUR,stripe,1,succeeded,
ch_0003639,inv_002751,cus_00162,2025-12-03T06:01:00Z,29,EUR,stripe,1,succeeded,
ch_0003640,inv_002752,cus_00162,2026-01-03T09:25:00Z,29,EUR,adyen,1,failed,processing_error
ch_0003641,inv_002752,cus_00162,2026-01-06T22:08:00Z,29,EUR,adyen,2,failed,card_declined
ch_0003642,inv_002752,cus_00162,2026-01-13T13:54:00Z,29,EUR,adyen,3,failed,do_not_honor
ch_0003643,inv_002754,cus_00162,2026-03-02T07:17:00Z,29,EUR,stripe,1,succeeded,
ch_0003644,inv_002755,cus_00162,2026-04-01T22:01:00Z,29,EUR,stripe,1,succeeded,
ch_0003645,inv_002756,cus_00162,2026-05-04T13:36:00Z,29,EUR,stripe,1,succeeded,
ch_0003646,inv_002758,cus_00162,2026-07-01T03:25:00Z,29,EUR,adyen,1,succeeded,
ch_0003647,inv_002759,cus_00162,2026-08-02T13:43:00Z,29,EUR,adyen,1,succeeded,
ch_0003648,inv_002760,cus_00163,2025-05-04T05:20:00Z,99,EUR,stripe,1,succeeded,
ch_0003649,inv_002761,cus_00163,2025-06-01T13:43:00Z,99,EUR,adyen,1,succeeded,
ch_0003650,inv_002762,cus_00163,2025-07-02T06:28:00Z,99,EUR,stripe,1,succeeded,
ch_0003651,inv_002763,cus_00163,2025-08-04T16:01:00Z,99,EUR,stripe,1,succeeded,
ch_0003652,inv_002764,cus_00163,2025-09-05T04:05:00Z,99,EUR,adyen,1,succeeded,
ch_0003653,inv_002765,cus_00163,2025-10-01T19:48:00Z,99,EUR,stripe,1,succeeded,
ch_0003654,inv_002766,cus_00163,2025-11-02T16:58:00Z,99,EUR,stripe,1,succeeded,
ch_0003655,inv_002767,cus_00163,2025-12-02T00:41:00Z,99,EUR,mollie,1,succeeded,
ch_0003656,inv_002768,cus_00163,2026-01-04T08:28:00Z,99,EUR,stripe,1,succeeded,
ch_0003657,inv_002769,cus_00163,2026-02-04T01:32:00Z,99,EUR,mollie,1,succeeded,
ch_0003658,inv_002770,cus_00163,2026-03-01T15:24:00Z,149,EUR,mollie,1,succeeded,
ch_0003659,inv_002771,cus_00163,2026-04-03T17:59:00Z,149,EUR,adyen,1,succeeded,
ch_0003660,inv_002772,cus_00163,2026-05-03T01:38:00Z,149,EUR,adyen,1,failed,insufficient_funds
ch_0003661,inv_002772,cus_00163,2026-05-08T17:47:00Z,149,EUR,adyen,2,failed,card_declined
ch_0003662,inv_002772,cus_00163,2026-05-15T13:13:00Z,149,EUR,adyen,3,failed,insufficient_funds
ch_0003663,inv_002772,cus_00163,2026-05-22T15:05:00Z,149,EUR,adyen,4,succeeded,
ch_0003664,inv_002773,cus_00163,2026-06-02T20:39:00Z,149,EUR,adyen,1,failed,processing_error
ch_0003665,inv_002773,cus_00163,2026-06-09T10:45:00Z,149,EUR,adyen,2,failed,card_declined
ch_0003666,inv_002774,cus_00163,2026-07-05T07:45:00Z,149,EUR,stripe,1,succeeded,
ch_0003667,inv_002775,cus_00163,2026-08-01T03:06:00Z,149,EUR,mollie,1,succeeded,
ch_0003668,inv_002776,cus_00164,2025-05-02T02:53:00Z,299,EUR,mollie,1,succeeded,
ch_0003669,inv_002777,cus_00164,2025-06-02T06:13:00Z,299,EUR,stripe,1,succeeded,
ch_0003670,inv_002778,cus_00164,2025-07-02T03:06:00Z,299,EUR,adyen,1,succeeded,
ch_0003671,inv_002779,cus_00164,2025-08-03T21:26:00Z,299,EUR,stripe,1,succeeded,
ch_0003672,inv_002780,cus_00164,2025-09-03T00:21:00Z,299,EUR,mollie,1,succeeded,
ch_0003673,inv_002781,cus_00164,2025-10-02T02:15:00Z,299,EUR,adyen,1,failed,processing_error
ch_0003674,inv_002781,cus_00164,2025-10-07T19:23:00Z,299,EUR,adyen,2,failed,do_not_honor
ch_0003675,inv_002781,cus_00164,2025-10-10T12:46:00Z,299,EUR,adyen,3,failed,card_declined
ch_0003676,inv_002782,cus_00164,2025-11-01T07:14:00Z,299,EUR,adyen,1,succeeded,
ch_0003677,inv_002783,cus_00164,2025-12-02T21:13:00Z,299,EUR,stripe,1,succeeded,
ch_0003678,inv_002784,cus_00164,2026-01-05T19:31:00Z,299,EUR,mollie,1,failed,insufficient_funds
ch_0003679,inv_002784,cus_00164,2026-01-10T08:14:00Z,299,EUR,mollie,2,failed,do_not_honor
ch_0003680,inv_002784,cus_00164,2026-01-13T13:37:00Z,299,EUR,mollie,3,failed,card_declined
ch_0003681,inv_002784,cus_00164,2026-01-18T02:53:00Z,299,EUR,mollie,4,failed,insufficient_funds
ch_0003682,inv_002785,cus_00164,2026-02-03T20:04:00Z,299,EUR,adyen,1,succeeded,
ch_0003683,inv_002786,cus_00164,2026-03-01T19:50:00Z,299,EUR,mollie,1,succeeded,
ch_0003684,inv_002787,cus_00164,2026-04-01T15:01:00Z,299,EUR,stripe,1,failed,card_declined
ch_0003685,inv_002787,cus_00164,2026-04-04T02:17:00Z,299,EUR,stripe,2,failed,expired_card
ch_0003686,inv_002787,cus_00164,2026-04-09T07:03:00Z,299,EUR,stripe,3,failed,do_not_honor
ch_0003687,inv_002788,cus_00164,2026-05-01T01:44:00Z,299,EUR,stripe,1,succeeded,
ch_0003688,inv_002789,cus_00164,2026-06-05T05:10:00Z,299,EUR,stripe,1,succeeded,
ch_0003689,inv_002790,cus_00164,2026-07-05T22:25:00Z,299,EUR,stripe,1,failed,card_declined
ch_0003690,inv_002790,cus_00164,2026-07-08T07:24:00Z,299,EUR,stripe,2,failed,card_declined
ch_0003691,inv_002790,cus_00164,2026-07-15T18:55:00Z,299,EUR,stripe,3,failed,insufficient_funds
ch_0003692,inv_002790,cus_00164,2026-07-20T12:47:00Z,299,EUR,stripe,4,failed,do_not_honor
ch_0003693,inv_002791,cus_00164,2026-08-02T01:02:00Z,299,EUR,mollie,1,failed,processing_error
ch_0003694,inv_002791,cus_00164,2026-08-09T17:32:00Z,299,EUR,mollie,2,failed,insufficient_funds
ch_0003695,inv_002791,cus_00164,2026-08-16T22:48:00Z,299,EUR,mollie,3,succeeded,
ch_0003696,inv_002792,cus_00165,2025-05-02T14:00:00Z,951.43,CHF,stripe,1,succeeded,
ch_0003697,inv_002793,cus_00165,2025-06-02T22:08:00Z,951.43,CHF,adyen,1,succeeded,
ch_0003698,inv_002794,cus_00165,2025-07-01T15:08:00Z,951.43,CHF,stripe,1,succeeded,
ch_0003699,inv_002795,cus_00165,2025-08-03T08:46:00Z,951.43,CHF,mollie,1,succeeded,
ch_0003700,inv_002796,cus_00165,2025-09-04T07:25:00Z,951.43,CHF,stripe,1,succeeded,
ch_0003701,inv_002797,cus_00165,2025-10-05T02:24:00Z,951.43,CHF,stripe,1,succeeded,
ch_0003702,inv_002798,cus_00165,2025-11-01T07:30:00Z,951.43,CHF,mollie,1,failed,expired_card
ch_0003703,inv_002798,cus_00165,2025-11-06T06:59:00Z,951.43,CHF,mollie,2,failed,card_declined
ch_0003704,inv_002799,cus_00165,2025-12-01T12:39:00Z,951.43,CHF,mollie,1,succeeded,
ch_0003705,inv_002800,cus_00165,2026-01-03T08:59:00Z,951.43,CHF,stripe,1,failed,insufficient_funds
ch_0003706,inv_002800,cus_00165,2026-01-08T14:48:00Z,951.43,CHF,stripe,2,failed,do_not_honor
ch_0003707,inv_002800,cus_00165,2026-01-13T12:13:00Z,951.43,CHF,stripe,3,failed,do_not_honor
ch_0003708,inv_002800,cus_00165,2026-01-18T22:21:00Z,951.43,CHF,stripe,4,failed,card_declined
ch_0003709,inv_002801,cus_00165,2026-02-02T19:28:00Z,951.43,CHF,stripe,1,failed,do_not_honor
ch_0003710,inv_002801,cus_00165,2026-02-05T09:55:00Z,951.43,CHF,stripe,2,failed,insufficient_funds
ch_0003711,inv_002802,cus_00165,2026-03-04T01:55:00Z,951.43,CHF,adyen,1,succeeded,
ch_0003712,inv_002803,cus_00165,2026-04-03T14:06:00Z,951.43,CHF,stripe,1,succeeded,
ch_0003713,inv_002804,cus_00165,2026-05-05T03:57:00Z,951.43,CHF,stripe,1,succeeded,
ch_0003714,inv_002805,cus_00165,2026-06-03T19:57:00Z,951.43,CHF,stripe,1,succeeded,
ch_0003715,inv_002806,cus_00165,2026-07-03T15:05:00Z,951.43,CHF,mollie,1,succeeded,
ch_0003716,inv_002807,cus_00166,2025-05-01T13:20:00Z,29,EUR,stripe,1,succeeded,
ch_0003717,inv_002808,cus_00166,2025-06-01T18:31:00Z,29,EUR,stripe,1,succeeded,
ch_0003718,inv_002809,cus_00166,2025-07-04T16:34:00Z,29,EUR,adyen,1,succeeded,
ch_0003719,inv_002810,cus_00166,2025-08-05T11:42:00Z,29,EUR,adyen,1,succeeded,
ch_0003720,inv_002811,cus_00166,2025-09-02T04:03:00Z,29,EUR,adyen,1,succeeded,
ch_0003721,inv_002812,cus_00166,2025-10-04T19:44:00Z,29,EUR,stripe,1,succeeded,
ch_0003722,inv_002813,cus_00166,2025-11-03T06:19:00Z,29,EUR,adyen,1,succeeded,
ch_0003723,inv_002814,cus_00166,2025-12-02T00:35:00Z,29,EUR,mollie,1,succeeded,
ch_0003724,inv_002815,cus_00166,2026-01-03T22:04:00Z,29,EUR,stripe,1,failed,do_not_honor
ch_0003725,inv_002815,cus_00166,2026-01-10T09:41:00Z,29,EUR,stripe,2,failed,processing_error
ch_0003726,inv_002815,cus_00166,2026-01-17T18:27:00Z,29,EUR,stripe,3,failed,card_declined
ch_0003727,inv_002816,cus_00166,2026-02-05T02:43:00Z,29,EUR,adyen,1,succeeded,
ch_0003728,inv_002817,cus_00166,2026-03-04T03:55:00Z,29,EUR,stripe,1,succeeded,
ch_0003729,inv_002818,cus_00166,2026-04-05T13:19:00Z,29,EUR,mollie,1,succeeded,
ch_0003730,inv_002819,cus_00166,2026-05-02T07:57:00Z,29,EUR,mollie,1,failed,insufficient_funds
ch_0003731,inv_002819,cus_00166,2026-05-07T03:26:00Z,29,EUR,mollie,2,failed,card_declined
ch_0003732,inv_002819,cus_00166,2026-05-12T14:38:00Z,29,EUR,mollie,3,succeeded,
ch_0003733,inv_002820,cus_00166,2026-06-05T18:29:00Z,29,EUR,stripe,1,succeeded,
ch_0003734,inv_002821,cus_00166,2026-07-05T21:55:00Z,29,EUR,adyen,1,failed,insufficient_funds
ch_0003735,inv_002821,cus_00166,2026-07-08T17:20:00Z,29,EUR,adyen,2,succeeded,
ch_0003736,inv_002823,cus_00167,2025-05-03T04:01:00Z,29,EUR,mollie,1,succeeded,
ch_0003737,inv_002824,cus_00167,2025-06-05T20:39:00Z,29,EUR,stripe,1,succeeded,
ch_0003738,inv_002825,cus_00167,2025-07-03T23:09:00Z,29,EUR,stripe,1,succeeded,
ch_0003739,inv_002826,cus_00167,2025-08-03T22:55:00Z,29,EUR,stripe,1,succeeded,
ch_0003740,inv_002827,cus_00167,2025-09-01T04:34:00Z,29,EUR,mollie,1,succeeded,
ch_0003741,inv_002828,cus_00167,2025-10-04T20:02:00Z,29,EUR,stripe,1,succeeded,
ch_0003742,inv_002829,cus_00167,2025-11-01T01:05:00Z,29,EUR,adyen,1,failed,insufficient_funds
ch_0003743,inv_002829,cus_00167,2025-11-06T23:51:00Z,29,EUR,adyen,2,failed,do_not_honor
ch_0003744,inv_002829,cus_00167,2025-11-11T14:17:00Z,29,EUR,adyen,3,failed,expired_card
ch_0003745,inv_002829,cus_00167,2025-11-18T15:26:00Z,29,EUR,adyen,4,succeeded,
ch_0003746,inv_002830,cus_00167,2025-12-01T23:02:00Z,29,EUR,stripe,1,succeeded,
ch_0003747,inv_002831,cus_00167,2026-01-05T21:27:00Z,29,EUR,stripe,1,succeeded,
ch_0003748,inv_002832,cus_00167,2026-02-02T11:09:00Z,29,EUR,adyen,1,succeeded,
ch_0003749,inv_002833,cus_00167,2026-03-03T10:05:00Z,29,EUR,stripe,1,failed,processing_error
ch_0003750,inv_002833,cus_00167,2026-03-06T05:30:00Z,29,EUR,stripe,2,failed,do_not_honor
ch_0003751,inv_002833,cus_00167,2026-03-11T22:37:00Z,29,EUR,stripe,3,succeeded,
ch_0003752,inv_002834,cus_00167,2026-04-03T13:15:00Z,29,EUR,adyen,1,failed,do_not_honor
ch_0003753,inv_002834,cus_00167,2026-04-06T22:17:00Z,29,EUR,adyen,2,failed,insufficient_funds
ch_0003754,inv_002834,cus_00167,2026-04-09T21:08:00Z,29,EUR,adyen,3,failed,card_declined
ch_0003755,inv_002834,cus_00167,2026-04-16T05:05:00Z,29,EUR,adyen,4,succeeded,
ch_0003756,inv_002835,cus_00167,2026-05-03T17:16:00Z,29,EUR,stripe,1,succeeded,
ch_0003757,inv_002836,cus_00167,2026-06-05T06:18:00Z,29,EUR,stripe,1,succeeded,
ch_0003758,inv_002837,cus_00167,2026-07-04T02:58:00Z,29,EUR,stripe,1,failed,processing_error
ch_0003759,inv_002837,cus_00167,2026-07-07T21:54:00Z,29,EUR,stripe,2,failed,expired_card
ch_0003760,inv_002837,cus_00167,2026-07-10T09:35:00Z,29,EUR,stripe,3,succeeded,
ch_0003761,inv_002838,cus_00167,2026-08-02T19:19:00Z,29,EUR,adyen,1,failed,expired_card
ch_0003762,inv_002838,cus_00167,2026-08-05T21:38:00Z,29,EUR,adyen,2,succeeded,
ch_0003763,inv_002839,cus_00168,2025-05-03T22:53:00Z,107.61,USD,stripe,1,succeeded,
ch_0003764,inv_002840,cus_00168,2025-06-04T17:10:00Z,107.61,USD,adyen,1,failed,card_declined
ch_0003765,inv_002840,cus_00168,2025-06-09T19:07:00Z,107.61,USD,adyen,2,failed,insufficient_funds
ch_0003766,inv_002840,cus_00168,2025-06-14T16:11:00Z,107.61,USD,adyen,3,failed,do_not_honor
ch_0003767,inv_002841,cus_00168,2025-07-02T04:56:00Z,107.61,USD,stripe,1,failed,processing_error
ch_0003768,inv_002841,cus_00168,2025-07-05T06:04:00Z,107.61,USD,stripe,2,failed,card_declined
ch_0003769,inv_002841,cus_00168,2025-07-08T19:40:00Z,107.61,USD,stripe,3,succeeded,
ch_0003770,inv_002842,cus_00168,2025-08-01T00:24:00Z,107.61,USD,adyen,1,succeeded,
ch_0003771,inv_002843,cus_00168,2025-09-04T22:48:00Z,107.61,USD,adyen,1,succeeded,
ch_0003772,inv_002844,cus_00168,2025-10-03T05:57:00Z,107.61,USD,stripe,1,succeeded,
ch_0003773,inv_002845,cus_00168,2025-11-05T12:02:00Z,107.61,USD,mollie,1,succeeded,
ch_0003774,inv_002846,cus_00168,2025-12-04T07:47:00Z,107.61,USD,stripe,1,succeeded,
ch_0003775,inv_002847,cus_00168,2026-01-04T15:37:00Z,107.61,USD,stripe,1,succeeded,
ch_0003776,inv_002848,cus_00169,2025-05-05T18:48:00Z,94.29,CHF,adyen,1,succeeded,
ch_0003777,inv_002849,cus_00169,2025-06-05T01:28:00Z,94.29,CHF,stripe,1,succeeded,
ch_0003778,inv_002850,cus_00169,2025-07-02T14:12:00Z,94.29,CHF,stripe,1,failed,insufficient_funds
ch_0003779,inv_002850,cus_00169,2025-07-09T00:31:00Z,94.29,CHF,stripe,2,failed,insufficient_funds
ch_0003780,inv_002850,cus_00169,2025-07-14T18:24:00Z,94.29,CHF,stripe,3,failed,do_not_honor
ch_0003781,inv_002850,cus_00169,2025-07-21T20:00:00Z,94.29,CHF,stripe,4,succeeded,
ch_0003782,inv_002851,cus_00169,2025-08-03T22:13:00Z,94.29,CHF,stripe,1,succeeded,
ch_0003783,inv_002852,cus_00169,2025-09-02T06:54:00Z,94.29,CHF,adyen,1,failed,insufficient_funds
ch_0003784,inv_002852,cus_00169,2025-09-07T19:44:00Z,94.29,CHF,adyen,2,failed,card_declined
ch_0003785,inv_002853,cus_00169,2025-10-04T06:31:00Z,94.29,CHF,adyen,1,succeeded,
ch_0003786,inv_002854,cus_00169,2025-11-03T16:40:00Z,94.29,CHF,adyen,1,succeeded,
ch_0003787,inv_002855,cus_00169,2025-12-02T10:43:00Z,94.29,CHF,adyen,1,succeeded,
ch_0003788,inv_002856,cus_00169,2026-01-01T12:27:00Z,94.29,CHF,stripe,1,succeeded,
ch_0003789,inv_002857,cus_00169,2026-02-02T13:31:00Z,94.29,CHF,stripe,1,succeeded,
ch_0003790,inv_002858,cus_00170,2025-05-01T08:28:00Z,299,EUR,stripe,1,succeeded,
ch_0003791,inv_002859,cus_00170,2025-06-04T04:14:00Z,299,EUR,adyen,1,succeeded,
ch_0003792,inv_002860,cus_00170,2025-07-01T03:44:00Z,299,EUR,mollie,1,succeeded,
ch_0003793,inv_002861,cus_00170,2025-08-02T10:52:00Z,299,EUR,adyen,1,failed,do_not_honor
ch_0003794,inv_002861,cus_00170,2025-08-09T15:04:00Z,299,EUR,adyen,2,failed,insufficient_funds
ch_0003795,inv_002861,cus_00170,2025-08-16T15:57:00Z,299,EUR,adyen,3,succeeded,
ch_0003796,inv_002862,cus_00170,2025-09-05T20:40:00Z,299,EUR,adyen,1,succeeded,
ch_0003797,inv_002863,cus_00171,2025-05-05T23:24:00Z,299,EUR,stripe,1,succeeded,
ch_0003798,inv_002864,cus_00171,2025-06-02T07:40:00Z,299,EUR,mollie,1,succeeded,
ch_0003799,inv_002865,cus_00171,2025-07-03T20:41:00Z,299,EUR,adyen,1,succeeded,
ch_0003800,inv_002866,cus_00171,2025-08-03T03:23:00Z,299,EUR,adyen,1,succeeded,
ch_0003801,inv_002867,cus_00171,2025-09-05T02:25:00Z,299,EUR,adyen,1,succeeded,
ch_0003802,inv_002868,cus_00171,2025-10-01T13:03:00Z,299,EUR,stripe,1,failed,do_not_honor
ch_0003803,inv_002868,cus_00171,2025-10-08T15:41:00Z,299,EUR,stripe,2,succeeded,
ch_0003804,inv_002869,cus_00171,2025-11-02T18:28:00Z,299,EUR,stripe,1,succeeded,
ch_0003805,inv_002870,cus_00171,2025-12-02T16:31:00Z,299,EUR,adyen,1,succeeded,
ch_0003806,inv_002871,cus_00171,2026-01-03T21:21:00Z,299,EUR,stripe,1,succeeded,
ch_0003807,inv_002872,cus_00171,2026-02-02T09:38:00Z,299,EUR,stripe,1,succeeded,
ch_0003808,inv_002873,cus_00171,2026-03-04T05:51:00Z,299,EUR,stripe,1,failed,processing_error
ch_0003809,inv_002873,cus_00171,2026-03-07T02:26:00Z,299,EUR,stripe,2,succeeded,
ch_0003810,inv_002874,cus_00171,2026-04-03T00:34:00Z,299,EUR,stripe,1,succeeded,
ch_0003811,inv_002875,cus_00171,2026-05-04T01:01:00Z,299,EUR,stripe,1,succeeded,
ch_0003812,inv_002876,cus_00171,2026-06-01T13:01:00Z,299,EUR,mollie,1,failed,card_declined
ch_0003813,inv_002876,cus_00171,2026-06-08T11:21:00Z,299,EUR,mollie,2,succeeded,
ch_0003814,inv_002877,cus_00171,2026-07-02T01:56:00Z,299,EUR,stripe,1,succeeded,
ch_0003815,inv_002878,cus_00171,2026-08-04T02:07:00Z,299,EUR,stripe,1,failed,card_declined
ch_0003816,inv_002878,cus_00171,2026-08-11T03:20:00Z,299,EUR,stripe,2,failed,processing_error
ch_0003817,inv_002878,cus_00171,2026-08-16T03:41:00Z,299,EUR,stripe,3,failed,card_declined
ch_0003818,inv_002878,cus_00171,2026-08-21T01:57:00Z,299,EUR,stripe,4,failed,expired_card
ch_0003819,inv_002879,cus_00172,2025-05-02T16:54:00Z,1125,SEK,adyen,1,failed,card_declined
ch_0003820,inv_002879,cus_00172,2025-05-09T05:04:00Z,1125,SEK,adyen,2,failed,card_declined
ch_0003821,inv_002880,cus_00172,2025-06-02T23:14:00Z,1125,SEK,stripe,1,succeeded,
ch_0003822,inv_002881,cus_00173,2025-05-03T01:17:00Z,94.29,CHF,mollie,1,succeeded,
ch_0003823,inv_002882,cus_00173,2025-06-05T07:20:00Z,94.29,CHF,stripe,1,succeeded,
ch_0003824,inv_002883,cus_00173,2025-07-04T22:22:00Z,94.29,CHF,stripe,1,succeeded,
ch_0003825,inv_002884,cus_00173,2025-08-03T22:23:00Z,94.29,CHF,stripe,1,succeeded,
ch_0003826,inv_002885,cus_00173,2025-09-04T21:15:00Z,94.29,CHF,mollie,1,succeeded,
ch_0003827,inv_002886,cus_00173,2025-10-01T16:09:00Z,94.29,CHF,stripe,1,succeeded,
ch_0003828,inv_002887,cus_00173,2025-11-05T22:44:00Z,94.29,CHF,stripe,1,failed,expired_card
ch_0003829,inv_002887,cus_00173,2025-11-08T18:05:00Z,94.29,CHF,stripe,2,failed,insufficient_funds
ch_0003830,inv_002887,cus_00173,2025-11-11T07:01:00Z,94.29,CHF,stripe,3,failed,card_declined
ch_0003831,inv_002887,cus_00173,2025-11-14T01:08:00Z,94.29,CHF,stripe,4,succeeded,
ch_0003832,inv_002888,cus_00173,2025-12-03T18:03:00Z,94.29,CHF,mollie,1,failed,insufficient_funds
ch_0003833,inv_002888,cus_00173,2025-12-06T15:17:00Z,94.29,CHF,mollie,2,succeeded,
ch_0003834,inv_002889,cus_00174,2025-05-05T14:46:00Z,99,EUR,stripe,1,succeeded,
ch_0003835,inv_002890,cus_00174,2025-06-02T09:07:00Z,99,EUR,stripe,1,succeeded,
ch_0003836,inv_002891,cus_00174,2025-07-04T01:35:00Z,99,EUR,stripe,1,succeeded,
ch_0003837,inv_002892,cus_00174,2025-08-01T22:53:00Z,99,EUR,stripe,1,succeeded,
ch_0003838,inv_002893,cus_00174,2025-09-03T04:40:00Z,99,EUR,mollie,1,succeeded,
ch_0003839,inv_002894,cus_00174,2025-10-03T23:00:00Z,99,EUR,adyen,1,succeeded,
ch_0003840,inv_002895,cus_00174,2025-11-02T14:04:00Z,99,EUR,adyen,1,succeeded,
ch_0003841,inv_002896,cus_00174,2025-12-03T18:52:00Z,99,EUR,stripe,1,succeeded,
ch_0003842,inv_002897,cus_00174,2026-01-03T02:18:00Z,99,EUR,stripe,1,succeeded,
ch_0003843,inv_002898,cus_00174,2026-02-05T10:34:00Z,99,EUR,adyen,1,failed,do_not_honor
ch_0003844,inv_002898,cus_00174,2026-02-10T17:10:00Z,99,EUR,adyen,2,succeeded,
ch_0003845,inv_002899,cus_00174,2026-03-05T12:13:00Z,149,EUR,adyen,1,succeeded,
ch_0003846,inv_002900,cus_00174,2026-04-01T12:00:00Z,149,EUR,stripe,1,succeeded,
ch_0003847,inv_002901,cus_00174,2026-05-03T20:59:00Z,149,EUR,stripe,1,succeeded,
ch_0003848,inv_002902,cus_00174,2026-06-01T11:21:00Z,149,EUR,stripe,1,succeeded,
ch_0003849,inv_002903,cus_00174,2026-07-02T21:39:00Z,149,EUR,stripe,1,failed,expired_card
ch_0003850,inv_002903,cus_00174,2026-07-07T23:25:00Z,149,EUR,stripe,2,failed,insufficient_funds
ch_0003851,inv_002903,cus_00174,2026-07-10T06:23:00Z,149,EUR,stripe,3,succeeded,
ch_0003852,inv_002904,cus_00174,2026-08-04T07:41:00Z,149,EUR,stripe,1,failed,expired_card
ch_0003853,inv_002904,cus_00174,2026-08-07T14:23:00Z,149,EUR,stripe,2,failed,card_declined
ch_0003854,inv_002904,cus_00174,2026-08-12T06:35:00Z,149,EUR,stripe,3,succeeded,
ch_0003855,inv_002905,cus_00175,2025-05-02T22:09:00Z,107.61,USD,stripe,1,succeeded,
ch_0003856,inv_002906,cus_00175,2025-06-04T16:10:00Z,107.61,USD,stripe,1,succeeded,
ch_0003857,inv_002907,cus_00175,2025-07-01T10:55:00Z,107.61,USD,stripe,1,failed,insufficient_funds
ch_0003858,inv_002907,cus_00175,2025-07-06T17:34:00Z,107.61,USD,stripe,2,failed,do_not_honor
ch_0003859,inv_002907,cus_00175,2025-07-11T05:55:00Z,107.61,USD,stripe,3,failed,do_not_honor
ch_0003860,inv_002908,cus_00175,2025-08-01T09:12:00Z,107.61,USD,stripe,1,succeeded,
ch_0003861,inv_002909,cus_00175,2025-09-01T00:49:00Z,107.61,USD,stripe,1,succeeded,
ch_0003862,inv_002910,cus_00175,2025-10-03T07:58:00Z,107.61,USD,stripe,1,succeeded,
ch_0003863,inv_002911,cus_00175,2025-11-03T18:40:00Z,107.61,USD,stripe,1,succeeded,
ch_0003864,inv_002912,cus_00175,2025-12-01T17:05:00Z,107.61,USD,stripe,1,succeeded,
ch_0003865,inv_002913,cus_00175,2026-01-02T11:20:00Z,107.61,USD,stripe,1,succeeded,
ch_0003866,inv_002914,cus_00175,2026-02-04T06:41:00Z,107.61,USD,stripe,1,failed,card_declined
ch_0003867,inv_002914,cus_00175,2026-02-11T18:02:00Z,107.61,USD,stripe,2,failed,do_not_honor
ch_0003868,inv_002914,cus_00175,2026-02-16T19:09:00Z,107.61,USD,stripe,3,succeeded,
ch_0003869,inv_002915,cus_00175,2026-03-02T07:30:00Z,161.96,USD,adyen,1,succeeded,
ch_0003870,inv_002916,cus_00175,2026-04-04T23:08:00Z,161.96,USD,adyen,1,succeeded,
ch_0003871,inv_002917,cus_00175,2026-05-05T17:25:00Z,161.96,USD,mollie,1,failed,insufficient_funds
ch_0003872,inv_002917,cus_00175,2026-05-10T15:39:00Z,161.96,USD,mollie,2,succeeded,
ch_0003873,inv_002918,cus_00175,2026-06-03T18:13:00Z,161.96,USD,stripe,1,failed,do_not_honor
ch_0003874,inv_002918,cus_00175,2026-06-10T18:20:00Z,161.96,USD,stripe,2,failed,card_declined
ch_0003875,inv_002918,cus_00175,2026-06-13T08:51:00Z,161.96,USD,stripe,3,failed,expired_card
ch_0003876,inv_002919,cus_00175,2026-07-03T15:21:00Z,161.96,USD,adyen,1,succeeded,
ch_0003877,inv_002920,cus_00175,2026-08-01T15:48:00Z,161.96,USD,stripe,1,failed,card_declined
ch_0003878,inv_002920,cus_00175,2026-08-04T07:00:00Z,161.96,USD,stripe,2,failed,expired_card
ch_0003879,inv_002920,cus_00175,2026-08-07T05:11:00Z,161.96,USD,stripe,3,succeeded,
ch_0003880,inv_002921,cus_00176,2025-05-04T15:56:00Z,29,EUR,stripe,1,succeeded,
ch_0003881,inv_002922,cus_00176,2025-06-02T05:43:00Z,29,EUR,stripe,1,succeeded,
ch_0003882,inv_002923,cus_00176,2025-07-01T08:57:00Z,29,EUR,adyen,1,succeeded,
ch_0003883,inv_002924,cus_00176,2025-08-04T15:57:00Z,29,EUR,stripe,1,succeeded,
ch_0003884,inv_002925,cus_00176,2025-09-01T10:18:00Z,29,EUR,adyen,1,succeeded,
ch_0003885,inv_002926,cus_00176,2025-10-02T16:58:00Z,29,EUR,adyen,1,succeeded,
ch_0003886,inv_002927,cus_00176,2025-11-05T14:08:00Z,29,EUR,stripe,1,succeeded,
ch_0003887,inv_002928,cus_00176,2025-12-03T21:57:00Z,29,EUR,stripe,1,failed,card_declined
ch_0003888,inv_002928,cus_00176,2025-12-10T05:29:00Z,29,EUR,stripe,2,failed,expired_card
ch_0003889,inv_002928,cus_00176,2025-12-17T22:16:00Z,29,EUR,stripe,3,failed,insufficient_funds
ch_0003890,inv_002928,cus_00176,2025-12-22T23:05:00Z,29,EUR,stripe,4,failed,insufficient_funds
ch_0003891,inv_002929,cus_00176,2026-01-03T16:47:00Z,29,EUR,stripe,1,succeeded,
ch_0003892,inv_002930,cus_00176,2026-02-02T16:02:00Z,29,EUR,adyen,1,failed,card_declined
ch_0003893,inv_002930,cus_00176,2026-02-05T14:41:00Z,29,EUR,adyen,2,failed,expired_card
ch_0003894,inv_002931,cus_00176,2026-03-01T20:10:00Z,29,EUR,stripe,1,succeeded,
ch_0003895,inv_002932,cus_00176,2026-04-05T22:32:00Z,29,EUR,stripe,1,failed,card_declined
ch_0003896,inv_002932,cus_00176,2026-04-08T03:26:00Z,29,EUR,stripe,2,failed,card_declined
ch_0003897,inv_002932,cus_00176,2026-04-13T07:53:00Z,29,EUR,stripe,3,succeeded,
ch_0003898,inv_002933,cus_00176,2026-05-04T23:29:00Z,29,EUR,mollie,1,succeeded,
ch_0003899,inv_002934,cus_00176,2026-06-02T05:05:00Z,29,EUR,adyen,1,succeeded,
ch_0003900,inv_002935,cus_00176,2026-07-02T14:48:00Z,29,EUR,adyen,1,succeeded,
ch_0003901,inv_002936,cus_00176,2026-08-03T04:36:00Z,29,EUR,stripe,1,succeeded,
ch_0003902,inv_002937,cus_00177,2025-05-04T16:28:00Z,29,EUR,mollie,1,succeeded,
ch_0003903,inv_002938,cus_00177,2025-06-05T17:12:00Z,29,EUR,stripe,1,succeeded,
ch_0003904,inv_002939,cus_00177,2025-07-01T06:33:00Z,29,EUR,stripe,1,succeeded,
ch_0003905,inv_002940,cus_00177,2025-08-04T11:25:00Z,29,EUR,mollie,1,succeeded,
ch_0003906,inv_002941,cus_00177,2025-09-01T05:05:00Z,29,EUR,stripe,1,succeeded,
ch_0003907,inv_002942,cus_00177,2025-10-01T13:31:00Z,29,EUR,mollie,1,succeeded,
ch_0003908,inv_002943,cus_00178,2025-05-04T15:34:00Z,99,EUR,mollie,1,succeeded,
ch_0003909,inv_002944,cus_00178,2025-06-02T04:20:00Z,99,EUR,stripe,1,succeeded,
ch_0003910,inv_002945,cus_00178,2025-07-05T21:29:00Z,99,EUR,adyen,1,failed,expired_card
ch_0003911,inv_002945,cus_00178,2025-07-12T20:54:00Z,99,EUR,adyen,2,failed,do_not_honor
ch_0003912,inv_002945,cus_00178,2025-07-15T02:50:00Z,99,EUR,adyen,3,failed,card_declined
ch_0003913,inv_002945,cus_00178,2025-07-22T20:50:00Z,99,EUR,adyen,4,succeeded,
ch_0003914,inv_002946,cus_00178,2025-08-04T17:22:00Z,99,EUR,adyen,1,succeeded,
ch_0003915,inv_002947,cus_00178,2025-09-03T23:06:00Z,99,EUR,adyen,1,succeeded,
ch_0003916,inv_002948,cus_00178,2025-10-05T23:49:00Z,99,EUR,stripe,1,succeeded,
ch_0003917,inv_002949,cus_00178,2025-11-01T01:54:00Z,99,EUR,mollie,1,succeeded,
ch_0003918,inv_002950,cus_00178,2025-12-05T19:04:00Z,99,EUR,mollie,1,succeeded,
ch_0003919,inv_002951,cus_00178,2026-01-03T00:11:00Z,99,EUR,stripe,1,succeeded,
ch_0003920,inv_002952,cus_00178,2026-02-04T22:51:00Z,99,EUR,stripe,1,succeeded,
ch_0003921,inv_002953,cus_00179,2025-05-03T06:36:00Z,99,EUR,stripe,1,succeeded,
ch_0003922,inv_002954,cus_00179,2025-06-01T16:32:00Z,99,EUR,stripe,1,succeeded,
ch_0003923,inv_002955,cus_00179,2025-07-04T21:35:00Z,99,EUR,adyen,1,succeeded,
ch_0003924,inv_002956,cus_00179,2025-08-04T23:59:00Z,99,EUR,mollie,1,succeeded,
ch_0003925,inv_002957,cus_00179,2025-09-05T01:49:00Z,99,EUR,stripe,1,succeeded,
ch_0003926,inv_002958,cus_00179,2025-10-02T14:43:00Z,99,EUR,mollie,1,succeeded,
ch_0003927,inv_002959,cus_00179,2025-11-01T21:25:00Z,99,EUR,stripe,1,succeeded,
ch_0003928,inv_002960,cus_00179,2025-12-01T16:11:00Z,99,EUR,stripe,1,succeeded,
ch_0003929,inv_002961,cus_00179,2026-01-04T03:51:00Z,99,EUR,mollie,1,succeeded,
ch_0003930,inv_002962,cus_00179,2026-02-04T13:32:00Z,99,EUR,adyen,1,succeeded,
ch_0003931,inv_002963,cus_00179,2026-03-01T23:23:00Z,149,EUR,mollie,1,succeeded,
ch_0003932,inv_002964,cus_00179,2026-04-01T17:51:00Z,149,EUR,adyen,1,succeeded,
ch_0003933,inv_002965,cus_00179,2026-05-05T20:36:00Z,149,EUR,adyen,1,failed,expired_card
ch_0003934,inv_002965,cus_00179,2026-05-12T16:06:00Z,149,EUR,adyen,2,failed,card_declined
ch_0003935,inv_002965,cus_00179,2026-05-15T03:35:00Z,149,EUR,adyen,3,failed,card_declined
ch_0003936,inv_002966,cus_00179,2026-06-03T10:06:00Z,149,EUR,stripe,1,succeeded,
ch_0003937,inv_002967,cus_00179,2026-07-02T01:08:00Z,149,EUR,stripe,1,succeeded,
ch_0003938,inv_002968,cus_00179,2026-08-02T10:46:00Z,149,EUR,stripe,1,succeeded,
ch_0003939,inv_002969,cus_00180,2025-06-02T00:50:00Z,29,EUR,adyen,1,succeeded,
ch_0003940,inv_002970,cus_00180,2025-07-03T20:07:00Z,29,EUR,adyen,1,succeeded,
ch_0003941,inv_002971,cus_00180,2025-08-01T03:46:00Z,29,EUR,stripe,1,succeeded,
ch_0003942,inv_002972,cus_00180,2025-09-04T11:06:00Z,29,EUR,adyen,1,succeeded,
ch_0003943,inv_002973,cus_00180,2025-10-04T11:10:00Z,29,EUR,stripe,1,succeeded,
ch_0003944,inv_002974,cus_00180,2025-11-03T05:27:00Z,29,EUR,adyen,1,succeeded,
ch_0003945,inv_002975,cus_00180,2025-12-04T16:01:00Z,29,EUR,stripe,1,succeeded,
ch_0003946,inv_002976,cus_00180,2026-01-02T18:13:00Z,29,EUR,mollie,1,succeeded,
ch_0003947,inv_002977,cus_00180,2026-02-05T08:53:00Z,29,EUR,adyen,1,succeeded,
ch_0003948,inv_002978,cus_00180,2026-03-05T11:43:00Z,29,EUR,stripe,1,succeeded,
ch_0003949,inv_002979,cus_00181,2025-06-03T09:10:00Z,99,EUR,stripe,1,succeeded,
ch_0003950,inv_002980,cus_00181,2025-07-01T21:22:00Z,99,EUR,stripe,1,succeeded,
ch_0003951,inv_002981,cus_00181,2025-08-05T20:35:00Z,99,EUR,stripe,1,succeeded,
ch_0003952,inv_002982,cus_00181,2025-09-02T17:49:00Z,99,EUR,stripe,1,succeeded,
ch_0003953,inv_002983,cus_00181,2025-10-03T05:21:00Z,99,EUR,stripe,1,succeeded,
ch_0003954,inv_002984,cus_00181,2025-11-01T18:27:00Z,99,EUR,stripe,1,succeeded,
ch_0003955,inv_002985,cus_00181,2025-12-05T18:40:00Z,99,EUR,stripe,1,succeeded,
ch_0003956,inv_002986,cus_00181,2026-01-05T17:34:00Z,99,EUR,adyen,1,succeeded,
ch_0003957,inv_002987,cus_00181,2026-02-03T20:14:00Z,99,EUR,adyen,1,succeeded,
ch_0003958,inv_002988,cus_00181,2026-03-02T04:48:00Z,149,EUR,stripe,1,failed,insufficient_funds
ch_0003959,inv_002988,cus_00181,2026-03-05T15:48:00Z,149,EUR,stripe,2,failed,insufficient_funds
ch_0003960,inv_002988,cus_00181,2026-03-08T18:40:00Z,149,EUR,stripe,3,failed,card_declined
ch_0003961,inv_002988,cus_00181,2026-03-15T08:36:00Z,149,EUR,stripe,4,failed,expired_card
ch_0003962,inv_002989,cus_00181,2026-04-03T02:08:00Z,149,EUR,stripe,1,succeeded,
ch_0003963,inv_002990,cus_00181,2026-05-02T15:33:00Z,149,EUR,stripe,1,succeeded,
ch_0003964,inv_002991,cus_00181,2026-06-03T23:25:00Z,149,EUR,mollie,1,succeeded,
ch_0003965,inv_002992,cus_00181,2026-07-03T13:34:00Z,149,EUR,adyen,1,succeeded,
ch_0003966,inv_002993,cus_00181,2026-08-01T12:42:00Z,149,EUR,mollie,1,succeeded,
ch_0003967,inv_002994,cus_00182,2025-06-03T17:27:00Z,29,EUR,mollie,1,succeeded,
ch_0003968,inv_002995,cus_00182,2025-07-01T12:50:00Z,29,EUR,stripe,1,succeeded,
ch_0003969,inv_002996,cus_00182,2025-08-05T12:59:00Z,29,EUR,stripe,1,failed,card_declined
ch_0003970,inv_002996,cus_00182,2025-08-08T19:08:00Z,29,EUR,stripe,2,failed,processing_error
ch_0003971,inv_002997,cus_00182,2025-09-02T05:51:00Z,29,EUR,stripe,1,succeeded,
ch_0003972,inv_002998,cus_00182,2025-10-05T02:53:00Z,29,EUR,stripe,1,succeeded,
ch_0003973,inv_002999,cus_00182,2025-11-02T20:42:00Z,29,EUR,stripe,1,succeeded,
ch_0003974,inv_003000,cus_00182,2025-12-04T17:39:00Z,29,EUR,stripe,1,succeeded,
ch_0003975,inv_003001,cus_00182,2026-01-03T20:56:00Z,29,EUR,adyen,1,succeeded,
ch_0003976,inv_003002,cus_00182,2026-02-04T02:41:00Z,29,EUR,stripe,1,failed,card_declined
ch_0003977,inv_003002,cus_00182,2026-02-09T16:35:00Z,29,EUR,stripe,2,failed,card_declined
ch_0003978,inv_003002,cus_00182,2026-02-12T22:52:00Z,29,EUR,stripe,3,failed,processing_error
ch_0003979,inv_003002,cus_00182,2026-02-19T14:59:00Z,29,EUR,stripe,4,succeeded,
ch_0003980,inv_003003,cus_00182,2026-03-04T21:31:00Z,29,EUR,adyen,1,succeeded,
ch_0003981,inv_003004,cus_00182,2026-04-04T02:22:00Z,29,EUR,mollie,1,succeeded,
ch_0003982,inv_003005,cus_00182,2026-05-03T10:00:00Z,29,EUR,stripe,1,succeeded,
ch_0003983,inv_003006,cus_00182,2026-06-04T16:41:00Z,29,EUR,adyen,1,succeeded,
ch_0003984,inv_003007,cus_00182,2026-07-02T09:45:00Z,29,EUR,adyen,1,succeeded,
ch_0003985,inv_003008,cus_00182,2026-08-05T19:46:00Z,29,EUR,stripe,1,succeeded,
ch_0003986,inv_003009,cus_00183,2025-06-03T11:45:00Z,99,EUR,mollie,1,succeeded,
ch_0003987,inv_003010,cus_00183,2025-07-03T10:51:00Z,99,EUR,stripe,1,succeeded,
ch_0003988,inv_003011,cus_00183,2025-08-03T12:54:00Z,99,EUR,mollie,1,succeeded,
ch_0003989,inv_003012,cus_00183,2025-09-02T05:23:00Z,99,EUR,stripe,1,succeeded,
ch_0003990,inv_003013,cus_00183,2025-10-04T00:16:00Z,99,EUR,stripe,1,succeeded,
ch_0003991,inv_003014,cus_00183,2025-11-01T08:58:00Z,99,EUR,stripe,1,succeeded,
ch_0003992,inv_003015,cus_00183,2025-12-01T16:50:00Z,99,EUR,stripe,1,succeeded,
ch_0003993,inv_003016,cus_00183,2026-01-04T17:41:00Z,99,EUR,stripe,1,succeeded,
ch_0003994,inv_003017,cus_00183,2026-02-05T13:07:00Z,99,EUR,stripe,1,succeeded,
ch_0003995,inv_003018,cus_00184,2025-06-05T21:27:00Z,29,EUR,stripe,1,succeeded,
ch_0003996,inv_003019,cus_00184,2025-07-02T01:24:00Z,29,EUR,stripe,1,succeeded,
ch_0003997,inv_003020,cus_00184,2025-08-05T19:15:00Z,29,EUR,stripe,1,succeeded,
ch_0003998,inv_003021,cus_00184,2025-09-02T08:34:00Z,29,EUR,adyen,1,succeeded,
ch_0003999,inv_003022,cus_00184,2025-10-01T04:23:00Z,29,EUR,stripe,1,succeeded,
ch_0004000,inv_003023,cus_00184,2025-11-05T03:56:00Z,29,EUR,mollie,1,succeeded,
ch_0004001,inv_003024,cus_00184,2025-12-01T06:20:00Z,29,EUR,stripe,1,succeeded,
ch_0004002,inv_003025,cus_00184,2026-01-05T10:59:00Z,29,EUR,stripe,1,succeeded,
ch_0004003,inv_003026,cus_00184,2026-02-01T05:05:00Z,29,EUR,mollie,1,succeeded,
ch_0004004,inv_003027,cus_00184,2026-03-02T03:13:00Z,29,EUR,stripe,1,succeeded,
ch_0004005,inv_003028,cus_00184,2026-04-03T23:52:00Z,29,EUR,adyen,1,succeeded,
ch_0004006,inv_003029,cus_00184,2026-05-02T21:42:00Z,29,EUR,stripe,1,succeeded,
ch_0004007,inv_003030,cus_00184,2026-06-03T20:04:00Z,29,EUR,adyen,1,succeeded,
ch_0004008,inv_003031,cus_00184,2026-07-05T04:21:00Z,29,EUR,adyen,1,succeeded,
ch_0004009,inv_003032,cus_00184,2026-08-01T18:59:00Z,29,EUR,stripe,1,succeeded,
ch_0004010,inv_003033,cus_00185,2025-06-03T13:30:00Z,99,EUR,stripe,1,succeeded,
ch_0004011,inv_003034,cus_00185,2025-07-05T03:37:00Z,99,EUR,stripe,1,succeeded,
ch_0004012,inv_003035,cus_00185,2025-08-01T05:54:00Z,99,EUR,stripe,1,succeeded,
ch_0004013,inv_003036,cus_00185,2025-09-02T00:38:00Z,99,EUR,stripe,1,failed,insufficient_funds
ch_0004014,inv_003036,cus_00185,2025-09-05T21:23:00Z,99,EUR,stripe,2,failed,card_declined
ch_0004015,inv_003036,cus_00185,2025-09-08T22:46:00Z,99,EUR,stripe,3,succeeded,
ch_0004016,inv_003037,cus_00185,2025-10-04T23:12:00Z,99,EUR,adyen,1,succeeded,
ch_0004017,inv_003038,cus_00185,2025-11-05T05:45:00Z,99,EUR,adyen,1,succeeded,
ch_0004018,inv_003039,cus_00185,2025-12-03T06:57:00Z,99,EUR,adyen,1,succeeded,
ch_0004019,inv_003040,cus_00185,2026-01-05T10:00:00Z,99,EUR,adyen,1,succeeded,
ch_0004020,inv_003041,cus_00185,2026-02-02T16:27:00Z,99,EUR,adyen,1,succeeded,
ch_0004021,inv_003042,cus_00185,2026-03-03T17:13:00Z,149,EUR,mollie,1,succeeded,
ch_0004022,inv_003043,cus_00185,2026-04-05T11:38:00Z,149,EUR,adyen,1,succeeded,
ch_0004023,inv_003044,cus_00185,2026-05-04T21:11:00Z,149,EUR,adyen,1,succeeded,
ch_0004024,inv_003045,cus_00185,2026-06-05T07:41:00Z,149,EUR,stripe,1,succeeded,
ch_0004025,inv_003046,cus_00185,2026-07-05T22:27:00Z,149,EUR,stripe,1,failed,card_declined
ch_0004026,inv_003046,cus_00185,2026-07-10T17:23:00Z,149,EUR,stripe,2,failed,processing_error
ch_0004027,inv_003046,cus_00185,2026-07-13T22:23:00Z,149,EUR,stripe,3,failed,card_declined
ch_0004028,inv_003046,cus_00185,2026-07-20T19:48:00Z,149,EUR,stripe,4,failed,do_not_honor
ch_0004029,inv_003047,cus_00185,2026-08-04T13:56:00Z,149,EUR,stripe,1,succeeded,
ch_0004030,inv_003048,cus_00186,2025-06-03T07:01:00Z,29,EUR,adyen,1,succeeded,
ch_0004031,inv_003049,cus_00186,2025-07-03T11:25:00Z,29,EUR,stripe,1,succeeded,
ch_0004032,inv_003050,cus_00186,2025-08-04T05:39:00Z,29,EUR,stripe,1,succeeded,
ch_0004033,inv_003051,cus_00186,2025-09-03T00:35:00Z,29,EUR,stripe,1,succeeded,
ch_0004034,inv_003052,cus_00186,2025-10-03T22:36:00Z,29,EUR,stripe,1,failed,card_declined
ch_0004035,inv_003052,cus_00186,2025-10-08T21:02:00Z,29,EUR,stripe,2,failed,expired_card
ch_0004036,inv_003052,cus_00186,2025-10-13T22:44:00Z,29,EUR,stripe,3,succeeded,
ch_0004037,inv_003053,cus_00186,2025-11-05T07:13:00Z,29,EUR,adyen,1,succeeded,
ch_0004038,inv_003054,cus_00186,2025-12-05T21:27:00Z,29,EUR,mollie,1,succeeded,
ch_0004039,inv_003055,cus_00186,2026-01-01T07:37:00Z,29,EUR,stripe,1,succeeded,
ch_0004040,inv_003056,cus_00186,2026-02-04T22:41:00Z,29,EUR,adyen,1,succeeded,
ch_0004041,inv_003057,cus_00186,2026-03-02T17:47:00Z,29,EUR,stripe,1,failed,insufficient_funds
ch_0004042,inv_003057,cus_00186,2026-03-09T10:18:00Z,29,EUR,stripe,2,failed,card_declined
ch_0004043,inv_003057,cus_00186,2026-03-12T15:57:00Z,29,EUR,stripe,3,failed,card_declined
ch_0004044,inv_003057,cus_00186,2026-03-17T18:15:00Z,29,EUR,stripe,4,succeeded,
ch_0004045,inv_003058,cus_00186,2026-04-02T02:41:00Z,29,EUR,stripe,1,succeeded,
ch_0004046,inv_003059,cus_00186,2026-05-05T05:33:00Z,29,EUR,stripe,1,succeeded,
ch_0004047,inv_003060,cus_00187,2025-06-02T06:05:00Z,99,EUR,stripe,1,succeeded,
ch_0004048,inv_003061,cus_00187,2025-07-05T20:43:00Z,99,EUR,stripe,1,succeeded,
ch_0004049,inv_003062,cus_00187,2025-08-03T10:06:00Z,99,EUR,stripe,1,succeeded,
ch_0004050,inv_003063,cus_00187,2025-09-05T02:44:00Z,99,EUR,stripe,1,succeeded,
ch_0004051,inv_003064,cus_00187,2025-10-05T06:02:00Z,99,EUR,stripe,1,succeeded,
ch_0004052,inv_003065,cus_00187,2025-11-01T03:32:00Z,99,EUR,adyen,1,succeeded,
ch_0004053,inv_003066,cus_00187,2025-12-04T15:09:00Z,99,EUR,stripe,1,succeeded,
ch_0004054,inv_003067,cus_00187,2026-01-01T04:15:00Z,99,EUR,mollie,1,succeeded,
ch_0004055,inv_003068,cus_00187,2026-02-02T23:31:00Z,99,EUR,stripe,1,succeeded,
ch_0004056,inv_003069,cus_00187,2026-03-01T05:35:00Z,149,EUR,stripe,1,succeeded,
ch_0004057,inv_003070,cus_00187,2026-04-03T05:17:00Z,149,EUR,stripe,1,succeeded,
ch_0004058,inv_003071,cus_00187,2026-05-01T16:40:00Z,149,EUR,stripe,1,succeeded,
ch_0004059,inv_003072,cus_00187,2026-06-03T17:15:00Z,149,EUR,stripe,1,succeeded,
ch_0004060,inv_003073,cus_00187,2026-07-01T23:40:00Z,149,EUR,stripe,1,succeeded,
ch_0004061,inv_003074,cus_00187,2026-08-01T23:26:00Z,149,EUR,stripe,1,succeeded,
ch_0004062,inv_003075,cus_00188,2025-06-02T07:31:00Z,99,EUR,stripe,1,failed,card_declined
ch_0004063,inv_003075,cus_00188,2025-06-09T11:10:00Z,99,EUR,stripe,2,failed,card_declined
ch_0004064,inv_003075,cus_00188,2025-06-12T14:55:00Z,99,EUR,stripe,3,succeeded,
ch_0004065,inv_003076,cus_00188,2025-07-01T22:01:00Z,99,EUR,stripe,1,succeeded,
ch_0004066,inv_003077,cus_00188,2025-08-03T21:45:00Z,99,EUR,stripe,1,succeeded,
ch_0004067,inv_003078,cus_00188,2025-09-04T10:10:00Z,99,EUR,mollie,1,succeeded,
ch_0004068,inv_003079,cus_00188,2025-10-03T04:24:00Z,99,EUR,mollie,1,succeeded,
ch_0004069,inv_003080,cus_00188,2025-11-01T04:23:00Z,99,EUR,stripe,1,succeeded,
ch_0004070,inv_003081,cus_00188,2025-12-05T18:31:00Z,99,EUR,stripe,1,failed,card_declined
ch_0004071,inv_003081,cus_00188,2025-12-10T19:10:00Z,99,EUR,stripe,2,failed,card_declined
ch_0004072,inv_003081,cus_00188,2025-12-13T16:43:00Z,99,EUR,stripe,3,failed,expired_card
ch_0004073,inv_003081,cus_00188,2025-12-18T12:14:00Z,99,EUR,stripe,4,succeeded,
ch_0004074,inv_003082,cus_00188,2026-01-02T23:37:00Z,99,EUR,adyen,1,succeeded,
ch_0004075,inv_003083,cus_00188,2026-02-01T16:52:00Z,99,EUR,stripe,1,succeeded,
ch_0004076,inv_003084,cus_00188,2026-03-04T19:13:00Z,149,EUR,stripe,1,succeeded,
ch_0004077,inv_003085,cus_00188,2026-04-05T22:00:00Z,149,EUR,stripe,1,succeeded,
ch_0004078,inv_003086,cus_00188,2026-05-03T22:13:00Z,149,EUR,stripe,1,failed,do_not_honor
ch_0004079,inv_003086,cus_00188,2026-05-06T11:50:00Z,149,EUR,stripe,2,failed,card_declined
ch_0004080,inv_003086,cus_00188,2026-05-13T15:42:00Z,149,EUR,stripe,3,failed,do_not_honor
ch_0004081,inv_003086,cus_00188,2026-05-20T08:09:00Z,149,EUR,stripe,4,failed,expired_card
ch_0004082,inv_003087,cus_00188,2026-06-04T15:43:00Z,149,EUR,stripe,1,succeeded,
ch_0004083,inv_003088,cus_00188,2026-07-02T20:29:00Z,149,EUR,mollie,1,succeeded,
ch_0004084,inv_003089,cus_00188,2026-08-05T10:29:00Z,149,EUR,stripe,1,succeeded,
ch_0004085,inv_003090,cus_00189,2025-06-02T05:49:00Z,99,EUR,stripe,1,succeeded,
ch_0004086,inv_003091,cus_00189,2025-07-04T08:25:00Z,99,EUR,stripe,1,succeeded,
ch_0004087,inv_003092,cus_00189,2025-08-05T09:24:00Z,99,EUR,stripe,1,succeeded,
ch_0004088,inv_003093,cus_00189,2025-09-02T23:05:00Z,99,EUR,stripe,1,succeeded,
ch_0004089,inv_003094,cus_00189,2025-10-01T09:57:00Z,99,EUR,stripe,1,succeeded,
ch_0004090,inv_003095,cus_00189,2025-11-01T20:32:00Z,99,EUR,adyen,1,succeeded,
ch_0004091,inv_003096,cus_00189,2025-12-02T06:59:00Z,99,EUR,stripe,1,succeeded,
ch_0004092,inv_003097,cus_00189,2026-01-01T17:22:00Z,99,EUR,adyen,1,succeeded,
ch_0004093,inv_003098,cus_00189,2026-02-02T23:31:00Z,99,EUR,stripe,1,succeeded,
ch_0004094,inv_003099,cus_00190,2025-06-02T07:45:00Z,99,EUR,adyen,1,succeeded,
ch_0004095,inv_003100,cus_00190,2025-07-03T04:03:00Z,99,EUR,stripe,1,succeeded,
ch_0004096,inv_003101,cus_00190,2025-08-04T19:18:00Z,99,EUR,mollie,1,succeeded,
ch_0004097,inv_003102,cus_00190,2025-09-02T09:25:00Z,99,EUR,stripe,1,failed,card_declined
ch_0004098,inv_003102,cus_00190,2025-09-05T18:40:00Z,99,EUR,stripe,2,failed,insufficient_funds
ch_0004099,inv_003102,cus_00190,2025-09-10T08:51:00Z,99,EUR,stripe,3,succeeded,
ch_0004100,inv_003103,cus_00190,2025-10-02T09:09:00Z,99,EUR,mollie,1,succeeded,
ch_0004101,inv_003104,cus_00190,2025-11-02T13:30:00Z,99,EUR,stripe,1,failed,expired_card
ch_0004102,inv_003104,cus_00190,2025-11-09T15:09:00Z,99,EUR,stripe,2,failed,do_not_honor
ch_0004103,inv_003104,cus_00190,2025-11-16T22:57:00Z,99,EUR,stripe,3,failed,processing_error
ch_0004104,inv_003104,cus_00190,2025-11-23T13:47:00Z,99,EUR,stripe,4,succeeded,
ch_0004105,inv_003105,cus_00190,2025-12-05T06:04:00Z,99,EUR,stripe,1,succeeded,
ch_0004106,inv_003106,cus_00190,2026-01-04T04:26:00Z,99,EUR,adyen,1,succeeded,
ch_0004107,inv_003107,cus_00190,2026-02-05T09:39:00Z,99,EUR,mollie,1,succeeded,
ch_0004108,inv_003108,cus_00190,2026-03-02T04:47:00Z,149,EUR,stripe,1,succeeded,
ch_0004109,inv_003109,cus_00191,2025-06-02T19:13:00Z,29,EUR,mollie,1,failed,card_declined
ch_0004110,inv_003109,cus_00191,2025-06-05T05:53:00Z,29,EUR,mollie,2,failed,card_declined
ch_0004111,inv_003109,cus_00191,2025-06-08T03:57:00Z,29,EUR,mollie,3,failed,insufficient_funds
ch_0004112,inv_003109,cus_00191,2025-06-15T16:44:00Z,29,EUR,mollie,4,failed,processing_error
ch_0004113,inv_003110,cus_00191,2025-07-04T09:37:00Z,29,EUR,adyen,1,succeeded,
ch_0004114,inv_003111,cus_00191,2025-08-03T02:24:00Z,29,EUR,stripe,1,succeeded,
ch_0004115,inv_003112,cus_00191,2025-09-01T09:02:00Z,29,EUR,stripe,1,succeeded,
ch_0004116,inv_003113,cus_00192,2025-06-05T19:02:00Z,84.62,GBP,adyen,1,succeeded,
ch_0004117,inv_003114,cus_00192,2025-07-04T11:59:00Z,84.62,GBP,stripe,1,succeeded,
ch_0004118,inv_003115,cus_00192,2025-08-03T11:38:00Z,84.62,GBP,adyen,1,failed,card_declined
ch_0004119,inv_003115,cus_00192,2025-08-10T04:22:00Z,84.62,GBP,adyen,2,failed,insufficient_funds
ch_0004120,inv_003115,cus_00192,2025-08-15T11:21:00Z,84.62,GBP,adyen,3,failed,insufficient_funds
ch_0004121,inv_003115,cus_00192,2025-08-18T11:38:00Z,84.62,GBP,adyen,4,failed,insufficient_funds
ch_0004122,inv_003116,cus_00192,2025-09-05T05:54:00Z,84.62,GBP,stripe,1,failed,card_declined
ch_0004123,inv_003116,cus_00192,2025-09-10T19:13:00Z,84.62,GBP,stripe,2,succeeded,
ch_0004124,inv_003117,cus_00192,2025-10-04T09:16:00Z,84.62,GBP,stripe,1,succeeded,
ch_0004125,inv_003118,cus_00192,2025-11-03T03:45:00Z,84.62,GBP,stripe,1,succeeded,
ch_0004126,inv_003119,cus_00192,2025-12-01T13:46:00Z,84.62,GBP,stripe,1,succeeded,
ch_0004127,inv_003120,cus_00192,2026-01-04T12:25:00Z,84.62,GBP,stripe,1,succeeded,
ch_0004128,inv_003121,cus_00192,2026-02-02T05:33:00Z,84.62,GBP,stripe,1,failed,do_not_honor
ch_0004129,inv_003121,cus_00192,2026-02-07T02:03:00Z,84.62,GBP,stripe,2,failed,insufficient_funds
ch_0004130,inv_003121,cus_00192,2026-02-14T07:46:00Z,84.62,GBP,stripe,3,failed,processing_error
ch_0004131,inv_003121,cus_00192,2026-02-17T17:20:00Z,84.62,GBP,stripe,4,failed,insufficient_funds
ch_0004132,inv_003122,cus_00193,2025-06-02T03:19:00Z,24.79,GBP,stripe,1,succeeded,
ch_0004133,inv_003123,cus_00193,2025-07-03T02:25:00Z,24.79,GBP,adyen,1,succeeded,
ch_0004134,inv_003124,cus_00193,2025-08-01T08:16:00Z,24.79,GBP,mollie,1,succeeded,
ch_0004135,inv_003125,cus_00193,2025-09-04T14:44:00Z,24.79,GBP,stripe,1,succeeded,
ch_0004136,inv_003126,cus_00193,2025-10-05T02:37:00Z,24.79,GBP,stripe,1,succeeded,
ch_0004137,inv_003127,cus_00193,2025-11-04T21:02:00Z,24.79,GBP,stripe,1,succeeded,
ch_0004138,inv_003128,cus_00193,2025-12-02T17:59:00Z,24.79,GBP,adyen,1,succeeded,
ch_0004139,inv_003129,cus_00193,2026-01-02T12:08:00Z,24.79,GBP,adyen,1,failed,expired_card
ch_0004140,inv_003129,cus_00193,2026-01-09T03:17:00Z,24.79,GBP,adyen,2,failed,card_declined
ch_0004141,inv_003129,cus_00193,2026-01-14T18:13:00Z,24.79,GBP,adyen,3,succeeded,
ch_0004142,inv_003130,cus_00193,2026-02-04T05:56:00Z,24.79,GBP,adyen,1,failed,card_declined
ch_0004143,inv_003130,cus_00193,2026-02-11T00:14:00Z,24.79,GBP,adyen,2,failed,card_declined
ch_0004144,inv_003130,cus_00193,2026-02-14T11:08:00Z,24.79,GBP,adyen,3,failed,expired_card
ch_0004145,inv_003131,cus_00193,2026-03-05T12:51:00Z,24.79,GBP,mollie,1,succeeded,
ch_0004146,inv_003132,cus_00193,2026-04-02T15:07:00Z,24.79,GBP,mollie,1,failed,insufficient_funds
ch_0004147,inv_003132,cus_00193,2026-04-07T21:05:00Z,24.79,GBP,mollie,2,failed,expired_card
ch_0004148,inv_003132,cus_00193,2026-04-10T05:38:00Z,24.79,GBP,mollie,3,succeeded,
ch_0004149,inv_003133,cus_00193,2026-05-05T19:20:00Z,24.79,GBP,stripe,1,succeeded,
ch_0004150,inv_003134,cus_00193,2026-06-02T18:48:00Z,24.79,GBP,stripe,1,succeeded,
ch_0004151,inv_003135,cus_00193,2026-07-05T05:36:00Z,24.79,GBP,stripe,1,succeeded,
ch_0004152,inv_003136,cus_00193,2026-08-03T11:23:00Z,24.79,GBP,stripe,1,succeeded,
ch_0004153,inv_003137,cus_00194,2025-06-01T00:30:00Z,29,EUR,stripe,1,succeeded,
ch_0004154,inv_003138,cus_00194,2025-07-02T10:44:00Z,29,EUR,stripe,1,succeeded,
ch_0004155,inv_003139,cus_00195,2025-06-03T10:58:00Z,999,EUR,stripe,1,succeeded,
ch_0004156,inv_003140,cus_00195,2025-07-01T21:30:00Z,999,EUR,adyen,1,succeeded,
ch_0004157,inv_003141,cus_00195,2025-08-05T20:24:00Z,999,EUR,stripe,1,succeeded,
ch_0004158,inv_003142,cus_00195,2025-09-01T19:31:00Z,999,EUR,stripe,1,succeeded,
ch_0004159,inv_003143,cus_00195,2025-10-03T18:44:00Z,999,EUR,stripe,1,failed,card_declined
ch_0004160,inv_003143,cus_00195,2025-10-06T23:58:00Z,999,EUR,stripe,2,succeeded,
ch_0004161,inv_003146,cus_00195,2026-01-04T20:26:00Z,999,EUR,stripe,1,succeeded,
ch_0004162,inv_003147,cus_00195,2026-02-03T00:49:00Z,999,EUR,stripe,1,succeeded,
ch_0004163,inv_003148,cus_00195,2026-03-01T15:57:00Z,999,EUR,stripe,1,succeeded,
ch_0004164,inv_003149,cus_00195,2026-04-03T08:03:00Z,999,EUR,mollie,1,succeeded,
ch_0004165,inv_003150,cus_00195,2026-05-04T18:34:00Z,999,EUR,stripe,1,failed,card_declined
ch_0004166,inv_003150,cus_00195,2026-05-09T18:12:00Z,999,EUR,stripe,2,failed,insufficient_funds
ch_0004167,inv_003150,cus_00195,2026-05-16T01:28:00Z,999,EUR,stripe,3,succeeded,
ch_0004168,inv_003151,cus_00195,2026-06-02T22:24:00Z,999,EUR,adyen,1,succeeded,
ch_0004169,inv_003152,cus_00195,2026-07-05T15:37:00Z,999,EUR,stripe,1,failed,card_declined
ch_0004170,inv_003152,cus_00195,2026-07-08T21:35:00Z,999,EUR,stripe,2,failed,expired_card
ch_0004171,inv_003152,cus_00195,2026-07-11T00:29:00Z,999,EUR,stripe,3,failed,insufficient_funds
ch_0004172,inv_003152,cus_00195,2026-07-18T05:06:00Z,999,EUR,stripe,4,failed,expired_card
ch_0004173,inv_003153,cus_00195,2026-08-03T22:34:00Z,999,EUR,adyen,1,failed,insufficient_funds
ch_0004174,inv_003153,cus_00195,2026-08-10T03:52:00Z,999,EUR,adyen,2,failed,card_declined
ch_0004175,inv_003153,cus_00195,2026-08-15T14:17:00Z,999,EUR,adyen,3,failed,expired_card
ch_0004176,inv_003153,cus_00195,2026-08-18T01:45:00Z,999,EUR,adyen,4,succeeded,
ch_0004177,inv_003154,cus_00196,2025-06-01T05:31:00Z,29,EUR,adyen,1,succeeded,
ch_0004178,inv_003155,cus_00196,2025-07-01T06:41:00Z,29,EUR,adyen,1,failed,expired_card
ch_0004179,inv_003155,cus_00196,2025-07-04T03:19:00Z,29,EUR,adyen,2,failed,insufficient_funds
ch_0004180,inv_003155,cus_00196,2025-07-07T10:34:00Z,29,EUR,adyen,3,failed,card_declined
ch_0004181,inv_003155,cus_00196,2025-07-12T17:06:00Z,29,EUR,adyen,4,succeeded,
ch_0004182,inv_003156,cus_00196,2025-08-03T13:02:00Z,29,EUR,stripe,1,succeeded,
ch_0004183,inv_003157,cus_00196,2025-09-02T07:56:00Z,29,EUR,adyen,1,succeeded,
ch_0004184,inv_003158,cus_00196,2025-10-02T00:06:00Z,29,EUR,adyen,1,succeeded,
ch_0004185,inv_003159,cus_00196,2025-11-02T20:18:00Z,29,EUR,stripe,1,failed,insufficient_funds
ch_0004186,inv_003159,cus_00196,2025-11-07T19:08:00Z,29,EUR,stripe,2,succeeded,
ch_0004187,inv_003160,cus_00196,2025-12-02T16:45:00Z,29,EUR,mollie,1,succeeded,
ch_0004188,inv_003161,cus_00196,2026-01-01T06:24:00Z,29,EUR,stripe,1,failed,processing_error
ch_0004189,inv_003161,cus_00196,2026-01-08T01:57:00Z,29,EUR,stripe,2,failed,insufficient_funds
ch_0004190,inv_003161,cus_00196,2026-01-15T04:08:00Z,29,EUR,stripe,3,failed,insufficient_funds
ch_0004191,inv_003162,cus_00196,2026-02-05T10:59:00Z,29,EUR,adyen,1,succeeded,
ch_0004192,inv_003163,cus_00196,2026-03-01T09:46:00Z,29,EUR,mollie,1,succeeded,
ch_0004193,inv_003164,cus_00196,2026-04-03T05:04:00Z,29,EUR,adyen,1,succeeded,
ch_0004194,inv_003165,cus_00196,2026-05-01T17:23:00Z,29,EUR,stripe,1,succeeded,
ch_0004195,inv_003166,cus_00196,2026-06-01T00:03:00Z,29,EUR,stripe,1,succeeded,
ch_0004196,inv_003167,cus_00196,2026-07-05T17:59:00Z,29,EUR,stripe,1,succeeded,
ch_0004197,inv_003168,cus_00196,2026-08-04T07:03:00Z,29,EUR,stripe,1,succeeded,
ch_0004198,inv_003169,cus_00197,2025-06-05T20:05:00Z,107.61,USD,adyen,1,failed,card_declined
ch_0004199,inv_003169,cus_00197,2025-06-12T07:56:00Z,107.61,USD,adyen,2,failed,insufficient_funds
ch_0004200,inv_003169,cus_00197,2025-06-17T10:08:00Z,107.61,USD,adyen,3,succeeded,
ch_0004201,inv_003170,cus_00197,2025-07-03T01:12:00Z,107.61,USD,stripe,1,succeeded,
ch_0004202,inv_003171,cus_00197,2025-08-05T20:10:00Z,107.61,USD,adyen,1,succeeded,
ch_0004203,inv_003172,cus_00197,2025-09-04T03:03:00Z,107.61,USD,mollie,1,succeeded,
ch_0004204,inv_003173,cus_00197,2025-10-02T21:13:00Z,107.61,USD,adyen,1,succeeded,
ch_0004205,inv_003174,cus_00197,2025-11-05T22:25:00Z,107.61,USD,adyen,1,failed,card_declined
ch_0004206,inv_003174,cus_00197,2025-11-08T20:21:00Z,107.61,USD,adyen,2,failed,do_not_honor
ch_0004207,inv_003174,cus_00197,2025-11-13T20:15:00Z,107.61,USD,adyen,3,failed,card_declined
ch_0004208,inv_003174,cus_00197,2025-11-16T14:23:00Z,107.61,USD,adyen,4,succeeded,
ch_0004209,inv_003175,cus_00197,2025-12-05T13:51:00Z,107.61,USD,stripe,1,failed,card_declined
ch_0004210,inv_003175,cus_00197,2025-12-12T03:48:00Z,107.61,USD,stripe,2,failed,insufficient_funds
ch_0004211,inv_003175,cus_00197,2025-12-17T22:43:00Z,107.61,USD,stripe,3,succeeded,
ch_0004212,inv_003176,cus_00197,2026-01-01T19:28:00Z,107.61,USD,stripe,1,succeeded,
ch_0004213,inv_003177,cus_00197,2026-02-04T13:29:00Z,107.61,USD,stripe,1,succeeded,
ch_0004214,inv_003178,cus_00197,2026-03-04T11:56:00Z,161.96,USD,stripe,1,succeeded,
ch_0004215,inv_003179,cus_00197,2026-04-05T18:55:00Z,161.96,USD,stripe,1,succeeded,
ch_0004216,inv_003180,cus_00197,2026-05-03T10:18:00Z,161.96,USD,stripe,1,succeeded,
ch_0004217,inv_003181,cus_00197,2026-06-03T09:35:00Z,161.96,USD,stripe,1,succeeded,
ch_0004218,inv_003182,cus_00197,2026-07-02T06:43:00Z,161.96,USD,adyen,1,succeeded,
ch_0004219,inv_003183,cus_00197,2026-08-02T02:13:00Z,161.96,USD,adyen,1,succeeded,
ch_0004220,inv_003184,cus_00198,2025-06-04T10:57:00Z,99,EUR,stripe,1,succeeded,
ch_0004221,inv_003185,cus_00198,2025-07-03T10:32:00Z,99,EUR,stripe,1,succeeded,
ch_0004222,inv_003186,cus_00198,2025-08-01T16:59:00Z,99,EUR,adyen,1,succeeded,
ch_0004223,inv_003187,cus_00198,2025-09-02T05:25:00Z,99,EUR,stripe,1,succeeded,
ch_0004224,inv_003188,cus_00198,2025-10-02T07:13:00Z,99,EUR,stripe,1,succeeded,
ch_0004225,inv_003189,cus_00198,2025-11-02T14:37:00Z,99,EUR,adyen,1,succeeded,
ch_0004226,inv_003190,cus_00198,2025-12-02T03:58:00Z,99,EUR,mollie,1,succeeded,
ch_0004227,inv_003191,cus_00198,2026-01-02T05:01:00Z,99,EUR,mollie,1,succeeded,
ch_0004228,inv_003192,cus_00198,2026-02-02T00:04:00Z,99,EUR,adyen,1,succeeded,
ch_0004229,inv_003193,cus_00199,2025-06-01T22:48:00Z,29,EUR,stripe,1,succeeded,
ch_0004230,inv_003194,cus_00199,2025-07-01T17:00:00Z,29,EUR,stripe,1,succeeded,
ch_0004231,inv_003195,cus_00199,2025-08-05T05:13:00Z,29,EUR,adyen,1,succeeded,
ch_0004232,inv_003196,cus_00199,2025-09-05T06:10:00Z,29,EUR,stripe,1,succeeded,
ch_0004233,inv_003197,cus_00199,2025-10-04T16:45:00Z,29,EUR,stripe,1,failed,card_declined
ch_0004234,inv_003197,cus_00199,2025-10-07T20:39:00Z,29,EUR,stripe,2,failed,insufficient_funds
ch_0004235,inv_003198,cus_00199,2025-11-04T00:40:00Z,29,EUR,stripe,1,failed,card_declined
ch_0004236,inv_003198,cus_00199,2025-11-11T14:59:00Z,29,EUR,stripe,2,succeeded,
ch_0004237,inv_003199,cus_00199,2025-12-03T13:46:00Z,29,EUR,stripe,1,succeeded,
ch_0004238,inv_003201,cus_00199,2026-02-03T22:53:00Z,29,EUR,stripe,1,succeeded,
ch_0004239,inv_003202,cus_00199,2026-03-03T14:36:00Z,29,EUR,stripe,1,succeeded,
ch_0004240,inv_003203,cus_00199,2026-04-04T14:18:00Z,29,EUR,stripe,1,failed,card_declined
ch_0004241,inv_003203,cus_00199,2026-04-11T08:56:00Z,29,EUR,stripe,2,failed,card_declined
ch_0004242,inv_003203,cus_00199,2026-04-14T18:20:00Z,29,EUR,stripe,3,failed,card_declined
ch_0004243,inv_003203,cus_00199,2026-04-19T13:21:00Z,29,EUR,stripe,4,succeeded,
ch_0004244,inv_003204,cus_00199,2026-05-01T09:29:00Z,29,EUR,stripe,1,succeeded,
ch_0004245,inv_003205,cus_00199,2026-06-02T07:09:00Z,29,EUR,mollie,1,succeeded,
ch_0004246,inv_003206,cus_00199,2026-07-01T02:19:00Z,29,EUR,stripe,1,failed,insufficient_funds
ch_0004247,inv_003206,cus_00199,2026-07-08T19:01:00Z,29,EUR,stripe,2,failed,insufficient_funds
ch_0004248,inv_003206,cus_00199,2026-07-15T19:02:00Z,29,EUR,stripe,3,failed,processing_error
ch_0004249,inv_003206,cus_00199,2026-07-18T07:10:00Z,29,EUR,stripe,4,failed,expired_card
ch_0004250,inv_003207,cus_00199,2026-08-03T18:29:00Z,29,EUR,adyen,1,succeeded,
ch_0004251,inv_003208,cus_00200,2025-06-05T09:17:00Z,24.79,GBP,stripe,1,succeeded,
ch_0004252,inv_003209,cus_00200,2025-07-02T15:32:00Z,24.79,GBP,stripe,1,succeeded,
ch_0004253,inv_003210,cus_00200,2025-08-05T08:20:00Z,24.79,GBP,stripe,1,failed,insufficient_funds
ch_0004254,inv_003210,cus_00200,2025-08-12T16:43:00Z,24.79,GBP,stripe,2,succeeded,
ch_0004255,inv_003211,cus_00200,2025-09-02T01:39:00Z,24.79,GBP,adyen,1,succeeded,
ch_0004256,inv_003212,cus_00200,2025-10-01T18:46:00Z,24.79,GBP,mollie,1,succeeded,
ch_0004257,inv_003213,cus_00200,2025-11-01T14:46:00Z,24.79,GBP,adyen,1,succeeded,
ch_0004258,inv_003214,cus_00200,2025-12-03T10:45:00Z,24.79,GBP,mollie,1,succeeded,
ch_0004259,inv_003215,cus_00200,2026-01-01T13:37:00Z,24.79,GBP,stripe,1,succeeded,
ch_0004260,inv_003216,cus_00200,2026-02-02T09:38:00Z,24.79,GBP,adyen,1,succeeded,
ch_0004261,inv_003217,cus_00200,2026-03-05T03:08:00Z,24.79,GBP,mollie,1,succeeded,
ch_0004262,inv_003218,cus_00200,2026-04-05T13:28:00Z,24.79,GBP,stripe,1,succeeded,
ch_0004263,inv_003219,cus_00200,2026-05-04T07:15:00Z,24.79,GBP,stripe,1,succeeded,
ch_0004264,inv_003220,cus_00200,2026-06-04T01:41:00Z,24.79,GBP,adyen,1,succeeded,
ch_0004265,inv_003221,cus_00200,2026-07-02T03:40:00Z,24.79,GBP,stripe,1,succeeded,
ch_0004266,inv_003222,cus_00200,2026-08-04T02:38:00Z,24.79,GBP,adyen,1,succeeded,
ch_0004267,inv_003223,cus_00201,2025-06-02T23:25:00Z,84.62,GBP,adyen,1,succeeded,
ch_0004268,inv_003224,cus_00201,2025-07-03T17:42:00Z,84.62,GBP,mollie,1,succeeded,
ch_0004269,inv_003225,cus_00201,2025-08-03T22:29:00Z,84.62,GBP,stripe,1,failed,insufficient_funds
ch_0004270,inv_003225,cus_00201,2025-08-08T13:54:00Z,84.62,GBP,stripe,2,failed,processing_error
ch_0004271,inv_003225,cus_00201,2025-08-11T20:37:00Z,84.62,GBP,stripe,3,succeeded,
ch_0004272,inv_003226,cus_00201,2025-09-01T15:22:00Z,84.62,GBP,stripe,1,succeeded,
ch_0004273,inv_003227,cus_00201,2025-10-05T09:14:00Z,84.62,GBP,adyen,1,succeeded,
ch_0004274,inv_003228,cus_00201,2025-11-01T03:44:00Z,84.62,GBP,adyen,1,failed,card_declined
ch_0004275,inv_003228,cus_00201,2025-11-08T21:40:00Z,84.62,GBP,adyen,2,failed,insufficient_funds
ch_0004276,inv_003228,cus_00201,2025-11-13T23:52:00Z,84.62,GBP,adyen,3,failed,card_declined
ch_0004277,inv_003228,cus_00201,2025-11-20T07:34:00Z,84.62,GBP,adyen,4,failed,insufficient_funds
ch_0004278,inv_003229,cus_00201,2025-12-05T18:07:00Z,84.62,GBP,adyen,1,succeeded,
ch_0004279,inv_003230,cus_00201,2026-01-02T05:10:00Z,84.62,GBP,stripe,1,failed,expired_card
ch_0004280,inv_003230,cus_00201,2026-01-05T20:08:00Z,84.62,GBP,stripe,2,succeeded,
ch_0004281,inv_003231,cus_00201,2026-02-02T12:19:00Z,84.62,GBP,stripe,1,succeeded,
ch_0004282,inv_003232,cus_00201,2026-03-02T01:41:00Z,127.35,GBP,mollie,1,succeeded,
ch_0004283,inv_003233,cus_00201,2026-04-01T19:39:00Z,127.35,GBP,stripe,1,succeeded,
ch_0004284,inv_003234,cus_00201,2026-05-02T03:47:00Z,127.35,GBP,stripe,1,succeeded,
ch_0004285,inv_003235,cus_00201,2026-06-04T08:55:00Z,127.35,GBP,adyen,1,succeeded,
ch_0004286,inv_003236,cus_00201,2026-07-03T23:48:00Z,127.35,GBP,mollie,1,succeeded,
ch_0004287,inv_003237,cus_00201,2026-08-01T23:15:00Z,127.35,GBP,stripe,1,succeeded,
ch_0004288,inv_003238,cus_00202,2025-06-05T20:42:00Z,29,EUR,stripe,1,succeeded,
ch_0004289,inv_003239,cus_00202,2025-07-01T04:12:00Z,29,EUR,stripe,1,failed,expired_card
ch_0004290,inv_003239,cus_00202,2025-07-06T23:51:00Z,29,EUR,stripe,2,failed,processing_error
ch_0004291,inv_003239,cus_00202,2025-07-09T07:23:00Z,29,EUR,stripe,3,failed,expired_card
ch_0004292,inv_003239,cus_00202,2025-07-12T21:02:00Z,29,EUR,stripe,4,succeeded,
ch_0004293,inv_003240,cus_00202,2025-08-03T05:28:00Z,29,EUR,adyen,1,succeeded,
ch_0004294,inv_003241,cus_00202,2025-09-03T06:32:00Z,29,EUR,stripe,1,succeeded,
ch_0004295,inv_003242,cus_00202,2025-10-05T08:12:00Z,29,EUR,adyen,1,succeeded,
ch_0004296,inv_003243,cus_00202,2025-11-04T05:59:00Z,29,EUR,stripe,1,succeeded,
ch_0004297,inv_003244,cus_00202,2025-12-02T07:44:00Z,29,EUR,stripe,1,succeeded,
ch_0004298,inv_003245,cus_00202,2026-01-01T08:18:00Z,29,EUR,adyen,1,succeeded,
ch_0004299,inv_003246,cus_00202,2026-02-03T11:38:00Z,29,EUR,adyen,1,succeeded,
ch_0004300,inv_003247,cus_00202,2026-03-01T13:38:00Z,29,EUR,adyen,1,succeeded,
ch_0004301,inv_003248,cus_00202,2026-04-04T06:03:00Z,29,EUR,adyen,1,succeeded,
ch_0004302,inv_003249,cus_00202,2026-05-04T03:49:00Z,29,EUR,stripe,1,succeeded,
ch_0004303,inv_003250,cus_00202,2026-06-02T00:25:00Z,29,EUR,stripe,1,succeeded,
ch_0004304,inv_003251,cus_00202,2026-07-04T11:46:00Z,29,EUR,stripe,1,succeeded,
ch_0004305,inv_003252,cus_00202,2026-08-02T13:36:00Z,29,EUR,stripe,1,failed,do_not_honor
ch_0004306,inv_003252,cus_00202,2026-08-05T09:20:00Z,29,EUR,stripe,2,failed,do_not_honor
ch_0004307,inv_003253,cus_00203,2025-06-02T16:25:00Z,107.61,USD,mollie,1,succeeded,
ch_0004308,inv_003254,cus_00203,2025-07-01T15:18:00Z,107.61,USD,adyen,1,succeeded,
ch_0004309,inv_003255,cus_00203,2025-08-01T19:29:00Z,107.61,USD,stripe,1,succeeded,
ch_0004310,inv_003256,cus_00203,2025-09-03T15:28:00Z,107.61,USD,stripe,1,failed,insufficient_funds
ch_0004311,inv_003256,cus_00203,2025-09-06T20:28:00Z,107.61,USD,stripe,2,failed,card_declined
ch_0004312,inv_003256,cus_00203,2025-09-09T03:15:00Z,107.61,USD,stripe,3,failed,do_not_honor
ch_0004313,inv_003257,cus_00203,2025-10-01T09:53:00Z,107.61,USD,stripe,1,succeeded,
ch_0004314,inv_003258,cus_00203,2025-11-05T13:06:00Z,107.61,USD,stripe,1,succeeded,
ch_0004315,inv_003259,cus_00203,2025-12-03T13:23:00Z,107.61,USD,mollie,1,succeeded,
ch_0004316,inv_003260,cus_00203,2026-01-01T14:09:00Z,107.61,USD,mollie,1,succeeded,
ch_0004317,inv_003261,cus_00203,2026-02-01T22:35:00Z,107.61,USD,stripe,1,succeeded,
ch_0004318,inv_003262,cus_00204,2025-06-02T06:46:00Z,24.79,GBP,stripe,1,succeeded,
ch_0004319,inv_003263,cus_00204,2025-07-05T14:52:00Z,24.79,GBP,stripe,1,succeeded,
ch_0004320,inv_003264,cus_00204,2025-08-04T17:11:00Z,24.79,GBP,adyen,1,succeeded,
ch_0004321,inv_003265,cus_00204,2025-09-02T14:11:00Z,24.79,GBP,stripe,1,succeeded,
ch_0004322,inv_003266,cus_00204,2025-10-05T10:41:00Z,24.79,GBP,adyen,1,succeeded,
ch_0004323,inv_003267,cus_00204,2025-11-03T12:32:00Z,24.79,GBP,stripe,1,failed,insufficient_funds
ch_0004324,inv_003267,cus_00204,2025-11-10T05:42:00Z,24.79,GBP,stripe,2,failed,processing_error
ch_0004325,inv_003267,cus_00204,2025-11-15T12:15:00Z,24.79,GBP,stripe,3,failed,expired_card
ch_0004326,inv_003267,cus_00204,2025-11-22T01:58:00Z,24.79,GBP,stripe,4,succeeded,
ch_0004327,inv_003269,cus_00204,2026-01-01T15:55:00Z,24.79,GBP,mollie,1,succeeded,
ch_0004328,inv_003270,cus_00204,2026-02-01T22:45:00Z,24.79,GBP,adyen,1,succeeded,
ch_0004329,inv_003271,cus_00204,2026-03-03T17:11:00Z,24.79,GBP,stripe,1,succeeded,
ch_0004330,inv_003272,cus_00204,2026-04-03T04:25:00Z,24.79,GBP,adyen,1,succeeded,
ch_0004331,inv_003273,cus_00204,2026-05-02T07:33:00Z,24.79,GBP,mollie,1,succeeded,
ch_0004332,inv_003274,cus_00204,2026-06-02T11:34:00Z,24.79,GBP,stripe,1,failed,processing_error
ch_0004333,inv_003274,cus_00204,2026-06-09T22:10:00Z,24.79,GBP,stripe,2,failed,insufficient_funds
ch_0004334,inv_003274,cus_00204,2026-06-16T18:40:00Z,24.79,GBP,stripe,3,succeeded,
ch_0004335,inv_003275,cus_00204,2026-07-05T22:30:00Z,24.79,GBP,stripe,1,succeeded,
ch_0004336,inv_003276,cus_00204,2026-08-01T15:59:00Z,24.79,GBP,stripe,1,failed,card_declined
ch_0004337,inv_003276,cus_00204,2026-08-04T21:01:00Z,24.79,GBP,stripe,2,failed,insufficient_funds
ch_0004338,inv_003276,cus_00204,2026-08-11T09:57:00Z,24.79,GBP,stripe,3,failed,do_not_honor
ch_0004339,inv_003277,cus_00205,2025-07-05T17:52:00Z,99,EUR,stripe,1,succeeded,
ch_0004340,inv_003278,cus_00205,2025-08-01T23:58:00Z,99,EUR,mollie,1,succeeded,
ch_0004341,inv_003279,cus_00205,2025-09-03T00:57:00Z,99,EUR,adyen,1,failed,insufficient_funds
ch_0004342,inv_003279,cus_00205,2025-09-10T15:09:00Z,99,EUR,adyen,2,failed,card_declined
ch_0004343,inv_003279,cus_00205,2025-09-15T12:21:00Z,99,EUR,adyen,3,succeeded,
ch_0004344,inv_003280,cus_00205,2025-10-01T14:08:00Z,99,EUR,mollie,1,succeeded,
ch_0004345,inv_003281,cus_00205,2025-11-01T05:36:00Z,99,EUR,stripe,1,succeeded,
ch_0004346,inv_003282,cus_00205,2025-12-01T12:36:00Z,99,EUR,stripe,1,succeeded,
ch_0004347,inv_003283,cus_00205,2026-01-02T02:09:00Z,99,EUR,mollie,1,succeeded,
ch_0004348,inv_003284,cus_00205,2026-02-01T16:58:00Z,99,EUR,mollie,1,succeeded,
ch_0004349,inv_003285,cus_00205,2026-03-03T23:20:00Z,149,EUR,stripe,1,succeeded,
ch_0004350,inv_003286,cus_00205,2026-04-05T07:45:00Z,149,EUR,stripe,1,succeeded,
ch_0004351,inv_003287,cus_00205,2026-05-04T11:12:00Z,149,EUR,mollie,1,succeeded,
ch_0004352,inv_003288,cus_00205,2026-06-04T08:22:00Z,149,EUR,adyen,1,succeeded,
ch_0004353,inv_003289,cus_00205,2026-07-04T06:35:00Z,149,EUR,mollie,1,succeeded,
ch_0004354,inv_003290,cus_00205,2026-08-02T19:14:00Z,149,EUR,stripe,1,succeeded,
ch_0004355,inv_003291,cus_00206,2025-07-04T10:25:00Z,99,EUR,adyen,1,succeeded,
ch_0004356,inv_003292,cus_00206,2025-08-05T14:58:00Z,99,EUR,stripe,1,succeeded,
ch_0004357,inv_003293,cus_00206,2025-09-04T05:50:00Z,99,EUR,adyen,1,failed,processing_error
ch_0004358,inv_003293,cus_00206,2025-09-11T21:33:00Z,99,EUR,adyen,2,failed,card_declined
ch_0004359,inv_003294,cus_00206,2025-10-01T12:10:00Z,99,EUR,stripe,1,succeeded,
ch_0004360,inv_003295,cus_00206,2025-11-04T07:22:00Z,99,EUR,stripe,1,failed,processing_error
ch_0004361,inv_003295,cus_00206,2025-11-07T05:44:00Z,99,EUR,stripe,2,failed,insufficient_funds
ch_0004362,inv_003295,cus_00206,2025-11-10T15:48:00Z,99,EUR,stripe,3,failed,card_declined
ch_0004363,inv_003295,cus_00206,2025-11-17T02:36:00Z,99,EUR,stripe,4,succeeded,
ch_0004364,inv_003296,cus_00206,2025-12-01T10:32:00Z,99,EUR,stripe,1,succeeded,
ch_0004365,inv_003297,cus_00206,2026-01-02T11:05:00Z,99,EUR,adyen,1,succeeded,
ch_0004366,inv_003298,cus_00206,2026-02-04T16:33:00Z,99,EUR,stripe,1,succeeded,
ch_0004367,inv_003299,cus_00206,2026-03-05T19:24:00Z,149,EUR,mollie,1,succeeded,
ch_0004368,inv_003300,cus_00206,2026-04-02T04:13:00Z,149,EUR,adyen,1,succeeded,
ch_0004369,inv_003301,cus_00206,2026-05-04T21:44:00Z,149,EUR,stripe,1,succeeded,
ch_0004370,inv_003302,cus_00206,2026-06-01T23:46:00Z,149,EUR,stripe,1,succeeded,
ch_0004371,inv_003303,cus_00206,2026-07-03T13:25:00Z,149,EUR,stripe,1,succeeded,
ch_0004372,inv_003304,cus_00206,2026-08-04T02:22:00Z,149,EUR,adyen,1,succeeded,
ch_0004373,inv_003305,cus_00207,2025-07-01T17:52:00Z,299,EUR,stripe,1,succeeded,
ch_0004374,inv_003306,cus_00207,2025-08-05T11:39:00Z,299,EUR,stripe,1,succeeded,
ch_0004375,inv_003307,cus_00207,2025-09-04T07:27:00Z,299,EUR,stripe,1,succeeded,
ch_0004376,inv_003308,cus_00207,2025-10-05T11:40:00Z,299,EUR,mollie,1,succeeded,
ch_0004377,inv_003309,cus_00207,2025-11-01T06:33:00Z,299,EUR,stripe,1,succeeded,
ch_0004378,inv_003310,cus_00207,2025-12-05T19:29:00Z,299,EUR,stripe,1,succeeded,
ch_0004379,inv_003311,cus_00207,2026-01-04T00:03:00Z,299,EUR,adyen,1,succeeded,
ch_0004380,inv_003312,cus_00207,2026-02-05T20:37:00Z,299,EUR,stripe,1,succeeded,
ch_0004381,inv_003313,cus_00207,2026-03-04T12:32:00Z,299,EUR,mollie,1,failed,card_declined
ch_0004382,inv_003313,cus_00207,2026-03-11T21:54:00Z,299,EUR,mollie,2,failed,card_declined
ch_0004383,inv_003313,cus_00207,2026-03-18T11:23:00Z,299,EUR,mollie,3,failed,card_declined
ch_0004384,inv_003313,cus_00207,2026-03-21T03:34:00Z,299,EUR,mollie,4,succeeded,
ch_0004385,inv_003314,cus_00207,2026-04-04T06:54:00Z,299,EUR,stripe,1,succeeded,
ch_0004386,inv_003315,cus_00207,2026-05-01T11:12:00Z,299,EUR,stripe,1,succeeded,
ch_0004387,inv_003316,cus_00207,2026-06-03T06:19:00Z,299,EUR,adyen,1,succeeded,
ch_0004388,inv_003317,cus_00207,2026-07-04T01:18:00Z,299,EUR,stripe,1,failed,insufficient_funds
ch_0004389,inv_003317,cus_00207,2026-07-11T05:46:00Z,299,EUR,stripe,2,failed,insufficient_funds
ch_0004390,inv_003317,cus_00207,2026-07-16T10:48:00Z,299,EUR,stripe,3,succeeded,
ch_0004391,inv_003318,cus_00207,2026-08-01T16:56:00Z,299,EUR,stripe,1,succeeded,
ch_0004392,inv_003319,cus_00208,2025-07-02T10:22:00Z,299,EUR,adyen,1,succeeded,
ch_0004393,inv_003320,cus_00208,2025-08-01T12:34:00Z,299,EUR,stripe,1,failed,card_declined
ch_0004394,inv_003320,cus_00208,2025-08-04T16:17:00Z,299,EUR,stripe,2,failed,card_declined
ch_0004395,inv_003320,cus_00208,2025-08-11T14:38:00Z,299,EUR,stripe,3,succeeded,
ch_0004396,inv_003321,cus_00208,2025-09-03T15:21:00Z,299,EUR,adyen,1,succeeded,
ch_0004397,inv_003322,cus_00208,2025-10-05T17:12:00Z,299,EUR,stripe,1,succeeded,
ch_0004398,inv_003323,cus_00208,2025-11-02T20:22:00Z,299,EUR,stripe,1,succeeded,
ch_0004399,inv_003325,cus_00208,2026-01-04T09:03:00Z,299,EUR,stripe,1,succeeded,
ch_0004400,inv_003326,cus_00208,2026-02-01T20:30:00Z,299,EUR,adyen,1,failed,insufficient_funds
ch_0004401,inv_003326,cus_00208,2026-02-04T00:57:00Z,299,EUR,adyen,2,failed,do_not_honor
ch_0004402,inv_003326,cus_00208,2026-02-09T13:06:00Z,299,EUR,adyen,3,failed,expired_card
ch_0004403,inv_003326,cus_00208,2026-02-14T08:28:00Z,299,EUR,adyen,4,succeeded,
ch_0004404,inv_003327,cus_00208,2026-03-01T14:35:00Z,299,EUR,stripe,1,succeeded,
ch_0004405,inv_003328,cus_00208,2026-04-04T20:10:00Z,299,EUR,stripe,1,succeeded,
ch_0004406,inv_003329,cus_00208,2026-05-05T13:34:00Z,299,EUR,adyen,1,succeeded,
ch_0004407,inv_003330,cus_00208,2026-06-02T04:40:00Z,299,EUR,stripe,1,succeeded,
ch_0004408,inv_003331,cus_00208,2026-07-03T02:13:00Z,299,EUR,adyen,1,succeeded,
ch_0004409,inv_003332,cus_00208,2026-08-05T10:58:00Z,299,EUR,mollie,1,succeeded,
ch_0004410,inv_003333,cus_00209,2025-07-01T06:25:00Z,29,EUR,stripe,1,succeeded,
ch_0004411,inv_003334,cus_00209,2025-08-02T03:25:00Z,29,EUR,mollie,1,succeeded,
ch_0004412,inv_003335,cus_00209,2025-09-02T05:24:00Z,29,EUR,stripe,1,succeeded,
ch_0004413,inv_003336,cus_00209,2025-10-05T07:56:00Z,29,EUR,adyen,1,failed,do_not_honor
ch_0004414,inv_003336,cus_00209,2025-10-12T14:08:00Z,29,EUR,adyen,2,failed,card_declined
ch_0004415,inv_003336,cus_00209,2025-10-19T08:26:00Z,29,EUR,adyen,3,succeeded,
ch_0004416,inv_003337,cus_00209,2025-11-05T05:16:00Z,29,EUR,stripe,1,succeeded,
ch_0004417,inv_003338,cus_00209,2025-12-01T15:28:00Z,29,EUR,adyen,1,succeeded,
ch_0004418,inv_003339,cus_00209,2026-01-02T10:30:00Z,29,EUR,mollie,1,succeeded,
ch_0004419,inv_003340,cus_00209,2026-02-04T21:58:00Z,29,EUR,mollie,1,succeeded,
ch_0004420,inv_003341,cus_00209,2026-03-01T22:14:00Z,29,EUR,stripe,1,failed,processing_error
ch_0004421,inv_003341,cus_00209,2026-03-06T08:15:00Z,29,EUR,stripe,2,failed,card_declined
ch_0004422,inv_003341,cus_00209,2026-03-11T13:39:00Z,29,EUR,stripe,3,succeeded,
ch_0004423,inv_003342,cus_00209,2026-04-05T06:05:00Z,29,EUR,stripe,1,succeeded,
ch_0004424,inv_003343,cus_00209,2026-05-04T19:08:00Z,29,EUR,stripe,1,succeeded,
ch_0004425,inv_003344,cus_00209,2026-06-02T13:48:00Z,29,EUR,stripe,1,succeeded,
ch_0004426,inv_003345,cus_00209,2026-07-03T09:47:00Z,29,EUR,stripe,1,succeeded,
ch_0004427,inv_003346,cus_00209,2026-08-01T09:47:00Z,29,EUR,stripe,1,succeeded,
ch_0004428,inv_003347,cus_00210,2025-07-03T10:01:00Z,94.29,CHF,stripe,1,succeeded,
ch_0004429,inv_003348,cus_00210,2025-08-03T19:17:00Z,94.29,CHF,adyen,1,succeeded,
ch_0004430,inv_003349,cus_00210,2025-09-04T02:25:00Z,94.29,CHF,stripe,1,succeeded,
ch_0004431,inv_003350,cus_00210,2025-10-02T21:49:00Z,94.29,CHF,stripe,1,succeeded,
ch_0004432,inv_003351,cus_00210,2025-11-03T18:52:00Z,94.29,CHF,stripe,1,succeeded,
ch_0004433,inv_003352,cus_00210,2025-12-04T05:02:00Z,94.29,CHF,stripe,1,succeeded,
ch_0004434,inv_003353,cus_00210,2026-01-04T17:46:00Z,94.29,CHF,mollie,1,succeeded,
ch_0004435,inv_003354,cus_00210,2026-02-04T13:14:00Z,94.29,CHF,adyen,1,succeeded,
ch_0004436,inv_003355,cus_00210,2026-03-02T01:14:00Z,141.9,CHF,adyen,1,succeeded,
ch_0004437,inv_003356,cus_00210,2026-04-03T09:19:00Z,141.9,CHF,stripe,1,succeeded,
ch_0004438,inv_003357,cus_00210,2026-05-04T02:22:00Z,141.9,CHF,mollie,1,succeeded,
ch_0004439,inv_003358,cus_00210,2026-06-03T21:44:00Z,141.9,CHF,mollie,1,succeeded,
ch_0004440,inv_003359,cus_00210,2026-07-04T08:52:00Z,141.9,CHF,stripe,1,succeeded,
ch_0004441,inv_003360,cus_00210,2026-08-03T03:57:00Z,141.9,CHF,stripe,1,succeeded,
ch_0004442,inv_003361,cus_00211,2025-07-05T17:01:00Z,99,EUR,stripe,1,succeeded,
ch_0004443,inv_003362,cus_00211,2025-08-03T13:33:00Z,99,EUR,stripe,1,succeeded,
ch_0004444,inv_003363,cus_00211,2025-09-03T19:00:00Z,99,EUR,stripe,1,succeeded,
ch_0004445,inv_003364,cus_00211,2025-10-03T18:33:00Z,99,EUR,stripe,1,succeeded,
ch_0004446,inv_003365,cus_00211,2025-11-01T20:02:00Z,99,EUR,stripe,1,succeeded,
ch_0004447,inv_003366,cus_00212,2025-07-03T03:49:00Z,29,EUR,stripe,1,succeeded,
ch_0004448,inv_003367,cus_00212,2025-08-02T16:14:00Z,29,EUR,stripe,1,succeeded,
ch_0004449,inv_003368,cus_00212,2025-09-02T08:01:00Z,29,EUR,mollie,1,succeeded,
ch_0004450,inv_003369,cus_00212,2025-10-03T09:37:00Z,29,EUR,adyen,1,succeeded,
ch_0004451,inv_003370,cus_00212,2025-11-05T11:22:00Z,29,EUR,mollie,1,succeeded,
ch_0004452,inv_003371,cus_00212,2025-12-03T23:54:00Z,29,EUR,adyen,1,succeeded,
ch_0004453,inv_003372,cus_00212,2026-01-01T15:12:00Z,29,EUR,stripe,1,failed,insufficient_funds
ch_0004454,inv_003372,cus_00212,2026-01-06T04:01:00Z,29,EUR,stripe,2,succeeded,
ch_0004455,inv_003373,cus_00212,2026-02-02T07:25:00Z,29,EUR,adyen,1,failed,card_declined
ch_0004456,inv_003373,cus_00212,2026-02-07T22:55:00Z,29,EUR,adyen,2,succeeded,
ch_0004457,inv_003374,cus_00212,2026-03-01T20:43:00Z,29,EUR,stripe,1,failed,do_not_honor
ch_0004458,inv_003374,cus_00212,2026-03-04T08:56:00Z,29,EUR,stripe,2,succeeded,
ch_0004459,inv_003375,cus_00212,2026-04-01T17:01:00Z,29,EUR,stripe,1,succeeded,
ch_0004460,inv_003376,cus_00212,2026-05-02T04:08:00Z,29,EUR,stripe,1,failed,card_declined
ch_0004461,inv_003376,cus_00212,2026-05-07T19:36:00Z,29,EUR,stripe,2,failed,insufficient_funds
ch_0004462,inv_003376,cus_00212,2026-05-12T05:30:00Z,29,EUR,stripe,3,failed,expired_card
ch_0004463,inv_003376,cus_00212,2026-05-17T16:48:00Z,29,EUR,stripe,4,failed,insufficient_funds
ch_0004464,inv_003377,cus_00212,2026-06-02T18:29:00Z,29,EUR,stripe,1,succeeded,
ch_0004465,inv_003378,cus_00212,2026-07-04T08:18:00Z,29,EUR,stripe,1,succeeded,
ch_0004466,inv_003379,cus_00212,2026-08-04T06:56:00Z,29,EUR,adyen,1,succeeded,
ch_0004467,inv_003380,cus_00213,2025-07-05T22:30:00Z,329.55,SEK,stripe,1,succeeded,
ch_0004468,inv_003381,cus_00213,2025-08-04T15:27:00Z,329.55,SEK,stripe,1,succeeded,
ch_0004469,inv_003382,cus_00213,2025-09-01T12:01:00Z,329.55,SEK,stripe,1,succeeded,
ch_0004470,inv_003383,cus_00213,2025-10-04T02:33:00Z,329.55,SEK,mollie,1,succeeded,
ch_0004471,inv_003384,cus_00213,2025-11-04T19:22:00Z,329.55,SEK,stripe,1,succeeded,
ch_0004472,inv_003385,cus_00213,2025-12-04T04:22:00Z,329.55,SEK,adyen,1,succeeded,
ch_0004473,inv_003386,cus_00213,2026-01-01T04:42:00Z,329.55,SEK,adyen,1,failed,expired_card
ch_0004474,inv_003386,cus_00213,2026-01-08T04:53:00Z,329.55,SEK,adyen,2,failed,card_declined
ch_0004475,inv_003386,cus_00213,2026-01-15T23:09:00Z,329.55,SEK,adyen,3,succeeded,
ch_0004476,inv_003387,cus_00213,2026-02-01T02:15:00Z,329.55,SEK,stripe,1,succeeded,
ch_0004477,inv_003388,cus_00213,2026-03-02T09:44:00Z,329.55,SEK,stripe,1,succeeded,
ch_0004478,inv_003389,cus_00213,2026-04-04T00:47:00Z,329.55,SEK,mollie,1,succeeded,
ch_0004479,inv_003390,cus_00213,2026-05-04T07:44:00Z,329.55,SEK,adyen,1,succeeded,
ch_0004480,inv_003391,cus_00213,2026-06-01T21:29:00Z,329.55,SEK,stripe,1,failed,insufficient_funds
ch_0004481,inv_003391,cus_00213,2026-06-08T10:51:00Z,329.55,SEK,stripe,2,failed,do_not_honor
ch_0004482,inv_003391,cus_00213,2026-06-13T14:10:00Z,329.55,SEK,stripe,3,failed,card_declined
ch_0004483,inv_003392,cus_00213,2026-07-01T03:30:00Z,329.55,SEK,mollie,1,failed,processing_error
ch_0004484,inv_003392,cus_00213,2026-07-08T10:00:00Z,329.55,SEK,mollie,2,failed,expired_card
ch_0004485,inv_003392,cus_00213,2026-07-15T01:02:00Z,329.55,SEK,mollie,3,failed,insufficient_funds
ch_0004486,inv_003392,cus_00213,2026-07-20T01:49:00Z,329.55,SEK,mollie,4,failed,insufficient_funds
ch_0004487,inv_003393,cus_00213,2026-08-04T21:37:00Z,329.55,SEK,mollie,1,succeeded,
ch_0004488,inv_003394,cus_00214,2025-07-01T01:48:00Z,99,EUR,mollie,1,failed,card_declined
ch_0004489,inv_003394,cus_00214,2025-07-04T11:06:00Z,99,EUR,mollie,2,failed,expired_card
ch_0004490,inv_003394,cus_00214,2025-07-11T23:47:00Z,99,EUR,mollie,3,succeeded,
ch_0004491,inv_003395,cus_00214,2025-08-05T03:36:00Z,99,EUR,stripe,1,succeeded,
ch_0004492,inv_003396,cus_00214,2025-09-05T19:49:00Z,99,EUR,stripe,1,succeeded,
ch_0004493,inv_003397,cus_00214,2025-10-01T20:18:00Z,99,EUR,mollie,1,succeeded,
ch_0004494,inv_003398,cus_00214,2025-11-02T14:32:00Z,99,EUR,mollie,1,failed,card_declined
ch_0004495,inv_003398,cus_00214,2025-11-07T15:24:00Z,99,EUR,mollie,2,succeeded,
ch_0004496,inv_003399,cus_00214,2025-12-05T17:43:00Z,99,EUR,stripe,1,succeeded,
ch_0004497,inv_003400,cus_00214,2026-01-04T12:41:00Z,99,EUR,stripe,1,failed,insufficient_funds
ch_0004498,inv_003400,cus_00214,2026-01-07T10:47:00Z,99,EUR,stripe,2,failed,card_declined
ch_0004499,inv_003400,cus_00214,2026-01-10T15:04:00Z,99,EUR,stripe,3,failed,do_not_honor
ch_0004500,inv_003400,cus_00214,2026-01-17T16:10:00Z,99,EUR,stripe,4,succeeded,
ch_0004501,inv_003401,cus_00214,2026-02-04T03:55:00Z,99,EUR,adyen,1,succeeded,
ch_0004502,inv_003402,cus_00215,2025-07-02T12:29:00Z,299,EUR,stripe,1,succeeded,
ch_0004503,inv_003403,cus_00215,2025-08-01T12:20:00Z,299,EUR,stripe,1,succeeded,
ch_0004504,inv_003404,cus_00215,2025-09-01T04:35:00Z,299,EUR,stripe,1,succeeded,
ch_0004505,inv_003405,cus_00215,2025-10-05T14:59:00Z,299,EUR,stripe,1,succeeded,
ch_0004506,inv_003406,cus_00215,2025-11-04T09:04:00Z,299,EUR,mollie,1,succeeded,
ch_0004507,inv_003407,cus_00215,2025-12-05T08:27:00Z,299,EUR,mollie,1,succeeded,
ch_0004508,inv_003408,cus_00215,2026-01-02T04:40:00Z,299,EUR,adyen,1,failed,card_declined
ch_0004509,inv_003408,cus_00215,2026-01-07T17:06:00Z,299,EUR,adyen,2,failed,processing_error
ch_0004510,inv_003409,cus_00215,2026-02-01T14:13:00Z,299,EUR,stripe,1,failed,insufficient_funds
ch_0004511,inv_003409,cus_00215,2026-02-04T07:42:00Z,299,EUR,stripe,2,failed,expired_card
ch_0004512,inv_003409,cus_00215,2026-02-07T17:49:00Z,299,EUR,stripe,3,succeeded,
ch_0004513,inv_003410,cus_00215,2026-03-02T15:51:00Z,299,EUR,adyen,1,succeeded,
ch_0004514,inv_003411,cus_00215,2026-04-03T06:10:00Z,299,EUR,mollie,1,succeeded,
ch_0004515,inv_003412,cus_00215,2026-05-02T05:41:00Z,299,EUR,stripe,1,succeeded,
ch_0004516,inv_003413,cus_00215,2026-06-01T02:32:00Z,299,EUR,stripe,1,failed,card_declined
ch_0004517,inv_003413,cus_00215,2026-06-08T05:30:00Z,299,EUR,stripe,2,failed,do_not_honor
ch_0004518,inv_003413,cus_00215,2026-06-13T22:22:00Z,299,EUR,stripe,3,failed,processing_error
ch_0004519,inv_003414,cus_00215,2026-07-02T18:30:00Z,299,EUR,stripe,1,succeeded,
ch_0004520,inv_003415,cus_00215,2026-08-05T05:03:00Z,299,EUR,stripe,1,succeeded,
ch_0004521,inv_003416,cus_00216,2025-07-03T02:37:00Z,29,EUR,stripe,1,succeeded,
ch_0004522,inv_003417,cus_00216,2025-08-03T20:06:00Z,29,EUR,mollie,1,succeeded,
ch_0004523,inv_003418,cus_00216,2025-09-02T19:40:00Z,29,EUR,adyen,1,succeeded,
ch_0004524,inv_003419,cus_00216,2025-10-03T15:22:00Z,29,EUR,stripe,1,succeeded,
ch_0004525,inv_003420,cus_00216,2025-11-03T16:11:00Z,29,EUR,stripe,1,succeeded,
ch_0004526,inv_003421,cus_00216,2025-12-01T04:22:00Z,29,EUR,stripe,1,succeeded,
ch_0004527,inv_003422,cus_00216,2026-01-04T06:02:00Z,29,EUR,mollie,1,succeeded,
ch_0004528,inv_003423,cus_00216,2026-02-01T01:54:00Z,29,EUR,stripe,1,failed,do_not_honor
ch_0004529,inv_003423,cus_00216,2026-02-04T01:29:00Z,29,EUR,stripe,2,failed,insufficient_funds
ch_0004530,inv_003423,cus_00216,2026-02-07T16:26:00Z,29,EUR,stripe,3,failed,card_declined
ch_0004531,inv_003423,cus_00216,2026-02-12T19:44:00Z,29,EUR,stripe,4,succeeded,
ch_0004532,inv_003424,cus_00216,2026-03-02T09:24:00Z,29,EUR,stripe,1,succeeded,
ch_0004533,inv_003425,cus_00216,2026-04-04T20:03:00Z,29,EUR,adyen,1,failed,insufficient_funds
ch_0004534,inv_003425,cus_00216,2026-04-07T03:25:00Z,29,EUR,adyen,2,failed,processing_error
ch_0004535,inv_003425,cus_00216,2026-04-12T20:04:00Z,29,EUR,adyen,3,succeeded,
ch_0004536,inv_003426,cus_00216,2026-05-04T15:19:00Z,29,EUR,mollie,1,succeeded,
ch_0004537,inv_003427,cus_00216,2026-06-03T01:21:00Z,29,EUR,mollie,1,failed,processing_error
ch_0004538,inv_003427,cus_00216,2026-06-08T01:22:00Z,29,EUR,mollie,2,failed,card_declined
ch_0004539,inv_003427,cus_00216,2026-06-15T02:06:00Z,29,EUR,mollie,3,failed,do_not_honor
ch_0004540,inv_003427,cus_00216,2026-06-18T07:19:00Z,29,EUR,mollie,4,succeeded,
ch_0004541,inv_003428,cus_00216,2026-07-03T10:04:00Z,29,EUR,stripe,1,failed,insufficient_funds
ch_0004542,inv_003428,cus_00216,2026-07-08T03:52:00Z,29,EUR,stripe,2,succeeded,
ch_0004543,inv_003429,cus_00216,2026-08-03T01:27:00Z,29,EUR,stripe,1,succeeded,
ch_0004544,inv_003430,cus_00217,2025-07-01T21:41:00Z,99,EUR,stripe,1,succeeded,
ch_0004545,inv_003431,cus_00217,2025-08-03T15:37:00Z,99,EUR,adyen,1,succeeded,
ch_0004546,inv_003432,cus_00217,2025-09-04T05:44:00Z,99,EUR,adyen,1,succeeded,
ch_0004547,inv_003433,cus_00217,2025-10-03T02:52:00Z,99,EUR,stripe,1,succeeded,
ch_0004548,inv_003434,cus_00217,2025-11-02T13:49:00Z,99,EUR,stripe,1,succeeded,
ch_0004549,inv_003435,cus_00217,2025-12-02T14:09:00Z,99,EUR,stripe,1,succeeded,
ch_0004550,inv_003436,cus_00217,2026-01-03T01:17:00Z,99,EUR,stripe,1,succeeded,
ch_0004551,inv_003437,cus_00218,2025-07-03T03:49:00Z,99,EUR,stripe,1,succeeded,
ch_0004552,inv_003438,cus_00218,2025-08-03T02:13:00Z,99,EUR,adyen,1,succeeded,
ch_0004553,inv_003439,cus_00218,2025-09-01T17:33:00Z,99,EUR,mollie,1,succeeded,
ch_0004554,inv_003440,cus_00218,2025-10-05T16:03:00Z,99,EUR,stripe,1,succeeded,
ch_0004555,inv_003441,cus_00218,2025-11-02T21:01:00Z,99,EUR,stripe,1,succeeded,
ch_0004556,inv_003442,cus_00218,2025-12-02T11:38:00Z,99,EUR,adyen,1,succeeded,
ch_0004557,inv_003443,cus_00218,2026-01-05T03:36:00Z,99,EUR,stripe,1,succeeded,
ch_0004558,inv_003444,cus_00218,2026-02-03T09:53:00Z,99,EUR,mollie,1,succeeded,
ch_0004559,inv_003445,cus_00218,2026-03-02T08:35:00Z,149,EUR,adyen,1,succeeded,
ch_0004560,inv_003446,cus_00218,2026-04-02T02:11:00Z,149,EUR,stripe,1,succeeded,
ch_0004561,inv_003447,cus_00219,2025-07-03T22:08:00Z,853.85,GBP,stripe,1,succeeded,
ch_0004562,inv_003448,cus_00219,2025-08-04T08:54:00Z,853.85,GBP,adyen,1,failed,expired_card
ch_0004563,inv_003448,cus_00219,2025-08-11T23:11:00Z,853.85,GBP,adyen,2,failed,insufficient_funds
ch_0004564,inv_003448,cus_00219,2025-08-16T04:26:00Z,853.85,GBP,adyen,3,succeeded,
ch_0004565,inv_003449,cus_00219,2025-09-04T03:11:00Z,853.85,GBP,stripe,1,succeeded,
ch_0004566,inv_003450,cus_00219,2025-10-03T19:19:00Z,853.85,GBP,adyen,1,succeeded,
ch_0004567,inv_003451,cus_00219,2025-11-05T16:02:00Z,853.85,GBP,stripe,1,succeeded,
ch_0004568,inv_003452,cus_00219,2025-12-01T11:51:00Z,853.85,GBP,stripe,1,succeeded,
ch_0004569,inv_003453,cus_00219,2026-01-04T17:14:00Z,853.85,GBP,mollie,1,succeeded,
ch_0004570,inv_003454,cus_00219,2026-02-05T02:34:00Z,853.85,GBP,stripe,1,succeeded,
ch_0004571,inv_003455,cus_00219,2026-03-04T09:26:00Z,853.85,GBP,mollie,1,succeeded,
ch_0004572,inv_003456,cus_00219,2026-04-05T08:48:00Z,853.85,GBP,stripe,1,succeeded,
ch_0004573,inv_003457,cus_00219,2026-05-01T17:15:00Z,853.85,GBP,stripe,1,succeeded,
ch_0004574,inv_003458,cus_00219,2026-06-01T14:54:00Z,853.85,GBP,stripe,1,failed,insufficient_funds
ch_0004575,inv_003458,cus_00219,2026-06-08T21:52:00Z,853.85,GBP,stripe,2,succeeded,
ch_0004576,inv_003459,cus_00219,2026-07-04T21:06:00Z,853.85,GBP,adyen,1,succeeded,
ch_0004577,inv_003460,cus_00219,2026-08-04T16:59:00Z,853.85,GBP,stripe,1,succeeded,
ch_0004578,inv_003461,cus_00220,2025-07-03T07:08:00Z,99,EUR,stripe,1,succeeded,
ch_0004579,inv_003462,cus_00220,2025-08-02T14:00:00Z,99,EUR,adyen,1,succeeded,
ch_0004580,inv_003463,cus_00220,2025-09-02T13:40:00Z,99,EUR,stripe,1,succeeded,
ch_0004581,inv_003464,cus_00220,2025-10-02T18:16:00Z,99,EUR,stripe,1,succeeded,
ch_0004582,inv_003465,cus_00220,2025-11-01T22:04:00Z,99,EUR,stripe,1,succeeded,
ch_0004583,inv_003466,cus_00220,2025-12-02T19:21:00Z,99,EUR,stripe,1,succeeded,
ch_0004584,inv_003467,cus_00220,2026-01-03T11:34:00Z,99,EUR,adyen,1,succeeded,
ch_0004585,inv_003468,cus_00220,2026-02-01T07:28:00Z,99,EUR,stripe,1,succeeded,
ch_0004586,inv_003469,cus_00220,2026-03-04T04:52:00Z,149,EUR,stripe,1,failed,do_not_honor
ch_0004587,inv_003469,cus_00220,2026-03-07T02:11:00Z,149,EUR,stripe,2,succeeded,
ch_0004588,inv_003470,cus_00220,2026-04-01T18:31:00Z,149,EUR,adyen,1,succeeded,
ch_0004589,inv_003471,cus_00220,2026-05-04T19:28:00Z,149,EUR,adyen,1,succeeded,
ch_0004590,inv_003472,cus_00220,2026-06-05T07:32:00Z,149,EUR,stripe,1,failed,do_not_honor
ch_0004591,inv_003472,cus_00220,2026-06-12T00:56:00Z,149,EUR,stripe,2,failed,insufficient_funds
ch_0004592,inv_003472,cus_00220,2026-06-19T12:57:00Z,149,EUR,stripe,3,failed,card_declined
ch_0004593,inv_003473,cus_00220,2026-07-02T01:03:00Z,149,EUR,mollie,1,failed,do_not_honor
ch_0004594,inv_003473,cus_00220,2026-07-05T02:13:00Z,149,EUR,mollie,2,failed,card_declined
ch_0004595,inv_003473,cus_00220,2026-07-10T14:30:00Z,149,EUR,mollie,3,succeeded,
ch_0004596,inv_003475,cus_00221,2025-07-02T19:07:00Z,99,EUR,stripe,1,succeeded,
ch_0004597,inv_003476,cus_00221,2025-08-02T14:28:00Z,99,EUR,stripe,1,succeeded,
ch_0004598,inv_003477,cus_00221,2025-09-03T13:54:00Z,99,EUR,stripe,1,failed,card_declined
ch_0004599,inv_003477,cus_00221,2025-09-06T03:15:00Z,99,EUR,stripe,2,succeeded,
ch_0004600,inv_003478,cus_00221,2025-10-01T05:10:00Z,99,EUR,stripe,1,failed,card_declined
ch_0004601,inv_003478,cus_00221,2025-10-08T02:46:00Z,99,EUR,stripe,2,failed,card_declined
ch_0004602,inv_003478,cus_00221,2025-10-15T03:08:00Z,99,EUR,stripe,3,failed,insufficient_funds
ch_0004603,inv_003478,cus_00221,2025-10-22T17:48:00Z,99,EUR,stripe,4,succeeded,
ch_0004604,inv_003479,cus_00221,2025-11-03T20:09:00Z,99,EUR,mollie,1,succeeded,
ch_0004605,inv_003480,cus_00221,2025-12-03T20:26:00Z,99,EUR,adyen,1,failed,expired_card
ch_0004606,inv_003480,cus_00221,2025-12-06T01:22:00Z,99,EUR,adyen,2,failed,expired_card
ch_0004607,inv_003480,cus_00221,2025-12-11T20:16:00Z,99,EUR,adyen,3,succeeded,
ch_0004608,inv_003481,cus_00221,2026-01-01T21:03:00Z,99,EUR,stripe,1,succeeded,
ch_0004609,inv_003482,cus_00221,2026-02-05T19:33:00Z,99,EUR,stripe,1,failed,insufficient_funds
ch_0004610,inv_003482,cus_00221,2026-02-10T06:08:00Z,99,EUR,stripe,2,failed,insufficient_funds
ch_0004611,inv_003482,cus_00221,2026-02-13T10:08:00Z,99,EUR,stripe,3,failed,insufficient_funds
ch_0004612,inv_003482,cus_00221,2026-02-18T22:27:00Z,99,EUR,stripe,4,succeeded,
ch_0004613,inv_003483,cus_00221,2026-03-02T02:34:00Z,149,EUR,stripe,1,failed,insufficient_funds
ch_0004614,inv_003483,cus_00221,2026-03-09T21:58:00Z,149,EUR,stripe,2,failed,do_not_honor
ch_0004615,inv_003483,cus_00221,2026-03-16T19:37:00Z,149,EUR,stripe,3,succeeded,
ch_0004616,inv_003484,cus_00221,2026-04-04T18:38:00Z,149,EUR,stripe,1,succeeded,
ch_0004617,inv_003485,cus_00221,2026-05-04T11:55:00Z,149,EUR,stripe,1,succeeded,
ch_0004618,inv_003486,cus_00221,2026-06-02T21:39:00Z,149,EUR,adyen,1,succeeded,
ch_0004619,inv_003487,cus_00221,2026-07-05T01:21:00Z,149,EUR,stripe,1,succeeded,
ch_0004620,inv_003488,cus_00221,2026-08-05T07:14:00Z,149,EUR,adyen,1,succeeded,
ch_0004621,inv_003489,cus_00222,2025-07-01T22:42:00Z,99,EUR,adyen,1,failed,expired_card
ch_0004622,inv_003489,cus_00222,2025-07-08T19:01:00Z,99,EUR,adyen,2,failed,processing_error
ch_0004623,inv_003489,cus_00222,2025-07-15T00:33:00Z,99,EUR,adyen,3,failed,insufficient_funds
ch_0004624,inv_003489,cus_00222,2025-07-22T13:20:00Z,99,EUR,adyen,4,succeeded,
ch_0004625,inv_003490,cus_00222,2025-08-03T19:15:00Z,99,EUR,stripe,1,failed,processing_error
ch_0004626,inv_003490,cus_00222,2025-08-06T05:48:00Z,99,EUR,stripe,2,succeeded,
ch_0004627,inv_003491,cus_00222,2025-09-04T12:08:00Z,99,EUR,stripe,1,succeeded,
ch_0004628,inv_003492,cus_00222,2025-10-04T14:47:00Z,99,EUR,stripe,1,succeeded,
ch_0004629,inv_003493,cus_00222,2025-11-05T16:52:00Z,99,EUR,stripe,1,failed,card_declined
ch_0004630,inv_003493,cus_00222,2025-11-12T09:27:00Z,99,EUR,stripe,2,failed,expired_card
ch_0004631,inv_003493,cus_00222,2025-11-17T12:33:00Z,99,EUR,stripe,3,failed,insufficient_funds
ch_0004632,inv_003493,cus_00222,2025-11-22T10:23:00Z,99,EUR,stripe,4,succeeded,
ch_0004633,inv_003494,cus_00222,2025-12-01T08:23:00Z,99,EUR,stripe,1,succeeded,
ch_0004634,inv_003495,cus_00222,2026-01-03T18:45:00Z,99,EUR,stripe,1,failed,processing_error
ch_0004635,inv_003495,cus_00222,2026-01-10T09:16:00Z,99,EUR,stripe,2,failed,processing_error
ch_0004636,inv_003495,cus_00222,2026-01-17T06:38:00Z,99,EUR,stripe,3,succeeded,
ch_0004637,inv_003496,cus_00222,2026-02-05T19:53:00Z,99,EUR,stripe,1,succeeded,
ch_0004638,inv_003497,cus_00222,2026-03-04T00:59:00Z,149,EUR,adyen,1,succeeded,
ch_0004639,inv_003498,cus_00222,2026-04-05T18:16:00Z,149,EUR,stripe,1,succeeded,
ch_0004640,inv_003499,cus_00222,2026-05-04T16:07:00Z,149,EUR,stripe,1,succeeded,
ch_0004641,inv_003500,cus_00222,2026-06-04T17:51:00Z,149,EUR,adyen,1,succeeded,
ch_0004642,inv_003501,cus_00223,2025-07-04T00:42:00Z,27.62,CHF,adyen,1,succeeded,
ch_0004643,inv_003502,cus_00223,2025-08-05T16:34:00Z,27.62,CHF,stripe,1,succeeded,
ch_0004644,inv_003504,cus_00223,2025-10-03T13:24:00Z,27.62,CHF,adyen,1,failed,do_not_honor
ch_0004645,inv_003504,cus_00223,2025-10-06T18:20:00Z,27.62,CHF,adyen,2,failed,card_declined
ch_0004646,inv_003504,cus_00223,2025-10-09T06:44:00Z,27.62,CHF,adyen,3,failed,do_not_honor
ch_0004647,inv_003504,cus_00223,2025-10-14T04:04:00Z,27.62,CHF,adyen,4,failed,card_declined
ch_0004648,inv_003505,cus_00223,2025-11-01T18:04:00Z,27.62,CHF,adyen,1,succeeded,
ch_0004649,inv_003506,cus_00223,2025-12-04T14:00:00Z,27.62,CHF,adyen,1,failed,processing_error
ch_0004650,inv_003506,cus_00223,2025-12-07T17:57:00Z,27.62,CHF,adyen,2,failed,card_declined
ch_0004651,inv_003506,cus_00223,2025-12-10T03:31:00Z,27.62,CHF,adyen,3,succeeded,
ch_0004652,inv_003507,cus_00223,2026-01-05T15:10:00Z,27.62,CHF,adyen,1,succeeded,
ch_0004653,inv_003508,cus_00223,2026-02-05T21:28:00Z,27.62,CHF,adyen,1,succeeded,
ch_0004654,inv_003509,cus_00223,2026-03-02T03:22:00Z,27.62,CHF,stripe,1,succeeded,
ch_0004655,inv_003510,cus_00223,2026-04-04T05:17:00Z,27.62,CHF,stripe,1,failed,card_declined
ch_0004656,inv_003510,cus_00223,2026-04-11T19:03:00Z,27.62,CHF,stripe,2,failed,insufficient_funds
ch_0004657,inv_003511,cus_00223,2026-05-03T11:38:00Z,27.62,CHF,stripe,1,succeeded,
ch_0004658,inv_003512,cus_00223,2026-06-03T23:23:00Z,27.62,CHF,stripe,1,failed,insufficient_funds
ch_0004659,inv_003512,cus_00223,2026-06-08T23:41:00Z,27.62,CHF,stripe,2,failed,card_declined
ch_0004660,inv_003512,cus_00223,2026-06-11T01:00:00Z,27.62,CHF,stripe,3,succeeded,
ch_0004661,inv_003513,cus_00223,2026-07-04T08:19:00Z,27.62,CHF,mollie,1,succeeded,
ch_0004662,inv_003514,cus_00223,2026-08-02T03:05:00Z,27.62,CHF,adyen,1,succeeded,
ch_0004663,inv_003515,cus_00224,2025-07-05T16:33:00Z,99,EUR,adyen,1,succeeded,
ch_0004664,inv_003516,cus_00224,2025-08-04T14:31:00Z,99,EUR,stripe,1,succeeded,
ch_0004665,inv_003517,cus_00224,2025-09-04T07:33:00Z,99,EUR,mollie,1,succeeded,
ch_0004666,inv_003518,cus_00224,2025-10-01T12:46:00Z,99,EUR,mollie,1,succeeded,
ch_0004667,inv_003519,cus_00224,2025-11-03T12:03:00Z,99,EUR,adyen,1,succeeded,
ch_0004668,inv_003520,cus_00224,2025-12-05T07:53:00Z,99,EUR,stripe,1,failed,do_not_honor
ch_0004669,inv_003520,cus_00224,2025-12-10T12:10:00Z,99,EUR,stripe,2,succeeded,
ch_0004670,inv_003521,cus_00224,2026-01-03T22:42:00Z,99,EUR,stripe,1,succeeded,
ch_0004671,inv_003522,cus_00224,2026-02-04T21:58:00Z,99,EUR,stripe,1,failed,card_declined
ch_0004672,inv_003522,cus_00224,2026-02-09T05:29:00Z,99,EUR,stripe,2,failed,insufficient_funds
ch_0004673,inv_003522,cus_00224,2026-02-14T11:01:00Z,99,EUR,stripe,3,failed,card_declined
ch_0004674,inv_003522,cus_00224,2026-02-17T01:51:00Z,99,EUR,stripe,4,succeeded,
ch_0004675,inv_003523,cus_00225,2025-07-03T07:28:00Z,299,EUR,stripe,1,succeeded,
ch_0004676,inv_003524,cus_00225,2025-08-03T00:44:00Z,299,EUR,stripe,1,failed,card_declined
ch_0004677,inv_003524,cus_00225,2025-08-06T07:34:00Z,299,EUR,stripe,2,failed,insufficient_funds
ch_0004678,inv_003524,cus_00225,2025-08-09T07:44:00Z,299,EUR,stripe,3,failed,expired_card
ch_0004679,inv_003524,cus_00225,2025-08-16T15:53:00Z,299,EUR,stripe,4,succeeded,
ch_0004680,inv_003525,cus_00225,2025-09-05T10:23:00Z,299,EUR,adyen,1,succeeded,
ch_0004681,inv_003526,cus_00225,2025-10-04T01:43:00Z,299,EUR,stripe,1,succeeded,
ch_0004682,inv_003527,cus_00225,2025-11-05T18:10:00Z,299,EUR,stripe,1,succeeded,
ch_0004683,inv_003528,cus_00225,2025-12-05T01:57:00Z,299,EUR,stripe,1,succeeded,
ch_0004684,inv_003529,cus_00225,2026-01-04T16:26:00Z,299,EUR,adyen,1,failed,expired_card
ch_0004685,inv_003529,cus_00225,2026-01-09T05:54:00Z,299,EUR,adyen,2,failed,insufficient_funds
ch_0004686,inv_003529,cus_00225,2026-01-12T17:27:00Z,299,EUR,adyen,3,failed,card_declined
ch_0004687,inv_003529,cus_00225,2026-01-17T05:37:00Z,299,EUR,adyen,4,failed,do_not_honor
ch_0004688,inv_003530,cus_00225,2026-02-04T15:26:00Z,299,EUR,stripe,1,failed,expired_card
ch_0004689,inv_003530,cus_00225,2026-02-07T03:34:00Z,299,EUR,stripe,2,failed,card_declined
ch_0004690,inv_003531,cus_00225,2026-03-04T05:11:00Z,299,EUR,stripe,1,succeeded,
ch_0004691,inv_003532,cus_00225,2026-04-02T18:40:00Z,299,EUR,stripe,1,succeeded,
ch_0004692,inv_003533,cus_00225,2026-05-04T06:32:00Z,299,EUR,adyen,1,succeeded,
ch_0004693,inv_003534,cus_00225,2026-06-03T07:29:00Z,299,EUR,stripe,1,succeeded,
ch_0004694,inv_003535,cus_00225,2026-07-02T13:40:00Z,299,EUR,stripe,1,succeeded,
ch_0004695,inv_003537,cus_00226,2025-07-01T05:04:00Z,29,EUR,stripe,1,succeeded,
ch_0004696,inv_003538,cus_00226,2025-08-04T17:12:00Z,29,EUR,stripe,1,succeeded,
ch_0004697,inv_003539,cus_00226,2025-09-03T22:39:00Z,29,EUR,stripe,1,failed,card_declined
ch_0004698,inv_003539,cus_00226,2025-09-08T12:43:00Z,29,EUR,stripe,2,failed,card_declined
ch_0004699,inv_003539,cus_00226,2025-09-11T06:45:00Z,29,EUR,stripe,3,failed,do_not_honor
ch_0004700,inv_003539,cus_00226,2025-09-18T09:38:00Z,29,EUR,stripe,4,succeeded,
ch_0004701,inv_003540,cus_00226,2025-10-04T01:33:00Z,29,EUR,stripe,1,failed,insufficient_funds
ch_0004702,inv_003540,cus_00226,2025-10-11T15:03:00Z,29,EUR,stripe,2,failed,processing_error
ch_0004703,inv_003540,cus_00226,2025-10-14T06:38:00Z,29,EUR,stripe,3,failed,card_declined
ch_0004704,inv_003541,cus_00226,2025-11-05T07:56:00Z,29,EUR,stripe,1,succeeded,
ch_0004705,inv_003542,cus_00226,2025-12-05T15:54:00Z,29,EUR,adyen,1,succeeded,
ch_0004706,inv_003543,cus_00226,2026-01-02T00:58:00Z,29,EUR,mollie,1,succeeded,
ch_0004707,inv_003544,cus_00226,2026-02-01T11:49:00Z,29,EUR,stripe,1,succeeded,
ch_0004708,inv_003545,cus_00226,2026-03-04T05:35:00Z,29,EUR,mollie,1,failed,processing_error
ch_0004709,inv_003545,cus_00226,2026-03-07T08:09:00Z,29,EUR,mollie,2,succeeded,
ch_0004710,inv_003546,cus_00226,2026-04-01T22:01:00Z,29,EUR,stripe,1,succeeded,
ch_0004711,inv_003547,cus_00226,2026-05-02T22:13:00Z,29,EUR,stripe,1,failed,card_declined
ch_0004712,inv_003547,cus_00226,2026-05-05T02:27:00Z,29,EUR,stripe,2,failed,card_declined
ch_0004713,inv_003547,cus_00226,2026-05-10T02:22:00Z,29,EUR,stripe,3,failed,insufficient_funds
ch_0004714,inv_003547,cus_00226,2026-05-15T21:13:00Z,29,EUR,stripe,4,failed,card_declined
ch_0004715,inv_003548,cus_00226,2026-06-03T15:45:00Z,29,EUR,adyen,1,failed,card_declined
ch_0004716,inv_003548,cus_00226,2026-06-08T05:34:00Z,29,EUR,adyen,2,failed,card_declined
ch_0004717,inv_003548,cus_00226,2026-06-13T05:19:00Z,29,EUR,adyen,3,failed,do_not_honor
ch_0004718,inv_003548,cus_00226,2026-06-20T09:10:00Z,29,EUR,adyen,4,succeeded,
ch_0004719,inv_003549,cus_00226,2026-07-05T12:17:00Z,29,EUR,stripe,1,succeeded,
ch_0004720,inv_003550,cus_00226,2026-08-05T04:59:00Z,29,EUR,stripe,1,succeeded,
ch_0004721,inv_003551,cus_00227,2025-07-03T03:48:00Z,99,EUR,mollie,1,failed,card_declined
ch_0004722,inv_003551,cus_00227,2025-07-08T21:30:00Z,99,EUR,mollie,2,failed,expired_card
ch_0004723,inv_003552,cus_00227,2025-08-03T23:55:00Z,99,EUR,mollie,1,succeeded,
ch_0004724,inv_003553,cus_00227,2025-09-02T11:21:00Z,99,EUR,stripe,1,succeeded,
ch_0004725,inv_003554,cus_00227,2025-10-02T02:20:00Z,99,EUR,stripe,1,succeeded,
ch_0004726,inv_003555,cus_00227,2025-11-04T05:08:00Z,99,EUR,adyen,1,succeeded,
ch_0004727,inv_003556,cus_00227,2025-12-05T22:28:00Z,99,EUR,stripe,1,succeeded,
ch_0004728,inv_003557,cus_00227,2026-01-05T17:06:00Z,99,EUR,mollie,1,succeeded,
ch_0004729,inv_003558,cus_00227,2026-02-03T07:16:00Z,99,EUR,adyen,1,succeeded,
ch_0004730,inv_003559,cus_00227,2026-03-05T11:29:00Z,149,EUR,stripe,1,succeeded,
ch_0004731,inv_003560,cus_00227,2026-04-02T00:20:00Z,149,EUR,adyen,1,succeeded,
ch_0004732,inv_003561,cus_00227,2026-05-04T16:54:00Z,149,EUR,stripe,1,succeeded,
ch_0004733,inv_003562,cus_00227,2026-06-02T00:52:00Z,149,EUR,mollie,1,succeeded,
ch_0004734,inv_003563,cus_00227,2026-07-01T03:34:00Z,149,EUR,adyen,1,failed,insufficient_funds
ch_0004735,inv_003563,cus_00227,2026-07-08T08:04:00Z,149,EUR,adyen,2,succeeded,
ch_0004736,inv_003564,cus_00227,2026-08-02T04:33:00Z,149,EUR,stripe,1,succeeded,
ch_0004737,inv_003565,cus_00228,2025-07-05T04:00:00Z,99,EUR,stripe,1,succeeded,
ch_0004738,inv_003566,cus_00228,2025-08-01T20:37:00Z,99,EUR,stripe,1,succeeded,
ch_0004739,inv_003567,cus_00228,2025-09-05T05:32:00Z,99,EUR,stripe,1,succeeded,
ch_0004740,inv_003568,cus_00228,2025-10-02T13:04:00Z,99,EUR,stripe,1,succeeded,
ch_0004741,inv_003569,cus_00228,2025-11-05T19:42:00Z,99,EUR,stripe,1,succeeded,
ch_0004742,inv_003570,cus_00228,2025-12-05T11:21:00Z,99,EUR,adyen,1,succeeded,
ch_0004743,inv_003571,cus_00228,2026-01-03T00:04:00Z,99,EUR,mollie,1,succeeded,
ch_0004744,inv_003572,cus_00228,2026-02-01T07:24:00Z,99,EUR,adyen,1,succeeded,
ch_0004745,inv_003573,cus_00228,2026-03-05T17:36:00Z,149,EUR,stripe,1,succeeded,
ch_0004746,inv_003574,cus_00228,2026-04-05T07:35:00Z,149,EUR,stripe,1,succeeded,
ch_0004747,inv_003575,cus_00228,2026-05-01T18:21:00Z,149,EUR,mollie,1,succeeded,
ch_0004748,inv_003576,cus_00228,2026-06-03T20:16:00Z,149,EUR,mollie,1,succeeded,
ch_0004749,inv_003577,cus_00228,2026-07-05T21:05:00Z,149,EUR,stripe,1,succeeded,
ch_0004750,inv_003578,cus_00228,2026-08-02T21:05:00Z,149,EUR,adyen,1,succeeded,
ch_0004751,inv_003579,cus_00229,2025-07-02T23:50:00Z,325,USD,stripe,1,succeeded,
ch_0004752,inv_003580,cus_00229,2025-08-02T10:27:00Z,325,USD,stripe,1,failed,do_not_honor
ch_0004753,inv_003580,cus_00229,2025-08-05T18:32:00Z,325,USD,stripe,2,succeeded,
ch_0004754,inv_003582,cus_00229,2025-10-03T18:32:00Z,325,USD,stripe,1,succeeded,
ch_0004755,inv_003583,cus_00229,2025-11-02T11:23:00Z,325,USD,mollie,1,succeeded,
ch_0004756,inv_003584,cus_00229,2025-12-03T11:10:00Z,325,USD,stripe,1,succeeded,
ch_0004757,inv_003585,cus_00229,2026-01-04T09:18:00Z,325,USD,stripe,1,succeeded,
ch_0004758,inv_003586,cus_00230,2025-07-04T12:37:00Z,29,EUR,stripe,1,succeeded,
ch_0004759,inv_003587,cus_00230,2025-08-05T15:12:00Z,29,EUR,stripe,1,succeeded,
ch_0004760,inv_003588,cus_00230,2025-09-01T23:46:00Z,29,EUR,mollie,1,succeeded,
ch_0004761,inv_003589,cus_00230,2025-10-01T01:09:00Z,29,EUR,stripe,1,succeeded,
ch_0004762,inv_003590,cus_00230,2025-11-05T08:41:00Z,29,EUR,stripe,1,succeeded,
ch_0004763,inv_003592,cus_00230,2026-01-02T22:40:00Z,29,EUR,stripe,1,succeeded,
ch_0004764,inv_003593,cus_00230,2026-02-05T21:41:00Z,29,EUR,stripe,1,succeeded,
ch_0004765,inv_003594,cus_00230,2026-03-02T22:53:00Z,29,EUR,adyen,1,succeeded,
ch_0004766,inv_003595,cus_00230,2026-04-05T07:14:00Z,29,EUR,adyen,1,failed,expired_card
ch_0004767,inv_003595,cus_00230,2026-04-10T04:17:00Z,29,EUR,adyen,2,succeeded,
ch_0004768,inv_003596,cus_00230,2026-05-05T23:56:00Z,29,EUR,adyen,1,succeeded,
ch_0004769,inv_003597,cus_00231,2025-08-02T12:57:00Z,31.52,USD,adyen,1,failed,card_declined
ch_0004770,inv_003597,cus_00231,2025-08-05T05:50:00Z,31.52,USD,adyen,2,failed,expired_card
ch_0004771,inv_003597,cus_00231,2025-08-10T12:40:00Z,31.52,USD,adyen,3,failed,processing_error
ch_0004772,inv_003598,cus_00231,2025-09-05T15:23:00Z,31.52,USD,adyen,1,succeeded,
ch_0004773,inv_003599,cus_00231,2025-10-03T02:43:00Z,31.52,USD,stripe,1,succeeded,
ch_0004774,inv_003600,cus_00231,2025-11-01T22:07:00Z,31.52,USD,adyen,1,succeeded,
ch_0004775,inv_003601,cus_00231,2025-12-02T01:37:00Z,31.52,USD,adyen,1,succeeded,
ch_0004776,inv_003602,cus_00231,2026-01-01T03:15:00Z,31.52,USD,stripe,1,succeeded,
ch_0004777,inv_003603,cus_00231,2026-02-01T06:07:00Z,31.52,USD,stripe,1,failed,insufficient_funds
ch_0004778,inv_003603,cus_00231,2026-02-08T12:26:00Z,31.52,USD,stripe,2,failed,card_declined
ch_0004779,inv_003603,cus_00231,2026-02-11T09:55:00Z,31.52,USD,stripe,3,succeeded,
ch_0004780,inv_003604,cus_00231,2026-03-04T06:29:00Z,31.52,USD,stripe,1,succeeded,
ch_0004781,inv_003605,cus_00231,2026-04-01T11:04:00Z,31.52,USD,adyen,1,succeeded,
ch_0004782,inv_003606,cus_00231,2026-05-02T00:42:00Z,31.52,USD,mollie,1,succeeded,
ch_0004783,inv_003607,cus_00231,2026-06-04T18:14:00Z,31.52,USD,adyen,1,succeeded,
ch_0004784,inv_003608,cus_00231,2026-07-03T23:11:00Z,31.52,USD,stripe,1,failed,expired_card
ch_0004785,inv_003608,cus_00231,2026-07-08T06:16:00Z,31.52,USD,stripe,2,succeeded,
ch_0004786,inv_003609,cus_00231,2026-08-02T10:42:00Z,31.52,USD,stripe,1,succeeded,
ch_0004787,inv_003610,cus_00232,2025-08-01T12:24:00Z,299,EUR,stripe,1,succeeded,
ch_0004788,inv_003611,cus_00232,2025-09-03T19:11:00Z,299,EUR,adyen,1,succeeded,
ch_0004789,inv_003612,cus_00232,2025-10-01T09:48:00Z,299,EUR,stripe,1,succeeded,
ch_0004790,inv_003613,cus_00232,2025-11-03T04:39:00Z,299,EUR,stripe,1,failed,insufficient_funds
ch_0004791,inv_003613,cus_00232,2025-11-06T20:08:00Z,299,EUR,stripe,2,failed,expired_card
ch_0004792,inv_003613,cus_00232,2025-11-09T20:55:00Z,299,EUR,stripe,3,failed,processing_error
ch_0004793,inv_003614,cus_00232,2025-12-04T21:04:00Z,299,EUR,stripe,1,succeeded,
ch_0004794,inv_003615,cus_00232,2026-01-03T11:24:00Z,299,EUR,stripe,1,succeeded,
ch_0004795,inv_003616,cus_00232,2026-02-04T02:43:00Z,299,EUR,adyen,1,failed,card_declined
ch_0004796,inv_003616,cus_00232,2026-02-11T17:54:00Z,299,EUR,adyen,2,failed,do_not_honor
ch_0004797,inv_003616,cus_00232,2026-02-18T14:01:00Z,299,EUR,adyen,3,failed,expired_card
ch_0004798,inv_003617,cus_00232,2026-03-05T05:51:00Z,299,EUR,mollie,1,failed,do_not_honor
ch_0004799,inv_003617,cus_00232,2026-03-08T17:27:00Z,299,EUR,mollie,2,failed,card_declined
ch_0004800,inv_003617,cus_00232,2026-03-11T22:51:00Z,299,EUR,mollie,3,succeeded,
ch_0004801,inv_003618,cus_00232,2026-04-05T00:32:00Z,299,EUR,stripe,1,succeeded,
ch_0004802,inv_003619,cus_00232,2026-05-04T03:04:00Z,299,EUR,stripe,1,succeeded,
ch_0004803,inv_003620,cus_00232,2026-06-05T09:24:00Z,299,EUR,stripe,1,succeeded,
ch_0004804,inv_003621,cus_00232,2026-07-02T23:17:00Z,299,EUR,stripe,1,succeeded,
ch_0004805,inv_003622,cus_00232,2026-08-03T11:54:00Z,299,EUR,stripe,1,succeeded,
ch_0004806,inv_003623,cus_00233,2025-08-02T02:03:00Z,24.79,GBP,stripe,1,succeeded,
ch_0004807,inv_003624,cus_00233,2025-09-03T03:45:00Z,24.79,GBP,stripe,1,succeeded,
ch_0004808,inv_003625,cus_00233,2025-10-05T08:50:00Z,24.79,GBP,mollie,1,succeeded,
ch_0004809,inv_003626,cus_00233,2025-11-01T00:07:00Z,24.79,GBP,stripe,1,succeeded,
ch_0004810,inv_003627,cus_00233,2025-12-02T03:57:00Z,24.79,GBP,stripe,1,succeeded,
ch_0004811,inv_003628,cus_00233,2026-01-02T04:05:00Z,24.79,GBP,adyen,1,succeeded,
ch_0004812,inv_003629,cus_00233,2026-02-05T03:27:00Z,24.79,GBP,mollie,1,failed,insufficient_funds
ch_0004813,inv_003629,cus_00233,2026-02-12T02:59:00Z,24.79,GBP,mollie,2,failed,insufficient_funds
ch_0004814,inv_003629,cus_00233,2026-02-15T02:09:00Z,24.79,GBP,mollie,3,succeeded,
ch_0004815,inv_003630,cus_00233,2026-03-04T12:12:00Z,24.79,GBP,adyen,1,succeeded,
ch_0004816,inv_003631,cus_00233,2026-04-02T07:01:00Z,24.79,GBP,stripe,1,succeeded,
ch_0004817,inv_003632,cus_00233,2026-05-03T09:46:00Z,24.79,GBP,stripe,1,succeeded,
ch_0004818,inv_003633,cus_00233,2026-06-05T01:36:00Z,24.79,GBP,stripe,1,succeeded,
ch_0004819,inv_003634,cus_00233,2026-07-01T14:22:00Z,24.79,GBP,stripe,1,succeeded,
ch_0004820,inv_003635,cus_00233,2026-08-04T05:57:00Z,24.79,GBP,stripe,1,succeeded,
ch_0004821,inv_003636,cus_00234,2025-08-02T11:37:00Z,99,EUR,stripe,1,succeeded,
ch_0004822,inv_003637,cus_00234,2025-09-02T06:08:00Z,99,EUR,adyen,1,succeeded,
ch_0004823,inv_003638,cus_00234,2025-10-05T14:11:00Z,99,EUR,stripe,1,succeeded,
ch_0004824,inv_003639,cus_00234,2025-11-03T11:30:00Z,99,EUR,stripe,1,succeeded,
ch_0004825,inv_003640,cus_00234,2025-12-03T13:41:00Z,99,EUR,stripe,1,succeeded,
ch_0004826,inv_003641,cus_00234,2026-01-03T18:16:00Z,99,EUR,adyen,1,failed,insufficient_funds
ch_0004827,inv_003641,cus_00234,2026-01-10T00:12:00Z,99,EUR,adyen,2,failed,processing_error
ch_0004828,inv_003641,cus_00234,2026-01-15T17:44:00Z,99,EUR,adyen,3,succeeded,
ch_0004829,inv_003642,cus_00234,2026-02-01T00:18:00Z,99,EUR,adyen,1,succeeded,
ch_0004830,inv_003643,cus_00234,2026-03-04T18:23:00Z,149,EUR,adyen,1,succeeded,
ch_0004831,inv_003644,cus_00234,2026-04-02T22:23:00Z,149,EUR,adyen,1,failed,processing_error
ch_0004832,inv_003644,cus_00234,2026-04-05T17:02:00Z,149,EUR,adyen,2,failed,expired_card
ch_0004833,inv_003644,cus_00234,2026-04-08T21:20:00Z,149,EUR,adyen,3,failed,insufficient_funds
ch_0004834,inv_003644,cus_00234,2026-04-11T00:21:00Z,149,EUR,adyen,4,failed,expired_card
ch_0004835,inv_003645,cus_00234,2026-05-05T08:11:00Z,149,EUR,adyen,1,succeeded,
ch_0004836,inv_003646,cus_00234,2026-06-03T16:32:00Z,149,EUR,stripe,1,failed,processing_error
ch_0004837,inv_003646,cus_00234,2026-06-08T02:28:00Z,149,EUR,stripe,2,failed,insufficient_funds
ch_0004838,inv_003646,cus_00234,2026-06-13T09:39:00Z,149,EUR,stripe,3,succeeded,
ch_0004839,inv_003647,cus_00234,2026-07-02T02:48:00Z,149,EUR,stripe,1,succeeded,
ch_0004840,inv_003648,cus_00234,2026-08-05T20:10:00Z,149,EUR,adyen,1,succeeded,
ch_0004841,inv_003649,cus_00235,2025-08-05T04:26:00Z,99,EUR,stripe,1,succeeded,
ch_0004842,inv_003650,cus_00235,2025-09-01T23:27:00Z,99,EUR,stripe,1,succeeded,
ch_0004843,inv_003651,cus_00235,2025-10-02T05:03:00Z,99,EUR,stripe,1,succeeded,
ch_0004844,inv_003652,cus_00235,2025-11-04T05:19:00Z,99,EUR,adyen,1,succeeded,
ch_0004845,inv_003653,cus_00235,2025-12-03T06:18:00Z,99,EUR,stripe,1,failed,card_declined
ch_0004846,inv_003653,cus_00235,2025-12-06T04:21:00Z,99,EUR,stripe,2,failed,expired_card
ch_0004847,inv_003653,cus_00235,2025-12-11T09:03:00Z,99,EUR,stripe,3,succeeded,
ch_0004848,inv_003654,cus_00235,2026-01-02T16:59:00Z,99,EUR,stripe,1,succeeded,
ch_0004849,inv_003655,cus_00235,2026-02-04T05:02:00Z,99,EUR,stripe,1,succeeded,
ch_0004850,inv_003656,cus_00235,2026-03-04T18:40:00Z,149,EUR,mollie,1,succeeded,
ch_0004851,inv_003657,cus_00235,2026-04-03T22:44:00Z,149,EUR,stripe,1,succeeded,
ch_0004852,inv_003658,cus_00235,2026-05-02T01:35:00Z,149,EUR,stripe,1,succeeded,
ch_0004853,inv_003659,cus_00235,2026-06-03T05:43:00Z,149,EUR,stripe,1,succeeded,
ch_0004854,inv_003660,cus_00235,2026-07-01T04:14:00Z,149,EUR,mollie,1,failed,card_declined
ch_0004855,inv_003660,cus_00235,2026-07-04T14:34:00Z,149,EUR,mollie,2,succeeded,
ch_0004856,inv_003662,cus_00236,2025-08-05T22:12:00Z,99,EUR,stripe,1,failed,insufficient_funds
ch_0004857,inv_003662,cus_00236,2025-08-12T20:00:00Z,99,EUR,stripe,2,failed,do_not_honor
ch_0004858,inv_003662,cus_00236,2025-08-17T10:05:00Z,99,EUR,stripe,3,failed,insufficient_funds
ch_0004859,inv_003662,cus_00236,2025-08-24T15:41:00Z,99,EUR,stripe,4,succeeded,
ch_0004860,inv_003663,cus_00236,2025-09-03T13:26:00Z,99,EUR,stripe,1,failed,insufficient_funds
ch_0004861,inv_003663,cus_00236,2025-09-10T11:16:00Z,99,EUR,stripe,2,succeeded,
ch_0004862,inv_003664,cus_00236,2025-10-03T03:01:00Z,99,EUR,stripe,1,succeeded,
ch_0004863,inv_003665,cus_00236,2025-11-01T15:06:00Z,99,EUR,stripe,1,succeeded,
ch_0004864,inv_003666,cus_00236,2025-12-02T09:17:00Z,99,EUR,stripe,1,succeeded,
ch_0004865,inv_003667,cus_00236,2026-01-03T11:16:00Z,99,EUR,adyen,1,succeeded,
ch_0004866,inv_003668,cus_00236,2026-02-05T20:50:00Z,99,EUR,stripe,1,succeeded,
ch_0004867,inv_003669,cus_00236,2026-03-04T19:10:00Z,149,EUR,adyen,1,succeeded,
ch_0004868,inv_003670,cus_00236,2026-04-02T05:16:00Z,149,EUR,stripe,1,succeeded,
ch_0004869,inv_003671,cus_00236,2026-05-01T18:16:00Z,149,EUR,stripe,1,succeeded,
ch_0004870,inv_003672,cus_00236,2026-06-05T02:05:00Z,149,EUR,stripe,1,succeeded,
ch_0004871,inv_003673,cus_00236,2026-07-02T11:03:00Z,149,EUR,stripe,1,succeeded,
ch_0004872,inv_003674,cus_00236,2026-08-01T05:09:00Z,149,EUR,stripe,1,failed,card_declined
ch_0004873,inv_003674,cus_00236,2026-08-08T00:58:00Z,149,EUR,stripe,2,failed,insufficient_funds
ch_0004874,inv_003674,cus_00236,2026-08-11T16:22:00Z,149,EUR,stripe,3,failed,expired_card
ch_0004875,inv_003675,cus_00237,2025-08-03T13:23:00Z,999,EUR,stripe,1,succeeded,
ch_0004876,inv_003676,cus_00237,2025-09-05T12:53:00Z,999,EUR,stripe,1,succeeded,
ch_0004877,inv_003677,cus_00237,2025-10-05T13:57:00Z,999,EUR,mollie,1,succeeded,
ch_0004878,inv_003678,cus_00237,2025-11-03T05:08:00Z,999,EUR,stripe,1,succeeded,
ch_0004879,inv_003679,cus_00237,2025-12-01T17:42:00Z,999,EUR,adyen,1,succeeded,
ch_0004880,inv_003680,cus_00237,2026-01-05T18:05:00Z,999,EUR,stripe,1,succeeded,
ch_0004881,inv_003681,cus_00237,2026-02-05T00:32:00Z,999,EUR,stripe,1,succeeded,
ch_0004882,inv_003682,cus_00237,2026-03-01T11:34:00Z,999,EUR,stripe,1,failed,expired_card
ch_0004883,inv_003682,cus_00237,2026-03-04T05:58:00Z,999,EUR,stripe,2,failed,expired_card
ch_0004884,inv_003682,cus_00237,2026-03-07T21:36:00Z,999,EUR,stripe,3,failed,insufficient_funds
ch_0004885,inv_003682,cus_00237,2026-03-12T19:05:00Z,999,EUR,stripe,4,succeeded,
ch_0004886,inv_003683,cus_00237,2026-04-04T12:34:00Z,999,EUR,adyen,1,succeeded,
ch_0004887,inv_003684,cus_00237,2026-05-05T00:52:00Z,999,EUR,stripe,1,succeeded,
ch_0004888,inv_003685,cus_00237,2026-06-05T16:44:00Z,999,EUR,adyen,1,succeeded,
ch_0004889,inv_003686,cus_00237,2026-07-04T20:33:00Z,999,EUR,mollie,1,succeeded,
ch_0004890,inv_003687,cus_00237,2026-08-04T23:36:00Z,999,EUR,stripe,1,succeeded,
ch_0004891,inv_003688,cus_00238,2025-08-05T16:29:00Z,99,EUR,adyen,1,succeeded,
ch_0004892,inv_003689,cus_00238,2025-09-03T09:57:00Z,99,EUR,stripe,1,succeeded,
ch_0004893,inv_003690,cus_00238,2025-10-01T14:04:00Z,99,EUR,stripe,1,succeeded,
ch_0004894,inv_003691,cus_00238,2025-11-05T17:28:00Z,99,EUR,adyen,1,succeeded,
ch_0004895,inv_003692,cus_00238,2025-12-01T07:40:00Z,99,EUR,stripe,1,succeeded,
ch_0004896,inv_003693,cus_00238,2026-01-03T13:28:00Z,99,EUR,stripe,1,succeeded,
ch_0004897,inv_003694,cus_00238,2026-02-02T21:10:00Z,99,EUR,stripe,1,failed,card_declined
ch_0004898,inv_003694,cus_00238,2026-02-05T15:37:00Z,99,EUR,stripe,2,failed,expired_card
ch_0004899,inv_003694,cus_00238,2026-02-10T21:49:00Z,99,EUR,stripe,3,succeeded,
ch_0004900,inv_003695,cus_00238,2026-03-01T01:13:00Z,149,EUR,adyen,1,succeeded,
ch_0004901,inv_003696,cus_00238,2026-04-04T11:28:00Z,149,EUR,adyen,1,succeeded,
ch_0004902,inv_003697,cus_00238,2026-05-04T08:59:00Z,149,EUR,stripe,1,succeeded,
ch_0004903,inv_003698,cus_00238,2026-06-03T17:25:00Z,149,EUR,stripe,1,succeeded,
ch_0004904,inv_003699,cus_00238,2026-07-05T10:26:00Z,149,EUR,mollie,1,succeeded,
ch_0004905,inv_003700,cus_00238,2026-08-02T17:39:00Z,149,EUR,stripe,1,succeeded,
ch_0004906,inv_003701,cus_00239,2025-08-05T05:50:00Z,299,EUR,stripe,1,succeeded,
ch_0004907,inv_003702,cus_00239,2025-09-05T19:19:00Z,299,EUR,stripe,1,succeeded,
ch_0004908,inv_003703,cus_00239,2025-10-05T04:11:00Z,299,EUR,stripe,1,succeeded,
ch_0004909,inv_003704,cus_00239,2025-11-03T22:23:00Z,299,EUR,stripe,1,succeeded,
ch_0004910,inv_003705,cus_00239,2025-12-03T01:03:00Z,299,EUR,adyen,1,failed,card_declined
ch_0004911,inv_003705,cus_00239,2025-12-10T21:21:00Z,299,EUR,adyen,2,failed,expired_card
ch_0004912,inv_003706,cus_00239,2026-01-04T23:03:00Z,299,EUR,adyen,1,succeeded,
ch_0004913,inv_003707,cus_00239,2026-02-03T09:46:00Z,299,EUR,mollie,1,succeeded,
ch_0004914,inv_003708,cus_00239,2026-03-01T20:51:00Z,299,EUR,stripe,1,failed,insufficient_funds
ch_0004915,inv_003708,cus_00239,2026-03-06T16:01:00Z,299,EUR,stripe,2,failed,insufficient_funds
ch_0004916,inv_003708,cus_00239,2026-03-09T08:29:00Z,299,EUR,stripe,3,failed,insufficient_funds
ch_0004917,inv_003709,cus_00239,2026-04-03T09:01:00Z,299,EUR,stripe,1,failed,processing_error
ch_0004918,inv_003709,cus_00239,2026-04-08T09:30:00Z,299,EUR,stripe,2,failed,insufficient_funds
ch_0004919,inv_003709,cus_00239,2026-04-13T23:01:00Z,299,EUR,stripe,3,succeeded,
ch_0004920,inv_003710,cus_00239,2026-05-02T15:34:00Z,299,EUR,mollie,1,succeeded,
ch_0004921,inv_003711,cus_00239,2026-06-03T09:30:00Z,299,EUR,adyen,1,failed,expired_card
ch_0004922,inv_003711,cus_00239,2026-06-08T02:00:00Z,299,EUR,adyen,2,failed,do_not_honor
ch_0004923,inv_003711,cus_00239,2026-06-13T20:24:00Z,299,EUR,adyen,3,succeeded,
ch_0004924,inv_003712,cus_00239,2026-07-02T00:34:00Z,299,EUR,adyen,1,succeeded,
ch_0004925,inv_003713,cus_00239,2026-08-03T22:35:00Z,299,EUR,stripe,1,succeeded,
ch_0004926,inv_003714,cus_00240,2025-08-04T05:32:00Z,99,EUR,stripe,1,succeeded,
ch_0004927,inv_003715,cus_00240,2025-09-03T08:10:00Z,99,EUR,adyen,1,succeeded,
ch_0004928,inv_003716,cus_00240,2025-10-01T22:32:00Z,99,EUR,stripe,1,succeeded,
ch_0004929,inv_003717,cus_00240,2025-11-02T19:24:00Z,99,EUR,stripe,1,succeeded,
ch_0004930,inv_003719,cus_00241,2025-09-03T17:20:00Z,107.61,USD,stripe,1,succeeded,
ch_0004931,inv_003720,cus_00241,2025-10-04T23:35:00Z,107.61,USD,adyen,1,succeeded,
ch_0004932,inv_003721,cus_00241,2025-11-04T13:14:00Z,107.61,USD,adyen,1,succeeded,
ch_0004933,inv_003722,cus_00241,2025-12-01T22:27:00Z,107.61,USD,mollie,1,succeeded,
ch_0004934,inv_003723,cus_00241,2026-01-01T16:25:00Z,107.61,USD,mollie,1,succeeded,
ch_0004935,inv_003724,cus_00241,2026-02-01T08:54:00Z,107.61,USD,stripe,1,succeeded,
ch_0004936,inv_003725,cus_00241,2026-03-03T05:43:00Z,161.96,USD,adyen,1,succeeded,
ch_0004937,inv_003726,cus_00241,2026-04-02T08:42:00Z,161.96,USD,adyen,1,succeeded,
ch_0004938,inv_003727,cus_00241,2026-05-05T07:54:00Z,161.96,USD,adyen,1,succeeded,
ch_0004939,inv_003728,cus_00242,2025-08-01T01:43:00Z,299,EUR,stripe,1,succeeded,
ch_0004940,inv_003729,cus_00243,2025-08-03T17:39:00Z,29,EUR,stripe,1,succeeded,
ch_0004941,inv_003730,cus_00243,2025-09-05T16:13:00Z,29,EUR,stripe,1,failed,card_declined
ch_0004942,inv_003730,cus_00243,2025-09-10T22:28:00Z,29,EUR,stripe,2,failed,expired_card
ch_0004943,inv_003730,cus_00243,2025-09-15T08:02:00Z,29,EUR,stripe,3,succeeded,
ch_0004944,inv_003731,cus_00243,2025-10-01T08:41:00Z,29,EUR,stripe,1,succeeded,
ch_0004945,inv_003732,cus_00243,2025-11-01T17:38:00Z,29,EUR,stripe,1,succeeded,
ch_0004946,inv_003733,cus_00243,2025-12-05T11:29:00Z,29,EUR,stripe,1,succeeded,
ch_0004947,inv_003734,cus_00243,2026-01-03T06:39:00Z,29,EUR,stripe,1,succeeded,
ch_0004948,inv_003735,cus_00243,2026-02-01T16:22:00Z,29,EUR,stripe,1,succeeded,
ch_0004949,inv_003736,cus_00243,2026-03-05T11:06:00Z,29,EUR,stripe,1,succeeded,
ch_0004950,inv_003737,cus_00244,2025-08-04T08:26:00Z,299,EUR,stripe,1,succeeded,
ch_0004951,inv_003738,cus_00244,2025-09-04T07:49:00Z,299,EUR,stripe,1,succeeded,
ch_0004952,inv_003739,cus_00244,2025-10-01T08:52:00Z,299,EUR,mollie,1,succeeded,
ch_0004953,inv_003740,cus_00244,2025-11-02T17:17:00Z,299,EUR,adyen,1,succeeded,
ch_0004954,inv_003741,cus_00244,2025-12-01T11:42:00Z,299,EUR,adyen,1,succeeded,
ch_0004955,inv_003742,cus_00244,2026-01-05T16:00:00Z,299,EUR,stripe,1,succeeded,
ch_0004956,inv_003743,cus_00244,2026-02-01T18:32:00Z,299,EUR,stripe,1,succeeded,
ch_0004957,inv_003744,cus_00244,2026-03-05T07:01:00Z,299,EUR,stripe,1,failed,expired_card
ch_0004958,inv_003744,cus_00244,2026-03-08T02:38:00Z,299,EUR,stripe,2,failed,insufficient_funds
ch_0004959,inv_003745,cus_00244,2026-04-04T13:47:00Z,299,EUR,adyen,1,succeeded,
ch_0004960,inv_003747,cus_00244,2026-06-02T00:00:00Z,299,EUR,stripe,1,succeeded,
ch_0004961,inv_003748,cus_00244,2026-07-03T15:31:00Z,299,EUR,stripe,1,succeeded,
ch_0004962,inv_003749,cus_00244,2026-08-05T02:37:00Z,299,EUR,adyen,1,succeeded,
ch_0004963,inv_003750,cus_00245,2025-08-01T10:43:00Z,99,EUR,mollie,1,succeeded,
ch_0004964,inv_003751,cus_00245,2025-09-03T12:17:00Z,99,EUR,stripe,1,succeeded,
ch_0004965,inv_003752,cus_00245,2025-10-03T16:07:00Z,99,EUR,adyen,1,succeeded,
ch_0004966,inv_003753,cus_00245,2025-11-03T09:11:00Z,99,EUR,stripe,1,succeeded,
ch_0004967,inv_003754,cus_00245,2025-12-01T21:05:00Z,99,EUR,stripe,1,succeeded,
ch_0004968,inv_003755,cus_00245,2026-01-03T06:55:00Z,99,EUR,stripe,1,succeeded,
ch_0004969,inv_003756,cus_00245,2026-02-03T10:18:00Z,99,EUR,stripe,1,failed,card_declined
ch_0004970,inv_003756,cus_00245,2026-02-06T00:20:00Z,99,EUR,stripe,2,failed,do_not_honor
ch_0004971,inv_003756,cus_00245,2026-02-13T13:46:00Z,99,EUR,stripe,3,failed,processing_error
ch_0004972,inv_003756,cus_00245,2026-02-18T11:38:00Z,99,EUR,stripe,4,failed,card_declined
ch_0004973,inv_003757,cus_00245,2026-03-02T12:41:00Z,149,EUR,stripe,1,succeeded,
ch_0004974,inv_003758,cus_00245,2026-04-02T04:13:00Z,149,EUR,stripe,1,succeeded,
ch_0004975,inv_003759,cus_00245,2026-05-05T16:38:00Z,149,EUR,adyen,1,succeeded,
ch_0004976,inv_003760,cus_00245,2026-06-02T16:20:00Z,149,EUR,stripe,1,succeeded,
ch_0004977,inv_003761,cus_00245,2026-07-03T01:42:00Z,149,EUR,stripe,1,succeeded,
ch_0004978,inv_003762,cus_00245,2026-08-05T06:12:00Z,149,EUR,mollie,1,succeeded,
ch_0004979,inv_003763,cus_00246,2025-08-02T01:50:00Z,99,EUR,stripe,1,failed,card_declined
ch_0004980,inv_003763,cus_00246,2025-08-05T07:34:00Z,99,EUR,stripe,2,succeeded,
ch_0004981,inv_003764,cus_00246,2025-09-05T09:16:00Z,99,EUR,stripe,1,succeeded,
ch_0004982,inv_003765,cus_00246,2025-10-04T01:19:00Z,99,EUR,stripe,1,succeeded,
ch_0004983,inv_003766,cus_00246,2025-11-01T00:08:00Z,99,EUR,adyen,1,succeeded,
ch_0004984,inv_003767,cus_00246,2025-12-03T21:35:00Z,99,EUR,stripe,1,succeeded,
ch_0004985,inv_003768,cus_00246,2026-01-03T05:04:00Z,99,EUR,stripe,1,failed,insufficient_funds
ch_0004986,inv_003768,cus_00246,2026-01-06T09:03:00Z,99,EUR,stripe,2,failed,expired_card
ch_0004987,inv_003768,cus_00246,2026-01-13T09:13:00Z,99,EUR,stripe,3,failed,processing_error
ch_0004988,inv_003768,cus_00246,2026-01-18T19:06:00Z,99,EUR,stripe,4,succeeded,
ch_0004989,inv_003769,cus_00246,2026-02-02T08:18:00Z,99,EUR,stripe,1,failed,expired_card
ch_0004990,inv_003769,cus_00246,2026-02-07T05:46:00Z,99,EUR,stripe,2,failed,do_not_honor
ch_0004991,inv_003770,cus_00247,2025-08-01T09:46:00Z,99,EUR,adyen,1,succeeded,
ch_0004992,inv_003771,cus_00247,2025-09-01T00:11:00Z,99,EUR,stripe,1,succeeded,
ch_0004993,inv_003772,cus_00247,2025-10-05T10:54:00Z,99,EUR,stripe,1,succeeded,
ch_0004994,inv_003773,cus_00247,2025-11-01T08:30:00Z,99,EUR,mollie,1,succeeded,
ch_0004995,inv_003774,cus_00247,2025-12-05T09:33:00Z,99,EUR,stripe,1,succeeded,
ch_0004996,inv_003775,cus_00247,2026-01-04T01:39:00Z,99,EUR,stripe,1,succeeded,
ch_0004997,inv_003776,cus_00247,2026-02-01T18:22:00Z,99,EUR,mollie,1,succeeded,
ch_0004998,inv_003777,cus_00247,2026-03-02T00:32:00Z,149,EUR,stripe,1,failed,card_declined
ch_0004999,inv_003777,cus_00247,2026-03-07T07:35:00Z,149,EUR,stripe,2,succeeded,
ch_0005000,inv_003778,cus_00247,2026-04-01T06:31:00Z,149,EUR,stripe,1,succeeded,
ch_0005001,inv_003780,cus_00247,2026-06-05T19:39:00Z,149,EUR,stripe,1,failed,insufficient_funds
ch_0005002,inv_003780,cus_00247,2026-06-12T20:07:00Z,149,EUR,stripe,2,succeeded,
ch_0005003,inv_003781,cus_00247,2026-07-01T04:15:00Z,149,EUR,stripe,1,succeeded,
ch_0005004,inv_003782,cus_00247,2026-08-04T10:24:00Z,149,EUR,stripe,1,succeeded,
ch_0005005,inv_003783,cus_00248,2025-08-05T13:16:00Z,99,EUR,stripe,1,succeeded,
ch_0005006,inv_003784,cus_00248,2025-09-05T18:02:00Z,99,EUR,stripe,1,succeeded,
ch_0005007,inv_003785,cus_00248,2025-10-03T07:37:00Z,99,EUR,stripe,1,succeeded,
ch_0005008,inv_003786,cus_00248,2025-11-02T22:54:00Z,99,EUR,stripe,1,succeeded,
ch_0005009,inv_003787,cus_00248,2025-12-01T11:52:00Z,99,EUR,stripe,1,failed,card_declined
ch_0005010,inv_003787,cus_00248,2025-12-08T20:26:00Z,99,EUR,stripe,2,failed,expired_card
ch_0005011,inv_003787,cus_00248,2025-12-15T17:53:00Z,99,EUR,stripe,3,failed,card_declined
ch_0005012,inv_003787,cus_00248,2025-12-22T02:11:00Z,99,EUR,stripe,4,succeeded,
ch_0005013,inv_003788,cus_00248,2026-01-02T16:39:00Z,99,EUR,stripe,1,succeeded,
ch_0005014,inv_003789,cus_00248,2026-02-02T01:49:00Z,99,EUR,stripe,1,succeeded,
ch_0005015,inv_003790,cus_00249,2025-08-02T15:00:00Z,29,EUR,adyen,1,failed,expired_card
ch_0005016,inv_003790,cus_00249,2025-08-09T08:23:00Z,29,EUR,adyen,2,failed,do_not_honor
ch_0005017,inv_003790,cus_00249,2025-08-16T06:55:00Z,29,EUR,adyen,3,failed,processing_error
ch_0005018,inv_003790,cus_00249,2025-08-21T11:03:00Z,29,EUR,adyen,4,succeeded,
ch_0005019,inv_003791,cus_00249,2025-09-04T11:18:00Z,29,EUR,adyen,1,succeeded,
ch_0005020,inv_003792,cus_00249,2025-10-03T05:32:00Z,29,EUR,stripe,1,failed,expired_card
ch_0005021,inv_003792,cus_00249,2025-10-08T13:37:00Z,29,EUR,stripe,2,failed,card_declined
ch_0005022,inv_003792,cus_00249,2025-10-13T22:42:00Z,29,EUR,stripe,3,failed,expired_card
ch_0005023,inv_003792,cus_00249,2025-10-16T12:49:00Z,29,EUR,stripe,4,succeeded,
ch_0005024,inv_003793,cus_00249,2025-11-05T03:09:00Z,29,EUR,stripe,1,failed,expired_card
ch_0005025,inv_003793,cus_00249,2025-11-08T18:58:00Z,29,EUR,stripe,2,failed,card_declined
ch_0005026,inv_003793,cus_00249,2025-11-13T21:25:00Z,29,EUR,stripe,3,succeeded,
ch_0005027,inv_003794,cus_00249,2025-12-04T13:20:00Z,29,EUR,mollie,1,succeeded,
ch_0005028,inv_003795,cus_00249,2026-01-02T16:12:00Z,29,EUR,mollie,1,failed,do_not_honor
ch_0005029,inv_003795,cus_00249,2026-01-07T07:53:00Z,29,EUR,mollie,2,failed,card_declined
ch_0005030,inv_003795,cus_00249,2026-01-14T10:09:00Z,29,EUR,mollie,3,failed,do_not_honor
ch_0005031,inv_003795,cus_00249,2026-01-19T10:18:00Z,29,EUR,mollie,4,succeeded,
ch_0005032,inv_003796,cus_00249,2026-02-01T14:32:00Z,29,EUR,stripe,1,succeeded,
ch_0005033,inv_003797,cus_00249,2026-03-05T00:19:00Z,29,EUR,stripe,1,succeeded,
ch_0005034,inv_003798,cus_00249,2026-04-05T14:51:00Z,29,EUR,stripe,1,succeeded,
ch_0005035,inv_003799,cus_00249,2026-05-02T00:41:00Z,29,EUR,stripe,1,failed,card_declined
ch_0005036,inv_003799,cus_00249,2026-05-07T06:21:00Z,29,EUR,stripe,2,failed,expired_card
ch_0005037,inv_003800,cus_00249,2026-06-01T22:47:00Z,29,EUR,mollie,1,succeeded,
ch_0005038,inv_003801,cus_00249,2026-07-04T08:23:00Z,29,EUR,stripe,1,succeeded,
ch_0005039,inv_003803,cus_00250,2025-08-01T14:36:00Z,99,EUR,mollie,1,failed,insufficient_funds
ch_0005040,inv_003803,cus_00250,2025-08-08T16:56:00Z,99,EUR,mollie,2,succeeded,
ch_0005041,inv_003804,cus_00250,2025-09-02T18:43:00Z,99,EUR,mollie,1,succeeded,
ch_0005042,inv_003805,cus_00250,2025-10-03T06:32:00Z,99,EUR,stripe,1,succeeded,
ch_0005043,inv_003806,cus_00250,2025-11-04T11:58:00Z,99,EUR,stripe,1,succeeded,
ch_0005044,inv_003807,cus_00250,2025-12-05T02:15:00Z,99,EUR,adyen,1,succeeded,
ch_0005045,inv_003808,cus_00250,2026-01-05T06:21:00Z,99,EUR,stripe,1,succeeded,
ch_0005046,inv_003809,cus_00250,2026-02-04T15:27:00Z,99,EUR,stripe,1,failed,do_not_honor
ch_0005047,inv_003809,cus_00250,2026-02-09T06:45:00Z,99,EUR,stripe,2,failed,insufficient_funds
ch_0005048,inv_003809,cus_00250,2026-02-14T18:04:00Z,99,EUR,stripe,3,failed,do_not_honor
ch_0005049,inv_003809,cus_00250,2026-02-19T19:15:00Z,99,EUR,stripe,4,succeeded,
ch_0005050,inv_003810,cus_00250,2026-03-03T14:02:00Z,149,EUR,mollie,1,succeeded,
ch_0005051,inv_003811,cus_00250,2026-04-05T12:29:00Z,149,EUR,stripe,1,succeeded,
ch_0005052,inv_003812,cus_00250,2026-05-03T09:24:00Z,149,EUR,stripe,1,failed,processing_error
ch_0005053,inv_003812,cus_00250,2026-05-06T12:30:00Z,149,EUR,stripe,2,failed,card_declined
ch_0005054,inv_003812,cus_00250,2026-05-13T16:24:00Z,149,EUR,stripe,3,succeeded,
ch_0005055,inv_003813,cus_00250,2026-06-02T20:55:00Z,149,EUR,adyen,1,succeeded,
ch_0005056,inv_003814,cus_00250,2026-07-02T10:49:00Z,149,EUR,stripe,1,succeeded,
ch_0005057,inv_003815,cus_00250,2026-08-02T22:18:00Z,149,EUR,stripe,1,succeeded,
ch_0005058,inv_003816,cus_00251,2025-08-02T00:15:00Z,299,EUR,stripe,1,succeeded,
ch_0005059,inv_003817,cus_00251,2025-09-05T17:42:00Z,299,EUR,adyen,1,failed,do_not_honor
ch_0005060,inv_003817,cus_00251,2025-09-12T05:11:00Z,299,EUR,adyen,2,succeeded,
ch_0005061,inv_003818,cus_00251,2025-10-04T03:26:00Z,299,EUR,stripe,1,succeeded,
ch_0005062,inv_003819,cus_00251,2025-11-01T17:41:00Z,299,EUR,stripe,1,failed,card_declined
ch_0005063,inv_003819,cus_00251,2025-11-04T17:25:00Z,299,EUR,stripe,2,failed,card_declined
ch_0005064,inv_003819,cus_00251,2025-11-09T17:21:00Z,299,EUR,stripe,3,failed,insufficient_funds
ch_0005065,inv_003819,cus_00251,2025-11-16T06:59:00Z,299,EUR,stripe,4,succeeded,
ch_0005066,inv_003820,cus_00251,2025-12-02T00:30:00Z,299,EUR,stripe,1,succeeded,
ch_0005067,inv_003821,cus_00251,2026-01-04T13:14:00Z,299,EUR,stripe,1,succeeded,
ch_0005068,inv_003822,cus_00251,2026-02-03T11:55:00Z,299,EUR,adyen,1,succeeded,
ch_0005069,inv_003823,cus_00251,2026-03-01T05:05:00Z,299,EUR,stripe,1,succeeded,
ch_0005070,inv_003824,cus_00251,2026-04-01T04:37:00Z,299,EUR,stripe,1,failed,card_declined
ch_0005071,inv_003824,cus_00251,2026-04-08T02:07:00Z,299,EUR,stripe,2,failed,expired_card
ch_0005072,inv_003824,cus_00251,2026-04-11T03:18:00Z,299,EUR,stripe,3,succeeded,
ch_0005073,inv_003825,cus_00251,2026-05-01T13:08:00Z,299,EUR,stripe,1,succeeded,
ch_0005074,inv_003826,cus_00251,2026-06-03T23:34:00Z,299,EUR,mollie,1,failed,processing_error
ch_0005075,inv_003826,cus_00251,2026-06-06T05:24:00Z,299,EUR,mollie,2,failed,card_declined
ch_0005076,inv_003826,cus_00251,2026-06-13T18:42:00Z,299,EUR,mollie,3,succeeded,
ch_0005077,inv_003827,cus_00251,2026-07-05T20:31:00Z,299,EUR,adyen,1,succeeded,
ch_0005078,inv_003828,cus_00251,2026-08-03T18:09:00Z,299,EUR,adyen,1,succeeded,
ch_0005079,inv_003829,cus_00252,2025-08-03T23:46:00Z,29,EUR,stripe,1,succeeded,
ch_0005080,inv_003830,cus_00252,2025-09-02T15:35:00Z,29,EUR,stripe,1,failed,expired_card
ch_0005081,inv_003830,cus_00252,2025-09-09T03:08:00Z,29,EUR,stripe,2,failed,expired_card
ch_0005082,inv_003830,cus_00252,2025-09-16T22:27:00Z,29,EUR,stripe,3,failed,insufficient_funds
ch_0005083,inv_003830,cus_00252,2025-09-19T01:30:00Z,29,EUR,stripe,4,succeeded,
ch_0005084,inv_003831,cus_00252,2025-10-02T08:52:00Z,29,EUR,stripe,1,succeeded,
ch_0005085,inv_003832,cus_00252,2025-11-05T21:32:00Z,29,EUR,stripe,1,succeeded,
ch_0005086,inv_003833,cus_00252,2025-12-03T21:30:00Z,29,EUR,stripe,1,failed,card_declined
ch_0005087,inv_003833,cus_00252,2025-12-10T22:11:00Z,29,EUR,stripe,2,failed,card_declined
ch_0005088,inv_003833,cus_00252,2025-12-15T13:01:00Z,29,EUR,stripe,3,failed,insufficient_funds
ch_0005089,inv_003833,cus_00252,2025-12-22T23:08:00Z,29,EUR,stripe,4,succeeded,
ch_0005090,inv_003834,cus_00252,2026-01-04T15:44:00Z,29,EUR,stripe,1,succeeded,
ch_0005091,inv_003835,cus_00252,2026-02-03T17:15:00Z,29,EUR,stripe,1,succeeded,
ch_0005092,inv_003836,cus_00252,2026-03-05T07:20:00Z,29,EUR,stripe,1,succeeded,
ch_0005093,inv_003837,cus_00252,2026-04-04T21:53:00Z,29,EUR,mollie,1,succeeded,
ch_0005094,inv_003838,cus_00252,2026-05-02T13:37:00Z,29,EUR,stripe,1,succeeded,
ch_0005095,inv_003839,cus_00252,2026-06-05T02:13:00Z,29,EUR,mollie,1,succeeded,
ch_0005096,inv_003840,cus_00252,2026-07-05T07:25:00Z,29,EUR,mollie,1,succeeded,
ch_0005097,inv_003841,cus_00252,2026-08-01T23:47:00Z,29,EUR,adyen,1,failed,card_declined
ch_0005098,inv_003841,cus_00252,2026-08-06T12:01:00Z,29,EUR,adyen,2,failed,processing_error
ch_0005099,inv_003841,cus_00252,2026-08-11T04:45:00Z,29,EUR,adyen,3,failed,do_not_honor
ch_0005100,inv_003842,cus_00253,2025-08-03T21:51:00Z,24.79,GBP,stripe,1,failed,processing_error
ch_0005101,inv_003842,cus_00253,2025-08-08T00:49:00Z,24.79,GBP,stripe,2,failed,insufficient_funds
ch_0005102,inv_003842,cus_00253,2025-08-13T04:39:00Z,24.79,GBP,stripe,3,succeeded,
ch_0005103,inv_003843,cus_00253,2025-09-01T05:35:00Z,24.79,GBP,adyen,1,failed,insufficient_funds
ch_0005104,inv_003843,cus_00253,2025-09-04T13:55:00Z,24.79,GBP,adyen,2,failed,card_declined
ch_0005105,inv_003843,cus_00253,2025-09-07T10:25:00Z,24.79,GBP,adyen,3,failed,expired_card
ch_0005106,inv_003844,cus_00253,2025-10-04T14:46:00Z,24.79,GBP,adyen,1,failed,expired_card
ch_0005107,inv_003844,cus_00253,2025-10-07T08:44:00Z,24.79,GBP,adyen,2,failed,processing_error
ch_0005108,inv_003844,cus_00253,2025-10-10T08:44:00Z,24.79,GBP,adyen,3,failed,expired_card
ch_0005109,inv_003844,cus_00253,2025-10-17T11:42:00Z,24.79,GBP,adyen,4,failed,insufficient_funds
ch_0005110,inv_003845,cus_00253,2025-11-04T13:06:00Z,24.79,GBP,adyen,1,failed,insufficient_funds
ch_0005111,inv_003845,cus_00253,2025-11-11T19:21:00Z,24.79,GBP,adyen,2,failed,do_not_honor
ch_0005112,inv_003845,cus_00253,2025-11-16T06:52:00Z,24.79,GBP,adyen,3,succeeded,
ch_0005113,inv_003846,cus_00253,2025-12-05T02:09:00Z,24.79,GBP,stripe,1,succeeded,
ch_0005114,inv_003847,cus_00253,2026-01-03T14:27:00Z,24.79,GBP,mollie,1,succeeded,
ch_0005115,inv_003848,cus_00253,2026-02-05T22:16:00Z,24.79,GBP,stripe,1,succeeded,
ch_0005116,inv_003849,cus_00253,2026-03-01T12:20:00Z,24.79,GBP,stripe,1,succeeded,
ch_0005117,inv_003850,cus_00253,2026-04-01T20:05:00Z,24.79,GBP,stripe,1,succeeded,
ch_0005118,inv_003851,cus_00253,2026-05-04T13:53:00Z,24.79,GBP,adyen,1,succeeded,
ch_0005119,inv_003852,cus_00253,2026-06-02T00:18:00Z,24.79,GBP,adyen,1,succeeded,
ch_0005120,inv_003853,cus_00253,2026-07-03T11:10:00Z,24.79,GBP,adyen,1,failed,insufficient_funds
ch_0005121,inv_003853,cus_00253,2026-07-06T03:50:00Z,24.79,GBP,adyen,2,failed,do_not_honor
ch_0005122,inv_003853,cus_00253,2026-07-11T12:08:00Z,24.79,GBP,adyen,3,failed,card_declined
ch_0005123,inv_003853,cus_00253,2026-07-16T13:43:00Z,24.79,GBP,adyen,4,failed,processing_error
ch_0005124,inv_003854,cus_00253,2026-08-03T00:06:00Z,24.79,GBP,adyen,1,succeeded,
ch_0005125,inv_003855,cus_00254,2025-08-03T13:28:00Z,99,EUR,stripe,1,succeeded,
ch_0005126,inv_003856,cus_00254,2025-09-01T04:29:00Z,99,EUR,adyen,1,succeeded,
ch_0005127,inv_003857,cus_00254,2025-10-02T23:50:00Z,99,EUR,stripe,1,failed,expired_card
ch_0005128,inv_003857,cus_00254,2025-10-09T16:55:00Z,99,EUR,stripe,2,failed,do_not_honor
ch_0005129,inv_003857,cus_00254,2025-10-16T16:16:00Z,99,EUR,stripe,3,failed,insufficient_funds
ch_0005130,inv_003857,cus_00254,2025-10-19T00:28:00Z,99,EUR,stripe,4,succeeded,
ch_0005131,inv_003858,cus_00254,2025-11-05T05:54:00Z,99,EUR,stripe,1,succeeded,
ch_0005132,inv_003859,cus_00254,2025-12-01T08:58:00Z,99,EUR,mollie,1,succeeded,
ch_0005133,inv_003860,cus_00254,2026-01-02T07:12:00Z,99,EUR,mollie,1,succeeded,
ch_0005134,inv_003861,cus_00254,2026-02-01T10:30:00Z,99,EUR,stripe,1,succeeded,
ch_0005135,inv_003862,cus_00254,2026-03-04T17:23:00Z,149,EUR,mollie,1,succeeded,
ch_0005136,inv_003863,cus_00254,2026-04-02T22:32:00Z,149,EUR,stripe,1,succeeded,
ch_0005137,inv_003864,cus_00254,2026-05-05T12:15:00Z,149,EUR,stripe,1,succeeded,
ch_0005138,inv_003865,cus_00254,2026-06-04T16:47:00Z,149,EUR,stripe,1,succeeded,
ch_0005139,inv_003866,cus_00254,2026-07-01T13:08:00Z,149,EUR,stripe,1,succeeded,
ch_0005140,inv_003867,cus_00254,2026-08-01T22:12:00Z,149,EUR,adyen,1,succeeded,
ch_0005141,inv_003868,cus_00255,2025-08-03T16:38:00Z,99,EUR,stripe,1,succeeded,
ch_0005142,inv_003869,cus_00255,2025-09-04T09:42:00Z,99,EUR,stripe,1,succeeded,
ch_0005143,inv_003870,cus_00255,2025-10-03T09:11:00Z,99,EUR,stripe,1,succeeded,
ch_0005144,inv_003871,cus_00256,2025-08-05T15:17:00Z,29,EUR,mollie,1,succeeded,
ch_0005145,inv_003872,cus_00256,2025-09-03T13:25:00Z,29,EUR,adyen,1,succeeded,
ch_0005146,inv_003873,cus_00256,2025-10-04T19:00:00Z,29,EUR,adyen,1,succeeded,
ch_0005147,inv_003874,cus_00256,2025-11-04T09:31:00Z,29,EUR,adyen,1,succeeded,
ch_0005148,inv_003875,cus_00256,2025-12-02T19:46:00Z,29,EUR,adyen,1,succeeded,
ch_0005149,inv_003876,cus_00256,2026-01-01T00:45:00Z,29,EUR,stripe,1,succeeded,
ch_0005150,inv_003877,cus_00256,2026-02-05T19:13:00Z,29,EUR,stripe,1,succeeded,
ch_0005151,inv_003878,cus_00256,2026-03-04T01:20:00Z,29,EUR,adyen,1,succeeded,
ch_0005152,inv_003879,cus_00256,2026-04-04T00:36:00Z,29,EUR,stripe,1,succeeded,
ch_0005153,inv_003880,cus_00256,2026-05-01T08:44:00Z,29,EUR,adyen,1,succeeded,
ch_0005154,inv_003881,cus_00256,2026-06-05T06:54:00Z,29,EUR,stripe,1,succeeded,
ch_0005155,inv_003882,cus_00256,2026-07-02T12:32:00Z,29,EUR,stripe,1,succeeded,
ch_0005156,inv_003883,cus_00256,2026-08-04T02:33:00Z,29,EUR,mollie,1,succeeded,
ch_0005157,inv_003884,cus_00257,2025-08-05T18:59:00Z,24.79,GBP,mollie,1,succeeded,
ch_0005158,inv_003885,cus_00257,2025-09-03T04:03:00Z,24.79,GBP,adyen,1,succeeded,
ch_0005159,inv_003886,cus_00257,2025-10-01T01:36:00Z,24.79,GBP,stripe,1,failed,do_not_honor
ch_0005160,inv_003886,cus_00257,2025-10-08T16:03:00Z,24.79,GBP,stripe,2,succeeded,
ch_0005161,inv_003887,cus_00257,2025-11-04T12:35:00Z,24.79,GBP,mollie,1,succeeded,
ch_0005162,inv_003888,cus_00257,2025-12-01T21:46:00Z,24.79,GBP,adyen,1,succeeded,
ch_0005163,inv_003889,cus_00257,2026-01-05T01:27:00Z,24.79,GBP,stripe,1,succeeded,
ch_0005164,inv_003890,cus_00257,2026-02-05T16:39:00Z,24.79,GBP,stripe,1,failed,card_declined
ch_0005165,inv_003890,cus_00257,2026-02-08T08:18:00Z,24.79,GBP,stripe,2,failed,expired_card
ch_0005166,inv_003891,cus_00257,2026-03-05T18:06:00Z,24.79,GBP,stripe,1,succeeded,
ch_0005167,inv_003892,cus_00257,2026-04-02T15:06:00Z,24.79,GBP,stripe,1,succeeded,
ch_0005168,inv_003893,cus_00257,2026-05-01T12:29:00Z,24.79,GBP,adyen,1,succeeded,
ch_0005169,inv_003894,cus_00257,2026-06-02T21:55:00Z,24.79,GBP,stripe,1,succeeded,
ch_0005170,inv_003895,cus_00257,2026-07-01T14:19:00Z,24.79,GBP,mollie,1,succeeded,
ch_0005171,inv_003896,cus_00257,2026-08-05T22:14:00Z,24.79,GBP,mollie,1,succeeded,
ch_0005172,inv_003897,cus_00258,2025-08-05T09:58:00Z,99,EUR,stripe,1,succeeded,
ch_0005173,inv_003898,cus_00258,2025-09-02T15:44:00Z,99,EUR,stripe,1,failed,card_declined
ch_0005174,inv_003898,cus_00258,2025-09-05T18:04:00Z,99,EUR,stripe,2,failed,do_not_honor
ch_0005175,inv_003898,cus_00258,2025-09-10T18:15:00Z,99,EUR,stripe,3,failed,card_declined
ch_0005176,inv_003899,cus_00258,2025-10-01T16:46:00Z,99,EUR,stripe,1,succeeded,
ch_0005177,inv_003900,cus_00258,2025-11-01T22:12:00Z,99,EUR,adyen,1,succeeded,
ch_0005178,inv_003901,cus_00258,2025-12-04T11:34:00Z,99,EUR,stripe,1,succeeded,
ch_0005179,inv_003902,cus_00258,2026-01-01T22:28:00Z,99,EUR,stripe,1,succeeded,
ch_0005180,inv_003903,cus_00258,2026-02-02T21:22:00Z,99,EUR,adyen,1,succeeded,
ch_0005181,inv_003904,cus_00258,2026-03-04T19:04:00Z,149,EUR,stripe,1,succeeded,
ch_0005182,inv_003905,cus_00258,2026-04-04T06:10:00Z,149,EUR,stripe,1,succeeded,
ch_0005183,inv_003906,cus_00258,2026-05-03T18:15:00Z,149,EUR,adyen,1,succeeded,
ch_0005184,inv_003907,cus_00258,2026-06-02T00:06:00Z,149,EUR,adyen,1,succeeded,
ch_0005185,inv_003908,cus_00258,2026-07-05T10:08:00Z,149,EUR,stripe,1,succeeded,
ch_0005186,inv_003909,cus_00258,2026-08-03T02:22:00Z,149,EUR,adyen,1,succeeded,
ch_0005187,inv_003910,cus_00259,2025-08-02T21:49:00Z,94.29,CHF,adyen,1,succeeded,
ch_0005188,inv_003911,cus_00259,2025-09-02T20:30:00Z,94.29,CHF,stripe,1,failed,insufficient_funds
ch_0005189,inv_003911,cus_00259,2025-09-05T06:38:00Z,94.29,CHF,stripe,2,succeeded,
ch_0005190,inv_003912,cus_00259,2025-10-04T21:14:00Z,94.29,CHF,stripe,1,succeeded,
ch_0005191,inv_003913,cus_00259,2025-11-02T02:15:00Z,94.29,CHF,adyen,1,succeeded,
ch_0005192,inv_003914,cus_00259,2025-12-01T23:45:00Z,94.29,CHF,stripe,1,succeeded,
ch_0005193,inv_003915,cus_00259,2026-01-02T12:38:00Z,94.29,CHF,adyen,1,failed,expired_card
ch_0005194,inv_003915,cus_00259,2026-01-09T18:32:00Z,94.29,CHF,adyen,2,failed,insufficient_funds
ch_0005195,inv_003915,cus_00259,2026-01-12T06:51:00Z,94.29,CHF,adyen,3,failed,do_not_honor
ch_0005196,inv_003916,cus_00259,2026-02-04T15:14:00Z,94.29,CHF,stripe,1,failed,expired_card
ch_0005197,inv_003916,cus_00259,2026-02-07T07:28:00Z,94.29,CHF,stripe,2,failed,card_declined
ch_0005198,inv_003916,cus_00259,2026-02-12T16:58:00Z,94.29,CHF,stripe,3,succeeded,
ch_0005199,inv_003917,cus_00259,2026-03-01T03:13:00Z,141.9,CHF,stripe,1,succeeded,
ch_0005200,inv_003918,cus_00259,2026-04-04T08:28:00Z,141.9,CHF,adyen,1,succeeded,
ch_0005201,inv_003919,cus_00259,2026-05-02T02:10:00Z,141.9,CHF,stripe,1,succeeded,
ch_0005202,inv_003920,cus_00259,2026-06-03T17:05:00Z,141.9,CHF,stripe,1,succeeded,
ch_0005203,inv_003921,cus_00259,2026-07-04T10:29:00Z,141.9,CHF,stripe,1,failed,expired_card
ch_0005204,inv_003921,cus_00259,2026-07-09T09:49:00Z,141.9,CHF,stripe,2,failed,do_not_honor
ch_0005205,inv_003921,cus_00259,2026-07-16T09:35:00Z,141.9,CHF,stripe,3,failed,insufficient_funds
ch_0005206,inv_003921,cus_00259,2026-07-19T07:58:00Z,141.9,CHF,stripe,4,succeeded,
ch_0005207,inv_003922,cus_00259,2026-08-04T07:27:00Z,141.9,CHF,adyen,1,succeeded,
ch_0005208,inv_003923,cus_00260,2025-08-01T02:35:00Z,1125,SEK,mollie,1,succeeded,
ch_0005209,inv_003924,cus_00260,2025-09-04T15:38:00Z,1125,SEK,adyen,1,succeeded,
ch_0005210,inv_003925,cus_00260,2025-10-04T04:47:00Z,1125,SEK,stripe,1,succeeded,
ch_0005211,inv_003926,cus_00260,2025-11-01T10:56:00Z,1125,SEK,stripe,1,succeeded,
ch_0005212,inv_003927,cus_00260,2025-12-03T12:19:00Z,1125,SEK,stripe,1,succeeded,
ch_0005213,inv_003928,cus_00261,2025-09-04T03:54:00Z,107.61,USD,stripe,1,succeeded,
ch_0005214,inv_003929,cus_00261,2025-10-04T14:52:00Z,107.61,USD,stripe,1,succeeded,
ch_0005215,inv_003930,cus_00261,2025-11-02T07:32:00Z,107.61,USD,mollie,1,succeeded,
ch_0005216,inv_003931,cus_00261,2025-12-05T01:24:00Z,107.61,USD,stripe,1,succeeded,
ch_0005217,inv_003932,cus_00261,2026-01-05T12:10:00Z,107.61,USD,stripe,1,succeeded,
ch_0005218,inv_003933,cus_00261,2026-02-05T07:34:00Z,107.61,USD,adyen,1,succeeded,
ch_0005219,inv_003935,cus_00261,2026-04-02T23:48:00Z,161.96,USD,stripe,1,succeeded,
ch_0005220,inv_003936,cus_00261,2026-05-05T01:15:00Z,161.96,USD,stripe,1,succeeded,
ch_0005221,inv_003937,cus_00261,2026-06-03T23:53:00Z,161.96,USD,stripe,1,succeeded,
ch_0005222,inv_003938,cus_00261,2026-07-01T02:36:00Z,161.96,USD,stripe,1,failed,card_declined
ch_0005223,inv_003938,cus_00261,2026-07-08T05:31:00Z,161.96,USD,stripe,2,failed,insufficient_funds
ch_0005224,inv_003938,cus_00261,2026-07-13T00:53:00Z,161.96,USD,stripe,3,failed,insufficient_funds
ch_0005225,inv_003939,cus_00261,2026-08-03T02:07:00Z,161.96,USD,stripe,1,succeeded,
ch_0005226,inv_003940,cus_00262,2025-09-05T11:32:00Z,84.62,GBP,adyen,1,succeeded,
ch_0005227,inv_003941,cus_00262,2025-10-01T23:12:00Z,84.62,GBP,stripe,1,succeeded,
ch_0005228,inv_003942,cus_00262,2025-11-05T16:54:00Z,84.62,GBP,stripe,1,succeeded,
ch_0005229,inv_003943,cus_00262,2025-12-04T06:29:00Z,84.62,GBP,stripe,1,succeeded,
ch_0005230,inv_003944,cus_00262,2026-01-04T10:28:00Z,84.62,GBP,adyen,1,succeeded,
ch_0005231,inv_003945,cus_00262,2026-02-04T16:52:00Z,84.62,GBP,stripe,1,succeeded,
ch_0005232,inv_003946,cus_00262,2026-03-01T16:40:00Z,127.35,GBP,stripe,1,succeeded,
ch_0005233,inv_003947,cus_00262,2026-04-04T10:35:00Z,127.35,GBP,stripe,1,succeeded,
ch_0005234,inv_003948,cus_00262,2026-05-05T11:11:00Z,127.35,GBP,stripe,1,failed,card_declined
ch_0005235,inv_003948,cus_00262,2026-05-08T08:09:00Z,127.35,GBP,stripe,2,failed,card_declined
ch_0005236,inv_003949,cus_00262,2026-06-02T15:01:00Z,127.35,GBP,stripe,1,succeeded,
ch_0005237,inv_003950,cus_00262,2026-07-05T11:16:00Z,127.35,GBP,stripe,1,succeeded,
ch_0005238,inv_003951,cus_00262,2026-08-03T22:09:00Z,127.35,GBP,adyen,1,succeeded,
ch_0005239,inv_003952,cus_00263,2025-09-04T17:31:00Z,107.61,USD,adyen,1,succeeded,
ch_0005240,inv_003953,cus_00263,2025-10-04T18:01:00Z,107.61,USD,stripe,1,succeeded,
ch_0005241,inv_003954,cus_00263,2025-11-05T21:41:00Z,107.61,USD,adyen,1,succeeded,
ch_0005242,inv_003955,cus_00263,2025-12-04T20:54:00Z,107.61,USD,stripe,1,succeeded,
ch_0005243,inv_003956,cus_00263,2026-01-05T09:30:00Z,107.61,USD,stripe,1,succeeded,
ch_0005244,inv_003957,cus_00263,2026-02-03T06:33:00Z,107.61,USD,adyen,1,succeeded,
ch_0005245,inv_003958,cus_00263,2026-03-01T10:17:00Z,161.96,USD,stripe,1,succeeded,
ch_0005246,inv_003959,cus_00263,2026-04-03T04:01:00Z,161.96,USD,mollie,1,succeeded,
ch_0005247,inv_003960,cus_00263,2026-05-01T06:08:00Z,161.96,USD,mollie,1,succeeded,
ch_0005248,inv_003961,cus_00263,2026-06-05T20:41:00Z,161.96,USD,stripe,1,succeeded,
ch_0005249,inv_003962,cus_00263,2026-07-02T17:40:00Z,161.96,USD,stripe,1,succeeded,
ch_0005250,inv_003963,cus_00263,2026-08-05T20:26:00Z,161.96,USD,adyen,1,succeeded,
ch_0005251,inv_003964,cus_00264,2025-09-05T20:59:00Z,29,EUR,stripe,1,failed,insufficient_funds
ch_0005252,inv_003964,cus_00264,2025-09-08T06:42:00Z,29,EUR,stripe,2,failed,insufficient_funds
ch_0005253,inv_003964,cus_00264,2025-09-11T05:30:00Z,29,EUR,stripe,3,failed,processing_error
ch_0005254,inv_003964,cus_00264,2025-09-14T13:18:00Z,29,EUR,stripe,4,failed,expired_card
ch_0005255,inv_003965,cus_00264,2025-10-05T10:52:00Z,29,EUR,stripe,1,succeeded,
ch_0005256,inv_003966,cus_00264,2025-11-03T20:58:00Z,29,EUR,adyen,1,succeeded,
ch_0005257,inv_003967,cus_00264,2025-12-04T13:18:00Z,29,EUR,stripe,1,succeeded,
ch_0005258,inv_003968,cus_00264,2026-01-01T09:23:00Z,29,EUR,stripe,1,succeeded,
ch_0005259,inv_003969,cus_00264,2026-02-05T15:03:00Z,29,EUR,mollie,1,succeeded,
ch_0005260,inv_003970,cus_00264,2026-03-02T06:58:00Z,29,EUR,stripe,1,succeeded,
ch_0005261,inv_003971,cus_00264,2026-04-04T12:23:00Z,29,EUR,stripe,1,succeeded,
ch_0005262,inv_003972,cus_00264,2026-05-03T14:25:00Z,29,EUR,stripe,1,failed,insufficient_funds
ch_0005263,inv_003972,cus_00264,2026-05-08T16:52:00Z,29,EUR,stripe,2,succeeded,
ch_0005264,inv_003973,cus_00264,2026-06-01T19:37:00Z,29,EUR,adyen,1,failed,expired_card
ch_0005265,inv_003973,cus_00264,2026-06-08T09:11:00Z,29,EUR,adyen,2,failed,card_declined
ch_0005266,inv_003973,cus_00264,2026-06-11T05:54:00Z,29,EUR,adyen,3,succeeded,
ch_0005267,inv_003974,cus_00264,2026-07-04T05:48:00Z,29,EUR,mollie,1,succeeded,
ch_0005268,inv_003975,cus_00264,2026-08-03T05:00:00Z,29,EUR,stripe,1,succeeded,
ch_0005269,inv_003976,cus_00265,2025-09-04T08:53:00Z,951.43,CHF,stripe,1,failed,processing_error
ch_0005270,inv_003976,cus_00265,2025-09-11T17:34:00Z,951.43,CHF,stripe,2,failed,insufficient_funds
ch_0005271,inv_003978,cus_00265,2025-11-03T23:31:00Z,951.43,CHF,mollie,1,succeeded,
ch_0005272,inv_003979,cus_00265,2025-12-01T21:47:00Z,951.43,CHF,stripe,1,succeeded,
ch_0005273,inv_003980,cus_00265,2026-01-04T00:50:00Z,951.43,CHF,stripe,1,failed,card_declined
ch_0005274,inv_003980,cus_00265,2026-01-11T21:09:00Z,951.43,CHF,stripe,2,succeeded,
ch_0005275,inv_003981,cus_00265,2026-02-03T09:32:00Z,951.43,CHF,adyen,1,succeeded,
ch_0005276,inv_003982,cus_00265,2026-03-02T18:45:00Z,951.43,CHF,mollie,1,succeeded,
ch_0005277,inv_003983,cus_00265,2026-04-05T12:36:00Z,951.43,CHF,adyen,1,succeeded,
ch_0005278,inv_003984,cus_00265,2026-05-01T21:09:00Z,951.43,CHF,stripe,1,succeeded,
ch_0005279,inv_003985,cus_00265,2026-06-01T13:05:00Z,951.43,CHF,stripe,1,succeeded,
ch_0005280,inv_003986,cus_00265,2026-07-03T13:17:00Z,951.43,CHF,stripe,1,succeeded,
ch_0005281,inv_003987,cus_00265,2026-08-03T12:51:00Z,951.43,CHF,stripe,1,failed,insufficient_funds
ch_0005282,inv_003987,cus_00265,2026-08-08T02:33:00Z,951.43,CHF,stripe,2,failed,card_declined
ch_0005283,inv_003987,cus_00265,2026-08-15T14:53:00Z,951.43,CHF,stripe,3,failed,processing_error
ch_0005284,inv_003987,cus_00265,2026-08-18T11:36:00Z,951.43,CHF,stripe,4,succeeded,
ch_0005285,inv_003988,cus_00266,2025-09-01T23:33:00Z,99,EUR,adyen,1,succeeded,
ch_0005286,inv_003989,cus_00266,2025-10-04T06:17:00Z,99,EUR,mollie,1,failed,card_declined
ch_0005287,inv_003989,cus_00266,2025-10-11T20:31:00Z,99,EUR,mollie,2,succeeded,
ch_0005288,inv_003990,cus_00266,2025-11-04T05:32:00Z,99,EUR,mollie,1,succeeded,
ch_0005289,inv_003991,cus_00266,2025-12-03T16:18:00Z,99,EUR,stripe,1,failed,do_not_honor
ch_0005290,inv_003991,cus_00266,2025-12-10T07:55:00Z,99,EUR,stripe,2,failed,do_not_honor
ch_0005291,inv_003991,cus_00266,2025-12-15T15:11:00Z,99,EUR,stripe,3,failed,insufficient_funds
ch_0005292,inv_003992,cus_00266,2026-01-04T23:52:00Z,99,EUR,stripe,1,failed,insufficient_funds
ch_0005293,inv_003992,cus_00266,2026-01-11T12:02:00Z,99,EUR,stripe,2,succeeded,
ch_0005294,inv_003993,cus_00266,2026-02-05T03:52:00Z,99,EUR,stripe,1,succeeded,
ch_0005295,inv_003994,cus_00266,2026-03-03T16:12:00Z,149,EUR,adyen,1,succeeded,
ch_0005296,inv_003995,cus_00267,2025-09-04T03:16:00Z,1085.87,USD,stripe,1,failed,processing_error
ch_0005297,inv_003995,cus_00267,2025-09-11T09:43:00Z,1085.87,USD,stripe,2,succeeded,
ch_0005298,inv_003996,cus_00267,2025-10-02T12:31:00Z,1085.87,USD,stripe,1,succeeded,
ch_0005299,inv_003997,cus_00267,2025-11-03T07:05:00Z,1085.87,USD,adyen,1,succeeded,
ch_0005300,inv_003998,cus_00267,2025-12-01T13:33:00Z,1085.87,USD,adyen,1,succeeded,
ch_0005301,inv_003999,cus_00267,2026-01-02T04:08:00Z,1085.87,USD,mollie,1,succeeded,
ch_0005302,inv_004000,cus_00267,2026-02-04T23:08:00Z,1085.87,USD,stripe,1,succeeded,
ch_0005303,inv_004001,cus_00267,2026-03-03T04:01:00Z,1085.87,USD,mollie,1,succeeded,
ch_0005304,inv_004002,cus_00267,2026-04-01T02:28:00Z,1085.87,USD,stripe,1,succeeded,
ch_0005305,inv_004003,cus_00267,2026-05-01T08:44:00Z,1085.87,USD,mollie,1,failed,card_declined
ch_0005306,inv_004003,cus_00267,2026-05-06T05:22:00Z,1085.87,USD,mollie,2,failed,card_declined
ch_0005307,inv_004003,cus_00267,2026-05-13T18:37:00Z,1085.87,USD,mollie,3,succeeded,
ch_0005308,inv_004004,cus_00267,2026-06-03T23:45:00Z,1085.87,USD,adyen,1,succeeded,
ch_0005309,inv_004005,cus_00267,2026-07-03T08:13:00Z,1085.87,USD,adyen,1,succeeded,
ch_0005310,inv_004006,cus_00267,2026-08-04T23:39:00Z,1085.87,USD,stripe,1,failed,do_not_honor
ch_0005311,inv_004006,cus_00267,2026-08-07T01:23:00Z,1085.87,USD,stripe,2,failed,insufficient_funds
ch_0005312,inv_004006,cus_00267,2026-08-10T23:03:00Z,1085.87,USD,stripe,3,failed,insufficient_funds
ch_0005313,inv_004006,cus_00267,2026-08-13T04:59:00Z,1085.87,USD,stripe,4,failed,expired_card
ch_0005314,inv_004007,cus_00268,2025-09-02T15:40:00Z,29,EUR,adyen,1,succeeded,
ch_0005315,inv_004008,cus_00268,2025-10-03T16:28:00Z,29,EUR,stripe,1,succeeded,
ch_0005316,inv_004009,cus_00268,2025-11-04T02:32:00Z,29,EUR,mollie,1,succeeded,
ch_0005317,inv_004010,cus_00268,2025-12-05T21:54:00Z,29,EUR,stripe,1,succeeded,
ch_0005318,inv_004011,cus_00268,2026-01-01T22:36:00Z,29,EUR,mollie,1,succeeded,
ch_0005319,inv_004012,cus_00269,2025-09-04T23:24:00Z,107.61,USD,adyen,1,failed,insufficient_funds
ch_0005320,inv_004012,cus_00269,2025-09-11T14:23:00Z,107.61,USD,adyen,2,failed,do_not_honor
ch_0005321,inv_004012,cus_00269,2025-09-18T07:01:00Z,107.61,USD,adyen,3,failed,insufficient_funds
ch_0005322,inv_004012,cus_00269,2025-09-23T13:21:00Z,107.61,USD,adyen,4,failed,card_declined
ch_0005323,inv_004013,cus_00269,2025-10-01T04:02:00Z,107.61,USD,stripe,1,succeeded,
ch_0005324,inv_004014,cus_00269,2025-11-04T06:08:00Z,107.61,USD,mollie,1,succeeded,
ch_0005325,inv_004015,cus_00269,2025-12-04T22:59:00Z,107.61,USD,stripe,1,succeeded,
ch_0005326,inv_004016,cus_00269,2026-01-02T16:51:00Z,107.61,USD,stripe,1,succeeded,
ch_0005327,inv_004017,cus_00269,2026-02-03T22:57:00Z,107.61,USD,stripe,1,succeeded,
ch_0005328,inv_004018,cus_00269,2026-03-03T16:40:00Z,161.96,USD,stripe,1,succeeded,
ch_0005329,inv_004019,cus_00269,2026-04-02T02:44:00Z,161.96,USD,stripe,1,failed,insufficient_funds
ch_0005330,inv_004019,cus_00269,2026-04-09T18:59:00Z,161.96,USD,stripe,2,failed,card_declined
ch_0005331,inv_004019,cus_00269,2026-04-12T09:12:00Z,161.96,USD,stripe,3,failed,card_declined
ch_0005332,inv_004020,cus_00269,2026-05-03T18:37:00Z,161.96,USD,mollie,1,failed,insufficient_funds
ch_0005333,inv_004020,cus_00269,2026-05-10T21:26:00Z,161.96,USD,mollie,2,succeeded,
ch_0005334,inv_004021,cus_00269,2026-06-03T08:25:00Z,161.96,USD,stripe,1,succeeded,
ch_0005335,inv_004022,cus_00269,2026-07-05T16:43:00Z,161.96,USD,adyen,1,succeeded,
ch_0005336,inv_004023,cus_00269,2026-08-02T14:26:00Z,161.96,USD,stripe,1,succeeded,
ch_0005337,inv_004024,cus_00270,2025-09-02T10:28:00Z,299,EUR,adyen,1,succeeded,
ch_0005338,inv_004025,cus_00270,2025-10-02T18:07:00Z,299,EUR,stripe,1,failed,card_declined
ch_0005339,inv_004025,cus_00270,2025-10-07T04:00:00Z,299,EUR,stripe,2,failed,card_declined
ch_0005340,inv_004025,cus_00270,2025-10-14T20:27:00Z,299,EUR,stripe,3,failed,card_declined
ch_0005341,inv_004025,cus_00270,2025-10-19T09:04:00Z,299,EUR,stripe,4,succeeded,
ch_0005342,inv_004026,cus_00270,2025-11-05T20:51:00Z,299,EUR,stripe,1,succeeded,
ch_0005343,inv_004027,cus_00270,2025-12-01T01:12:00Z,299,EUR,adyen,1,failed,insufficient_funds
ch_0005344,inv_004027,cus_00270,2025-12-04T23:53:00Z,299,EUR,adyen,2,failed,insufficient_funds
ch_0005345,inv_004027,cus_00270,2025-12-09T13:33:00Z,299,EUR,adyen,3,failed,insufficient_funds
ch_0005346,inv_004027,cus_00270,2025-12-16T02:24:00Z,299,EUR,adyen,4,failed,insufficient_funds
ch_0005347,inv_004028,cus_00270,2026-01-03T14:58:00Z,299,EUR,adyen,1,succeeded,
ch_0005348,inv_004029,cus_00270,2026-02-01T08:14:00Z,299,EUR,stripe,1,failed,card_declined
ch_0005349,inv_004029,cus_00270,2026-02-08T04:36:00Z,299,EUR,stripe,2,failed,card_declined
ch_0005350,inv_004029,cus_00270,2026-02-15T02:04:00Z,299,EUR,stripe,3,failed,card_declined
ch_0005351,inv_004029,cus_00270,2026-02-22T03:11:00Z,299,EUR,stripe,4,succeeded,
ch_0005352,inv_004030,cus_00270,2026-03-04T13:34:00Z,299,EUR,stripe,1,succeeded,
ch_0005353,inv_004031,cus_00270,2026-04-02T02:27:00Z,299,EUR,adyen,1,succeeded,
ch_0005354,inv_004032,cus_00270,2026-05-01T19:47:00Z,299,EUR,stripe,1,succeeded,
ch_0005355,inv_004033,cus_00270,2026-06-05T10:07:00Z,299,EUR,stripe,1,succeeded,
ch_0005356,inv_004034,cus_00270,2026-07-05T20:14:00Z,299,EUR,adyen,1,succeeded,
ch_0005357,inv_004035,cus_00270,2026-08-01T02:37:00Z,299,EUR,stripe,1,failed,card_declined
ch_0005358,inv_004035,cus_00270,2026-08-04T05:04:00Z,299,EUR,stripe,2,succeeded,
ch_0005359,inv_004036,cus_00271,2025-09-01T02:28:00Z,99,EUR,stripe,1,succeeded,
ch_0005360,inv_004037,cus_00271,2025-10-02T02:43:00Z,99,EUR,mollie,1,succeeded,
ch_0005361,inv_004038,cus_00271,2025-11-05T22:21:00Z,99,EUR,adyen,1,succeeded,
ch_0005362,inv_004039,cus_00271,2025-12-02T09:26:00Z,99,EUR,stripe,1,succeeded,
ch_0005363,inv_004040,cus_00271,2026-01-01T16:22:00Z,99,EUR,adyen,1,succeeded,
ch_0005364,inv_004041,cus_00271,2026-02-03T11:52:00Z,99,EUR,stripe,1,succeeded,
ch_0005365,inv_004042,cus_00271,2026-03-01T01:35:00Z,149,EUR,stripe,1,succeeded,
ch_0005366,inv_004043,cus_00271,2026-04-02T08:54:00Z,149,EUR,stripe,1,succeeded,
ch_0005367,inv_004044,cus_00271,2026-05-05T11:25:00Z,149,EUR,stripe,1,succeeded,
ch_0005368,inv_004045,cus_00271,2026-06-02T14:23:00Z,149,EUR,adyen,1,succeeded,
ch_0005369,inv_004046,cus_00271,2026-07-03T15:12:00Z,149,EUR,mollie,1,succeeded,
ch_0005370,inv_004047,cus_00271,2026-08-03T10:46:00Z,149,EUR,adyen,1,succeeded,
ch_0005371,inv_004048,cus_00272,2025-09-01T12:54:00Z,299,EUR,adyen,1,succeeded,
ch_0005372,inv_004049,cus_00272,2025-10-02T12:42:00Z,299,EUR,stripe,1,failed,insufficient_funds
ch_0005373,inv_004049,cus_00272,2025-10-09T08:46:00Z,299,EUR,stripe,2,failed,do_not_honor
ch_0005374,inv_004049,cus_00272,2025-10-14T18:05:00Z,299,EUR,stripe,3,failed,insufficient_funds
ch_0005375,inv_004050,cus_00272,2025-11-05T18:49:00Z,299,EUR,stripe,1,succeeded,
ch_0005376,inv_004051,cus_00272,2025-12-03T17:43:00Z,299,EUR,stripe,1,succeeded,
ch_0005377,inv_004052,cus_00272,2026-01-01T08:35:00Z,299,EUR,adyen,1,succeeded,
ch_0005378,inv_004053,cus_00272,2026-02-05T22:10:00Z,299,EUR,adyen,1,succeeded,
ch_0005379,inv_004054,cus_00272,2026-03-02T15:54:00Z,299,EUR,stripe,1,succeeded,
ch_0005380,inv_004055,cus_00272,2026-04-05T12:32:00Z,299,EUR,stripe,1,succeeded,
ch_0005381,inv_004056,cus_00272,2026-05-05T04:25:00Z,299,EUR,adyen,1,succeeded,
ch_0005382,inv_004057,cus_00272,2026-06-02T23:53:00Z,299,EUR,stripe,1,succeeded,
ch_0005383,inv_004058,cus_00272,2026-07-04T08:09:00Z,299,EUR,adyen,1,succeeded,
ch_0005384,inv_004059,cus_00272,2026-08-05T19:50:00Z,299,EUR,stripe,1,succeeded,
ch_0005385,inv_004060,cus_00273,2025-09-01T06:53:00Z,29,EUR,stripe,1,succeeded,
ch_0005386,inv_004061,cus_00273,2025-10-03T19:30:00Z,29,EUR,adyen,1,succeeded,
ch_0005387,inv_004062,cus_00273,2025-11-04T01:05:00Z,29,EUR,stripe,1,succeeded,
ch_0005388,inv_004063,cus_00274,2025-09-01T04:21:00Z,99,EUR,stripe,1,succeeded,
ch_0005389,inv_004064,cus_00274,2025-10-04T04:33:00Z,99,EUR,adyen,1,failed,insufficient_funds
ch_0005390,inv_004064,cus_00274,2025-10-09T04:43:00Z,99,EUR,adyen,2,failed,card_declined
ch_0005391,inv_004064,cus_00274,2025-10-14T12:26:00Z,99,EUR,adyen,3,succeeded,
ch_0005392,inv_004065,cus_00274,2025-11-01T13:41:00Z,99,EUR,adyen,1,succeeded,
ch_0005393,inv_004066,cus_00274,2025-12-01T07:27:00Z,99,EUR,stripe,1,succeeded,
ch_0005394,inv_004067,cus_00274,2026-01-04T08:23:00Z,99,EUR,mollie,1,succeeded,
ch_0005395,inv_004068,cus_00274,2026-02-05T03:39:00Z,99,EUR,adyen,1,succeeded,
ch_0005396,inv_004069,cus_00274,2026-03-02T23:10:00Z,149,EUR,adyen,1,succeeded,
ch_0005397,inv_004070,cus_00274,2026-04-03T01:21:00Z,149,EUR,stripe,1,succeeded,
ch_0005398,inv_004071,cus_00274,2026-05-03T17:57:00Z,149,EUR,adyen,1,succeeded,
ch_0005399,inv_004072,cus_00274,2026-06-01T11:53:00Z,149,EUR,adyen,1,succeeded,
ch_0005400,inv_004073,cus_00274,2026-07-05T21:03:00Z,149,EUR,stripe,1,succeeded,
ch_0005401,inv_004074,cus_00274,2026-08-01T16:26:00Z,149,EUR,adyen,1,succeeded,
ch_0005402,inv_004075,cus_00275,2025-09-01T04:30:00Z,99,EUR,mollie,1,succeeded,
ch_0005403,inv_004076,cus_00275,2025-10-05T09:12:00Z,99,EUR,adyen,1,failed,insufficient_funds
ch_0005404,inv_004076,cus_00275,2025-10-08T11:51:00Z,99,EUR,adyen,2,failed,expired_card
ch_0005405,inv_004076,cus_00275,2025-10-13T14:44:00Z,99,EUR,adyen,3,failed,card_declined
ch_0005406,inv_004076,cus_00275,2025-10-20T06:55:00Z,99,EUR,adyen,4,succeeded,
ch_0005407,inv_004077,cus_00275,2025-11-03T13:35:00Z,99,EUR,mollie,1,succeeded,
ch_0005408,inv_004078,cus_00275,2025-12-04T20:21:00Z,99,EUR,stripe,1,failed,card_declined
ch_0005409,inv_004078,cus_00275,2025-12-09T00:13:00Z,99,EUR,stripe,2,failed,card_declined
ch_0005410,inv_004078,cus_00275,2025-12-16T01:19:00Z,99,EUR,stripe,3,failed,card_declined
ch_0005411,inv_004078,cus_00275,2025-12-19T15:23:00Z,99,EUR,stripe,4,failed,expired_card
ch_0005412,inv_004079,cus_00275,2026-01-02T03:27:00Z,99,EUR,adyen,1,failed,insufficient_funds
ch_0005413,inv_004079,cus_00275,2026-01-05T15:18:00Z,99,EUR,adyen,2,failed,card_declined
ch_0005414,inv_004079,cus_00275,2026-01-12T02:47:00Z,99,EUR,adyen,3,failed,processing_error
ch_0005415,inv_004079,cus_00275,2026-01-19T02:33:00Z,99,EUR,adyen,4,succeeded,
ch_0005416,inv_004080,cus_00275,2026-02-04T09:46:00Z,99,EUR,stripe,1,succeeded,
ch_0005417,inv_004081,cus_00275,2026-03-03T22:32:00Z,149,EUR,mollie,1,failed,insufficient_funds
ch_0005418,inv_004081,cus_00275,2026-03-08T15:16:00Z,149,EUR,mollie,2,failed,card_declined
ch_0005419,inv_004081,cus_00275,2026-03-11T05:25:00Z,149,EUR,mollie,3,failed,card_declined
ch_0005420,inv_004081,cus_00275,2026-03-18T00:19:00Z,149,EUR,mollie,4,succeeded,
ch_0005421,inv_004082,cus_00276,2025-09-01T13:29:00Z,29,EUR,stripe,1,succeeded,
ch_0005422,inv_004083,cus_00276,2025-10-05T04:50:00Z,29,EUR,stripe,1,succeeded,
ch_0005423,inv_004084,cus_00276,2025-11-02T03:33:00Z,29,EUR,adyen,1,succeeded,
ch_0005424,inv_004085,cus_00276,2025-12-01T11:43:00Z,29,EUR,mollie,1,succeeded,
ch_0005425,inv_004086,cus_00276,2026-01-02T14:18:00Z,29,EUR,adyen,1,succeeded,
ch_0005426,inv_004087,cus_00276,2026-02-03T13:32:00Z,29,EUR,stripe,1,failed,card_declined
ch_0005427,inv_004087,cus_00276,2026-02-10T15:02:00Z,29,EUR,stripe,2,succeeded,
ch_0005428,inv_004088,cus_00276,2026-03-01T15:34:00Z,29,EUR,stripe,1,succeeded,
ch_0005429,inv_004089,cus_00276,2026-04-03T21:54:00Z,29,EUR,stripe,1,succeeded,
ch_0005430,inv_004090,cus_00276,2026-05-02T01:27:00Z,29,EUR,mollie,1,failed,do_not_honor
ch_0005431,inv_004090,cus_00276,2026-05-07T18:29:00Z,29,EUR,mollie,2,failed,card_declined
ch_0005432,inv_004090,cus_00276,2026-05-10T18:23:00Z,29,EUR,mollie,3,succeeded,
ch_0005433,inv_004091,cus_00276,2026-06-02T21:35:00Z,29,EUR,stripe,1,succeeded,
ch_0005434,inv_004092,cus_00276,2026-07-02T16:11:00Z,29,EUR,adyen,1,succeeded,
ch_0005435,inv_004093,cus_00276,2026-08-01T02:13:00Z,29,EUR,adyen,1,succeeded,
ch_0005436,inv_004094,cus_00277,2025-09-04T07:55:00Z,99,EUR,mollie,1,failed,insufficient_funds
ch_0005437,inv_004094,cus_00277,2025-09-11T05:41:00Z,99,EUR,mollie,2,failed,insufficient_funds
ch_0005438,inv_004094,cus_00277,2025-09-16T19:39:00Z,99,EUR,mollie,3,failed,insufficient_funds
ch_0005439,inv_004095,cus_00277,2025-10-01T16:47:00Z,99,EUR,stripe,1,failed,insufficient_funds
ch_0005440,inv_004095,cus_00277,2025-10-06T17:09:00Z,99,EUR,stripe,2,failed,do_not_honor
ch_0005441,inv_004095,cus_00277,2025-10-11T10:09:00Z,99,EUR,stripe,3,failed,insufficient_funds
ch_0005442,inv_004096,cus_00277,2025-11-03T01:21:00Z,99,EUR,stripe,1,succeeded,
ch_0005443,inv_004097,cus_00277,2025-12-02T21:52:00Z,99,EUR,stripe,1,succeeded,
ch_0005444,inv_004098,cus_00277,2026-01-02T21:11:00Z,99,EUR,mollie,1,succeeded,
ch_0005445,inv_004099,cus_00277,2026-02-05T06:38:00Z,99,EUR,stripe,1,succeeded,
ch_0005446,inv_004100,cus_00277,2026-03-01T17:03:00Z,149,EUR,stripe,1,succeeded,
ch_0005447,inv_004101,cus_00277,2026-04-01T14:02:00Z,149,EUR,stripe,1,succeeded,
ch_0005448,inv_004102,cus_00277,2026-05-03T23:29:00Z,149,EUR,stripe,1,succeeded,
ch_0005449,inv_004103,cus_00277,2026-06-03T03:23:00Z,149,EUR,stripe,1,succeeded,
ch_0005450,inv_004104,cus_00277,2026-07-05T14:05:00Z,149,EUR,adyen,1,succeeded,
ch_0005451,inv_004105,cus_00277,2026-08-02T00:10:00Z,149,EUR,adyen,1,succeeded,
ch_0005452,inv_004106,cus_00278,2025-09-05T18:09:00Z,29,EUR,adyen,1,failed,processing_error
ch_0005453,inv_004106,cus_00278,2025-09-12T23:06:00Z,29,EUR,adyen,2,failed,insufficient_funds
ch_0005454,inv_004107,cus_00278,2025-10-03T01:25:00Z,29,EUR,stripe,1,succeeded,
ch_0005455,inv_004108,cus_00278,2025-11-05T02:18:00Z,29,EUR,stripe,1,succeeded,
ch_0005456,inv_004109,cus_00278,2025-12-05T03:52:00Z,29,EUR,mollie,1,succeeded,
ch_0005457,inv_004110,cus_00278,2026-01-03T13:54:00Z,29,EUR,adyen,1,failed,expired_card
ch_0005458,inv_004110,cus_00278,2026-01-08T02:48:00Z,29,EUR,adyen,2,failed,do_not_honor
ch_0005459,inv_004110,cus_00278,2026-01-11T06:34:00Z,29,EUR,adyen,3,succeeded,
ch_0005460,inv_004111,cus_00278,2026-02-02T16:45:00Z,29,EUR,adyen,1,succeeded,
ch_0005461,inv_004112,cus_00278,2026-03-04T16:09:00Z,29,EUR,stripe,1,succeeded,
ch_0005462,inv_004113,cus_00278,2026-04-04T03:48:00Z,29,EUR,adyen,1,succeeded,
ch_0005463,inv_004114,cus_00278,2026-05-01T11:37:00Z,29,EUR,stripe,1,succeeded,
ch_0005464,inv_004115,cus_00278,2026-06-01T17:08:00Z,29,EUR,adyen,1,failed,card_declined
ch_0005465,inv_004115,cus_00278,2026-06-06T17:36:00Z,29,EUR,adyen,2,failed,insufficient_funds
ch_0005466,inv_004115,cus_00278,2026-06-11T14:24:00Z,29,EUR,adyen,3,succeeded,
ch_0005467,inv_004116,cus_00278,2026-07-01T16:02:00Z,29,EUR,stripe,1,succeeded,
ch_0005468,inv_004117,cus_00278,2026-08-04T05:12:00Z,29,EUR,adyen,1,succeeded,
ch_0005469,inv_004119,cus_00279,2025-10-04T06:30:00Z,24.79,GBP,adyen,1,succeeded,
ch_0005470,inv_004120,cus_00279,2025-11-01T11:19:00Z,24.79,GBP,adyen,1,succeeded,
ch_0005471,inv_004121,cus_00279,2025-12-02T08:27:00Z,24.79,GBP,stripe,1,succeeded,
ch_0005472,inv_004122,cus_00280,2025-09-01T14:38:00Z,99,EUR,adyen,1,succeeded,
ch_0005473,inv_004123,cus_00280,2025-10-01T17:25:00Z,99,EUR,stripe,1,succeeded,
ch_0005474,inv_004124,cus_00280,2025-11-04T19:32:00Z,99,EUR,stripe,1,succeeded,
ch_0005475,inv_004125,cus_00280,2025-12-04T01:02:00Z,99,EUR,stripe,1,succeeded,
ch_0005476,inv_004126,cus_00280,2026-01-02T04:24:00Z,99,EUR,stripe,1,failed,insufficient_funds
ch_0005477,inv_004126,cus_00280,2026-01-09T21:38:00Z,99,EUR,stripe,2,failed,insufficient_funds
ch_0005478,inv_004127,cus_00280,2026-02-04T03:00:00Z,99,EUR,stripe,1,succeeded,
ch_0005479,inv_004128,cus_00281,2025-09-03T14:59:00Z,24.79,GBP,stripe,1,succeeded,
ch_0005480,inv_004129,cus_00281,2025-10-04T00:07:00Z,24.79,GBP,stripe,1,succeeded,
ch_0005481,inv_004130,cus_00281,2025-11-05T14:50:00Z,24.79,GBP,adyen,1,succeeded,
ch_0005482,inv_004131,cus_00281,2025-12-01T12:23:00Z,24.79,GBP,adyen,1,succeeded,
ch_0005483,inv_004132,cus_00281,2026-01-01T04:43:00Z,24.79,GBP,stripe,1,succeeded,
ch_0005484,inv_004133,cus_00281,2026-02-05T14:59:00Z,24.79,GBP,mollie,1,succeeded,
ch_0005485,inv_004134,cus_00281,2026-03-01T10:36:00Z,24.79,GBP,stripe,1,failed,insufficient_funds
ch_0005486,inv_004134,cus_00281,2026-03-08T01:03:00Z,24.79,GBP,stripe,2,failed,insufficient_funds
ch_0005487,inv_004134,cus_00281,2026-03-11T09:58:00Z,24.79,GBP,stripe,3,failed,card_declined
ch_0005488,inv_004134,cus_00281,2026-03-18T04:11:00Z,24.79,GBP,stripe,4,failed,expired_card
ch_0005489,inv_004135,cus_00281,2026-04-01T01:25:00Z,24.79,GBP,stripe,1,succeeded,
ch_0005490,inv_004136,cus_00281,2026-05-02T20:34:00Z,24.79,GBP,stripe,1,succeeded,
ch_0005491,inv_004137,cus_00281,2026-06-04T01:59:00Z,24.79,GBP,stripe,1,succeeded,
ch_0005492,inv_004138,cus_00281,2026-07-01T12:58:00Z,24.79,GBP,stripe,1,succeeded,
ch_0005493,inv_004139,cus_00281,2026-08-04T00:59:00Z,24.79,GBP,stripe,1,succeeded,
ch_0005494,inv_004140,cus_00282,2025-09-05T08:17:00Z,99,EUR,adyen,1,succeeded,
ch_0005495,inv_004141,cus_00282,2025-10-03T01:02:00Z,99,EUR,adyen,1,succeeded,
ch_0005496,inv_004142,cus_00282,2025-11-04T10:09:00Z,99,EUR,mollie,1,succeeded,
ch_0005497,inv_004143,cus_00282,2025-12-01T17:36:00Z,99,EUR,stripe,1,succeeded,
ch_0005498,inv_004144,cus_00282,2026-01-03T05:26:00Z,99,EUR,mollie,1,failed,insufficient_funds
ch_0005499,inv_004144,cus_00282,2026-01-06T20:39:00Z,99,EUR,mollie,2,failed,processing_error
ch_0005500,inv_004144,cus_00282,2026-01-13T15:56:00Z,99,EUR,mollie,3,failed,processing_error
ch_0005501,inv_004144,cus_00282,2026-01-18T03:49:00Z,99,EUR,mollie,4,succeeded,
ch_0005502,inv_004145,cus_00282,2026-02-05T04:33:00Z,99,EUR,stripe,1,failed,do_not_honor
ch_0005503,inv_004145,cus_00282,2026-02-08T02:21:00Z,99,EUR,stripe,2,succeeded,
ch_0005504,inv_004146,cus_00282,2026-03-02T04:37:00Z,149,EUR,adyen,1,succeeded,
ch_0005505,inv_004147,cus_00282,2026-04-04T20:19:00Z,149,EUR,adyen,1,failed,card_declined
ch_0005506,inv_004147,cus_00282,2026-04-09T21:35:00Z,149,EUR,adyen,2,failed,insufficient_funds
ch_0005507,inv_004147,cus_00282,2026-04-14T18:58:00Z,149,EUR,adyen,3,failed,insufficient_funds
ch_0005508,inv_004147,cus_00282,2026-04-17T13:43:00Z,149,EUR,adyen,4,succeeded,
ch_0005509,inv_004148,cus_00282,2026-05-03T14:27:00Z,149,EUR,stripe,1,failed,insufficient_funds
ch_0005510,inv_004148,cus_00282,2026-05-10T08:48:00Z,149,EUR,stripe,2,failed,card_declined
ch_0005511,inv_004148,cus_00282,2026-05-15T07:32:00Z,149,EUR,stripe,3,succeeded,
ch_0005512,inv_004149,cus_00282,2026-06-03T22:13:00Z,149,EUR,adyen,1,succeeded,
ch_0005513,inv_004150,cus_00282,2026-07-02T04:30:00Z,149,EUR,adyen,1,succeeded,
ch_0005514,inv_004151,cus_00282,2026-08-01T07:24:00Z,149,EUR,adyen,1,succeeded,
ch_0005515,inv_004152,cus_00283,2025-09-03T23:35:00Z,99,EUR,adyen,1,succeeded,
ch_0005516,inv_004153,cus_00283,2025-10-02T03:26:00Z,99,EUR,adyen,1,succeeded,
ch_0005517,inv_004154,cus_00283,2025-11-02T17:00:00Z,99,EUR,stripe,1,succeeded,
ch_0005518,inv_004155,cus_00283,2025-12-04T00:54:00Z,99,EUR,stripe,1,succeeded,
ch_0005519,inv_004156,cus_00283,2026-01-05T11:59:00Z,99,EUR,mollie,1,succeeded,
ch_0005520,inv_004157,cus_00283,2026-02-01T08:39:00Z,99,EUR,stripe,1,succeeded,
ch_0005521,inv_004158,cus_00283,2026-03-01T23:21:00Z,149,EUR,stripe,1,succeeded,
ch_0005522,inv_004159,cus_00283,2026-04-04T23:46:00Z,149,EUR,stripe,1,succeeded,
ch_0005523,inv_004160,cus_00283,2026-05-02T07:37:00Z,149,EUR,stripe,1,succeeded,
ch_0005524,inv_004161,cus_00283,2026-06-04T16:56:00Z,149,EUR,mollie,1,failed,card_declined
ch_0005525,inv_004161,cus_00283,2026-06-09T19:50:00Z,149,EUR,mollie,2,failed,card_declined
ch_0005526,inv_004162,cus_00283,2026-07-04T21:43:00Z,149,EUR,stripe,1,succeeded,
ch_0005527,inv_004163,cus_00283,2026-08-04T14:38:00Z,149,EUR,stripe,1,succeeded,
ch_0005528,inv_004164,cus_00284,2025-09-05T16:22:00Z,99,EUR,adyen,1,succeeded,
ch_0005529,inv_004165,cus_00284,2025-10-03T15:32:00Z,99,EUR,mollie,1,failed,card_declined
ch_0005530,inv_004165,cus_00284,2025-10-10T01:20:00Z,99,EUR,mollie,2,succeeded,
ch_0005531,inv_004166,cus_00284,2025-11-04T12:18:00Z,99,EUR,stripe,1,succeeded,
ch_0005532,inv_004167,cus_00284,2025-12-05T23:28:00Z,99,EUR,mollie,1,succeeded,
ch_0005533,inv_004168,cus_00284,2026-01-02T23:39:00Z,99,EUR,stripe,1,succeeded,
ch_0005534,inv_004169,cus_00284,2026-02-01T23:05:00Z,99,EUR,stripe,1,succeeded,
ch_0005535,inv_004170,cus_00284,2026-03-05T21:04:00Z,149,EUR,stripe,1,succeeded,
ch_0005536,inv_004171,cus_00284,2026-04-01T16:52:00Z,149,EUR,stripe,1,succeeded,
ch_0005537,inv_004172,cus_00284,2026-05-05T05:21:00Z,149,EUR,stripe,1,succeeded,
ch_0005538,inv_004173,cus_00284,2026-06-01T14:54:00Z,149,EUR,stripe,1,succeeded,
ch_0005539,inv_004174,cus_00284,2026-07-03T04:30:00Z,149,EUR,stripe,1,succeeded,
ch_0005540,inv_004175,cus_00284,2026-08-03T09:36:00Z,149,EUR,mollie,1,succeeded,
ch_0005541,inv_004176,cus_00285,2025-09-03T00:34:00Z,29,EUR,mollie,1,succeeded,
ch_0005542,inv_004177,cus_00285,2025-10-03T07:37:00Z,29,EUR,stripe,1,failed,card_declined
ch_0005543,inv_004177,cus_00285,2025-10-06T17:16:00Z,29,EUR,stripe,2,failed,card_declined
ch_0005544,inv_004177,cus_00285,2025-10-13T04:45:00Z,29,EUR,stripe,3,succeeded,
ch_0005545,inv_004178,cus_00285,2025-11-01T14:30:00Z,29,EUR,stripe,1,succeeded,
ch_0005546,inv_004179,cus_00285,2025-12-03T09:33:00Z,29,EUR,stripe,1,succeeded,
ch_0005547,inv_004180,cus_00285,2026-01-02T00:36:00Z,29,EUR,adyen,1,failed,processing_error
ch_0005548,inv_004180,cus_00285,2026-01-09T19:48:00Z,29,EUR,adyen,2,failed,expired_card
ch_0005549,inv_004180,cus_00285,2026-01-14T01:29:00Z,29,EUR,adyen,3,failed,insufficient_funds
ch_0005550,inv_004180,cus_00285,2026-01-17T20:49:00Z,29,EUR,adyen,4,succeeded,
ch_0005551,inv_004181,cus_00285,2026-02-05T09:52:00Z,29,EUR,stripe,1,succeeded,
ch_0005552,inv_004182,cus_00285,2026-03-01T10:17:00Z,29,EUR,stripe,1,succeeded,
ch_0005553,inv_004183,cus_00285,2026-04-03T17:21:00Z,29,EUR,mollie,1,succeeded,
ch_0005554,inv_004184,cus_00285,2026-05-05T18:14:00Z,29,EUR,stripe,1,succeeded,
ch_0005555,inv_004185,cus_00285,2026-06-02T17:09:00Z,29,EUR,adyen,1,succeeded,
ch_0005556,inv_004186,cus_00285,2026-07-05T05:52:00Z,29,EUR,adyen,1,succeeded,
ch_0005557,inv_004187,cus_00285,2026-08-04T09:00:00Z,29,EUR,stripe,1,succeeded,
ch_0005558,inv_004188,cus_00286,2025-09-05T23:05:00Z,99,EUR,mollie,1,succeeded,
ch_0005559,inv_004189,cus_00287,2025-09-04T21:16:00Z,29,EUR,adyen,1,failed,card_declined
ch_0005560,inv_004189,cus_00287,2025-09-11T16:57:00Z,29,EUR,adyen,2,failed,insufficient_funds
ch_0005561,inv_004189,cus_00287,2025-09-16T13:09:00Z,29,EUR,adyen,3,succeeded,
ch_0005562,inv_004190,cus_00287,2025-10-05T00:56:00Z,29,EUR,stripe,1,succeeded,
ch_0005563,inv_004191,cus_00287,2025-11-03T02:34:00Z,29,EUR,stripe,1,succeeded,
ch_0005564,inv_004192,cus_00287,2025-12-04T15:47:00Z,29,EUR,stripe,1,succeeded,
ch_0005565,inv_004193,cus_00287,2026-01-01T00:09:00Z,29,EUR,adyen,1,succeeded,
ch_0005566,inv_004194,cus_00287,2026-02-04T00:24:00Z,29,EUR,adyen,1,succeeded,
ch_0005567,inv_004195,cus_00287,2026-03-05T22:14:00Z,29,EUR,stripe,1,succeeded,
ch_0005568,inv_004196,cus_00287,2026-04-02T05:02:00Z,29,EUR,stripe,1,failed,card_declined
ch_0005569,inv_004196,cus_00287,2026-04-05T17:51:00Z,29,EUR,stripe,2,failed,card_declined
ch_0005570,inv_004196,cus_00287,2026-04-10T09:34:00Z,29,EUR,stripe,3,failed,processing_error
ch_0005571,inv_004196,cus_00287,2026-04-17T21:08:00Z,29,EUR,stripe,4,succeeded,
ch_0005572,inv_004197,cus_00287,2026-05-05T12:53:00Z,29,EUR,stripe,1,succeeded,
ch_0005573,inv_004198,cus_00287,2026-06-04T17:06:00Z,29,EUR,stripe,1,succeeded,
ch_0005574,inv_004199,cus_00287,2026-07-05T01:03:00Z,29,EUR,stripe,1,succeeded,
ch_0005575,inv_004200,cus_00287,2026-08-01T22:04:00Z,29,EUR,adyen,1,succeeded,
ch_0005576,inv_004201,cus_00288,2025-09-01T07:33:00Z,29,EUR,adyen,1,succeeded,
ch_0005577,inv_004202,cus_00288,2025-10-05T04:43:00Z,29,EUR,adyen,1,succeeded,
ch_0005578,inv_004203,cus_00288,2025-11-03T10:56:00Z,29,EUR,adyen,1,succeeded,
ch_0005579,inv_004204,cus_00288,2025-12-05T06:14:00Z,29,EUR,stripe,1,succeeded,
ch_0005580,inv_004205,cus_00288,2026-01-01T13:34:00Z,29,EUR,stripe,1,succeeded,
ch_0005581,inv_004206,cus_00288,2026-02-02T18:20:00Z,29,EUR,adyen,1,succeeded,
ch_0005582,inv_004207,cus_00288,2026-03-02T17:57:00Z,29,EUR,mollie,1,succeeded,
ch_0005583,inv_004208,cus_00288,2026-04-05T00:31:00Z,29,EUR,stripe,1,succeeded,
ch_0005584,inv_004209,cus_00288,2026-05-02T17:37:00Z,29,EUR,stripe,1,succeeded,
ch_0005585,inv_004210,cus_00288,2026-06-02T11:39:00Z,29,EUR,adyen,1,succeeded,
ch_0005586,inv_004211,cus_00288,2026-07-03T08:11:00Z,29,EUR,stripe,1,succeeded,
ch_0005587,inv_004212,cus_00288,2026-08-01T19:17:00Z,29,EUR,stripe,1,succeeded,
ch_0005588,inv_004213,cus_00289,2025-09-02T19:49:00Z,99,EUR,stripe,1,succeeded,
ch_0005589,inv_004214,cus_00289,2025-10-04T21:49:00Z,99,EUR,stripe,1,succeeded,
ch_0005590,inv_004215,cus_00289,2025-11-03T01:10:00Z,99,EUR,adyen,1,failed,card_declined
ch_0005591,inv_004215,cus_00289,2025-11-06T12:31:00Z,99,EUR,adyen,2,succeeded,
ch_0005592,inv_004216,cus_00289,2025-12-05T10:51:00Z,99,EUR,stripe,1,succeeded,
ch_0005593,inv_004217,cus_00289,2026-01-01T19:13:00Z,99,EUR,mollie,1,succeeded,
ch_0005594,inv_004218,cus_00289,2026-02-01T01:07:00Z,99,EUR,adyen,1,succeeded,
ch_0005595,inv_004219,cus_00289,2026-03-01T08:44:00Z,149,EUR,adyen,1,succeeded,
ch_0005596,inv_004220,cus_00289,2026-04-02T04:51:00Z,149,EUR,stripe,1,failed,insufficient_funds
ch_0005597,inv_004220,cus_00289,2026-04-09T02:52:00Z,149,EUR,stripe,2,failed,card_declined
ch_0005598,inv_004220,cus_00289,2026-04-12T02:00:00Z,149,EUR,stripe,3,succeeded,
ch_0005599,inv_004221,cus_00289,2026-05-01T04:47:00Z,149,EUR,adyen,1,succeeded,
ch_0005600,inv_004222,cus_00289,2026-06-02T05:23:00Z,149,EUR,stripe,1,failed,card_declined
ch_0005601,inv_004222,cus_00289,2026-06-05T15:33:00Z,149,EUR,stripe,2,failed,card_declined
ch_0005602,inv_004223,cus_00289,2026-07-03T17:20:00Z,149,EUR,adyen,1,succeeded,
ch_0005603,inv_004224,cus_00289,2026-08-03T11:22:00Z,149,EUR,mollie,1,succeeded,
ch_0005604,inv_004225,cus_00290,2025-09-01T13:51:00Z,99,EUR,stripe,1,failed,card_declined
ch_0005605,inv_004225,cus_00290,2025-09-06T14:01:00Z,99,EUR,stripe,2,failed,card_declined
ch_0005606,inv_004225,cus_00290,2025-09-13T07:46:00Z,99,EUR,stripe,3,failed,card_declined
ch_0005607,inv_004225,cus_00290,2025-09-16T23:57:00Z,99,EUR,stripe,4,succeeded,
ch_0005608,inv_004226,cus_00290,2025-10-01T09:38:00Z,99,EUR,mollie,1,succeeded,
ch_0005609,inv_004227,cus_00290,2025-11-03T14:26:00Z,99,EUR,mollie,1,succeeded,
ch_0005610,inv_004228,cus_00290,2025-12-02T21:01:00Z,99,EUR,stripe,1,failed,insufficient_funds
ch_0005611,inv_004228,cus_00290,2025-12-05T11:58:00Z,99,EUR,stripe,2,failed,card_declined
ch_0005612,inv_004228,cus_00290,2025-12-12T18:20:00Z,99,EUR,stripe,3,failed,insufficient_funds
ch_0005613,inv_004229,cus_00290,2026-01-05T15:31:00Z,99,EUR,stripe,1,succeeded,
ch_0005614,inv_004230,cus_00290,2026-02-02T02:24:00Z,99,EUR,stripe,1,failed,do_not_honor
ch_0005615,inv_004230,cus_00290,2026-02-09T15:08:00Z,99,EUR,stripe,2,failed,do_not_honor
ch_0005616,inv_004230,cus_00290,2026-02-12T02:37:00Z,99,EUR,stripe,3,failed,insufficient_funds
ch_0005617,inv_004231,cus_00290,2026-03-03T06:15:00Z,149,EUR,adyen,1,succeeded,
ch_0005618,inv_004232,cus_00290,2026-04-05T19:15:00Z,149,EUR,stripe,1,failed,insufficient_funds
ch_0005619,inv_004232,cus_00290,2026-04-08T00:10:00Z,149,EUR,stripe,2,succeeded,
ch_0005620,inv_004233,cus_00290,2026-05-01T19:43:00Z,149,EUR,stripe,1,succeeded,
ch_0005621,inv_004234,cus_00290,2026-06-05T17:15:00Z,149,EUR,stripe,1,succeeded,
ch_0005622,inv_004235,cus_00290,2026-07-02T00:27:00Z,149,EUR,mollie,1,failed,insufficient_funds
ch_0005623,inv_004235,cus_00290,2026-07-05T21:48:00Z,149,EUR,mollie,2,failed,do_not_honor
ch_0005624,inv_004235,cus_00290,2026-07-10T09:17:00Z,149,EUR,mollie,3,succeeded,
ch_0005625,inv_004236,cus_00290,2026-08-03T02:55:00Z,149,EUR,stripe,1,succeeded,
ch_0005626,inv_004237,cus_00291,2025-10-01T13:21:00Z,99,EUR,adyen,1,succeeded,
ch_0005627,inv_004238,cus_00291,2025-11-01T00:20:00Z,99,EUR,stripe,1,succeeded,
ch_0005628,inv_004239,cus_00291,2025-12-01T05:04:00Z,99,EUR,stripe,1,succeeded,
ch_0005629,inv_004240,cus_00291,2026-01-01T08:53:00Z,99,EUR,stripe,1,succeeded,
ch_0005630,inv_004241,cus_00291,2026-02-04T16:36:00Z,99,EUR,adyen,1,succeeded,
ch_0005631,inv_004242,cus_00291,2026-03-01T02:52:00Z,149,EUR,stripe,1,succeeded,
ch_0005632,inv_004243,cus_00291,2026-04-03T22:04:00Z,149,EUR,mollie,1,succeeded,
ch_0005633,inv_004244,cus_00291,2026-05-03T00:56:00Z,149,EUR,stripe,1,succeeded,
ch_0005634,inv_004245,cus_00291,2026-06-05T09:47:00Z,149,EUR,stripe,1,succeeded,
ch_0005635,inv_004246,cus_00291,2026-07-01T20:37:00Z,149,EUR,adyen,1,succeeded,
ch_0005636,inv_004247,cus_00291,2026-08-01T10:38:00Z,149,EUR,adyen,1,succeeded,
ch_0005637,inv_004248,cus_00292,2025-10-03T15:26:00Z,29,EUR,stripe,1,failed,processing_error
ch_0005638,inv_004248,cus_00292,2025-10-06T22:15:00Z,29,EUR,stripe,2,failed,card_declined
ch_0005639,inv_004249,cus_00292,2025-11-03T09:55:00Z,29,EUR,adyen,1,succeeded,
ch_0005640,inv_004250,cus_00292,2025-12-01T19:57:00Z,29,EUR,adyen,1,succeeded,
ch_0005641,inv_004251,cus_00292,2026-01-03T04:50:00Z,29,EUR,stripe,1,succeeded,
ch_0005642,inv_004252,cus_00292,2026-02-01T01:23:00Z,29,EUR,stripe,1,succeeded,
ch_0005643,inv_004253,cus_00292,2026-03-05T04:15:00Z,29,EUR,stripe,1,succeeded,
ch_0005644,inv_004254,cus_00292,2026-04-05T18:36:00Z,29,EUR,mollie,1,failed,insufficient_funds
ch_0005645,inv_004254,cus_00292,2026-04-12T10:05:00Z,29,EUR,mollie,2,failed,insufficient_funds
ch_0005646,inv_004255,cus_00292,2026-05-03T05:05:00Z,29,EUR,adyen,1,succeeded,
ch_0005647,inv_004256,cus_00293,2025-10-03T04:42:00Z,29,EUR,stripe,1,failed,card_declined
ch_0005648,inv_004256,cus_00293,2025-10-08T18:47:00Z,29,EUR,stripe,2,succeeded,
ch_0005649,inv_004257,cus_00293,2025-11-03T21:12:00Z,29,EUR,stripe,1,succeeded,
ch_0005650,inv_004258,cus_00293,2025-12-05T00:20:00Z,29,EUR,stripe,1,succeeded,
ch_0005651,inv_004259,cus_00293,2026-01-01T12:17:00Z,29,EUR,stripe,1,succeeded,
ch_0005652,inv_004260,cus_00293,2026-02-03T21:41:00Z,29,EUR,stripe,1,failed,insufficient_funds
ch_0005653,inv_004260,cus_00293,2026-02-06T01:12:00Z,29,EUR,stripe,2,failed,do_not_honor
ch_0005654,inv_004260,cus_00293,2026-02-09T09:13:00Z,29,EUR,stripe,3,succeeded,
ch_0005655,inv_004261,cus_00293,2026-03-03T22:41:00Z,29,EUR,mollie,1,succeeded,
ch_0005656,inv_004262,cus_00293,2026-04-01T07:41:00Z,29,EUR,stripe,1,failed,card_declined
ch_0005657,inv_004262,cus_00293,2026-04-08T17:01:00Z,29,EUR,stripe,2,succeeded,
ch_0005658,inv_004263,cus_00293,2026-05-01T15:18:00Z,29,EUR,stripe,1,succeeded,
ch_0005659,inv_004264,cus_00293,2026-06-01T22:35:00Z,29,EUR,adyen,1,succeeded,
ch_0005660,inv_004265,cus_00293,2026-07-03T05:07:00Z,29,EUR,stripe,1,succeeded,
ch_0005661,inv_004266,cus_00294,2025-10-04T12:07:00Z,1125,SEK,mollie,1,succeeded,
ch_0005662,inv_004267,cus_00294,2025-11-04T07:55:00Z,1125,SEK,adyen,1,succeeded,
ch_0005663,inv_004268,cus_00294,2025-12-04T23:05:00Z,1125,SEK,adyen,1,succeeded,
ch_0005664,inv_004269,cus_00294,2026-01-03T07:28:00Z,1125,SEK,adyen,1,succeeded,
ch_0005665,inv_004270,cus_00294,2026-02-05T21:06:00Z,1125,SEK,stripe,1,succeeded,
ch_0005666,inv_004271,cus_00294,2026-03-01T11:18:00Z,1693.18,SEK,mollie,1,failed,card_declined
ch_0005667,inv_004271,cus_00294,2026-03-08T20:25:00Z,1693.18,SEK,mollie,2,succeeded,
ch_0005668,inv_004272,cus_00294,2026-04-04T22:58:00Z,1693.18,SEK,stripe,1,succeeded,
ch_0005669,inv_004273,cus_00294,2026-05-05T19:38:00Z,1693.18,SEK,stripe,1,failed,processing_error
ch_0005670,inv_004273,cus_00294,2026-05-08T03:04:00Z,1693.18,SEK,stripe,2,failed,card_declined
ch_0005671,inv_004273,cus_00294,2026-05-13T17:53:00Z,1693.18,SEK,stripe,3,failed,insufficient_funds
ch_0005672,inv_004273,cus_00294,2026-05-18T22:55:00Z,1693.18,SEK,stripe,4,succeeded,
ch_0005673,inv_004274,cus_00294,2026-06-03T19:49:00Z,1693.18,SEK,stripe,1,succeeded,
ch_0005674,inv_004275,cus_00294,2026-07-03T00:19:00Z,1693.18,SEK,stripe,1,failed,insufficient_funds
ch_0005675,inv_004275,cus_00294,2026-07-06T10:19:00Z,1693.18,SEK,stripe,2,failed,insufficient_funds
ch_0005676,inv_004275,cus_00294,2026-07-09T03:50:00Z,1693.18,SEK,stripe,3,failed,card_declined
ch_0005677,inv_004275,cus_00294,2026-07-14T11:30:00Z,1693.18,SEK,stripe,4,succeeded,
ch_0005678,inv_004276,cus_00294,2026-08-02T14:03:00Z,1693.18,SEK,stripe,1,succeeded,
ch_0005679,inv_004277,cus_00295,2025-10-04T09:42:00Z,24.79,GBP,adyen,1,succeeded,
ch_0005680,inv_004278,cus_00295,2025-11-02T01:07:00Z,24.79,GBP,mollie,1,failed,card_declined
ch_0005681,inv_004278,cus_00295,2025-11-05T04:38:00Z,24.79,GBP,mollie,2,failed,card_declined
ch_0005682,inv_004278,cus_00295,2025-11-12T08:53:00Z,24.79,GBP,mollie,3,succeeded,
ch_0005683,inv_004279,cus_00295,2025-12-04T02:46:00Z,24.79,GBP,stripe,1,succeeded,
ch_0005684,inv_004280,cus_00295,2026-01-01T07:11:00Z,24.79,GBP,stripe,1,succeeded,
ch_0005685,inv_004281,cus_00295,2026-02-02T00:56:00Z,24.79,GBP,mollie,1,succeeded,
ch_0005686,inv_004282,cus_00295,2026-03-05T21:30:00Z,24.79,GBP,stripe,1,succeeded,
ch_0005687,inv_004283,cus_00295,2026-04-03T19:34:00Z,24.79,GBP,stripe,1,succeeded,
ch_0005688,inv_004284,cus_00295,2026-05-01T15:39:00Z,24.79,GBP,mollie,1,failed,processing_error
ch_0005689,inv_004284,cus_00295,2026-05-08T02:09:00Z,24.79,GBP,mollie,2,succeeded,
ch_0005690,inv_004285,cus_00295,2026-06-04T06:47:00Z,24.79,GBP,adyen,1,succeeded,
ch_0005691,inv_004286,cus_00295,2026-07-03T23:53:00Z,24.79,GBP,stripe,1,succeeded,
ch_0005692,inv_004287,cus_00295,2026-08-02T08:49:00Z,24.79,GBP,adyen,1,failed,card_declined
ch_0005693,inv_004287,cus_00295,2026-08-07T06:21:00Z,24.79,GBP,adyen,2,failed,insufficient_funds
ch_0005694,inv_004287,cus_00295,2026-08-10T18:54:00Z,24.79,GBP,adyen,3,succeeded,
ch_0005695,inv_004288,cus_00296,2025-10-03T22:05:00Z,84.62,GBP,stripe,1,succeeded,
ch_0005696,inv_004289,cus_00296,2025-11-01T16:56:00Z,84.62,GBP,stripe,1,succeeded,
ch_0005697,inv_004290,cus_00296,2025-12-03T09:43:00Z,84.62,GBP,stripe,1,failed,insufficient_funds
ch_0005698,inv_004290,cus_00296,2025-12-08T02:53:00Z,84.62,GBP,stripe,2,succeeded,
ch_0005699,inv_004291,cus_00296,2026-01-05T00:43:00Z,84.62,GBP,stripe,1,succeeded,
ch_0005700,inv_004292,cus_00296,2026-02-02T16:42:00Z,84.62,GBP,adyen,1,succeeded,
ch_0005701,inv_004293,cus_00297,2025-10-05T20:12:00Z,31.52,USD,adyen,1,succeeded,
ch_0005702,inv_004294,cus_00297,2025-11-02T16:41:00Z,31.52,USD,stripe,1,succeeded,
ch_0005703,inv_004295,cus_00297,2025-12-02T21:48:00Z,31.52,USD,mollie,1,succeeded,
ch_0005704,inv_004297,cus_00297,2026-02-01T12:48:00Z,31.52,USD,stripe,1,succeeded,
ch_0005705,inv_004298,cus_00297,2026-03-04T17:10:00Z,31.52,USD,stripe,1,succeeded,
ch_0005706,inv_004299,cus_00297,2026-04-04T04:19:00Z,31.52,USD,stripe,1,succeeded,
ch_0005707,inv_004300,cus_00297,2026-05-05T07:01:00Z,31.52,USD,adyen,1,succeeded,
ch_0005708,inv_004301,cus_00297,2026-06-01T23:29:00Z,31.52,USD,mollie,1,failed,card_declined
ch_0005709,inv_004301,cus_00297,2026-06-06T03:52:00Z,31.52,USD,mollie,2,failed,do_not_honor
ch_0005710,inv_004301,cus_00297,2026-06-11T20:56:00Z,31.52,USD,mollie,3,failed,processing_error
ch_0005711,inv_004301,cus_00297,2026-06-16T23:36:00Z,31.52,USD,mollie,4,failed,insufficient_funds
ch_0005712,inv_004302,cus_00297,2026-07-01T02:30:00Z,31.52,USD,adyen,1,succeeded,
ch_0005713,inv_004303,cus_00297,2026-08-02T04:18:00Z,31.52,USD,mollie,1,succeeded,
ch_0005714,inv_004304,cus_00298,2025-10-03T20:42:00Z,29,EUR,adyen,1,succeeded,
ch_0005715,inv_004305,cus_00298,2025-11-05T14:20:00Z,29,EUR,adyen,1,succeeded,
ch_0005716,inv_004306,cus_00298,2025-12-05T17:41:00Z,29,EUR,mollie,1,failed,card_declined
ch_0005717,inv_004306,cus_00298,2025-12-08T08:26:00Z,29,EUR,mollie,2,failed,processing_error
ch_0005718,inv_004306,cus_00298,2025-12-13T09:23:00Z,29,EUR,mollie,3,succeeded,
ch_0005719,inv_004307,cus_00298,2026-01-02T06:51:00Z,29,EUR,stripe,1,failed,card_declined
ch_0005720,inv_004307,cus_00298,2026-01-07T20:23:00Z,29,EUR,stripe,2,failed,expired_card
ch_0005721,inv_004307,cus_00298,2026-01-14T06:26:00Z,29,EUR,stripe,3,failed,insufficient_funds
ch_0005722,inv_004307,cus_00298,2026-01-21T00:40:00Z,29,EUR,stripe,4,succeeded,
ch_0005723,inv_004308,cus_00298,2026-02-04T05:00:00Z,29,EUR,stripe,1,succeeded,
ch_0005724,inv_004309,cus_00298,2026-03-01T12:27:00Z,29,EUR,stripe,1,succeeded,
ch_0005725,inv_004310,cus_00298,2026-04-02T00:58:00Z,29,EUR,mollie,1,succeeded,
ch_0005726,inv_004311,cus_00298,2026-05-01T14:27:00Z,29,EUR,adyen,1,succeeded,
ch_0005727,inv_004312,cus_00298,2026-06-04T07:47:00Z,29,EUR,adyen,1,succeeded,
ch_0005728,inv_004313,cus_00298,2026-07-02T11:02:00Z,29,EUR,adyen,1,succeeded,
ch_0005729,inv_004314,cus_00298,2026-08-03T22:53:00Z,29,EUR,adyen,1,failed,card_declined
ch_0005730,inv_004314,cus_00298,2026-08-08T08:04:00Z,29,EUR,adyen,2,failed,expired_card
ch_0005731,inv_004314,cus_00298,2026-08-13T13:15:00Z,29,EUR,adyen,3,failed,card_declined
ch_0005732,inv_004315,cus_00299,2025-10-01T07:57:00Z,99,EUR,adyen,1,succeeded,
ch_0005733,inv_004316,cus_00299,2025-11-03T15:55:00Z,99,EUR,stripe,1,failed,card_declined
ch_0005734,inv_004316,cus_00299,2025-11-06T19:57:00Z,99,EUR,stripe,2,succeeded,
ch_0005735,inv_004317,cus_00299,2025-12-02T18:48:00Z,99,EUR,adyen,1,succeeded,
ch_0005736,inv_004318,cus_00299,2026-01-03T19:01:00Z,99,EUR,mollie,1,succeeded,
ch_0005737,inv_004319,cus_00299,2026-02-01T04:05:00Z,99,EUR,mollie,1,succeeded,
ch_0005738,inv_004320,cus_00299,2026-03-02T19:00:00Z,149,EUR,stripe,1,succeeded,
ch_0005739,inv_004321,cus_00299,2026-04-01T09:35:00Z,149,EUR,stripe,1,succeeded,
ch_0005740,inv_004322,cus_00299,2026-05-01T15:51:00Z,149,EUR,stripe,1,failed,card_declined
ch_0005741,inv_004322,cus_00299,2026-05-04T03:36:00Z,149,EUR,stripe,2,succeeded,
ch_0005742,inv_004323,cus_00299,2026-06-04T21:25:00Z,149,EUR,stripe,1,failed,expired_card
ch_0005743,inv_004323,cus_00299,2026-06-11T18:50:00Z,149,EUR,stripe,2,failed,card_declined
ch_0005744,inv_004323,cus_00299,2026-06-16T09:44:00Z,149,EUR,stripe,3,failed,processing_error
ch_0005745,inv_004324,cus_00299,2026-07-05T05:19:00Z,149,EUR,mollie,1,succeeded,
ch_0005746,inv_004325,cus_00299,2026-08-03T15:07:00Z,149,EUR,mollie,1,failed,processing_error
ch_0005747,inv_004325,cus_00299,2026-08-08T17:07:00Z,149,EUR,mollie,2,succeeded,
ch_0005748,inv_004326,cus_00300,2025-10-02T10:36:00Z,29,EUR,adyen,1,succeeded,
ch_0005749,inv_004327,cus_00300,2025-11-02T16:56:00Z,29,EUR,mollie,1,failed,expired_card
ch_0005750,inv_004327,cus_00300,2025-11-07T17:59:00Z,29,EUR,mollie,2,failed,expired_card
ch_0005751,inv_004327,cus_00300,2025-11-10T04:31:00Z,29,EUR,mollie,3,failed,insufficient_funds
ch_0005752,inv_004328,cus_00300,2025-12-05T12:56:00Z,29,EUR,adyen,1,succeeded,
ch_0005753,inv_004329,cus_00300,2026-01-01T19:36:00Z,29,EUR,adyen,1,succeeded,
ch_0005754,inv_004330,cus_00300,2026-02-03T08:45:00Z,29,EUR,stripe,1,succeeded,
ch_0005755,inv_004331,cus_00300,2026-03-04T10:56:00Z,29,EUR,stripe,1,failed,card_declined
ch_0005756,inv_004331,cus_00300,2026-03-07T13:53:00Z,29,EUR,stripe,2,succeeded,
ch_0005757,inv_004332,cus_00300,2026-04-05T13:10:00Z,29,EUR,stripe,1,succeeded,
ch_0005758,inv_004333,cus_00300,2026-05-02T17:41:00Z,29,EUR,adyen,1,succeeded,
ch_0005759,inv_004334,cus_00300,2026-06-02T09:16:00Z,29,EUR,stripe,1,succeeded,
ch_0005760,inv_004335,cus_00300,2026-07-01T10:04:00Z,29,EUR,mollie,1,succeeded,
ch_0005761,inv_004336,cus_00300,2026-08-02T07:23:00Z,29,EUR,mollie,1,succeeded,
ch_0005762,inv_004337,cus_00301,2025-10-05T12:00:00Z,299,EUR,mollie,1,succeeded,
ch_0005763,inv_004338,cus_00301,2025-11-04T01:56:00Z,299,EUR,stripe,1,succeeded,
ch_0005764,inv_004339,cus_00301,2025-12-04T16:56:00Z,299,EUR,stripe,1,succeeded,
ch_0005765,inv_004340,cus_00301,2026-01-01T23:32:00Z,299,EUR,adyen,1,succeeded,
ch_0005766,inv_004341,cus_00301,2026-02-03T16:18:00Z,299,EUR,stripe,1,succeeded,
ch_0005767,inv_004342,cus_00301,2026-03-01T17:36:00Z,299,EUR,stripe,1,failed,expired_card
ch_0005768,inv_004342,cus_00301,2026-03-06T00:30:00Z,299,EUR,stripe,2,succeeded,
ch_0005769,inv_004343,cus_00301,2026-04-03T14:16:00Z,299,EUR,stripe,1,succeeded,
ch_0005770,inv_004344,cus_00301,2026-05-05T09:18:00Z,299,EUR,stripe,1,succeeded,
ch_0005771,inv_004345,cus_00301,2026-06-01T18:05:00Z,299,EUR,mollie,1,succeeded,
ch_0005772,inv_004346,cus_00301,2026-07-04T04:53:00Z,299,EUR,stripe,1,succeeded,
ch_0005773,inv_004347,cus_00301,2026-08-03T05:48:00Z,299,EUR,mollie,1,succeeded,
ch_0005774,inv_004348,cus_00302,2025-10-04T18:25:00Z,29,EUR,mollie,1,succeeded,
ch_0005775,inv_004349,cus_00302,2025-11-01T00:16:00Z,29,EUR,mollie,1,succeeded,
ch_0005776,inv_004350,cus_00302,2025-12-04T20:09:00Z,29,EUR,stripe,1,succeeded,
ch_0005777,inv_004351,cus_00302,2026-01-04T17:15:00Z,29,EUR,stripe,1,failed,card_declined
ch_0005778,inv_004351,cus_00302,2026-01-09T06:08:00Z,29,EUR,stripe,2,failed,expired_card
ch_0005779,inv_004352,cus_00302,2026-02-05T18:54:00Z,29,EUR,stripe,1,succeeded,
ch_0005780,inv_004353,cus_00302,2026-03-01T22:18:00Z,29,EUR,stripe,1,failed,card_declined
ch_0005781,inv_004353,cus_00302,2026-03-04T02:51:00Z,29,EUR,stripe,2,succeeded,
ch_0005782,inv_004354,cus_00303,2025-10-03T05:03:00Z,107.61,USD,stripe,1,succeeded,
ch_0005783,inv_004355,cus_00303,2025-11-01T05:47:00Z,107.61,USD,adyen,1,succeeded,
ch_0005784,inv_004356,cus_00303,2025-12-05T11:35:00Z,107.61,USD,stripe,1,succeeded,
ch_0005785,inv_004357,cus_00303,2026-01-05T19:28:00Z,107.61,USD,adyen,1,failed,insufficient_funds
ch_0005786,inv_004357,cus_00303,2026-01-12T18:01:00Z,107.61,USD,adyen,2,failed,insufficient_funds
ch_0005787,inv_004358,cus_00303,2026-02-03T07:38:00Z,107.61,USD,adyen,1,succeeded,
ch_0005788,inv_004359,cus_00303,2026-03-01T06:10:00Z,161.96,USD,stripe,1,succeeded,
ch_0005789,inv_004360,cus_00303,2026-04-01T15:07:00Z,161.96,USD,adyen,1,succeeded,
ch_0005790,inv_004361,cus_00303,2026-05-03T04:25:00Z,161.96,USD,stripe,1,succeeded,
ch_0005791,inv_004362,cus_00303,2026-06-04T09:38:00Z,161.96,USD,stripe,1,succeeded,
ch_0005792,inv_004363,cus_00303,2026-07-02T09:29:00Z,161.96,USD,stripe,1,succeeded,
ch_0005793,inv_004364,cus_00303,2026-08-03T21:12:00Z,161.96,USD,stripe,1,succeeded,
ch_0005794,inv_004365,cus_00304,2025-10-02T17:55:00Z,99,EUR,stripe,1,succeeded,
ch_0005795,inv_004366,cus_00304,2025-11-05T02:57:00Z,99,EUR,mollie,1,succeeded,
ch_0005796,inv_004367,cus_00304,2025-12-05T14:35:00Z,99,EUR,stripe,1,succeeded,
ch_0005797,inv_004368,cus_00304,2026-01-03T14:36:00Z,99,EUR,adyen,1,succeeded,
ch_0005798,inv_004369,cus_00304,2026-02-02T21:28:00Z,99,EUR,adyen,1,succeeded,
ch_0005799,inv_004371,cus_00304,2026-04-02T07:49:00Z,149,EUR,adyen,1,succeeded,
ch_0005800,inv_004372,cus_00304,2026-05-04T09:14:00Z,149,EUR,stripe,1,failed,card_declined
ch_0005801,inv_004372,cus_00304,2026-05-07T13:00:00Z,149,EUR,stripe,2,succeeded,
ch_0005802,inv_004373,cus_00304,2026-06-03T14:15:00Z,149,EUR,adyen,1,succeeded,
ch_0005803,inv_004374,cus_00304,2026-07-05T22:05:00Z,149,EUR,stripe,1,succeeded,
ch_0005804,inv_004375,cus_00304,2026-08-05T15:46:00Z,149,EUR,adyen,1,succeeded,
ch_0005805,inv_004376,cus_00305,2025-10-02T05:40:00Z,29,EUR,adyen,1,failed,expired_card
ch_0005806,inv_004376,cus_00305,2025-10-07T08:18:00Z,29,EUR,adyen,2,failed,processing_error
ch_0005807,inv_004376,cus_00305,2025-10-12T20:45:00Z,29,EUR,adyen,3,succeeded,
ch_0005808,inv_004377,cus_00305,2025-11-03T20:42:00Z,29,EUR,stripe,1,failed,card_declined
ch_0005809,inv_004377,cus_00305,2025-11-10T14:01:00Z,29,EUR,stripe,2,failed,insufficient_funds
ch_0005810,inv_004377,cus_00305,2025-11-15T12:35:00Z,29,EUR,stripe,3,succeeded,
ch_0005811,inv_004378,cus_00305,2025-12-01T16:18:00Z,29,EUR,stripe,1,succeeded,
ch_0005812,inv_004379,cus_00305,2026-01-05T04:02:00Z,29,EUR,adyen,1,succeeded,
ch_0005813,inv_004380,cus_00305,2026-02-03T03:55:00Z,29,EUR,mollie,1,succeeded,
ch_0005814,inv_004381,cus_00305,2026-03-02T12:47:00Z,29,EUR,stripe,1,failed,processing_error
ch_0005815,inv_004381,cus_00305,2026-03-05T07:26:00Z,29,EUR,stripe,2,failed,expired_card
ch_0005816,inv_004382,cus_00305,2026-04-05T00:20:00Z,29,EUR,stripe,1,failed,do_not_honor
ch_0005817,inv_004382,cus_00305,2026-04-10T22:07:00Z,29,EUR,stripe,2,succeeded,
ch_0005818,inv_004383,cus_00305,2026-05-04T17:57:00Z,29,EUR,adyen,1,succeeded,
ch_0005819,inv_004384,cus_00305,2026-06-05T02:14:00Z,29,EUR,stripe,1,succeeded,
ch_0005820,inv_004385,cus_00305,2026-07-04T01:05:00Z,29,EUR,stripe,1,succeeded,
ch_0005821,inv_004386,cus_00305,2026-08-05T17:16:00Z,29,EUR,adyen,1,succeeded,
ch_0005822,inv_004387,cus_00306,2025-10-05T11:55:00Z,24.79,GBP,stripe,1,succeeded,
ch_0005823,inv_004388,cus_00306,2025-11-05T16:52:00Z,24.79,GBP,stripe,1,succeeded,
ch_0005824,inv_004389,cus_00306,2025-12-04T21:53:00Z,24.79,GBP,stripe,1,succeeded,
ch_0005825,inv_004390,cus_00306,2026-01-02T16:18:00Z,24.79,GBP,stripe,1,succeeded,
ch_0005826,inv_004391,cus_00306,2026-02-05T23:40:00Z,24.79,GBP,adyen,1,succeeded,
ch_0005827,inv_004392,cus_00306,2026-03-03T00:36:00Z,24.79,GBP,stripe,1,succeeded,
ch_0005828,inv_004393,cus_00306,2026-04-02T13:26:00Z,24.79,GBP,stripe,1,succeeded,
ch_0005829,inv_004394,cus_00306,2026-05-04T00:54:00Z,24.79,GBP,mollie,1,failed,card_declined
ch_0005830,inv_004394,cus_00306,2026-05-11T08:03:00Z,24.79,GBP,mollie,2,failed,card_declined
ch_0005831,inv_004395,cus_00306,2026-06-05T20:51:00Z,24.79,GBP,stripe,1,succeeded,
ch_0005832,inv_004396,cus_00306,2026-07-04T05:29:00Z,24.79,GBP,adyen,1,succeeded,
ch_0005833,inv_004397,cus_00306,2026-08-05T18:32:00Z,24.79,GBP,adyen,1,succeeded,
ch_0005834,inv_004398,cus_00307,2025-10-04T21:02:00Z,24.79,GBP,stripe,1,succeeded,
ch_0005835,inv_004399,cus_00307,2025-11-05T18:42:00Z,24.79,GBP,mollie,1,succeeded,
ch_0005836,inv_004400,cus_00307,2025-12-05T09:24:00Z,24.79,GBP,stripe,1,failed,insufficient_funds
ch_0005837,inv_004400,cus_00307,2025-12-08T04:28:00Z,24.79,GBP,stripe,2,failed,card_declined
ch_0005838,inv_004401,cus_00307,2026-01-02T22:06:00Z,24.79,GBP,adyen,1,succeeded,
ch_0005839,inv_004402,cus_00307,2026-02-03T21:17:00Z,24.79,GBP,mollie,1,succeeded,
ch_0005840,inv_004403,cus_00308,2025-10-03T00:57:00Z,299,EUR,stripe,1,succeeded,
ch_0005841,inv_004404,cus_00308,2025-11-05T17:08:00Z,299,EUR,stripe,1,succeeded,
ch_0005842,inv_004405,cus_00308,2025-12-04T15:26:00Z,299,EUR,adyen,1,succeeded,
ch_0005843,inv_004406,cus_00308,2026-01-04T13:06:00Z,299,EUR,adyen,1,succeeded,
ch_0005844,inv_004407,cus_00308,2026-02-03T15:28:00Z,299,EUR,stripe,1,succeeded,
ch_0005845,inv_004408,cus_00308,2026-03-05T23:39:00Z,299,EUR,mollie,1,succeeded,
ch_0005846,inv_004409,cus_00308,2026-04-01T02:49:00Z,299,EUR,mollie,1,succeeded,
ch_0005847,inv_004410,cus_00308,2026-05-02T18:02:00Z,299,EUR,stripe,1,succeeded,
ch_0005848,inv_004412,cus_00308,2026-07-03T08:51:00Z,299,EUR,mollie,1,succeeded,
ch_0005849,inv_004413,cus_00308,2026-08-04T15:41:00Z,299,EUR,adyen,1,succeeded,
ch_0005850,inv_004415,cus_00309,2025-11-02T05:35:00Z,99,EUR,stripe,1,succeeded,
ch_0005851,inv_004416,cus_00309,2025-12-01T19:13:00Z,99,EUR,stripe,1,succeeded,
ch_0005852,inv_004417,cus_00309,2026-01-02T16:58:00Z,99,EUR,mollie,1,succeeded,
ch_0005853,inv_004418,cus_00309,2026-02-03T21:00:00Z,99,EUR,stripe,1,succeeded,
ch_0005854,inv_004419,cus_00310,2025-10-03T07:18:00Z,99,EUR,stripe,1,succeeded,
ch_0005855,inv_004420,cus_00310,2025-11-05T02:01:00Z,99,EUR,mollie,1,succeeded,
ch_0005856,inv_004421,cus_00310,2025-12-02T23:07:00Z,99,EUR,adyen,1,succeeded,
ch_0005857,inv_004422,cus_00310,2026-01-03T09:30:00Z,99,EUR,stripe,1,succeeded,
ch_0005858,inv_004423,cus_00310,2026-02-01T07:32:00Z,99,EUR,stripe,1,succeeded,
ch_0005859,inv_004424,cus_00311,2025-10-04T18:10:00Z,29,EUR,adyen,1,succeeded,
ch_0005860,inv_004425,cus_00311,2025-11-02T23:02:00Z,29,EUR,stripe,1,failed,processing_error
ch_0005861,inv_004425,cus_00311,2025-11-07T10:03:00Z,29,EUR,stripe,2,failed,expired_card
ch_0005862,inv_004425,cus_00311,2025-11-10T05:26:00Z,29,EUR,stripe,3,failed,insufficient_funds
ch_0005863,inv_004425,cus_00311,2025-11-15T07:09:00Z,29,EUR,stripe,4,succeeded,
ch_0005864,inv_004426,cus_00311,2025-12-05T15:14:00Z,29,EUR,stripe,1,succeeded,
ch_0005865,inv_004427,cus_00311,2026-01-01T18:26:00Z,29,EUR,adyen,1,succeeded,
ch_0005866,inv_004428,cus_00311,2026-02-04T01:40:00Z,29,EUR,adyen,1,succeeded,
ch_0005867,inv_004429,cus_00311,2026-03-05T11:55:00Z,29,EUR,adyen,1,succeeded,
ch_0005868,inv_004430,cus_00311,2026-04-05T00:47:00Z,29,EUR,stripe,1,succeeded,
ch_0005869,inv_004431,cus_00311,2026-05-02T19:02:00Z,29,EUR,adyen,1,failed,card_declined
ch_0005870,inv_004431,cus_00311,2026-05-05T17:25:00Z,29,EUR,adyen,2,failed,expired_card
ch_0005871,inv_004431,cus_00311,2026-05-12T02:44:00Z,29,EUR,adyen,3,failed,expired_card
ch_0005872,inv_004432,cus_00311,2026-06-04T01:38:00Z,29,EUR,stripe,1,succeeded,
ch_0005873,inv_004433,cus_00311,2026-07-04T07:27:00Z,29,EUR,adyen,1,succeeded,
ch_0005874,inv_004434,cus_00311,2026-08-04T13:25:00Z,29,EUR,stripe,1,succeeded,
ch_0005875,inv_004435,cus_00312,2025-10-02T14:50:00Z,24.79,GBP,stripe,1,succeeded,
ch_0005876,inv_004436,cus_00312,2025-11-04T02:48:00Z,24.79,GBP,stripe,1,failed,insufficient_funds
ch_0005877,inv_004436,cus_00312,2025-11-07T02:34:00Z,24.79,GBP,stripe,2,failed,card_declined
ch_0005878,inv_004436,cus_00312,2025-11-10T04:01:00Z,24.79,GBP,stripe,3,failed,insufficient_funds
ch_0005879,inv_004436,cus_00312,2025-11-13T16:41:00Z,24.79,GBP,stripe,4,failed,insufficient_funds
ch_0005880,inv_004437,cus_00312,2025-12-01T03:20:00Z,24.79,GBP,stripe,1,succeeded,
ch_0005881,inv_004438,cus_00312,2026-01-05T12:49:00Z,24.79,GBP,adyen,1,succeeded,
ch_0005882,inv_004439,cus_00312,2026-02-03T10:22:00Z,24.79,GBP,stripe,1,succeeded,
ch_0005883,inv_004440,cus_00312,2026-03-03T14:32:00Z,24.79,GBP,stripe,1,succeeded,
ch_0005884,inv_004441,cus_00312,2026-04-02T09:33:00Z,24.79,GBP,stripe,1,succeeded,
ch_0005885,inv_004442,cus_00313,2025-10-05T21:33:00Z,29,EUR,stripe,1,succeeded,
ch_0005886,inv_004443,cus_00313,2025-11-01T23:46:00Z,29,EUR,stripe,1,failed,processing_error
ch_0005887,inv_004443,cus_00313,2025-11-06T03:03:00Z,29,EUR,stripe,2,failed,processing_error
ch_0005888,inv_004443,cus_00313,2025-11-11T19:59:00Z,29,EUR,stripe,3,failed,expired_card
ch_0005889,inv_004444,cus_00313,2025-12-02T05:59:00Z,29,EUR,stripe,1,succeeded,
ch_0005890,inv_004445,cus_00313,2026-01-03T05:28:00Z,29,EUR,mollie,1,succeeded,
ch_0005891,inv_004446,cus_00313,2026-02-02T14:06:00Z,29,EUR,adyen,1,succeeded,
ch_0005892,inv_004447,cus_00313,2026-03-03T06:00:00Z,29,EUR,stripe,1,succeeded,
ch_0005893,inv_004448,cus_00313,2026-04-03T20:34:00Z,29,EUR,stripe,1,succeeded,
ch_0005894,inv_004449,cus_00313,2026-05-05T18:07:00Z,29,EUR,adyen,1,succeeded,
ch_0005895,inv_004450,cus_00313,2026-06-03T07:58:00Z,29,EUR,stripe,1,succeeded,
ch_0005896,inv_004451,cus_00313,2026-07-01T05:58:00Z,29,EUR,adyen,1,succeeded,
ch_0005897,inv_004452,cus_00313,2026-08-02T20:48:00Z,29,EUR,adyen,1,succeeded,
ch_0005898,inv_004453,cus_00314,2025-10-02T15:26:00Z,99,EUR,stripe,1,failed,insufficient_funds
ch_0005899,inv_004453,cus_00314,2025-10-09T18:32:00Z,99,EUR,stripe,2,failed,insufficient_funds
ch_0005900,inv_004453,cus_00314,2025-10-16T09:20:00Z,99,EUR,stripe,3,failed,card_declined
ch_0005901,inv_004453,cus_00314,2025-10-23T11:47:00Z,99,EUR,stripe,4,succeeded,
ch_0005902,inv_004454,cus_00314,2025-11-02T05:36:00Z,99,EUR,adyen,1,succeeded,
ch_0005903,inv_004455,cus_00314,2025-12-03T07:03:00Z,99,EUR,stripe,1,succeeded,
ch_0005904,inv_004456,cus_00314,2026-01-04T18:26:00Z,99,EUR,stripe,1,succeeded,
ch_0005905,inv_004457,cus_00314,2026-02-03T16:43:00Z,99,EUR,stripe,1,succeeded,
ch_0005906,inv_004458,cus_00315,2025-10-01T21:56:00Z,99,EUR,stripe,1,failed,insufficient_funds
ch_0005907,inv_004458,cus_00315,2025-10-04T12:13:00Z,99,EUR,stripe,2,failed,insufficient_funds
ch_0005908,inv_004458,cus_00315,2025-10-07T22:06:00Z,99,EUR,stripe,3,failed,insufficient_funds
ch_0005909,inv_004458,cus_00315,2025-10-14T05:49:00Z,99,EUR,stripe,4,succeeded,
ch_0005910,inv_004459,cus_00315,2025-11-01T18:27:00Z,99,EUR,stripe,1,succeeded,
ch_0005911,inv_004460,cus_00315,2025-12-05T00:03:00Z,99,EUR,stripe,1,succeeded,
ch_0005912,inv_004461,cus_00315,2026-01-02T13:50:00Z,99,EUR,stripe,1,succeeded,
ch_0005913,inv_004462,cus_00315,2026-02-03T10:20:00Z,99,EUR,stripe,1,succeeded,
ch_0005914,inv_004463,cus_00316,2025-10-04T05:35:00Z,99,EUR,stripe,1,succeeded,
ch_0005915,inv_004465,cus_00316,2025-12-02T22:54:00Z,99,EUR,stripe,1,succeeded,
ch_0005916,inv_004466,cus_00316,2026-01-04T11:46:00Z,99,EUR,adyen,1,succeeded,
ch_0005917,inv_004467,cus_00316,2026-02-04T09:14:00Z,99,EUR,stripe,1,succeeded,
ch_0005918,inv_004468,cus_00316,2026-03-02T20:50:00Z,149,EUR,adyen,1,succeeded,
ch_0005919,inv_004469,cus_00316,2026-04-01T09:38:00Z,149,EUR,stripe,1,succeeded,
ch_0005920,inv_004470,cus_00316,2026-05-03T03:48:00Z,149,EUR,adyen,1,succeeded,
ch_0005921,inv_004471,cus_00316,2026-06-02T11:18:00Z,149,EUR,stripe,1,succeeded,
ch_0005922,inv_004473,cus_00317,2025-10-03T07:11:00Z,999,EUR,stripe,1,succeeded,
ch_0005923,inv_004474,cus_00317,2025-11-01T13:27:00Z,999,EUR,stripe,1,failed,card_declined
ch_0005924,inv_004474,cus_00317,2025-11-06T05:49:00Z,999,EUR,stripe,2,failed,do_not_honor
ch_0005925,inv_004474,cus_00317,2025-11-09T04:17:00Z,999,EUR,stripe,3,failed,processing_error
ch_0005926,inv_004474,cus_00317,2025-11-14T13:52:00Z,999,EUR,stripe,4,succeeded,
ch_0005927,inv_004475,cus_00317,2025-12-02T15:17:00Z,999,EUR,stripe,1,succeeded,
ch_0005928,inv_004476,cus_00317,2026-01-01T07:49:00Z,999,EUR,stripe,1,succeeded,
ch_0005929,inv_004477,cus_00317,2026-02-03T03:42:00Z,999,EUR,stripe,1,failed,card_declined
ch_0005930,inv_004477,cus_00317,2026-02-08T21:36:00Z,999,EUR,stripe,2,failed,expired_card
ch_0005931,inv_004477,cus_00317,2026-02-13T16:14:00Z,999,EUR,stripe,3,failed,insufficient_funds
ch_0005932,inv_004478,cus_00317,2026-03-04T10:04:00Z,999,EUR,stripe,1,succeeded,
ch_0005933,inv_004479,cus_00317,2026-04-05T02:44:00Z,999,EUR,adyen,1,succeeded,
ch_0005934,inv_004480,cus_00317,2026-05-01T15:57:00Z,999,EUR,mollie,1,succeeded,
ch_0005935,inv_004481,cus_00317,2026-06-04T15:17:00Z,999,EUR,stripe,1,succeeded,
ch_0005936,inv_004482,cus_00317,2026-07-01T10:12:00Z,999,EUR,stripe,1,failed,expired_card
ch_0005937,inv_004482,cus_00317,2026-07-06T23:56:00Z,999,EUR,stripe,2,succeeded,
ch_0005938,inv_004483,cus_00317,2026-08-02T19:54:00Z,999,EUR,stripe,1,succeeded,
ch_0005939,inv_004484,cus_00318,2025-10-02T13:12:00Z,84.62,GBP,mollie,1,failed,card_declined
ch_0005940,inv_004484,cus_00318,2025-10-07T04:13:00Z,84.62,GBP,mollie,2,failed,do_not_honor
ch_0005941,inv_004484,cus_00318,2025-10-14T13:41:00Z,84.62,GBP,mollie,3,failed,card_declined
ch_0005942,inv_004485,cus_00318,2025-11-04T23:12:00Z,84.62,GBP,stripe,1,succeeded,
ch_0005943,inv_004486,cus_00318,2025-12-02T12:30:00Z,84.62,GBP,stripe,1,succeeded,
ch_0005944,inv_004487,cus_00319,2025-10-04T02:17:00Z,29,EUR,mollie,1,failed,insufficient_funds
ch_0005945,inv_004487,cus_00319,2025-10-07T11:38:00Z,29,EUR,mollie,2,failed,processing_error
ch_0005946,inv_004487,cus_00319,2025-10-12T05:17:00Z,29,EUR,mollie,3,succeeded,
ch_0005947,inv_004488,cus_00319,2025-11-05T18:00:00Z,29,EUR,stripe,1,succeeded,
ch_0005948,inv_004489,cus_00319,2025-12-05T15:39:00Z,29,EUR,stripe,1,succeeded,
ch_0005949,inv_004490,cus_00319,2026-01-02T09:53:00Z,29,EUR,adyen,1,succeeded,
ch_0005950,inv_004491,cus_00319,2026-02-05T10:18:00Z,29,EUR,stripe,1,succeeded,
ch_0005951,inv_004492,cus_00319,2026-03-02T19:32:00Z,29,EUR,mollie,1,failed,card_declined
ch_0005952,inv_004492,cus_00319,2026-03-05T21:19:00Z,29,EUR,mollie,2,failed,insufficient_funds
ch_0005953,inv_004492,cus_00319,2026-03-12T21:02:00Z,29,EUR,mollie,3,failed,card_declined
ch_0005954,inv_004492,cus_00319,2026-03-15T13:45:00Z,29,EUR,mollie,4,succeeded,
ch_0005955,inv_004493,cus_00319,2026-04-05T16:44:00Z,29,EUR,stripe,1,succeeded,
ch_0005956,inv_004494,cus_00319,2026-05-02T03:20:00Z,29,EUR,stripe,1,succeeded,
ch_0005957,inv_004495,cus_00319,2026-06-02T09:46:00Z,29,EUR,adyen,1,succeeded,
ch_0005958,inv_004496,cus_00319,2026-07-01T06:57:00Z,29,EUR,stripe,1,succeeded,
ch_0005959,inv_004497,cus_00319,2026-08-02T23:04:00Z,29,EUR,mollie,1,succeeded,
ch_0005960,inv_004498,cus_00320,2025-10-02T09:47:00Z,99,EUR,stripe,1,succeeded,
ch_0005961,inv_004499,cus_00320,2025-11-05T07:48:00Z,99,EUR,stripe,1,failed,insufficient_funds
ch_0005962,inv_004499,cus_00320,2025-11-12T21:24:00Z,99,EUR,stripe,2,failed,insufficient_funds
ch_0005963,inv_004499,cus_00320,2025-11-15T16:05:00Z,99,EUR,stripe,3,succeeded,
ch_0005964,inv_004500,cus_00320,2025-12-02T12:39:00Z,99,EUR,mollie,1,succeeded,
ch_0005965,inv_004501,cus_00320,2026-01-02T12:20:00Z,99,EUR,mollie,1,failed,do_not_honor
ch_0005966,inv_004501,cus_00320,2026-01-09T16:26:00Z,99,EUR,mollie,2,failed,card_declined
ch_0005967,inv_004501,cus_00320,2026-01-16T20:45:00Z,99,EUR,mollie,3,failed,expired_card
ch_0005968,inv_004501,cus_00320,2026-01-21T20:58:00Z,99,EUR,mollie,4,succeeded,
ch_0005969,inv_004502,cus_00320,2026-02-04T20:58:00Z,99,EUR,stripe,1,succeeded,
ch_0005970,inv_004503,cus_00320,2026-03-05T01:28:00Z,149,EUR,mollie,1,succeeded,
ch_0005971,inv_004504,cus_00320,2026-04-03T06:17:00Z,149,EUR,stripe,1,succeeded,
ch_0005972,inv_004505,cus_00320,2026-05-01T23:18:00Z,149,EUR,stripe,1,succeeded,
ch_0005973,inv_004506,cus_00320,2026-06-02T06:55:00Z,149,EUR,stripe,1,succeeded,
ch_0005974,inv_004507,cus_00320,2026-07-03T11:14:00Z,149,EUR,adyen,1,succeeded,
ch_0005975,inv_004508,cus_00320,2026-08-04T11:16:00Z,149,EUR,stripe,1,succeeded,
ch_0005976,inv_004509,cus_00321,2025-10-02T18:14:00Z,29,EUR,stripe,1,succeeded,
ch_0005977,inv_004510,cus_00321,2025-11-04T07:18:00Z,29,EUR,stripe,1,succeeded,
ch_0005978,inv_004511,cus_00321,2025-12-05T00:15:00Z,29,EUR,mollie,1,succeeded,
ch_0005979,inv_004512,cus_00321,2026-01-02T22:26:00Z,29,EUR,stripe,1,succeeded,
ch_0005980,inv_004513,cus_00321,2026-02-01T23:42:00Z,29,EUR,stripe,1,succeeded,
ch_0005981,inv_004514,cus_00321,2026-03-02T02:31:00Z,29,EUR,stripe,1,succeeded,
ch_0005982,inv_004515,cus_00321,2026-04-02T04:52:00Z,29,EUR,adyen,1,succeeded,
ch_0005983,inv_004516,cus_00321,2026-05-04T19:19:00Z,29,EUR,stripe,1,failed,card_declined
ch_0005984,inv_004516,cus_00321,2026-05-09T23:44:00Z,29,EUR,stripe,2,failed,card_declined
ch_0005985,inv_004517,cus_00321,2026-06-01T10:56:00Z,29,EUR,stripe,1,succeeded,
ch_0005986,inv_004518,cus_00321,2026-07-04T09:14:00Z,29,EUR,stripe,1,succeeded,
ch_0005987,inv_004519,cus_00321,2026-08-02T01:09:00Z,29,EUR,adyen,1,succeeded,
ch_0005988,inv_004520,cus_00322,2025-10-05T13:54:00Z,99,EUR,mollie,1,succeeded,
ch_0005989,inv_004521,cus_00322,2025-11-05T06:24:00Z,99,EUR,adyen,1,succeeded,
ch_0005990,inv_004522,cus_00322,2025-12-05T14:11:00Z,99,EUR,adyen,1,succeeded,
ch_0005991,inv_004523,cus_00322,2026-01-03T20:04:00Z,99,EUR,stripe,1,succeeded,
ch_0005992,inv_004524,cus_00322,2026-02-02T22:39:00Z,99,EUR,stripe,1,succeeded,
ch_0005993,inv_004525,cus_00322,2026-03-03T18:20:00Z,149,EUR,stripe,1,failed,insufficient_funds
ch_0005994,inv_004525,cus_00322,2026-03-08T10:40:00Z,149,EUR,stripe,2,failed,card_declined
ch_0005995,inv_004525,cus_00322,2026-03-13T02:54:00Z,149,EUR,stripe,3,succeeded,
ch_0005996,inv_004526,cus_00322,2026-04-02T03:02:00Z,149,EUR,adyen,1,failed,card_declined
ch_0005997,inv_004526,cus_00322,2026-04-05T20:15:00Z,149,EUR,adyen,2,failed,card_declined
ch_0005998,inv_004526,cus_00322,2026-04-12T04:18:00Z,149,EUR,adyen,3,succeeded,
ch_0005999,inv_004527,cus_00322,2026-05-04T06:26:00Z,149,EUR,adyen,1,succeeded,
ch_0006000,inv_004528,cus_00322,2026-06-04T02:46:00Z,149,EUR,stripe,1,succeeded,
ch_0006001,inv_004529,cus_00322,2026-07-02T19:47:00Z,149,EUR,stripe,1,succeeded,
ch_0006002,inv_004530,cus_00322,2026-08-01T00:19:00Z,149,EUR,stripe,1,succeeded,
ch_0006003,inv_004531,cus_00323,2025-10-03T10:57:00Z,299,EUR,mollie,1,succeeded,
ch_0006004,inv_004532,cus_00323,2025-11-04T00:01:00Z,299,EUR,stripe,1,succeeded,
ch_0006005,inv_004533,cus_00323,2025-12-02T12:16:00Z,299,EUR,adyen,1,succeeded,
ch_0006006,inv_004534,cus_00323,2026-01-04T11:48:00Z,299,EUR,stripe,1,succeeded,
ch_0006007,inv_004535,cus_00323,2026-02-03T00:40:00Z,299,EUR,stripe,1,failed,processing_error
ch_0006008,inv_004535,cus_00323,2026-02-06T23:51:00Z,299,EUR,stripe,2,failed,do_not_honor
ch_0006009,inv_004537,cus_00323,2026-04-05T20:49:00Z,299,EUR,adyen,1,succeeded,
ch_0006010,inv_004538,cus_00323,2026-05-04T06:02:00Z,299,EUR,stripe,1,succeeded,
ch_0006011,inv_004539,cus_00323,2026-06-01T15:29:00Z,299,EUR,stripe,1,failed,card_declined
ch_0006012,inv_004539,cus_00323,2026-06-08T20:58:00Z,299,EUR,stripe,2,succeeded,
ch_0006013,inv_004540,cus_00323,2026-07-05T19:59:00Z,299,EUR,stripe,1,failed,insufficient_funds
ch_0006014,inv_004540,cus_00323,2026-07-10T19:11:00Z,299,EUR,stripe,2,succeeded,
ch_0006015,inv_004541,cus_00323,2026-08-02T07:14:00Z,299,EUR,mollie,1,succeeded,
ch_0006016,inv_004542,cus_00324,2025-10-04T14:28:00Z,99,EUR,stripe,1,succeeded,
ch_0006017,inv_004543,cus_00324,2025-11-04T11:43:00Z,99,EUR,mollie,1,failed,card_declined
ch_0006018,inv_004543,cus_00324,2025-11-09T17:10:00Z,99,EUR,mollie,2,succeeded,
ch_0006019,inv_004544,cus_00324,2025-12-04T16:33:00Z,99,EUR,adyen,1,failed,expired_card
ch_0006020,inv_004544,cus_00324,2025-12-09T15:00:00Z,99,EUR,adyen,2,failed,do_not_honor
ch_0006021,inv_004544,cus_00324,2025-12-14T01:35:00Z,99,EUR,adyen,3,succeeded,
ch_0006022,inv_004545,cus_00324,2026-01-01T11:59:00Z,99,EUR,stripe,1,succeeded,
ch_0006023,inv_004546,cus_00324,2026-02-05T08:59:00Z,99,EUR,mollie,1,succeeded,
ch_0006024,inv_004547,cus_00324,2026-03-01T06:24:00Z,149,EUR,stripe,1,succeeded,
ch_0006025,inv_004548,cus_00324,2026-04-01T23:56:00Z,149,EUR,stripe,1,succeeded,
ch_0006026,inv_004549,cus_00324,2026-05-04T07:39:00Z,149,EUR,mollie,1,succeeded,
ch_0006027,inv_004550,cus_00325,2025-11-01T18:22:00Z,24.79,GBP,stripe,1,succeeded,
ch_0006028,inv_004551,cus_00325,2025-12-01T08:07:00Z,24.79,GBP,stripe,1,succeeded,
ch_0006029,inv_004552,cus_00325,2026-01-01T01:36:00Z,24.79,GBP,stripe,1,succeeded,
ch_0006030,inv_004553,cus_00325,2026-02-03T07:57:00Z,24.79,GBP,stripe,1,succeeded,
ch_0006031,inv_004555,cus_00325,2026-04-02T17:20:00Z,24.79,GBP,stripe,1,succeeded,
ch_0006032,inv_004556,cus_00325,2026-05-03T07:11:00Z,24.79,GBP,stripe,1,succeeded,
ch_0006033,inv_004557,cus_00325,2026-06-03T13:14:00Z,24.79,GBP,adyen,1,succeeded,
ch_0006034,inv_004558,cus_00325,2026-07-05T08:58:00Z,24.79,GBP,stripe,1,succeeded,
ch_0006035,inv_004559,cus_00325,2026-08-01T17:58:00Z,24.79,GBP,stripe,1,succeeded,
ch_0006036,inv_004560,cus_00326,2025-11-02T02:39:00Z,107.61,USD,stripe,1,succeeded,
ch_0006037,inv_004561,cus_00326,2025-12-05T14:50:00Z,107.61,USD,adyen,1,succeeded,
ch_0006038,inv_004562,cus_00326,2026-01-04T03:20:00Z,107.61,USD,stripe,1,succeeded,
ch_0006039,inv_004563,cus_00326,2026-02-05T10:55:00Z,107.61,USD,stripe,1,failed,insufficient_funds
ch_0006040,inv_004563,cus_00326,2026-02-08T00:56:00Z,107.61,USD,stripe,2,failed,expired_card
ch_0006041,inv_004563,cus_00326,2026-02-13T21:52:00Z,107.61,USD,stripe,3,failed,card_declined
ch_0006042,inv_004563,cus_00326,2026-02-18T17:10:00Z,107.61,USD,stripe,4,succeeded,
ch_0006043,inv_004564,cus_00326,2026-03-02T22:22:00Z,161.96,USD,mollie,1,succeeded,
ch_0006044,inv_004565,cus_00326,2026-04-05T11:31:00Z,161.96,USD,adyen,1,succeeded,
ch_0006045,inv_004566,cus_00326,2026-05-05T10:31:00Z,161.96,USD,adyen,1,succeeded,
ch_0006046,inv_004567,cus_00326,2026-06-05T05:10:00Z,161.96,USD,stripe,1,succeeded,
ch_0006047,inv_004568,cus_00326,2026-07-03T15:37:00Z,161.96,USD,stripe,1,succeeded,
ch_0006048,inv_004569,cus_00326,2026-08-05T18:31:00Z,161.96,USD,stripe,1,succeeded,
ch_0006049,inv_004570,cus_00327,2025-11-05T18:40:00Z,29,EUR,stripe,1,succeeded,
ch_0006050,inv_004571,cus_00327,2025-12-04T02:49:00Z,29,EUR,mollie,1,succeeded,
ch_0006051,inv_004572,cus_00327,2026-01-01T13:58:00Z,29,EUR,stripe,1,failed,expired_card
ch_0006052,inv_004572,cus_00327,2026-01-04T12:28:00Z,29,EUR,stripe,2,failed,insufficient_funds
ch_0006053,inv_004572,cus_00327,2026-01-11T06:42:00Z,29,EUR,stripe,3,failed,insufficient_funds
ch_0006054,inv_004572,cus_00327,2026-01-16T02:32:00Z,29,EUR,stripe,4,failed,insufficient_funds
ch_0006055,inv_004573,cus_00327,2026-02-04T06:54:00Z,29,EUR,mollie,1,succeeded,
ch_0006056,inv_004574,cus_00327,2026-03-02T22:34:00Z,29,EUR,adyen,1,succeeded,
ch_0006057,inv_004575,cus_00327,2026-04-03T23:05:00Z,29,EUR,stripe,1,failed,processing_error
ch_0006058,inv_004575,cus_00327,2026-04-06T03:41:00Z,29,EUR,stripe,2,failed,do_not_honor
ch_0006059,inv_004575,cus_00327,2026-04-11T20:06:00Z,29,EUR,stripe,3,failed,do_not_honor
ch_0006060,inv_004575,cus_00327,2026-04-18T12:13:00Z,29,EUR,stripe,4,failed,insufficient_funds
ch_0006061,inv_004576,cus_00327,2026-05-04T02:28:00Z,29,EUR,stripe,1,succeeded,
ch_0006062,inv_004577,cus_00327,2026-06-04T20:21:00Z,29,EUR,stripe,1,succeeded,
ch_0006063,inv_004578,cus_00327,2026-07-03T19:11:00Z,29,EUR,adyen,1,failed,insufficient_funds
ch_0006064,inv_004578,cus_00327,2026-07-10T12:23:00Z,29,EUR,adyen,2,failed,card_declined
ch_0006065,inv_004578,cus_00327,2026-07-13T18:14:00Z,29,EUR,adyen,3,failed,expired_card
ch_0006066,inv_004578,cus_00327,2026-07-20T10:02:00Z,29,EUR,adyen,4,succeeded,
ch_0006067,inv_004579,cus_00327,2026-08-02T00:23:00Z,29,EUR,stripe,1,failed,insufficient_funds
ch_0006068,inv_004579,cus_00327,2026-08-07T18:48:00Z,29,EUR,stripe,2,failed,card_declined
ch_0006069,inv_004579,cus_00327,2026-08-12T04:15:00Z,29,EUR,stripe,3,failed,insufficient_funds
ch_0006070,inv_004579,cus_00327,2026-08-17T07:35:00Z,29,EUR,stripe,4,succeeded,
ch_0006071,inv_004580,cus_00328,2025-11-02T17:11:00Z,107.61,USD,stripe,1,succeeded,
ch_0006072,inv_004581,cus_00328,2025-12-02T21:09:00Z,107.61,USD,mollie,1,succeeded,
ch_0006073,inv_004582,cus_00328,2026-01-02T09:04:00Z,107.61,USD,stripe,1,succeeded,
ch_0006074,inv_004583,cus_00328,2026-02-05T10:10:00Z,107.61,USD,stripe,1,succeeded,
ch_0006075,inv_004584,cus_00328,2026-03-02T04:26:00Z,161.96,USD,stripe,1,succeeded,
ch_0006076,inv_004585,cus_00328,2026-04-04T21:39:00Z,161.96,USD,mollie,1,succeeded,
ch_0006077,inv_004586,cus_00328,2026-05-02T10:23:00Z,161.96,USD,mollie,1,succeeded,
ch_0006078,inv_004587,cus_00328,2026-06-01T01:29:00Z,161.96,USD,stripe,1,succeeded,
ch_0006079,inv_004588,cus_00328,2026-07-04T09:51:00Z,161.96,USD,adyen,1,succeeded,
ch_0006080,inv_004589,cus_00328,2026-08-03T23:49:00Z,161.96,USD,stripe,1,succeeded,
ch_0006081,inv_004590,cus_00329,2025-11-04T13:03:00Z,24.79,GBP,stripe,1,succeeded,
ch_0006082,inv_004591,cus_00329,2025-12-05T02:00:00Z,24.79,GBP,stripe,1,failed,card_declined
ch_0006083,inv_004591,cus_00329,2025-12-12T13:29:00Z,24.79,GBP,stripe,2,failed,insufficient_funds
ch_0006084,inv_004591,cus_00329,2025-12-15T03:50:00Z,24.79,GBP,stripe,3,failed,insufficient_funds
ch_0006085,inv_004591,cus_00329,2025-12-20T17:34:00Z,24.79,GBP,stripe,4,succeeded,
ch_0006086,inv_004592,cus_00329,2026-01-01T16:39:00Z,24.79,GBP,mollie,1,succeeded,
ch_0006087,inv_004593,cus_00329,2026-02-05T13:45:00Z,24.79,GBP,stripe,1,failed,insufficient_funds
ch_0006088,inv_004593,cus_00329,2026-02-10T12:08:00Z,24.79,GBP,stripe,2,failed,card_declined
ch_0006089,inv_004593,cus_00329,2026-02-17T04:21:00Z,24.79,GBP,stripe,3,succeeded,
ch_0006090,inv_004594,cus_00329,2026-03-02T20:46:00Z,24.79,GBP,stripe,1,succeeded,
ch_0006091,inv_004595,cus_00329,2026-04-01T09:01:00Z,24.79,GBP,adyen,1,succeeded,
ch_0006092,inv_004596,cus_00329,2026-05-05T02:09:00Z,24.79,GBP,stripe,1,succeeded,
ch_0006093,inv_004597,cus_00329,2026-06-01T20:20:00Z,24.79,GBP,stripe,1,failed,card_declined
ch_0006094,inv_004597,cus_00329,2026-06-06T17:50:00Z,24.79,GBP,stripe,2,failed,card_declined
ch_0006095,inv_004597,cus_00329,2026-06-13T04:01:00Z,24.79,GBP,stripe,3,failed,expired_card
ch_0006096,inv_004597,cus_00329,2026-06-20T21:31:00Z,24.79,GBP,stripe,4,succeeded,
ch_0006097,inv_004598,cus_00329,2026-07-05T00:59:00Z,24.79,GBP,mollie,1,failed,expired_card
ch_0006098,inv_004598,cus_00329,2026-07-08T03:09:00Z,24.79,GBP,mollie,2,failed,card_declined
ch_0006099,inv_004598,cus_00329,2026-07-13T15:34:00Z,24.79,GBP,mollie,3,failed,card_declined
ch_0006100,inv_004598,cus_00329,2026-07-18T07:54:00Z,24.79,GBP,mollie,4,succeeded,
ch_0006101,inv_004599,cus_00329,2026-08-03T07:10:00Z,24.79,GBP,stripe,1,failed,card_declined
ch_0006102,inv_004599,cus_00329,2026-08-06T18:04:00Z,24.79,GBP,stripe,2,failed,card_declined
ch_0006103,inv_004600,cus_00330,2025-11-03T09:21:00Z,299,EUR,stripe,1,succeeded,
ch_0006104,inv_004601,cus_00330,2025-12-03T11:53:00Z,299,EUR,stripe,1,succeeded,
ch_0006105,inv_004602,cus_00330,2026-01-05T03:04:00Z,299,EUR,stripe,1,failed,do_not_honor
ch_0006106,inv_004602,cus_00330,2026-01-08T01:13:00Z,299,EUR,stripe,2,failed,insufficient_funds
ch_0006107,inv_004602,cus_00330,2026-01-15T02:16:00Z,299,EUR,stripe,3,succeeded,
ch_0006108,inv_004603,cus_00330,2026-02-04T09:04:00Z,299,EUR,stripe,1,succeeded,
ch_0006109,inv_004604,cus_00330,2026-03-01T21:43:00Z,299,EUR,stripe,1,succeeded,
ch_0006110,inv_004605,cus_00330,2026-04-03T20:33:00Z,299,EUR,stripe,1,failed,card_declined
ch_0006111,inv_004605,cus_00330,2026-04-08T22:00:00Z,299,EUR,stripe,2,failed,card_declined
ch_0006112,inv_004605,cus_00330,2026-04-15T14:08:00Z,299,EUR,stripe,3,failed,do_not_honor
ch_0006113,inv_004606,cus_00331,2025-11-05T08:53:00Z,99,EUR,adyen,1,succeeded,
ch_0006114,inv_004607,cus_00331,2025-12-02T05:18:00Z,99,EUR,stripe,1,succeeded,
ch_0006115,inv_004608,cus_00331,2026-01-03T15:46:00Z,99,EUR,adyen,1,succeeded,
ch_0006116,inv_004609,cus_00331,2026-02-04T06:39:00Z,99,EUR,stripe,1,failed,insufficient_funds
ch_0006117,inv_004609,cus_00331,2026-02-11T05:19:00Z,99,EUR,stripe,2,failed,insufficient_funds
ch_0006118,inv_004609,cus_00331,2026-02-16T20:25:00Z,99,EUR,stripe,3,failed,card_declined
ch_0006119,inv_004610,cus_00331,2026-03-02T13:57:00Z,149,EUR,stripe,1,succeeded,
ch_0006120,inv_004611,cus_00331,2026-04-02T04:40:00Z,149,EUR,adyen,1,succeeded,
ch_0006121,inv_004612,cus_00331,2026-05-05T16:13:00Z,149,EUR,stripe,1,failed,insufficient_funds
ch_0006122,inv_004612,cus_00331,2026-05-12T11:31:00Z,149,EUR,stripe,2,failed,insufficient_funds
ch_0006123,inv_004612,cus_00331,2026-05-17T23:40:00Z,149,EUR,stripe,3,succeeded,
ch_0006124,inv_004613,cus_00331,2026-06-04T03:59:00Z,149,EUR,stripe,1,succeeded,
ch_0006125,inv_004614,cus_00331,2026-07-02T04:13:00Z,149,EUR,stripe,1,succeeded,
ch_0006126,inv_004615,cus_00331,2026-08-04T04:56:00Z,149,EUR,adyen,1,succeeded,
ch_0006127,inv_004616,cus_00332,2025-11-05T00:02:00Z,99,EUR,stripe,1,succeeded,
ch_0006128,inv_004617,cus_00332,2025-12-03T22:58:00Z,99,EUR,stripe,1,succeeded,
ch_0006129,inv_004618,cus_00332,2026-01-02T05:31:00Z,99,EUR,stripe,1,failed,insufficient_funds
ch_0006130,inv_004618,cus_00332,2026-01-09T13:43:00Z,99,EUR,stripe,2,succeeded,
ch_0006131,inv_004619,cus_00332,2026-02-03T07:07:00Z,99,EUR,adyen,1,succeeded,
ch_0006132,inv_004620,cus_00332,2026-03-03T23:48:00Z,149,EUR,stripe,1,succeeded,
ch_0006133,inv_004621,cus_00332,2026-04-03T10:18:00Z,149,EUR,mollie,1,succeeded,
ch_0006134,inv_004622,cus_00332,2026-05-05T00:57:00Z,149,EUR,stripe,1,failed,expired_card
ch_0006135,inv_004622,cus_00332,2026-05-12T13:51:00Z,149,EUR,stripe,2,failed,expired_card
ch_0006136,inv_004623,cus_00332,2026-06-02T04:26:00Z,149,EUR,stripe,1,failed,card_declined
ch_0006137,inv_004623,cus_00332,2026-06-05T17:05:00Z,149,EUR,stripe,2,failed,insufficient_funds
ch_0006138,inv_004623,cus_00332,2026-06-12T15:22:00Z,149,EUR,stripe,3,failed,insufficient_funds
ch_0006139,inv_004624,cus_00332,2026-07-04T12:11:00Z,149,EUR,stripe,1,succeeded,
ch_0006140,inv_004625,cus_00332,2026-08-04T19:26:00Z,149,EUR,stripe,1,succeeded,
ch_0006141,inv_004626,cus_00333,2025-11-05T18:34:00Z,24.79,GBP,stripe,1,succeeded,
ch_0006142,inv_004627,cus_00333,2025-12-01T13:18:00Z,24.79,GBP,mollie,1,succeeded,
ch_0006143,inv_004628,cus_00333,2026-01-02T14:36:00Z,24.79,GBP,mollie,1,succeeded,
ch_0006144,inv_004629,cus_00333,2026-02-03T06:07:00Z,24.79,GBP,stripe,1,succeeded,
ch_0006145,inv_004630,cus_00333,2026-03-04T08:46:00Z,24.79,GBP,adyen,1,succeeded,
ch_0006146,inv_004631,cus_00333,2026-04-01T12:51:00Z,24.79,GBP,stripe,1,failed,do_not_honor
ch_0006147,inv_004631,cus_00333,2026-04-08T02:38:00Z,24.79,GBP,stripe,2,failed,insufficient_funds
ch_0006148,inv_004631,cus_00333,2026-04-13T08:27:00Z,24.79,GBP,stripe,3,failed,insufficient_funds
ch_0006149,inv_004631,cus_00333,2026-04-18T10:10:00Z,24.79,GBP,stripe,4,succeeded,
ch_0006150,inv_004632,cus_00333,2026-05-03T18:28:00Z,24.79,GBP,mollie,1,succeeded,
ch_0006151,inv_004633,cus_00333,2026-06-02T02:48:00Z,24.79,GBP,adyen,1,succeeded,
ch_0006152,inv_004634,cus_00333,2026-07-03T02:05:00Z,24.79,GBP,stripe,1,succeeded,
ch_0006153,inv_004635,cus_00334,2025-11-03T08:35:00Z,299,EUR,adyen,1,succeeded,
ch_0006154,inv_004636,cus_00334,2025-12-02T04:32:00Z,299,EUR,mollie,1,succeeded,
ch_0006155,inv_004637,cus_00334,2026-01-04T00:13:00Z,299,EUR,stripe,1,failed,do_not_honor
ch_0006156,inv_004637,cus_00334,2026-01-11T14:41:00Z,299,EUR,stripe,2,failed,processing_error
ch_0006157,inv_004637,cus_00334,2026-01-16T21:39:00Z,299,EUR,stripe,3,succeeded,
ch_0006158,inv_004638,cus_00334,2026-02-01T21:37:00Z,299,EUR,adyen,1,succeeded,
ch_0006159,inv_004639,cus_00334,2026-03-04T16:01:00Z,299,EUR,stripe,1,failed,insufficient_funds
ch_0006160,inv_004639,cus_00334,2026-03-11T14:44:00Z,299,EUR,stripe,2,failed,expired_card
ch_0006161,inv_004639,cus_00334,2026-03-18T20:30:00Z,299,EUR,stripe,3,failed,card_declined
ch_0006162,inv_004639,cus_00334,2026-03-21T02:32:00Z,299,EUR,stripe,4,succeeded,
ch_0006163,inv_004640,cus_00334,2026-04-05T05:20:00Z,299,EUR,adyen,1,succeeded,
ch_0006164,inv_004641,cus_00334,2026-05-03T00:05:00Z,299,EUR,adyen,1,succeeded,
ch_0006165,inv_004642,cus_00334,2026-06-05T17:59:00Z,299,EUR,stripe,1,succeeded,
ch_0006166,inv_004643,cus_00334,2026-07-04T05:11:00Z,299,EUR,adyen,1,succeeded,
ch_0006167,inv_004644,cus_00334,2026-08-05T19:05:00Z,299,EUR,stripe,1,succeeded,
ch_0006168,inv_004645,cus_00335,2025-11-01T16:35:00Z,29,EUR,adyen,1,succeeded,
ch_0006169,inv_004646,cus_00335,2025-12-01T16:51:00Z,29,EUR,stripe,1,succeeded,
ch_0006170,inv_004648,cus_00335,2026-02-01T11:07:00Z,29,EUR,stripe,1,succeeded,
ch_0006171,inv_004649,cus_00335,2026-03-02T10:02:00Z,29,EUR,stripe,1,succeeded,
ch_0006172,inv_004650,cus_00335,2026-04-03T09:36:00Z,29,EUR,mollie,1,succeeded,
ch_0006173,inv_004651,cus_00335,2026-05-02T14:42:00Z,29,EUR,stripe,1,succeeded,
ch_0006174,inv_004652,cus_00335,2026-06-01T07:36:00Z,29,EUR,stripe,1,succeeded,
ch_0006175,inv_004653,cus_00335,2026-07-03T23:24:00Z,29,EUR,adyen,1,succeeded,
ch_0006176,inv_004654,cus_00335,2026-08-05T09:04:00Z,29,EUR,adyen,1,succeeded,
ch_0006177,inv_004655,cus_00336,2025-11-01T20:59:00Z,27.62,CHF,adyen,1,succeeded,
ch_0006178,inv_004656,cus_00336,2025-12-04T08:26:00Z,27.62,CHF,stripe,1,failed,insufficient_funds
ch_0006179,inv_004656,cus_00336,2025-12-07T00:40:00Z,27.62,CHF,stripe,2,failed,expired_card
ch_0006180,inv_004656,cus_00336,2025-12-14T08:52:00Z,27.62,CHF,stripe,3,failed,insufficient_funds
ch_0006181,inv_004657,cus_00336,2026-01-03T05:29:00Z,27.62,CHF,stripe,1,succeeded,
ch_0006182,inv_004658,cus_00336,2026-02-02T03:20:00Z,27.62,CHF,stripe,1,succeeded,
ch_0006183,inv_004659,cus_00336,2026-03-05T05:02:00Z,27.62,CHF,adyen,1,succeeded,
ch_0006184,inv_004660,cus_00336,2026-04-05T07:21:00Z,27.62,CHF,adyen,1,succeeded,
ch_0006185,inv_004661,cus_00336,2026-05-05T14:13:00Z,27.62,CHF,stripe,1,failed,card_declined
ch_0006186,inv_004661,cus_00336,2026-05-12T13:16:00Z,27.62,CHF,stripe,2,failed,do_not_honor
ch_0006187,inv_004661,cus_00336,2026-05-17T02:31:00Z,27.62,CHF,stripe,3,succeeded,
ch_0006188,inv_004662,cus_00336,2026-06-04T14:38:00Z,27.62,CHF,mollie,1,failed,insufficient_funds
ch_0006189,inv_004662,cus_00336,2026-06-11T23:03:00Z,27.62,CHF,mollie,2,failed,card_declined
ch_0006190,inv_004662,cus_00336,2026-06-18T16:57:00Z,27.62,CHF,mollie,3,failed,card_declined
ch_0006191,inv_004663,cus_00336,2026-07-01T16:50:00Z,27.62,CHF,mollie,1,succeeded,
ch_0006192,inv_004664,cus_00336,2026-08-04T11:55:00Z,27.62,CHF,stripe,1,succeeded,
ch_0006193,inv_004665,cus_00337,2025-11-04T12:54:00Z,99,EUR,stripe,1,succeeded,
ch_0006194,inv_004666,cus_00337,2025-12-02T06:52:00Z,99,EUR,stripe,1,succeeded,
ch_0006195,inv_004667,cus_00337,2026-01-02T13:32:00Z,99,EUR,adyen,1,succeeded,
ch_0006196,inv_004668,cus_00337,2026-02-02T21:35:00Z,99,EUR,stripe,1,succeeded,
ch_0006197,inv_004669,cus_00338,2025-11-01T18:41:00Z,99,EUR,stripe,1,succeeded,
ch_0006198,inv_004670,cus_00338,2025-12-03T00:11:00Z,99,EUR,mollie,1,succeeded,
ch_0006199,inv_004671,cus_00338,2026-01-03T05:32:00Z,99,EUR,stripe,1,succeeded,
ch_0006200,inv_004672,cus_00338,2026-02-04T14:39:00Z,99,EUR,stripe,1,succeeded,
ch_0006201,inv_004673,cus_00338,2026-03-04T20:57:00Z,149,EUR,adyen,1,succeeded,
ch_0006202,inv_004674,cus_00339,2025-11-01T17:42:00Z,299,EUR,stripe,1,succeeded,
ch_0006203,inv_004675,cus_00339,2025-12-01T14:13:00Z,299,EUR,stripe,1,succeeded,
ch_0006204,inv_004676,cus_00339,2026-01-03T08:25:00Z,299,EUR,mollie,1,succeeded,
ch_0006205,inv_004677,cus_00339,2026-02-04T01:37:00Z,299,EUR,stripe,1,failed,insufficient_funds
ch_0006206,inv_004677,cus_00339,2026-02-09T17:34:00Z,299,EUR,stripe,2,failed,processing_error
ch_0006207,inv_004677,cus_00339,2026-02-14T13:41:00Z,299,EUR,stripe,3,failed,card_declined
ch_0006208,inv_004678,cus_00339,2026-03-03T17:47:00Z,299,EUR,stripe,1,succeeded,
ch_0006209,inv_004679,cus_00339,2026-04-01T09:43:00Z,299,EUR,adyen,1,succeeded,
ch_0006210,inv_004680,cus_00339,2026-05-01T12:54:00Z,299,EUR,stripe,1,succeeded,
ch_0006211,inv_004681,cus_00339,2026-06-05T06:31:00Z,299,EUR,stripe,1,succeeded,
ch_0006212,inv_004682,cus_00339,2026-07-01T23:13:00Z,299,EUR,stripe,1,succeeded,
ch_0006213,inv_004683,cus_00339,2026-08-05T10:30:00Z,299,EUR,stripe,1,succeeded,
ch_0006214,inv_004684,cus_00340,2025-11-01T09:31:00Z,84.62,GBP,adyen,1,succeeded,
ch_0006215,inv_004685,cus_00340,2025-12-05T10:26:00Z,84.62,GBP,stripe,1,succeeded,
ch_0006216,inv_004686,cus_00340,2026-01-02T13:31:00Z,84.62,GBP,stripe,1,succeeded,
ch_0006217,inv_004687,cus_00340,2026-02-02T15:22:00Z,84.62,GBP,adyen,1,succeeded,
ch_0006218,inv_004688,cus_00340,2026-03-02T18:02:00Z,127.35,GBP,stripe,1,succeeded,
ch_0006219,inv_004689,cus_00340,2026-04-05T01:05:00Z,127.35,GBP,adyen,1,succeeded,
ch_0006220,inv_004690,cus_00340,2026-05-04T04:56:00Z,127.35,GBP,stripe,1,succeeded,
ch_0006221,inv_004691,cus_00340,2026-06-02T20:17:00Z,127.35,GBP,stripe,1,succeeded,
ch_0006222,inv_004692,cus_00340,2026-07-05T14:18:00Z,127.35,GBP,adyen,1,succeeded,
ch_0006223,inv_004693,cus_00340,2026-08-01T07:33:00Z,127.35,GBP,mollie,1,failed,card_declined
ch_0006224,inv_004693,cus_00340,2026-08-06T04:17:00Z,127.35,GBP,mollie,2,failed,insufficient_funds
ch_0006225,inv_004693,cus_00340,2026-08-11T13:51:00Z,127.35,GBP,mollie,3,succeeded,
ch_0006226,inv_004694,cus_00341,2025-11-02T01:46:00Z,27.62,CHF,stripe,1,failed,insufficient_funds
ch_0006227,inv_004694,cus_00341,2025-11-07T15:56:00Z,27.62,CHF,stripe,2,failed,card_declined
ch_0006228,inv_004695,cus_00341,2025-12-04T07:01:00Z,27.62,CHF,mollie,1,succeeded,
ch_0006229,inv_004696,cus_00341,2026-01-03T09:38:00Z,27.62,CHF,adyen,1,succeeded,
ch_0006230,inv_004697,cus_00341,2026-02-05T01:06:00Z,27.62,CHF,adyen,1,succeeded,
ch_0006231,inv_004698,cus_00341,2026-03-05T11:35:00Z,27.62,CHF,stripe,1,succeeded,
ch_0006232,inv_004699,cus_00341,2026-04-01T10:05:00Z,27.62,CHF,stripe,1,succeeded,
ch_0006233,inv_004700,cus_00341,2026-05-02T12:53:00Z,27.62,CHF,stripe,1,failed,do_not_honor
ch_0006234,inv_004700,cus_00341,2026-05-07T02:58:00Z,27.62,CHF,stripe,2,failed,card_declined
ch_0006235,inv_004701,cus_00341,2026-06-02T07:49:00Z,27.62,CHF,stripe,1,succeeded,
ch_0006236,inv_004702,cus_00341,2026-07-02T12:21:00Z,27.62,CHF,stripe,1,succeeded,
ch_0006237,inv_004703,cus_00341,2026-08-05T14:01:00Z,27.62,CHF,stripe,1,succeeded,
ch_0006238,inv_004704,cus_00342,2025-11-04T08:25:00Z,29,EUR,adyen,1,succeeded,
ch_0006239,inv_004705,cus_00342,2025-12-05T11:41:00Z,29,EUR,stripe,1,succeeded,
ch_0006240,inv_004706,cus_00342,2026-01-03T01:23:00Z,29,EUR,stripe,1,failed,insufficient_funds
ch_0006241,inv_004706,cus_00342,2026-01-08T05:57:00Z,29,EUR,stripe,2,failed,insufficient_funds
ch_0006242,inv_004706,cus_00342,2026-01-13T09:36:00Z,29,EUR,stripe,3,failed,do_not_honor
ch_0006243,inv_004706,cus_00342,2026-01-20T14:04:00Z,29,EUR,stripe,4,succeeded,
ch_0006244,inv_004707,cus_00342,2026-02-03T23:05:00Z,29,EUR,stripe,1,succeeded,
ch_0006245,inv_004708,cus_00342,2026-03-05T08:07:00Z,29,EUR,mollie,1,failed,insufficient_funds
ch_0006246,inv_004708,cus_00342,2026-03-12T22:47:00Z,29,EUR,mollie,2,failed,expired_card
ch_0006247,inv_004708,cus_00342,2026-03-15T01:09:00Z,29,EUR,mollie,3,failed,card_declined
ch_0006248,inv_004708,cus_00342,2026-03-18T23:10:00Z,29,EUR,mollie,4,failed,expired_card
ch_0006249,inv_004709,cus_00342,2026-04-03T03:50:00Z,29,EUR,stripe,1,succeeded,
ch_0006250,inv_004710,cus_00342,2026-05-01T15:47:00Z,29,EUR,stripe,1,succeeded,
ch_0006251,inv_004711,cus_00342,2026-06-05T14:49:00Z,29,EUR,stripe,1,succeeded,
ch_0006252,inv_004712,cus_00342,2026-07-03T23:51:00Z,29,EUR,stripe,1,succeeded,
ch_0006253,inv_004713,cus_00342,2026-08-03T05:38:00Z,29,EUR,stripe,1,succeeded,
ch_0006254,inv_004714,cus_00343,2025-11-01T20:43:00Z,29,EUR,adyen,1,succeeded,
ch_0006255,inv_004715,cus_00343,2025-12-03T19:03:00Z,29,EUR,stripe,1,succeeded,
ch_0006256,inv_004716,cus_00343,2026-01-02T20:04:00Z,29,EUR,stripe,1,succeeded,
ch_0006257,inv_004717,cus_00343,2026-02-05T08:49:00Z,29,EUR,stripe,1,succeeded,
ch_0006258,inv_004718,cus_00343,2026-03-05T19:41:00Z,29,EUR,stripe,1,succeeded,
ch_0006259,inv_004719,cus_00343,2026-04-01T04:37:00Z,29,EUR,adyen,1,succeeded,
ch_0006260,inv_004720,cus_00343,2026-05-02T04:37:00Z,29,EUR,stripe,1,succeeded,
ch_0006261,inv_004721,cus_00343,2026-06-04T13:45:00Z,29,EUR,stripe,1,succeeded,
ch_0006262,inv_004722,cus_00343,2026-07-03T19:11:00Z,29,EUR,stripe,1,succeeded,
ch_0006263,inv_004723,cus_00343,2026-08-02T00:48:00Z,29,EUR,adyen,1,succeeded,
ch_0006264,inv_004724,cus_00344,2025-11-05T22:21:00Z,29,EUR,stripe,1,succeeded,
ch_0006265,inv_004725,cus_00344,2025-12-03T20:00:00Z,29,EUR,stripe,1,succeeded,
ch_0006266,inv_004726,cus_00344,2026-01-02T12:24:00Z,29,EUR,stripe,1,succeeded,
ch_0006267,inv_004727,cus_00344,2026-02-04T11:40:00Z,29,EUR,adyen,1,succeeded,
ch_0006268,inv_004728,cus_00344,2026-03-03T01:32:00Z,29,EUR,adyen,1,succeeded,
ch_0006269,inv_004729,cus_00344,2026-04-04T20:54:00Z,29,EUR,stripe,1,succeeded,
ch_0006270,inv_004730,cus_00344,2026-05-02T14:49:00Z,29,EUR,stripe,1,succeeded,
ch_0006271,inv_004731,cus_00344,2026-06-04T13:36:00Z,29,EUR,mollie,1,succeeded,
ch_0006272,inv_004732,cus_00344,2026-07-02T06:13:00Z,29,EUR,stripe,1,succeeded,
ch_0006273,inv_004733,cus_00344,2026-08-03T01:21:00Z,29,EUR,stripe,1,succeeded,
ch_0006274,inv_004734,cus_00345,2025-11-02T04:39:00Z,99,EUR,adyen,1,succeeded,
ch_0006275,inv_004735,cus_00345,2025-12-04T12:16:00Z,99,EUR,stripe,1,succeeded,
ch_0006276,inv_004736,cus_00345,2026-01-01T19:55:00Z,99,EUR,stripe,1,succeeded,
ch_0006277,inv_004737,cus_00345,2026-02-02T05:47:00Z,99,EUR,stripe,1,failed,card_declined
ch_0006278,inv_004737,cus_00345,2026-02-05T04:53:00Z,99,EUR,stripe,2,succeeded,
ch_0006279,inv_004738,cus_00345,2026-03-04T05:31:00Z,149,EUR,adyen,1,succeeded,
ch_0006280,inv_004739,cus_00345,2026-04-02T17:27:00Z,149,EUR,mollie,1,succeeded,
ch_0006281,inv_004740,cus_00345,2026-05-05T19:04:00Z,149,EUR,stripe,1,succeeded,
ch_0006282,inv_004741,cus_00345,2026-06-03T10:49:00Z,149,EUR,stripe,1,succeeded,
ch_0006283,inv_004742,cus_00345,2026-07-05T10:46:00Z,149,EUR,stripe,1,succeeded,
ch_0006284,inv_004743,cus_00345,2026-08-03T08:29:00Z,149,EUR,adyen,1,succeeded,
ch_0006285,inv_004744,cus_00346,2025-11-05T05:44:00Z,29,EUR,stripe,1,succeeded,
ch_0006286,inv_004745,cus_00346,2025-12-02T15:35:00Z,29,EUR,stripe,1,succeeded,
ch_0006287,inv_004746,cus_00346,2026-01-01T07:23:00Z,29,EUR,adyen,1,succeeded,
ch_0006288,inv_004747,cus_00346,2026-02-01T14:18:00Z,29,EUR,stripe,1,failed,card_declined
ch_0006289,inv_004747,cus_00346,2026-02-04T00:08:00Z,29,EUR,stripe,2,failed,insufficient_funds
ch_0006290,inv_004747,cus_00346,2026-02-09T15:25:00Z,29,EUR,stripe,3,failed,expired_card
ch_0006291,inv_004747,cus_00346,2026-02-14T18:54:00Z,29,EUR,stripe,4,succeeded,
ch_0006292,inv_004748,cus_00346,2026-03-01T04:18:00Z,29,EUR,adyen,1,failed,card_declined
ch_0006293,inv_004748,cus_00346,2026-03-08T08:49:00Z,29,EUR,adyen,2,failed,card_declined
ch_0006294,inv_004748,cus_00346,2026-03-15T04:59:00Z,29,EUR,adyen,3,failed,insufficient_funds
ch_0006295,inv_004748,cus_00346,2026-03-20T15:19:00Z,29,EUR,adyen,4,succeeded,
ch_0006296,inv_004749,cus_00346,2026-04-05T07:40:00Z,29,EUR,stripe,1,succeeded,
ch_0006297,inv_004750,cus_00346,2026-05-04T12:10:00Z,29,EUR,stripe,1,succeeded,
ch_0006298,inv_004751,cus_00346,2026-06-03T14:28:00Z,29,EUR,stripe,1,failed,card_declined
ch_0006299,inv_004751,cus_00346,2026-06-06T17:10:00Z,29,EUR,stripe,2,succeeded,
ch_0006300,inv_004752,cus_00346,2026-07-05T10:31:00Z,29,EUR,adyen,1,succeeded,
ch_0006301,inv_004753,cus_00346,2026-08-01T17:27:00Z,29,EUR,stripe,1,failed,expired_card
ch_0006302,inv_004753,cus_00346,2026-08-08T04:28:00Z,29,EUR,stripe,2,failed,expired_card
ch_0006303,inv_004753,cus_00346,2026-08-11T15:47:00Z,29,EUR,stripe,3,succeeded,
ch_0006304,inv_004754,cus_00347,2025-11-04T06:11:00Z,99,EUR,stripe,1,succeeded,
ch_0006305,inv_004755,cus_00347,2025-12-04T19:50:00Z,99,EUR,stripe,1,succeeded,
ch_0006306,inv_004756,cus_00347,2026-01-01T01:19:00Z,99,EUR,stripe,1,succeeded,
ch_0006307,inv_004757,cus_00347,2026-02-04T16:14:00Z,99,EUR,adyen,1,succeeded,
ch_0006308,inv_004758,cus_00347,2026-03-03T01:39:00Z,149,EUR,adyen,1,succeeded,
ch_0006309,inv_004759,cus_00347,2026-04-04T13:56:00Z,149,EUR,stripe,1,succeeded,
ch_0006310,inv_004760,cus_00347,2026-05-04T08:24:00Z,149,EUR,stripe,1,succeeded,
ch_0006311,inv_004761,cus_00347,2026-06-04T00:48:00Z,149,EUR,stripe,1,succeeded,
ch_0006312,inv_004762,cus_00347,2026-07-03T18:33:00Z,149,EUR,stripe,1,succeeded,
ch_0006313,inv_004763,cus_00347,2026-08-04T17:38:00Z,149,EUR,stripe,1,succeeded,
ch_0006314,inv_004764,cus_00348,2025-11-02T20:36:00Z,1085.87,USD,stripe,1,failed,card_declined
ch_0006315,inv_004764,cus_00348,2025-11-05T12:37:00Z,1085.87,USD,stripe,2,failed,card_declined
ch_0006316,inv_004764,cus_00348,2025-11-10T08:40:00Z,1085.87,USD,stripe,3,failed,card_declined
ch_0006317,inv_004764,cus_00348,2025-11-13T11:48:00Z,1085.87,USD,stripe,4,succeeded,
ch_0006318,inv_004765,cus_00348,2025-12-01T04:27:00Z,1085.87,USD,stripe,1,succeeded,
ch_0006319,inv_004766,cus_00348,2026-01-01T06:36:00Z,1085.87,USD,stripe,1,succeeded,
ch_0006320,inv_004767,cus_00348,2026-02-05T18:23:00Z,1085.87,USD,stripe,1,failed,card_declined
ch_0006321,inv_004767,cus_00348,2026-02-12T09:59:00Z,1085.87,USD,stripe,2,failed,expired_card
ch_0006322,inv_004767,cus_00348,2026-02-17T20:38:00Z,1085.87,USD,stripe,3,succeeded,
ch_0006323,inv_004768,cus_00348,2026-03-05T13:41:00Z,1085.87,USD,adyen,1,succeeded,
ch_0006324,inv_004769,cus_00348,2026-04-04T21:28:00Z,1085.87,USD,stripe,1,succeeded,
ch_0006325,inv_004770,cus_00348,2026-05-03T20:41:00Z,1085.87,USD,mollie,1,failed,expired_card
ch_0006326,inv_004770,cus_00348,2026-05-08T13:51:00Z,1085.87,USD,mollie,2,failed,expired_card
ch_0006327,inv_004771,cus_00348,2026-06-05T04:32:00Z,1085.87,USD,stripe,1,succeeded,
ch_0006328,inv_004772,cus_00348,2026-07-04T02:08:00Z,1085.87,USD,mollie,1,succeeded,
ch_0006329,inv_004773,cus_00348,2026-08-05T05:57:00Z,1085.87,USD,stripe,1,succeeded,
ch_0006330,inv_004774,cus_00349,2025-11-03T12:34:00Z,84.62,GBP,adyen,1,succeeded,
ch_0006331,inv_004775,cus_00349,2025-12-01T02:56:00Z,84.62,GBP,stripe,1,succeeded,
ch_0006332,inv_004776,cus_00349,2026-01-04T15:31:00Z,84.62,GBP,stripe,1,succeeded,
ch_0006333,inv_004777,cus_00349,2026-02-04T06:41:00Z,84.62,GBP,stripe,1,succeeded,
ch_0006334,inv_004778,cus_00350,2025-11-04T20:28:00Z,284.76,CHF,stripe,1,succeeded,
ch_0006335,inv_004779,cus_00350,2025-12-03T12:35:00Z,284.76,CHF,adyen,1,succeeded,
ch_0006336,inv_004780,cus_00351,2025-11-02T13:55:00Z,299,EUR,adyen,1,succeeded,
ch_0006337,inv_004781,cus_00351,2025-12-03T01:03:00Z,299,EUR,adyen,1,succeeded,
ch_0006338,inv_004782,cus_00351,2026-01-03T10:04:00Z,299,EUR,mollie,1,succeeded,
ch_0006339,inv_004783,cus_00351,2026-02-03T08:23:00Z,299,EUR,stripe,1,succeeded,
ch_0006340,inv_004784,cus_00351,2026-03-05T12:03:00Z,299,EUR,mollie,1,failed,processing_error
ch_0006341,inv_004784,cus_00351,2026-03-10T04:12:00Z,299,EUR,mollie,2,failed,card_declined
ch_0006342,inv_004785,cus_00351,2026-04-01T12:33:00Z,299,EUR,stripe,1,failed,do_not_honor
ch_0006343,inv_004785,cus_00351,2026-04-04T23:55:00Z,299,EUR,stripe,2,succeeded,
ch_0006344,inv_004786,cus_00351,2026-05-01T21:46:00Z,299,EUR,stripe,1,succeeded,
ch_0006345,inv_004787,cus_00351,2026-06-05T01:05:00Z,299,EUR,stripe,1,succeeded,
ch_0006346,inv_004788,cus_00351,2026-07-04T09:27:00Z,299,EUR,adyen,1,succeeded,
ch_0006347,inv_004789,cus_00351,2026-08-05T07:57:00Z,299,EUR,stripe,1,failed,expired_card
ch_0006348,inv_004789,cus_00351,2026-08-10T11:34:00Z,299,EUR,stripe,2,failed,card_declined
ch_0006349,inv_004789,cus_00351,2026-08-13T19:02:00Z,299,EUR,stripe,3,succeeded,
ch_0006350,inv_004790,cus_00352,2025-11-02T21:05:00Z,29,EUR,mollie,1,succeeded,
ch_0006351,inv_004791,cus_00352,2025-12-05T03:08:00Z,29,EUR,adyen,1,failed,processing_error
ch_0006352,inv_004791,cus_00352,2025-12-12T19:12:00Z,29,EUR,adyen,2,failed,insufficient_funds
ch_0006353,inv_004791,cus_00352,2025-12-17T22:41:00Z,29,EUR,adyen,3,failed,card_declined
ch_0006354,inv_004791,cus_00352,2025-12-20T03:52:00Z,29,EUR,adyen,4,succeeded,
ch_0006355,inv_004792,cus_00352,2026-01-04T09:23:00Z,29,EUR,adyen,1,succeeded,
ch_0006356,inv_004793,cus_00352,2026-02-05T23:57:00Z,29,EUR,mollie,1,succeeded,
ch_0006357,inv_004794,cus_00352,2026-03-02T02:36:00Z,29,EUR,stripe,1,succeeded,
ch_0006358,inv_004795,cus_00352,2026-04-02T17:51:00Z,29,EUR,mollie,1,failed,card_declined
ch_0006359,inv_004795,cus_00352,2026-04-09T18:21:00Z,29,EUR,mollie,2,succeeded,
ch_0006360,inv_004796,cus_00352,2026-05-04T16:51:00Z,29,EUR,adyen,1,succeeded,
ch_0006361,inv_004797,cus_00352,2026-06-03T14:41:00Z,29,EUR,stripe,1,succeeded,
ch_0006362,inv_004798,cus_00352,2026-07-03T09:54:00Z,29,EUR,adyen,1,succeeded,
ch_0006363,inv_004799,cus_00352,2026-08-03T17:27:00Z,29,EUR,stripe,1,succeeded,
ch_0006364,inv_004800,cus_00353,2025-11-04T00:02:00Z,99,EUR,stripe,1,failed,card_declined
ch_0006365,inv_004800,cus_00353,2025-11-09T00:06:00Z,99,EUR,stripe,2,failed,card_declined
ch_0006366,inv_004800,cus_00353,2025-11-14T17:31:00Z,99,EUR,stripe,3,succeeded,
ch_0006367,inv_004801,cus_00353,2025-12-02T09:18:00Z,99,EUR,stripe,1,succeeded,
ch_0006368,inv_004802,cus_00353,2026-01-01T02:49:00Z,99,EUR,adyen,1,succeeded,
ch_0006369,inv_004803,cus_00353,2026-02-01T00:06:00Z,99,EUR,adyen,1,succeeded,
ch_0006370,inv_004804,cus_00354,2025-11-03T22:03:00Z,99,EUR,stripe,1,succeeded,
ch_0006371,inv_004805,cus_00354,2025-12-01T21:16:00Z,99,EUR,stripe,1,succeeded,
ch_0006372,inv_004806,cus_00354,2026-01-02T06:20:00Z,99,EUR,adyen,1,succeeded,
ch_0006373,inv_004807,cus_00354,2026-02-05T14:36:00Z,99,EUR,stripe,1,succeeded,
ch_0006374,inv_004808,cus_00355,2025-11-01T01:11:00Z,29,EUR,stripe,1,succeeded,
ch_0006375,inv_004809,cus_00355,2025-12-04T15:15:00Z,29,EUR,mollie,1,succeeded,
ch_0006376,inv_004810,cus_00355,2026-01-02T17:00:00Z,29,EUR,stripe,1,succeeded,
ch_0006377,inv_004811,cus_00355,2026-02-02T19:08:00Z,29,EUR,adyen,1,succeeded,
ch_0006378,inv_004812,cus_00355,2026-03-01T18:30:00Z,29,EUR,adyen,1,succeeded,
ch_0006379,inv_004813,cus_00355,2026-04-02T15:35:00Z,29,EUR,stripe,1,succeeded,
ch_0006380,inv_004814,cus_00355,2026-05-03T04:06:00Z,29,EUR,adyen,1,succeeded,
ch_0006381,inv_004815,cus_00355,2026-06-03T11:31:00Z,29,EUR,mollie,1,failed,expired_card
ch_0006382,inv_004815,cus_00355,2026-06-08T12:43:00Z,29,EUR,mollie,2,succeeded,
ch_0006383,inv_004816,cus_00355,2026-07-02T16:11:00Z,29,EUR,stripe,1,succeeded,
ch_0006384,inv_004817,cus_00355,2026-08-03T15:21:00Z,29,EUR,stripe,1,succeeded,
ch_0006385,inv_004818,cus_00356,2025-11-02T06:40:00Z,29,EUR,mollie,1,succeeded,
ch_0006386,inv_004819,cus_00356,2025-12-03T21:23:00Z,29,EUR,stripe,1,succeeded,
ch_0006387,inv_004820,cus_00356,2026-01-05T14:51:00Z,29,EUR,stripe,1,succeeded,
ch_0006388,inv_004821,cus_00356,2026-02-02T22:02:00Z,29,EUR,mollie,1,succeeded,
ch_0006389,inv_004822,cus_00356,2026-03-04T17:40:00Z,29,EUR,mollie,1,succeeded,
ch_0006390,inv_004823,cus_00356,2026-04-05T11:07:00Z,29,EUR,stripe,1,failed,insufficient_funds
ch_0006391,inv_004823,cus_00356,2026-04-10T05:32:00Z,29,EUR,stripe,2,failed,card_declined
ch_0006392,inv_004823,cus_00356,2026-04-17T09:48:00Z,29,EUR,stripe,3,failed,card_declined
ch_0006393,inv_004824,cus_00356,2026-05-02T17:09:00Z,29,EUR,mollie,1,failed,insufficient_funds
ch_0006394,inv_004824,cus_00356,2026-05-09T20:32:00Z,29,EUR,mollie,2,failed,card_declined
ch_0006395,inv_004824,cus_00356,2026-05-16T12:53:00Z,29,EUR,mollie,3,failed,insufficient_funds
ch_0006396,inv_004824,cus_00356,2026-05-23T18:50:00Z,29,EUR,mollie,4,failed,insufficient_funds
ch_0006397,inv_004825,cus_00356,2026-06-05T00:25:00Z,29,EUR,stripe,1,succeeded,
ch_0006398,inv_004826,cus_00356,2026-07-03T14:50:00Z,29,EUR,stripe,1,succeeded,
ch_0006399,inv_004827,cus_00356,2026-08-03T21:08:00Z,29,EUR,stripe,1,succeeded,
ch_0006400,inv_004828,cus_00357,2025-11-04T01:13:00Z,99,EUR,mollie,1,succeeded,
ch_0006401,inv_004829,cus_00357,2025-12-04T20:32:00Z,99,EUR,stripe,1,succeeded,
ch_0006402,inv_004830,cus_00357,2026-01-02T07:06:00Z,99,EUR,stripe,1,succeeded,
ch_0006403,inv_004831,cus_00357,2026-02-01T08:51:00Z,99,EUR,stripe,1,succeeded,
ch_0006404,inv_004832,cus_00357,2026-03-03T16:02:00Z,149,EUR,stripe,1,succeeded,
ch_0006405,inv_004833,cus_00357,2026-04-05T01:07:00Z,149,EUR,mollie,1,failed,expired_card
ch_0006406,inv_004833,cus_00357,2026-04-12T15:50:00Z,149,EUR,mollie,2,failed,expired_card
ch_0006407,inv_004833,cus_00357,2026-04-19T09:00:00Z,149,EUR,mollie,3,succeeded,
ch_0006408,inv_004834,cus_00357,2026-05-04T12:12:00Z,149,EUR,adyen,1,succeeded,
ch_0006409,inv_004835,cus_00357,2026-06-04T04:40:00Z,149,EUR,stripe,1,succeeded,
ch_0006410,inv_004836,cus_00357,2026-07-04T22:39:00Z,149,EUR,stripe,1,succeeded,
ch_0006411,inv_004837,cus_00357,2026-08-05T10:14:00Z,149,EUR,stripe,1,succeeded,
ch_0006412,inv_004838,cus_00358,2025-11-05T02:51:00Z,99,EUR,stripe,1,succeeded,
ch_0006413,inv_004839,cus_00358,2025-12-05T20:19:00Z,99,EUR,stripe,1,succeeded,
ch_0006414,inv_004840,cus_00358,2026-01-02T11:13:00Z,99,EUR,mollie,1,succeeded,
ch_0006415,inv_004841,cus_00358,2026-02-01T04:39:00Z,99,EUR,stripe,1,succeeded,
ch_0006416,inv_004842,cus_00358,2026-03-05T15:02:00Z,149,EUR,adyen,1,succeeded,
ch_0006417,inv_004843,cus_00358,2026-04-02T18:49:00Z,149,EUR,adyen,1,succeeded,
ch_0006418,inv_004844,cus_00358,2026-05-03T10:29:00Z,149,EUR,adyen,1,succeeded,
ch_0006419,inv_004845,cus_00358,2026-06-02T22:48:00Z,149,EUR,stripe,1,failed,expired_card
ch_0006420,inv_004845,cus_00358,2026-06-09T07:48:00Z,149,EUR,stripe,2,failed,do_not_honor
ch_0006421,inv_004845,cus_00358,2026-06-12T03:04:00Z,149,EUR,stripe,3,succeeded,
ch_0006422,inv_004846,cus_00358,2026-07-03T16:59:00Z,149,EUR,stripe,1,failed,expired_card
ch_0006423,inv_004846,cus_00358,2026-07-10T10:27:00Z,149,EUR,stripe,2,failed,insufficient_funds
ch_0006424,inv_004846,cus_00358,2026-07-15T02:19:00Z,149,EUR,stripe,3,failed,insufficient_funds
ch_0006425,inv_004846,cus_00358,2026-07-18T21:08:00Z,149,EUR,stripe,4,succeeded,
ch_0006426,inv_004847,cus_00358,2026-08-05T05:11:00Z,149,EUR,stripe,1,succeeded,
ch_0006427,inv_004848,cus_00359,2025-12-02T09:45:00Z,24.79,GBP,stripe,1,succeeded,
ch_0006428,inv_004849,cus_00359,2026-01-05T12:36:00Z,24.79,GBP,stripe,1,failed,insufficient_funds
ch_0006429,inv_004849,cus_00359,2026-01-08T19:29:00Z,24.79,GBP,stripe,2,failed,expired_card
ch_0006430,inv_004850,cus_00359,2026-02-03T14:12:00Z,24.79,GBP,stripe,1,succeeded,
ch_0006431,inv_004851,cus_00359,2026-03-01T10:32:00Z,24.79,GBP,adyen,1,succeeded,
ch_0006432,inv_004852,cus_00359,2026-04-02T23:21:00Z,24.79,GBP,stripe,1,succeeded,
ch_0006433,inv_004853,cus_00359,2026-05-03T07:44:00Z,24.79,GBP,adyen,1,succeeded,
ch_0006434,inv_004854,cus_00359,2026-06-02T22:32:00Z,24.79,GBP,stripe,1,succeeded,
ch_0006435,inv_004855,cus_00359,2026-07-02T09:58:00Z,24.79,GBP,adyen,1,succeeded,
ch_0006436,inv_004856,cus_00359,2026-08-05T10:20:00Z,24.79,GBP,stripe,1,succeeded,
ch_0006437,inv_004857,cus_00360,2025-12-03T01:38:00Z,94.29,CHF,stripe,1,failed,processing_error
ch_0006438,inv_004857,cus_00360,2025-12-08T21:34:00Z,94.29,CHF,stripe,2,failed,insufficient_funds
ch_0006439,inv_004857,cus_00360,2025-12-11T08:19:00Z,94.29,CHF,stripe,3,failed,expired_card
ch_0006440,inv_004857,cus_00360,2025-12-18T16:29:00Z,94.29,CHF,stripe,4,failed,insufficient_funds
ch_0006441,inv_004858,cus_00360,2026-01-01T15:04:00Z,94.29,CHF,stripe,1,succeeded,
ch_0006442,inv_004859,cus_00360,2026-02-03T09:54:00Z,94.29,CHF,adyen,1,succeeded,
ch_0006443,inv_004860,cus_00360,2026-03-03T13:35:00Z,141.9,CHF,stripe,1,succeeded,
ch_0006444,inv_004861,cus_00360,2026-04-02T00:45:00Z,141.9,CHF,stripe,1,succeeded,
ch_0006445,inv_004862,cus_00360,2026-05-05T13:38:00Z,141.9,CHF,stripe,1,succeeded,
ch_0006446,inv_004863,cus_00360,2026-06-01T06:55:00Z,141.9,CHF,mollie,1,succeeded,
ch_0006447,inv_004864,cus_00360,2026-07-03T00:42:00Z,141.9,CHF,adyen,1,succeeded,
ch_0006448,inv_004865,cus_00360,2026-08-02T11:57:00Z,141.9,CHF,stripe,1,succeeded,
ch_0006449,inv_004866,cus_00361,2025-12-02T06:43:00Z,99,EUR,adyen,1,succeeded,
ch_0006450,inv_004867,cus_00361,2026-01-03T19:35:00Z,99,EUR,stripe,1,succeeded,
ch_0006451,inv_004868,cus_00361,2026-02-05T07:53:00Z,99,EUR,mollie,1,succeeded,
ch_0006452,inv_004869,cus_00361,2026-03-03T13:07:00Z,149,EUR,mollie,1,succeeded,
ch_0006453,inv_004870,cus_00361,2026-04-05T17:58:00Z,149,EUR,stripe,1,succeeded,
ch_0006454,inv_004871,cus_00361,2026-05-02T01:04:00Z,149,EUR,stripe,1,succeeded,
ch_0006455,inv_004872,cus_00361,2026-06-02T02:23:00Z,149,EUR,stripe,1,failed,processing_error
ch_0006456,inv_004872,cus_00361,2026-06-07T00:03:00Z,149,EUR,stripe,2,failed,expired_card
ch_0006457,inv_004872,cus_00361,2026-06-14T08:24:00Z,149,EUR,stripe,3,succeeded,
ch_0006458,inv_004873,cus_00361,2026-07-01T02:27:00Z,149,EUR,stripe,1,succeeded,
ch_0006459,inv_004874,cus_00361,2026-08-01T15:01:00Z,149,EUR,stripe,1,succeeded,
ch_0006460,inv_004875,cus_00362,2025-12-03T01:48:00Z,99,EUR,adyen,1,succeeded,
ch_0006461,inv_004876,cus_00362,2026-01-03T07:09:00Z,99,EUR,stripe,1,succeeded,
ch_0006462,inv_004877,cus_00362,2026-02-05T21:43:00Z,99,EUR,mollie,1,succeeded,
ch_0006463,inv_004878,cus_00363,2025-12-03T05:18:00Z,84.62,GBP,stripe,1,succeeded,
ch_0006464,inv_004879,cus_00363,2026-01-05T15:11:00Z,84.62,GBP,adyen,1,succeeded,
ch_0006465,inv_004880,cus_00363,2026-02-04T18:39:00Z,84.62,GBP,stripe,1,succeeded,
ch_0006466,inv_004881,cus_00363,2026-03-04T07:01:00Z,127.35,GBP,mollie,1,succeeded,
ch_0006467,inv_004882,cus_00363,2026-04-02T17:17:00Z,127.35,GBP,stripe,1,succeeded,
ch_0006468,inv_004883,cus_00363,2026-05-01T14:47:00Z,127.35,GBP,adyen,1,succeeded,
ch_0006469,inv_004884,cus_00363,2026-06-05T07:50:00Z,127.35,GBP,adyen,1,succeeded,
ch_0006470,inv_004885,cus_00363,2026-07-04T18:55:00Z,127.35,GBP,adyen,1,succeeded,
ch_0006471,inv_004886,cus_00363,2026-08-05T11:17:00Z,127.35,GBP,stripe,1,succeeded,
ch_0006472,inv_004887,cus_00364,2025-12-02T22:13:00Z,29,EUR,adyen,1,succeeded,
ch_0006473,inv_004888,cus_00364,2026-01-04T16:57:00Z,29,EUR,adyen,1,succeeded,
ch_0006474,inv_004889,cus_00364,2026-02-02T18:50:00Z,29,EUR,stripe,1,failed,insufficient_funds
ch_0006475,inv_004889,cus_00364,2026-02-05T13:36:00Z,29,EUR,stripe,2,succeeded,
ch_0006476,inv_004890,cus_00364,2026-03-02T03:57:00Z,29,EUR,stripe,1,succeeded,
ch_0006477,inv_004891,cus_00364,2026-04-05T22:52:00Z,29,EUR,adyen,1,succeeded,
ch_0006478,inv_004892,cus_00364,2026-05-02T04:09:00Z,29,EUR,adyen,1,succeeded,
ch_0006479,inv_004893,cus_00364,2026-06-04T00:59:00Z,29,EUR,adyen,1,succeeded,
ch_0006480,inv_004894,cus_00364,2026-07-03T12:36:00Z,29,EUR,stripe,1,succeeded,
ch_0006481,inv_004895,cus_00364,2026-08-02T23:16:00Z,29,EUR,adyen,1,succeeded,
ch_0006482,inv_004896,cus_00365,2025-12-03T23:38:00Z,29,EUR,adyen,1,failed,insufficient_funds
ch_0006483,inv_004896,cus_00365,2025-12-06T17:44:00Z,29,EUR,adyen,2,failed,insufficient_funds
ch_0006484,inv_004896,cus_00365,2025-12-13T06:37:00Z,29,EUR,adyen,3,failed,expired_card
ch_0006485,inv_004897,cus_00365,2026-01-05T15:09:00Z,29,EUR,stripe,1,succeeded,
ch_0006486,inv_004898,cus_00365,2026-02-04T03:06:00Z,29,EUR,stripe,1,succeeded,
ch_0006487,inv_004899,cus_00365,2026-03-01T01:26:00Z,29,EUR,mollie,1,succeeded,
ch_0006488,inv_004900,cus_00365,2026-04-03T20:31:00Z,29,EUR,stripe,1,succeeded,
ch_0006489,inv_004901,cus_00365,2026-05-05T21:37:00Z,29,EUR,stripe,1,succeeded,
ch_0006490,inv_004902,cus_00365,2026-06-05T03:54:00Z,29,EUR,stripe,1,succeeded,
ch_0006491,inv_004903,cus_00365,2026-07-05T21:18:00Z,29,EUR,stripe,1,succeeded,
ch_0006492,inv_004904,cus_00365,2026-08-05T22:41:00Z,29,EUR,adyen,1,succeeded,
ch_0006493,inv_004905,cus_00366,2025-12-05T07:52:00Z,99,EUR,stripe,1,failed,card_declined
ch_0006494,inv_004905,cus_00366,2025-12-08T13:20:00Z,99,EUR,stripe,2,failed,insufficient_funds
ch_0006495,inv_004905,cus_00366,2025-12-15T12:43:00Z,99,EUR,stripe,3,succeeded,
ch_0006496,inv_004906,cus_00366,2026-01-04T11:05:00Z,99,EUR,stripe,1,failed,expired_card
ch_0006497,inv_004906,cus_00366,2026-01-11T14:51:00Z,99,EUR,stripe,2,failed,expired_card
ch_0006498,inv_004906,cus_00366,2026-01-18T11:23:00Z,99,EUR,stripe,3,failed,expired_card
ch_0006499,inv_004906,cus_00366,2026-01-25T03:34:00Z,99,EUR,stripe,4,succeeded,
ch_0006500,inv_004907,cus_00366,2026-02-05T20:49:00Z,99,EUR,mollie,1,succeeded,
ch_0006501,inv_004908,cus_00366,2026-03-03T07:22:00Z,149,EUR,stripe,1,failed,processing_error
ch_0006502,inv_004908,cus_00366,2026-03-08T04:59:00Z,149,EUR,stripe,2,succeeded,
ch_0006503,inv_004909,cus_00366,2026-04-04T06:01:00Z,149,EUR,stripe,1,succeeded,
ch_0006504,inv_004910,cus_00366,2026-05-05T00:24:00Z,149,EUR,stripe,1,succeeded,
ch_0006505,inv_004911,cus_00366,2026-06-01T14:33:00Z,149,EUR,stripe,1,succeeded,
ch_0006506,inv_004912,cus_00366,2026-07-03T20:58:00Z,149,EUR,adyen,1,failed,card_declined
ch_0006507,inv_004912,cus_00366,2026-07-06T06:34:00Z,149,EUR,adyen,2,failed,expired_card
ch_0006508,inv_004912,cus_00366,2026-07-13T23:15:00Z,149,EUR,adyen,3,failed,insufficient_funds
ch_0006509,inv_004912,cus_00366,2026-07-20T05:56:00Z,149,EUR,adyen,4,succeeded,
ch_0006510,inv_004913,cus_00366,2026-08-04T07:50:00Z,149,EUR,adyen,1,succeeded,
ch_0006511,inv_004914,cus_00367,2025-12-04T13:24:00Z,84.62,GBP,stripe,1,succeeded,
ch_0006512,inv_004915,cus_00367,2026-01-05T13:20:00Z,84.62,GBP,stripe,1,succeeded,
ch_0006513,inv_004916,cus_00367,2026-02-02T17:57:00Z,84.62,GBP,adyen,1,succeeded,
ch_0006514,inv_004918,cus_00368,2026-01-02T17:16:00Z,99,EUR,stripe,1,succeeded,
ch_0006515,inv_004919,cus_00368,2026-02-05T11:12:00Z,99,EUR,stripe,1,succeeded,
ch_0006516,inv_004920,cus_00368,2026-03-02T05:50:00Z,149,EUR,mollie,1,succeeded,
ch_0006517,inv_004921,cus_00368,2026-04-04T03:57:00Z,149,EUR,stripe,1,succeeded,
ch_0006518,inv_004922,cus_00368,2026-05-03T01:35:00Z,149,EUR,stripe,1,succeeded,
ch_0006519,inv_004923,cus_00368,2026-06-01T04:48:00Z,149,EUR,stripe,1,succeeded,
ch_0006520,inv_004924,cus_00368,2026-07-02T18:09:00Z,149,EUR,stripe,1,succeeded,
ch_0006521,inv_004925,cus_00368,2026-08-02T00:23:00Z,149,EUR,adyen,1,failed,card_declined
ch_0006522,inv_004925,cus_00368,2026-08-07T20:21:00Z,149,EUR,adyen,2,failed,expired_card
ch_0006523,inv_004925,cus_00368,2026-08-14T05:58:00Z,149,EUR,adyen,3,failed,expired_card
ch_0006524,inv_004925,cus_00368,2026-08-21T10:19:00Z,149,EUR,adyen,4,succeeded,
ch_0006525,inv_004926,cus_00369,2025-12-05T15:11:00Z,31.52,USD,stripe,1,succeeded,
ch_0006526,inv_004927,cus_00369,2026-01-04T11:45:00Z,31.52,USD,stripe,1,succeeded,
ch_0006527,inv_004928,cus_00369,2026-02-03T12:46:00Z,31.52,USD,stripe,1,failed,do_not_honor
ch_0006528,inv_004928,cus_00369,2026-02-08T19:54:00Z,31.52,USD,stripe,2,succeeded,
ch_0006529,inv_004929,cus_00369,2026-03-05T17:07:00Z,31.52,USD,adyen,1,succeeded,
ch_0006530,inv_004930,cus_00369,2026-04-03T12:05:00Z,31.52,USD,adyen,1,failed,card_declined
ch_0006531,inv_004930,cus_00369,2026-04-10T09:27:00Z,31.52,USD,adyen,2,failed,insufficient_funds
ch_0006532,inv_004930,cus_00369,2026-04-17T15:22:00Z,31.52,USD,adyen,3,failed,insufficient_funds
ch_0006533,inv_004930,cus_00369,2026-04-22T10:57:00Z,31.52,USD,adyen,4,failed,card_declined
ch_0006534,inv_004931,cus_00369,2026-05-03T11:47:00Z,31.52,USD,stripe,1,succeeded,
ch_0006535,inv_004932,cus_00369,2026-06-03T20:58:00Z,31.52,USD,adyen,1,failed,expired_card
ch_0006536,inv_004932,cus_00369,2026-06-08T16:47:00Z,31.52,USD,adyen,2,failed,insufficient_funds
ch_0006537,inv_004932,cus_00369,2026-06-15T18:47:00Z,31.52,USD,adyen,3,succeeded,
ch_0006538,inv_004933,cus_00369,2026-07-03T20:33:00Z,31.52,USD,mollie,1,succeeded,
ch_0006539,inv_004934,cus_00369,2026-08-04T12:17:00Z,31.52,USD,adyen,1,succeeded,
ch_0006540,inv_004935,cus_00370,2025-12-04T10:50:00Z,29,EUR,mollie,1,succeeded,
ch_0006541,inv_004936,cus_00370,2026-01-01T20:56:00Z,29,EUR,stripe,1,failed,insufficient_funds
ch_0006542,inv_004936,cus_00370,2026-01-06T17:59:00Z,29,EUR,stripe,2,failed,processing_error
ch_0006543,inv_004936,cus_00370,2026-01-11T09:34:00Z,29,EUR,stripe,3,succeeded,
ch_0006544,inv_004937,cus_00370,2026-02-02T02:00:00Z,29,EUR,stripe,1,succeeded,
ch_0006545,inv_004938,cus_00370,2026-03-04T16:27:00Z,29,EUR,mollie,1,succeeded,
ch_0006546,inv_004939,cus_00370,2026-04-01T14:35:00Z,29,EUR,stripe,1,succeeded,
ch_0006547,inv_004940,cus_00370,2026-05-04T21:58:00Z,29,EUR,stripe,1,succeeded,
ch_0006548,inv_004941,cus_00370,2026-06-01T02:40:00Z,29,EUR,stripe,1,succeeded,
ch_0006549,inv_004942,cus_00370,2026-07-05T11:57:00Z,29,EUR,adyen,1,succeeded,
ch_0006550,inv_004943,cus_00370,2026-08-03T02:34:00Z,29,EUR,mollie,1,succeeded,
ch_0006551,inv_004944,cus_00371,2025-12-04T04:53:00Z,84.62,GBP,mollie,1,succeeded,
ch_0006552,inv_004945,cus_00371,2026-01-02T19:40:00Z,84.62,GBP,adyen,1,succeeded,
ch_0006553,inv_004946,cus_00371,2026-02-01T16:26:00Z,84.62,GBP,stripe,1,failed,insufficient_funds
ch_0006554,inv_004946,cus_00371,2026-02-06T23:23:00Z,84.62,GBP,stripe,2,succeeded,
ch_0006555,inv_004947,cus_00371,2026-03-02T10:12:00Z,127.35,GBP,stripe,1,succeeded,
ch_0006556,inv_004948,cus_00371,2026-04-02T20:10:00Z,127.35,GBP,stripe,1,succeeded,
ch_0006557,inv_004949,cus_00371,2026-05-01T18:12:00Z,127.35,GBP,stripe,1,succeeded,
ch_0006558,inv_004950,cus_00371,2026-06-05T16:16:00Z,127.35,GBP,stripe,1,succeeded,
ch_0006559,inv_004951,cus_00371,2026-07-01T01:14:00Z,127.35,GBP,stripe,1,succeeded,
ch_0006560,inv_004952,cus_00371,2026-08-05T01:18:00Z,127.35,GBP,stripe,1,succeeded,
ch_0006561,inv_004953,cus_00372,2025-12-02T06:06:00Z,299,EUR,adyen,1,succeeded,
ch_0006562,inv_004954,cus_00372,2026-01-05T08:06:00Z,299,EUR,adyen,1,failed,insufficient_funds
ch_0006563,inv_004954,cus_00372,2026-01-10T06:20:00Z,299,EUR,adyen,2,succeeded,
ch_0006564,inv_004955,cus_00372,2026-02-02T21:08:00Z,299,EUR,stripe,1,succeeded,
ch_0006565,inv_004956,cus_00372,2026-03-05T21:01:00Z,299,EUR,mollie,1,succeeded,
ch_0006566,inv_004957,cus_00372,2026-04-01T05:23:00Z,299,EUR,stripe,1,failed,expired_card
ch_0006567,inv_004957,cus_00372,2026-04-04T08:48:00Z,299,EUR,stripe,2,failed,card_declined
ch_0006568,inv_004957,cus_00372,2026-04-09T17:31:00Z,299,EUR,stripe,3,succeeded,
ch_0006569,inv_004958,cus_00372,2026-05-04T04:45:00Z,299,EUR,stripe,1,failed,card_declined
ch_0006570,inv_004958,cus_00372,2026-05-11T05:39:00Z,299,EUR,stripe,2,failed,processing_error
ch_0006571,inv_004958,cus_00372,2026-05-14T06:00:00Z,299,EUR,stripe,3,failed,insufficient_funds
ch_0006572,inv_004959,cus_00372,2026-06-03T21:13:00Z,299,EUR,stripe,1,succeeded,
ch_0006573,inv_004960,cus_00372,2026-07-01T20:45:00Z,299,EUR,stripe,1,failed,processing_error
ch_0006574,inv_004960,cus_00372,2026-07-06T18:11:00Z,299,EUR,stripe,2,failed,card_declined
ch_0006575,inv_004960,cus_00372,2026-07-13T02:20:00Z,299,EUR,stripe,3,failed,insufficient_funds
ch_0006576,inv_004960,cus_00372,2026-07-16T01:04:00Z,299,EUR,stripe,4,succeeded,
ch_0006577,inv_004962,cus_00373,2025-12-05T09:04:00Z,29,EUR,stripe,1,succeeded,
ch_0006578,inv_004963,cus_00373,2026-01-03T13:16:00Z,29,EUR,stripe,1,succeeded,
ch_0006579,inv_004964,cus_00373,2026-02-05T08:26:00Z,29,EUR,stripe,1,succeeded,
ch_0006580,inv_004965,cus_00373,2026-03-02T23:13:00Z,29,EUR,mollie,1,succeeded,
ch_0006581,inv_004966,cus_00373,2026-04-01T18:43:00Z,29,EUR,adyen,1,succeeded,
ch_0006582,inv_004967,cus_00373,2026-05-05T07:11:00Z,29,EUR,mollie,1,failed,processing_error
ch_0006583,inv_004967,cus_00373,2026-05-12T03:49:00Z,29,EUR,mollie,2,failed,expired_card
ch_0006584,inv_004967,cus_00373,2026-05-19T23:22:00Z,29,EUR,mollie,3,failed,insufficient_funds
ch_0006585,inv_004967,cus_00373,2026-05-26T00:17:00Z,29,EUR,mollie,4,failed,card_declined
ch_0006586,inv_004968,cus_00373,2026-06-05T09:05:00Z,29,EUR,stripe,1,succeeded,
ch_0006587,inv_004969,cus_00373,2026-07-03T01:31:00Z,29,EUR,stripe,1,succeeded,
ch_0006588,inv_004970,cus_00373,2026-08-03T19:54:00Z,29,EUR,adyen,1,succeeded,
ch_0006589,inv_004971,cus_00374,2025-12-03T11:25:00Z,29,EUR,mollie,1,succeeded,
ch_0006590,inv_004972,cus_00374,2026-01-04T15:40:00Z,29,EUR,stripe,1,failed,card_declined
ch_0006591,inv_004972,cus_00374,2026-01-09T23:47:00Z,29,EUR,stripe,2,failed,expired_card
ch_0006592,inv_004972,cus_00374,2026-01-12T22:01:00Z,29,EUR,stripe,3,failed,card_declined
ch_0006593,inv_004973,cus_00374,2026-02-01T02:39:00Z,29,EUR,adyen,1,failed,insufficient_funds
ch_0006594,inv_004973,cus_00374,2026-02-04T04:36:00Z,29,EUR,adyen,2,succeeded,
ch_0006595,inv_004974,cus_00374,2026-03-01T10:27:00Z,29,EUR,stripe,1,succeeded,
ch_0006596,inv_004975,cus_00374,2026-04-03T21:56:00Z,29,EUR,stripe,1,succeeded,
ch_0006597,inv_004976,cus_00374,2026-05-05T02:06:00Z,29,EUR,adyen,1,failed,card_declined
ch_0006598,inv_004976,cus_00374,2026-05-10T18:08:00Z,29,EUR,adyen,2,failed,expired_card
ch_0006599,inv_004976,cus_00374,2026-05-13T10:31:00Z,29,EUR,adyen,3,failed,card_declined
ch_0006600,inv_004976,cus_00374,2026-05-18T00:05:00Z,29,EUR,adyen,4,succeeded,
ch_0006601,inv_004977,cus_00374,2026-06-05T19:29:00Z,29,EUR,stripe,1,succeeded,
ch_0006602,inv_004978,cus_00374,2026-07-05T05:38:00Z,29,EUR,adyen,1,failed,insufficient_funds
ch_0006603,inv_004978,cus_00374,2026-07-08T10:25:00Z,29,EUR,adyen,2,succeeded,
ch_0006604,inv_004979,cus_00374,2026-08-03T07:47:00Z,29,EUR,stripe,1,failed,card_declined
ch_0006605,inv_004979,cus_00374,2026-08-10T19:34:00Z,29,EUR,stripe,2,succeeded,
ch_0006606,inv_004980,cus_00375,2025-12-01T10:05:00Z,99,EUR,mollie,1,succeeded,
ch_0006607,inv_004981,cus_00375,2026-01-02T20:26:00Z,99,EUR,adyen,1,succeeded,
ch_0006608,inv_004982,cus_00375,2026-02-02T13:44:00Z,99,EUR,stripe,1,succeeded,
ch_0006609,inv_004983,cus_00375,2026-03-02T07:09:00Z,149,EUR,stripe,1,succeeded,
ch_0006610,inv_004984,cus_00375,2026-04-05T01:45:00Z,149,EUR,stripe,1,succeeded,
ch_0006611,inv_004985,cus_00375,2026-05-03T13:17:00Z,149,EUR,stripe,1,succeeded,
ch_0006612,inv_004986,cus_00375,2026-06-03T00:07:00Z,149,EUR,stripe,1,succeeded,
ch_0006613,inv_004987,cus_00375,2026-07-04T17:11:00Z,149,EUR,stripe,1,succeeded,
ch_0006614,inv_004988,cus_00375,2026-08-05T06:19:00Z,149,EUR,adyen,1,succeeded,
ch_0006615,inv_004989,cus_00376,2025-12-01T00:45:00Z,99,EUR,adyen,1,succeeded,
ch_0006616,inv_004990,cus_00376,2026-01-04T20:04:00Z,99,EUR,stripe,1,succeeded,
ch_0006617,inv_004991,cus_00376,2026-02-05T07:53:00Z,99,EUR,stripe,1,succeeded,
ch_0006618,inv_004992,cus_00376,2026-03-02T01:07:00Z,149,EUR,stripe,1,succeeded,
ch_0006619,inv_004993,cus_00376,2026-04-03T19:18:00Z,149,EUR,adyen,1,succeeded,
ch_0006620,inv_004994,cus_00376,2026-05-05T00:09:00Z,149,EUR,stripe,1,succeeded,
ch_0006621,inv_004995,cus_00376,2026-06-03T15:57:00Z,149,EUR,adyen,1,succeeded,
ch_0006622,inv_004996,cus_00376,2026-07-05T13:26:00Z,149,EUR,stripe,1,succeeded,
ch_0006623,inv_004997,cus_00376,2026-08-04T04:42:00Z,149,EUR,mollie,1,succeeded,
ch_0006624,inv_004998,cus_00377,2025-12-04T13:04:00Z,29,EUR,adyen,1,succeeded,
ch_0006625,inv_004999,cus_00377,2026-01-05T23:52:00Z,29,EUR,adyen,1,succeeded,
ch_0006626,inv_005000,cus_00377,2026-02-05T04:57:00Z,29,EUR,adyen,1,succeeded,
ch_0006627,inv_005001,cus_00377,2026-03-05T07:08:00Z,29,EUR,stripe,1,succeeded,
ch_0006628,inv_005002,cus_00377,2026-04-03T02:15:00Z,29,EUR,adyen,1,succeeded,
ch_0006629,inv_005003,cus_00377,2026-05-02T00:29:00Z,29,EUR,adyen,1,succeeded,
ch_0006630,inv_005004,cus_00377,2026-06-03T06:20:00Z,29,EUR,stripe,1,succeeded,
ch_0006631,inv_005005,cus_00377,2026-07-04T22:41:00Z,29,EUR,stripe,1,succeeded,
ch_0006632,inv_005006,cus_00377,2026-08-01T06:03:00Z,29,EUR,mollie,1,succeeded,
ch_0006633,inv_005007,cus_00378,2025-12-01T09:24:00Z,999,EUR,stripe,1,succeeded,
ch_0006634,inv_005008,cus_00378,2026-01-04T07:57:00Z,999,EUR,mollie,1,succeeded,
ch_0006635,inv_005009,cus_00378,2026-02-05T21:41:00Z,999,EUR,adyen,1,succeeded,
ch_0006636,inv_005010,cus_00378,2026-03-02T00:00:00Z,999,EUR,mollie,1,succeeded,
ch_0006637,inv_005011,cus_00378,2026-04-01T04:12:00Z,999,EUR,adyen,1,failed,card_declined
ch_0006638,inv_005011,cus_00378,2026-04-08T19:21:00Z,999,EUR,adyen,2,failed,do_not_honor
ch_0006639,inv_005011,cus_00378,2026-04-13T00:09:00Z,999,EUR,adyen,3,succeeded,
ch_0006640,inv_005012,cus_00378,2026-05-05T17:48:00Z,999,EUR,stripe,1,succeeded,
ch_0006641,inv_005013,cus_00378,2026-06-03T22:00:00Z,999,EUR,stripe,1,succeeded,
ch_0006642,inv_005014,cus_00378,2026-07-01T06:18:00Z,999,EUR,adyen,1,failed,card_declined
ch_0006643,inv_005014,cus_00378,2026-07-06T13:23:00Z,999,EUR,adyen,2,failed,insufficient_funds
ch_0006644,inv_005014,cus_00378,2026-07-09T22:37:00Z,999,EUR,adyen,3,failed,processing_error
ch_0006645,inv_005014,cus_00378,2026-07-14T16:17:00Z,999,EUR,adyen,4,succeeded,
ch_0006646,inv_005015,cus_00378,2026-08-04T18:18:00Z,999,EUR,stripe,1,failed,insufficient_funds
ch_0006647,inv_005015,cus_00378,2026-08-07T22:02:00Z,999,EUR,stripe,2,failed,card_declined
ch_0006648,inv_005015,cus_00378,2026-08-14T06:33:00Z,999,EUR,stripe,3,failed,card_declined
ch_0006649,inv_005015,cus_00378,2026-08-21T06:33:00Z,999,EUR,stripe,4,failed,expired_card
ch_0006650,inv_005016,cus_00379,2025-12-02T02:02:00Z,29,EUR,adyen,1,failed,card_declined
ch_0006651,inv_005016,cus_00379,2025-12-07T05:51:00Z,29,EUR,adyen,2,failed,processing_error
ch_0006652,inv_005016,cus_00379,2025-12-10T06:51:00Z,29,EUR,adyen,3,succeeded,
ch_0006653,inv_005017,cus_00380,2025-12-05T01:33:00Z,99,EUR,stripe,1,succeeded,
ch_0006654,inv_005018,cus_00380,2026-01-04T14:47:00Z,99,EUR,stripe,1,succeeded,
ch_0006655,inv_005019,cus_00380,2026-02-01T14:51:00Z,99,EUR,stripe,1,succeeded,
ch_0006656,inv_005020,cus_00380,2026-03-03T01:15:00Z,149,EUR,stripe,1,succeeded,
ch_0006657,inv_005021,cus_00380,2026-04-03T06:56:00Z,149,EUR,stripe,1,succeeded,
ch_0006658,inv_005022,cus_00380,2026-05-01T09:18:00Z,149,EUR,adyen,1,succeeded,
ch_0006659,inv_005023,cus_00380,2026-06-02T17:00:00Z,149,EUR,stripe,1,succeeded,
ch_0006660,inv_005024,cus_00380,2026-07-04T03:14:00Z,149,EUR,stripe,1,failed,do_not_honor
ch_0006661,inv_005024,cus_00380,2026-07-11T15:55:00Z,149,EUR,stripe,2,failed,insufficient_funds
ch_0006662,inv_005024,cus_00380,2026-07-14T19:58:00Z,149,EUR,stripe,3,failed,processing_error
ch_0006663,inv_005024,cus_00380,2026-07-21T18:19:00Z,149,EUR,stripe,4,succeeded,
ch_0006664,inv_005025,cus_00380,2026-08-01T01:45:00Z,149,EUR,stripe,1,succeeded,
ch_0006665,inv_005026,cus_00381,2025-12-05T09:02:00Z,29,EUR,stripe,1,succeeded,
ch_0006666,inv_005027,cus_00381,2026-01-03T09:46:00Z,29,EUR,adyen,1,succeeded,
ch_0006667,inv_005028,cus_00381,2026-02-04T03:51:00Z,29,EUR,stripe,1,succeeded,
ch_0006668,inv_005029,cus_00381,2026-03-05T09:00:00Z,29,EUR,adyen,1,failed,processing_error
ch_0006669,inv_005029,cus_00381,2026-03-10T16:06:00Z,29,EUR,adyen,2,failed,card_declined
ch_0006670,inv_005029,cus_00381,2026-03-13T04:18:00Z,29,EUR,adyen,3,succeeded,
ch_0006671,inv_005030,cus_00381,2026-04-04T14:48:00Z,29,EUR,adyen,1,succeeded,
ch_0006672,inv_005031,cus_00381,2026-05-02T21:33:00Z,29,EUR,stripe,1,succeeded,
ch_0006673,inv_005032,cus_00381,2026-06-01T01:34:00Z,29,EUR,stripe,1,succeeded,
ch_0006674,inv_005033,cus_00381,2026-07-03T16:58:00Z,29,EUR,mollie,1,failed,insufficient_funds
ch_0006675,inv_005033,cus_00381,2026-07-10T04:41:00Z,29,EUR,mollie,2,failed,insufficient_funds
ch_0006676,inv_005033,cus_00381,2026-07-17T13:28:00Z,29,EUR,mollie,3,failed,insufficient_funds
ch_0006677,inv_005033,cus_00381,2026-07-22T12:23:00Z,29,EUR,mollie,4,succeeded,
ch_0006678,inv_005034,cus_00381,2026-08-05T06:00:00Z,29,EUR,stripe,1,succeeded,
ch_0006679,inv_005035,cus_00382,2025-12-02T06:59:00Z,27.62,CHF,stripe,1,succeeded,
ch_0006680,inv_005036,cus_00382,2026-01-04T09:10:00Z,27.62,CHF,stripe,1,succeeded,
ch_0006681,inv_005037,cus_00382,2026-02-02T22:36:00Z,27.62,CHF,stripe,1,succeeded,
ch_0006682,inv_005038,cus_00382,2026-03-02T01:13:00Z,27.62,CHF,adyen,1,succeeded,
ch_0006683,inv_005039,cus_00382,2026-04-03T20:03:00Z,27.62,CHF,stripe,1,succeeded,
ch_0006684,inv_005040,cus_00382,2026-05-01T05:15:00Z,27.62,CHF,stripe,1,failed,card_declined
ch_0006685,inv_005040,cus_00382,2026-05-08T02:33:00Z,27.62,CHF,stripe,2,failed,card_declined
ch_0006686,inv_005040,cus_00382,2026-05-11T02:20:00Z,27.62,CHF,stripe,3,succeeded,
ch_0006687,inv_005041,cus_00382,2026-06-04T16:43:00Z,27.62,CHF,stripe,1,succeeded,
ch_0006688,inv_005042,cus_00382,2026-07-04T11:28:00Z,27.62,CHF,stripe,1,succeeded,
ch_0006689,inv_005043,cus_00382,2026-08-05T13:09:00Z,27.62,CHF,mollie,1,succeeded,
ch_0006690,inv_005044,cus_00383,2025-12-05T13:02:00Z,299,EUR,mollie,1,succeeded,
ch_0006691,inv_005045,cus_00383,2026-01-01T05:37:00Z,299,EUR,mollie,1,failed,do_not_honor
ch_0006692,inv_005045,cus_00383,2026-01-04T20:23:00Z,299,EUR,mollie,2,failed,processing_error
ch_0006693,inv_005045,cus_00383,2026-01-07T21:32:00Z,299,EUR,mollie,3,succeeded,
ch_0006694,inv_005046,cus_00383,2026-02-05T06:18:00Z,299,EUR,adyen,1,succeeded,
ch_0006695,inv_005047,cus_00383,2026-03-01T09:33:00Z,299,EUR,adyen,1,succeeded,
ch_0006696,inv_005048,cus_00383,2026-04-02T15:01:00Z,299,EUR,adyen,1,succeeded,
ch_0006697,inv_005050,cus_00383,2026-06-02T22:55:00Z,299,EUR,adyen,1,succeeded,
ch_0006698,inv_005051,cus_00383,2026-07-03T16:29:00Z,299,EUR,adyen,1,succeeded,
ch_0006699,inv_005052,cus_00383,2026-08-02T12:20:00Z,299,EUR,adyen,1,failed,card_declined
ch_0006700,inv_005052,cus_00383,2026-08-09T11:26:00Z,299,EUR,adyen,2,failed,insufficient_funds
ch_0006701,inv_005053,cus_00384,2025-12-01T14:22:00Z,29,EUR,stripe,1,failed,card_declined
ch_0006702,inv_005053,cus_00384,2025-12-06T02:51:00Z,29,EUR,stripe,2,succeeded,
ch_0006703,inv_005054,cus_00384,2026-01-04T14:09:00Z,29,EUR,mollie,1,failed,card_declined
ch_0006704,inv_005054,cus_00384,2026-01-07T20:30:00Z,29,EUR,mollie,2,failed,insufficient_funds
ch_0006705,inv_005054,cus_00384,2026-01-10T19:03:00Z,29,EUR,mollie,3,succeeded,
ch_0006706,inv_005055,cus_00384,2026-02-02T00:10:00Z,29,EUR,stripe,1,succeeded,
ch_0006707,inv_005056,cus_00384,2026-03-03T00:26:00Z,29,EUR,mollie,1,succeeded,
ch_0006708,inv_005057,cus_00384,2026-04-01T10:09:00Z,29,EUR,stripe,1,succeeded,
ch_0006709,inv_005058,cus_00384,2026-05-05T01:36:00Z,29,EUR,adyen,1,succeeded,
ch_0006710,inv_005059,cus_00384,2026-06-05T11:32:00Z,29,EUR,stripe,1,succeeded,
ch_0006711,inv_005060,cus_00384,2026-07-01T15:29:00Z,29,EUR,stripe,1,succeeded,
ch_0006712,inv_005061,cus_00384,2026-08-02T01:38:00Z,29,EUR,adyen,1,succeeded,
ch_0006713,inv_005062,cus_00385,2025-12-03T02:05:00Z,29,EUR,stripe,1,succeeded,
ch_0006714,inv_005063,cus_00385,2026-01-02T22:24:00Z,29,EUR,stripe,1,succeeded,
ch_0006715,inv_005064,cus_00385,2026-02-04T17:40:00Z,29,EUR,stripe,1,succeeded,
ch_0006716,inv_005065,cus_00385,2026-03-05T03:49:00Z,29,EUR,stripe,1,succeeded,
ch_0006717,inv_005066,cus_00385,2026-04-02T16:33:00Z,29,EUR,stripe,1,succeeded,
ch_0006718,inv_005067,cus_00385,2026-05-01T19:13:00Z,29,EUR,stripe,1,succeeded,
ch_0006719,inv_005068,cus_00385,2026-06-04T02:13:00Z,29,EUR,stripe,1,succeeded,
ch_0006720,inv_005069,cus_00385,2026-07-04T20:18:00Z,29,EUR,mollie,1,failed,card_declined
ch_0006721,inv_005069,cus_00385,2026-07-09T15:56:00Z,29,EUR,mollie,2,failed,card_declined
ch_0006722,inv_005069,cus_00385,2026-07-14T02:57:00Z,29,EUR,mollie,3,succeeded,
ch_0006723,inv_005070,cus_00385,2026-08-04T11:35:00Z,29,EUR,adyen,1,succeeded,
ch_0006724,inv_005071,cus_00386,2025-12-03T02:12:00Z,29,EUR,stripe,1,succeeded,
ch_0006725,inv_005072,cus_00386,2026-01-01T13:44:00Z,29,EUR,stripe,1,succeeded,
ch_0006726,inv_005073,cus_00386,2026-02-04T03:11:00Z,29,EUR,stripe,1,succeeded,
ch_0006727,inv_005074,cus_00386,2026-03-02T15:48:00Z,29,EUR,stripe,1,succeeded,
ch_0006728,inv_005075,cus_00386,2026-04-04T04:36:00Z,29,EUR,mollie,1,succeeded,
ch_0006729,inv_005076,cus_00386,2026-05-01T11:19:00Z,29,EUR,stripe,1,failed,do_not_honor
ch_0006730,inv_005076,cus_00386,2026-05-04T10:15:00Z,29,EUR,stripe,2,failed,do_not_honor
ch_0006731,inv_005077,cus_00386,2026-06-03T02:44:00Z,29,EUR,stripe,1,succeeded,
ch_0006732,inv_005078,cus_00386,2026-07-02T05:09:00Z,29,EUR,adyen,1,succeeded,
ch_0006733,inv_005079,cus_00386,2026-08-02T23:53:00Z,29,EUR,stripe,1,succeeded,
ch_0006734,inv_005080,cus_00387,2025-12-03T21:56:00Z,99,EUR,adyen,1,succeeded,
ch_0006735,inv_005081,cus_00387,2026-01-02T17:58:00Z,99,EUR,stripe,1,succeeded,
ch_0006736,inv_005082,cus_00387,2026-02-05T22:14:00Z,99,EUR,adyen,1,failed,card_declined
ch_0006737,inv_005082,cus_00387,2026-02-12T23:27:00Z,99,EUR,adyen,2,succeeded,
ch_0006738,inv_005083,cus_00388,2025-12-01T15:42:00Z,29,EUR,mollie,1,succeeded,
ch_0006739,inv_005084,cus_00388,2026-01-03T14:33:00Z,29,EUR,mollie,1,succeeded,
ch_0006740,inv_005085,cus_00388,2026-02-01T10:53:00Z,29,EUR,stripe,1,succeeded,
ch_0006741,inv_005086,cus_00388,2026-03-04T00:15:00Z,29,EUR,adyen,1,succeeded,
ch_0006742,inv_005087,cus_00388,2026-04-04T20:43:00Z,29,EUR,stripe,1,succeeded,
ch_0006743,inv_005088,cus_00388,2026-05-02T04:32:00Z,29,EUR,mollie,1,succeeded,
ch_0006744,inv_005089,cus_00388,2026-06-05T01:07:00Z,29,EUR,stripe,1,failed,expired_card
ch_0006745,inv_005089,cus_00388,2026-06-12T16:00:00Z,29,EUR,stripe,2,failed,card_declined
ch_0006746,inv_005089,cus_00388,2026-06-19T08:00:00Z,29,EUR,stripe,3,failed,card_declined
ch_0006747,inv_005089,cus_00388,2026-06-26T13:47:00Z,29,EUR,stripe,4,succeeded,
ch_0006748,inv_005090,cus_00388,2026-07-05T11:56:00Z,29,EUR,mollie,1,succeeded,
ch_0006749,inv_005091,cus_00388,2026-08-03T20:45:00Z,29,EUR,mollie,1,succeeded,
ch_0006750,inv_005092,cus_00389,2025-12-05T23:26:00Z,99,EUR,mollie,1,succeeded,
ch_0006751,inv_005093,cus_00389,2026-01-04T14:20:00Z,99,EUR,stripe,1,succeeded,
ch_0006752,inv_005094,cus_00389,2026-02-05T02:01:00Z,99,EUR,stripe,1,succeeded,
ch_0006753,inv_005095,cus_00389,2026-03-01T18:26:00Z,149,EUR,stripe,1,failed,card_declined
ch_0006754,inv_005095,cus_00389,2026-03-04T15:49:00Z,149,EUR,stripe,2,failed,expired_card
ch_0006755,inv_005095,cus_00389,2026-03-11T09:08:00Z,149,EUR,stripe,3,failed,insufficient_funds
ch_0006756,inv_005095,cus_00389,2026-03-18T10:41:00Z,149,EUR,stripe,4,succeeded,
ch_0006757,inv_005096,cus_00389,2026-04-03T09:13:00Z,149,EUR,adyen,1,succeeded,
ch_0006758,inv_005097,cus_00389,2026-05-01T11:28:00Z,149,EUR,stripe,1,failed,card_declined
ch_0006759,inv_005097,cus_00389,2026-05-06T21:36:00Z,149,EUR,stripe,2,succeeded,
ch_0006760,inv_005098,cus_00389,2026-06-04T09:47:00Z,149,EUR,adyen,1,succeeded,
ch_0006761,inv_005099,cus_00389,2026-07-04T12:46:00Z,149,EUR,adyen,1,succeeded,
ch_0006762,inv_005100,cus_00389,2026-08-05T06:27:00Z,149,EUR,mollie,1,succeeded,
ch_0006763,inv_005101,cus_00390,2026-01-02T07:14:00Z,99,EUR,adyen,1,succeeded,
ch_0006764,inv_005102,cus_00390,2026-02-04T01:50:00Z,99,EUR,adyen,1,succeeded,
ch_0006765,inv_005103,cus_00390,2026-03-02T03:27:00Z,149,EUR,mollie,1,succeeded,
ch_0006766,inv_005104,cus_00390,2026-04-01T04:48:00Z,149,EUR,stripe,1,succeeded,
ch_0006767,inv_005105,cus_00390,2026-05-02T06:15:00Z,149,EUR,stripe,1,succeeded,
ch_0006768,inv_005106,cus_00390,2026-06-03T06:08:00Z,149,EUR,adyen,1,succeeded,
ch_0006769,inv_005107,cus_00390,2026-07-05T17:41:00Z,149,EUR,mollie,1,succeeded,
ch_0006770,inv_005108,cus_00390,2026-08-02T11:25:00Z,149,EUR,mollie,1,succeeded,
ch_0006771,inv_005109,cus_00391,2026-01-05T03:47:00Z,31.52,USD,stripe,1,succeeded,
ch_0006772,inv_005110,cus_00391,2026-02-05T02:06:00Z,31.52,USD,adyen,1,succeeded,
ch_0006773,inv_005111,cus_00391,2026-03-02T18:11:00Z,31.52,USD,stripe,1,succeeded,
ch_0006774,inv_005112,cus_00391,2026-04-05T11:16:00Z,31.52,USD,stripe,1,succeeded,
ch_0006775,inv_005113,cus_00391,2026-05-01T02:03:00Z,31.52,USD,stripe,1,succeeded,
ch_0006776,inv_005114,cus_00391,2026-06-05T18:08:00Z,31.52,USD,stripe,1,succeeded,
ch_0006777,inv_005115,cus_00391,2026-07-02T05:17:00Z,31.52,USD,stripe,1,succeeded,
ch_0006778,inv_005116,cus_00391,2026-08-02T03:44:00Z,31.52,USD,stripe,1,succeeded,
ch_0006779,inv_005117,cus_00392,2026-01-05T21:27:00Z,99,EUR,stripe,1,succeeded,
ch_0006780,inv_005118,cus_00392,2026-02-03T11:12:00Z,99,EUR,stripe,1,succeeded,
ch_0006781,inv_005119,cus_00392,2026-03-03T18:30:00Z,149,EUR,adyen,1,succeeded,
ch_0006782,inv_005120,cus_00392,2026-04-03T21:06:00Z,149,EUR,stripe,1,failed,card_declined
ch_0006783,inv_005120,cus_00392,2026-04-10T10:30:00Z,149,EUR,stripe,2,failed,card_declined
ch_0006784,inv_005120,cus_00392,2026-04-17T16:13:00Z,149,EUR,stripe,3,failed,do_not_honor
ch_0006785,inv_005121,cus_00392,2026-05-05T13:40:00Z,149,EUR,stripe,1,succeeded,
ch_0006786,inv_005122,cus_00392,2026-06-01T02:19:00Z,149,EUR,stripe,1,succeeded,
ch_0006787,inv_005123,cus_00392,2026-07-02T14:04:00Z,149,EUR,adyen,1,succeeded,
ch_0006788,inv_005124,cus_00392,2026-08-03T06:05:00Z,149,EUR,mollie,1,succeeded,
ch_0006789,inv_005125,cus_00393,2026-01-05T01:14:00Z,24.79,GBP,stripe,1,succeeded,
ch_0006790,inv_005126,cus_00393,2026-02-05T13:35:00Z,24.79,GBP,stripe,1,failed,insufficient_funds
ch_0006791,inv_005126,cus_00393,2026-02-08T05:32:00Z,24.79,GBP,stripe,2,failed,processing_error
ch_0006792,inv_005126,cus_00393,2026-02-15T14:20:00Z,24.79,GBP,stripe,3,succeeded,
ch_0006793,inv_005127,cus_00393,2026-03-03T20:12:00Z,24.79,GBP,stripe,1,succeeded,
ch_0006794,inv_005128,cus_00393,2026-04-04T14:03:00Z,24.79,GBP,stripe,1,failed,card_declined
ch_0006795,inv_005128,cus_00393,2026-04-09T12:42:00Z,24.79,GBP,stripe,2,succeeded,
ch_0006796,inv_005129,cus_00393,2026-05-01T22:49:00Z,24.79,GBP,stripe,1,succeeded,
ch_0006797,inv_005130,cus_00393,2026-06-03T12:22:00Z,24.79,GBP,stripe,1,succeeded,
ch_0006798,inv_005131,cus_00393,2026-07-01T10:49:00Z,24.79,GBP,adyen,1,succeeded,
ch_0006799,inv_005132,cus_00393,2026-08-05T02:38:00Z,24.79,GBP,adyen,1,failed,card_declined
ch_0006800,inv_005132,cus_00393,2026-08-08T00:26:00Z,24.79,GBP,adyen,2,failed,insufficient_funds
ch_0006801,inv_005132,cus_00393,2026-08-13T03:34:00Z,24.79,GBP,adyen,3,failed,do_not_honor
ch_0006802,inv_005134,cus_00394,2026-02-05T23:32:00Z,329.55,SEK,stripe,1,succeeded,
ch_0006803,inv_005135,cus_00394,2026-03-01T10:38:00Z,329.55,SEK,stripe,1,succeeded,
ch_0006804,inv_005136,cus_00394,2026-04-05T11:46:00Z,329.55,SEK,adyen,1,failed,card_declined
ch_0006805,inv_005136,cus_00394,2026-04-10T04:34:00Z,329.55,SEK,adyen,2,failed,processing_error
ch_0006806,inv_005136,cus_00394,2026-04-13T04:06:00Z,329.55,SEK,adyen,3,failed,expired_card
ch_0006807,inv_005136,cus_00394,2026-04-20T18:51:00Z,329.55,SEK,adyen,4,succeeded,
ch_0006808,inv_005137,cus_00394,2026-05-05T08:37:00Z,329.55,SEK,stripe,1,succeeded,
ch_0006809,inv_005138,cus_00394,2026-06-02T12:13:00Z,329.55,SEK,adyen,1,succeeded,
ch_0006810,inv_005139,cus_00394,2026-07-05T05:20:00Z,329.55,SEK,stripe,1,succeeded,
ch_0006811,inv_005140,cus_00394,2026-08-02T16:13:00Z,329.55,SEK,stripe,1,failed,do_not_honor
ch_0006812,inv_005140,cus_00394,2026-08-09T17:35:00Z,329.55,SEK,stripe,2,failed,insufficient_funds
ch_0006813,inv_005140,cus_00394,2026-08-14T00:30:00Z,329.55,SEK,stripe,3,succeeded,
ch_0006814,inv_005141,cus_00395,2026-01-03T22:33:00Z,255.56,GBP,adyen,1,succeeded,
ch_0006815,inv_005142,cus_00395,2026-02-05T10:12:00Z,255.56,GBP,adyen,1,succeeded,
ch_0006816,inv_005143,cus_00395,2026-03-04T09:12:00Z,255.56,GBP,stripe,1,succeeded,
ch_0006817,inv_005144,cus_00395,2026-04-05T07:43:00Z,255.56,GBP,adyen,1,succeeded,
ch_0006818,inv_005145,cus_00395,2026-05-04T14:06:00Z,255.56,GBP,stripe,1,succeeded,
ch_0006819,inv_005146,cus_00395,2026-06-01T06:33:00Z,255.56,GBP,mollie,1,succeeded,
ch_0006820,inv_005147,cus_00395,2026-07-01T23:43:00Z,255.56,GBP,stripe,1,succeeded,
ch_0006821,inv_005148,cus_00395,2026-08-03T19:14:00Z,255.56,GBP,stripe,1,succeeded,
ch_0006822,inv_005149,cus_00396,2026-01-04T03:25:00Z,84.62,GBP,adyen,1,succeeded,
ch_0006823,inv_005150,cus_00396,2026-02-02T06:51:00Z,84.62,GBP,stripe,1,succeeded,
ch_0006824,inv_005151,cus_00396,2026-03-01T05:07:00Z,127.35,GBP,mollie,1,succeeded,
ch_0006825,inv_005152,cus_00396,2026-04-02T22:20:00Z,127.35,GBP,stripe,1,succeeded,
ch_0006826,inv_005153,cus_00396,2026-05-05T16:36:00Z,127.35,GBP,mollie,1,succeeded,
ch_0006827,inv_005154,cus_00396,2026-06-02T14:48:00Z,127.35,GBP,mollie,1,succeeded,
ch_0006828,inv_005155,cus_00396,2026-07-02T15:51:00Z,127.35,GBP,stripe,1,succeeded,
ch_0006829,inv_005156,cus_00397,2026-01-05T21:28:00Z,99,EUR,stripe,1,succeeded,
ch_0006830,inv_005157,cus_00397,2026-02-02T21:09:00Z,99,EUR,adyen,1,succeeded,
ch_0006831,inv_005158,cus_00397,2026-03-05T16:17:00Z,149,EUR,adyen,1,succeeded,
ch_0006832,inv_005159,cus_00397,2026-04-03T04:09:00Z,149,EUR,stripe,1,succeeded,
ch_0006833,inv_005160,cus_00397,2026-05-04T06:18:00Z,149,EUR,adyen,1,succeeded,
ch_0006834,inv_005161,cus_00397,2026-06-04T04:39:00Z,149,EUR,mollie,1,succeeded,
ch_0006835,inv_005162,cus_00397,2026-07-04T07:39:00Z,149,EUR,mollie,1,succeeded,
ch_0006836,inv_005163,cus_00397,2026-08-04T21:35:00Z,149,EUR,stripe,1,failed,expired_card
ch_0006837,inv_005163,cus_00397,2026-08-09T15:32:00Z,149,EUR,stripe,2,failed,expired_card
ch_0006838,inv_005163,cus_00397,2026-08-16T02:47:00Z,149,EUR,stripe,3,failed,card_declined
ch_0006839,inv_005163,cus_00397,2026-08-19T07:01:00Z,149,EUR,stripe,4,succeeded,
ch_0006840,inv_005164,cus_00398,2026-01-04T08:49:00Z,29,EUR,mollie,1,succeeded,
ch_0006841,inv_005165,cus_00398,2026-02-01T02:10:00Z,29,EUR,stripe,1,succeeded,
ch_0006842,inv_005166,cus_00398,2026-03-02T23:24:00Z,29,EUR,stripe,1,succeeded,
ch_0006843,inv_005167,cus_00398,2026-04-01T21:14:00Z,29,EUR,adyen,1,succeeded,
ch_0006844,inv_005168,cus_00398,2026-05-02T05:30:00Z,29,EUR,stripe,1,succeeded,
ch_0006845,inv_005169,cus_00398,2026-06-01T06:29:00Z,29,EUR,stripe,1,succeeded,
ch_0006846,inv_005170,cus_00398,2026-07-04T06:55:00Z,29,EUR,stripe,1,succeeded,
ch_0006847,inv_005171,cus_00398,2026-08-05T05:34:00Z,29,EUR,adyen,1,succeeded,
ch_0006848,inv_005172,cus_00399,2026-01-03T03:19:00Z,999,EUR,stripe,1,succeeded,
ch_0006849,inv_005173,cus_00399,2026-02-03T17:38:00Z,999,EUR,stripe,1,succeeded,
ch_0006850,inv_005174,cus_00399,2026-03-03T04:01:00Z,999,EUR,stripe,1,succeeded,
ch_0006851,inv_005175,cus_00399,2026-04-04T23:50:00Z,999,EUR,stripe,1,succeeded,
ch_0006852,inv_005176,cus_00399,2026-05-04T16:53:00Z,999,EUR,stripe,1,succeeded,
ch_0006853,inv_005177,cus_00399,2026-06-02T19:40:00Z,999,EUR,stripe,1,succeeded,
ch_0006854,inv_005178,cus_00399,2026-07-05T17:52:00Z,999,EUR,stripe,1,succeeded,
ch_0006855,inv_005179,cus_00399,2026-08-01T05:59:00Z,999,EUR,mollie,1,succeeded,
ch_0006856,inv_005180,cus_00400,2026-01-05T19:24:00Z,31.52,USD,adyen,1,succeeded,
ch_0006857,inv_005181,cus_00400,2026-02-02T20:54:00Z,31.52,USD,stripe,1,succeeded,
ch_0006858,inv_005182,cus_00401,2026-01-04T17:00:00Z,24.79,GBP,stripe,1,failed,card_declined
ch_0006859,inv_005182,cus_00401,2026-01-11T09:39:00Z,24.79,GBP,stripe,2,succeeded,
ch_0006860,inv_005183,cus_00401,2026-02-02T07:33:00Z,24.79,GBP,stripe,1,succeeded,
ch_0006861,inv_005184,cus_00401,2026-03-04T04:01:00Z,24.79,GBP,stripe,1,succeeded,
ch_0006862,inv_005185,cus_00401,2026-04-01T01:55:00Z,24.79,GBP,stripe,1,succeeded,
ch_0006863,inv_005186,cus_00401,2026-05-02T05:23:00Z,24.79,GBP,stripe,1,failed,card_declined
ch_0006864,inv_005186,cus_00401,2026-05-05T13:57:00Z,24.79,GBP,stripe,2,failed,card_declined
ch_0006865,inv_005186,cus_00401,2026-05-12T04:18:00Z,24.79,GBP,stripe,3,failed,card_declined
ch_0006866,inv_005186,cus_00401,2026-05-15T07:09:00Z,24.79,GBP,stripe,4,succeeded,
ch_0006867,inv_005187,cus_00401,2026-06-01T23:21:00Z,24.79,GBP,adyen,1,succeeded,
ch_0006868,inv_005188,cus_00401,2026-07-04T08:24:00Z,24.79,GBP,stripe,1,succeeded,
ch_0006869,inv_005189,cus_00401,2026-08-01T15:54:00Z,24.79,GBP,mollie,1,succeeded,
ch_0006870,inv_005190,cus_00402,2026-01-03T22:44:00Z,29,EUR,adyen,1,succeeded,
ch_0006871,inv_005191,cus_00402,2026-02-03T10:33:00Z,29,EUR,adyen,1,succeeded,
ch_0006872,inv_005192,cus_00402,2026-03-05T16:25:00Z,29,EUR,stripe,1,failed,insufficient_funds
ch_0006873,inv_005192,cus_00402,2026-03-12T16:02:00Z,29,EUR,stripe,2,failed,card_declined
ch_0006874,inv_005192,cus_00402,2026-03-15T01:08:00Z,29,EUR,stripe,3,failed,card_declined
ch_0006875,inv_005192,cus_00402,2026-03-20T03:11:00Z,29,EUR,stripe,4,succeeded,
ch_0006876,inv_005193,cus_00402,2026-04-02T16:26:00Z,29,EUR,adyen,1,succeeded,
ch_0006877,inv_005194,cus_00402,2026-05-02T07:14:00Z,29,EUR,stripe,1,succeeded,
ch_0006878,inv_005195,cus_00402,2026-06-01T16:24:00Z,29,EUR,adyen,1,succeeded,
ch_0006879,inv_005196,cus_00402,2026-07-04T06:12:00Z,29,EUR,stripe,1,succeeded,
ch_0006880,inv_005197,cus_00402,2026-08-01T15:17:00Z,29,EUR,stripe,1,succeeded,
ch_0006881,inv_005198,cus_00403,2026-01-01T08:19:00Z,99,EUR,mollie,1,succeeded,
ch_0006882,inv_005199,cus_00403,2026-02-03T12:23:00Z,99,EUR,stripe,1,succeeded,
ch_0006883,inv_005200,cus_00403,2026-03-01T16:31:00Z,149,EUR,adyen,1,failed,expired_card
ch_0006884,inv_005200,cus_00403,2026-03-04T03:54:00Z,149,EUR,adyen,2,failed,insufficient_funds
ch_0006885,inv_005200,cus_00403,2026-03-07T19:59:00Z,149,EUR,adyen,3,succeeded,
ch_0006886,inv_005201,cus_00403,2026-04-01T05:08:00Z,149,EUR,stripe,1,succeeded,
ch_0006887,inv_005202,cus_00403,2026-05-04T11:56:00Z,149,EUR,stripe,1,succeeded,
ch_0006888,inv_005203,cus_00403,2026-06-02T12:43:00Z,149,EUR,stripe,1,succeeded,
ch_0006889,inv_005204,cus_00403,2026-07-03T07:51:00Z,149,EUR,adyen,1,succeeded,
ch_0006890,inv_005205,cus_00403,2026-08-03T04:41:00Z,149,EUR,stripe,1,succeeded,
ch_0006891,inv_005206,cus_00404,2026-01-03T03:25:00Z,99,EUR,stripe,1,succeeded,
ch_0006892,inv_005207,cus_00404,2026-02-05T01:01:00Z,99,EUR,stripe,1,succeeded,
ch_0006893,inv_005208,cus_00404,2026-03-05T17:22:00Z,149,EUR,stripe,1,succeeded,
ch_0006894,inv_005209,cus_00404,2026-04-05T09:53:00Z,149,EUR,stripe,1,succeeded,
ch_0006895,inv_005210,cus_00404,2026-05-05T18:22:00Z,149,EUR,stripe,1,succeeded,
ch_0006896,inv_005211,cus_00404,2026-06-02T14:17:00Z,149,EUR,stripe,1,succeeded,
ch_0006897,inv_005212,cus_00404,2026-07-03T13:02:00Z,149,EUR,mollie,1,succeeded,
ch_0006898,inv_005213,cus_00404,2026-08-03T02:03:00Z,149,EUR,stripe,1,failed,expired_card
ch_0006899,inv_005213,cus_00404,2026-08-06T22:31:00Z,149,EUR,stripe,2,failed,expired_card
ch_0006900,inv_005213,cus_00404,2026-08-13T11:55:00Z,149,EUR,stripe,3,failed,card_declined
ch_0006901,inv_005213,cus_00404,2026-08-20T05:54:00Z,149,EUR,stripe,4,failed,do_not_honor
ch_0006902,inv_005214,cus_00405,2026-01-03T18:26:00Z,99,EUR,adyen,1,succeeded,
ch_0006903,inv_005215,cus_00405,2026-02-01T05:43:00Z,99,EUR,stripe,1,failed,insufficient_funds
ch_0006904,inv_005215,cus_00405,2026-02-06T06:03:00Z,99,EUR,stripe,2,succeeded,
ch_0006905,inv_005216,cus_00406,2026-01-03T22:27:00Z,29,EUR,stripe,1,succeeded,
ch_0006906,inv_005217,cus_00406,2026-02-02T19:35:00Z,29,EUR,adyen,1,succeeded,
ch_0006907,inv_005218,cus_00406,2026-03-04T17:23:00Z,29,EUR,stripe,1,succeeded,
ch_0006908,inv_005219,cus_00406,2026-04-05T19:50:00Z,29,EUR,stripe,1,failed,insufficient_funds
ch_0006909,inv_005219,cus_00406,2026-04-12T04:26:00Z,29,EUR,stripe,2,failed,do_not_honor
ch_0006910,inv_005219,cus_00406,2026-04-19T02:58:00Z,29,EUR,stripe,3,failed,card_declined
ch_0006911,inv_005219,cus_00406,2026-04-22T09:10:00Z,29,EUR,stripe,4,succeeded,
ch_0006912,inv_005220,cus_00406,2026-05-01T17:38:00Z,29,EUR,stripe,1,succeeded,
ch_0006913,inv_005221,cus_00406,2026-06-02T03:06:00Z,29,EUR,stripe,1,succeeded,
ch_0006914,inv_005222,cus_00406,2026-07-04T04:03:00Z,29,EUR,stripe,1,succeeded,
ch_0006915,inv_005223,cus_00406,2026-08-05T05:39:00Z,29,EUR,adyen,1,succeeded,
ch_0006916,inv_005224,cus_00407,2026-01-04T05:27:00Z,29,EUR,stripe,1,succeeded,
ch_0006917,inv_005225,cus_00407,2026-02-04T06:16:00Z,29,EUR,stripe,1,succeeded,
ch_0006918,inv_005226,cus_00407,2026-03-05T06:39:00Z,29,EUR,stripe,1,succeeded,
ch_0006919,inv_005227,cus_00407,2026-04-01T14:20:00Z,29,EUR,stripe,1,succeeded,
ch_0006920,inv_005228,cus_00407,2026-05-02T18:09:00Z,29,EUR,stripe,1,succeeded,
ch_0006921,inv_005229,cus_00407,2026-06-05T01:05:00Z,29,EUR,stripe,1,failed,expired_card
ch_0006922,inv_005229,cus_00407,2026-06-12T19:49:00Z,29,EUR,stripe,2,succeeded,
ch_0006923,inv_005230,cus_00407,2026-07-04T13:29:00Z,29,EUR,stripe,1,succeeded,
ch_0006924,inv_005231,cus_00407,2026-08-03T06:22:00Z,29,EUR,stripe,1,succeeded,
ch_0006925,inv_005232,cus_00408,2026-01-05T23:13:00Z,29,EUR,stripe,1,failed,card_declined
ch_0006926,inv_005232,cus_00408,2026-01-08T06:41:00Z,29,EUR,stripe,2,failed,expired_card
ch_0006927,inv_005232,cus_00408,2026-01-15T23:54:00Z,29,EUR,stripe,3,succeeded,
ch_0006928,inv_005233,cus_00408,2026-02-04T01:46:00Z,29,EUR,stripe,1,succeeded,
ch_0006929,inv_005234,cus_00408,2026-03-04T04:30:00Z,29,EUR,mollie,1,failed,insufficient_funds
ch_0006930,inv_005234,cus_00408,2026-03-07T12:59:00Z,29,EUR,mollie,2,failed,insufficient_funds
ch_0006931,inv_005234,cus_00408,2026-03-14T11:25:00Z,29,EUR,mollie,3,failed,processing_error
ch_0006932,inv_005234,cus_00408,2026-03-19T07:35:00Z,29,EUR,mollie,4,succeeded,
ch_0006933,inv_005235,cus_00408,2026-04-04T05:45:00Z,29,EUR,stripe,1,succeeded,
ch_0006934,inv_005236,cus_00408,2026-05-03T07:07:00Z,29,EUR,stripe,1,succeeded,
ch_0006935,inv_005237,cus_00408,2026-06-01T10:04:00Z,29,EUR,adyen,1,succeeded,
ch_0006936,inv_005238,cus_00408,2026-07-05T15:20:00Z,29,EUR,stripe,1,succeeded,
ch_0006937,inv_005239,cus_00408,2026-08-04T22:07:00Z,29,EUR,mollie,1,succeeded,
ch_0006938,inv_005240,cus_00409,2026-01-01T23:59:00Z,27.62,CHF,adyen,1,succeeded,
ch_0006939,inv_005241,cus_00409,2026-02-03T03:27:00Z,27.62,CHF,stripe,1,succeeded,
ch_0006940,inv_005242,cus_00409,2026-03-03T21:27:00Z,27.62,CHF,stripe,1,succeeded,
ch_0006941,inv_005243,cus_00409,2026-04-04T04:23:00Z,27.62,CHF,stripe,1,failed,processing_error
ch_0006942,inv_005243,cus_00409,2026-04-07T05:57:00Z,27.62,CHF,stripe,2,failed,expired_card
ch_0006943,inv_005243,cus_00409,2026-04-14T00:19:00Z,27.62,CHF,stripe,3,succeeded,
ch_0006944,inv_005244,cus_00409,2026-05-02T06:59:00Z,27.62,CHF,adyen,1,succeeded,
ch_0006945,inv_005245,cus_00409,2026-06-05T23:43:00Z,27.62,CHF,stripe,1,succeeded,
ch_0006946,inv_005246,cus_00409,2026-07-03T20:22:00Z,27.62,CHF,stripe,1,succeeded,
ch_0006947,inv_005247,cus_00409,2026-08-04T16:32:00Z,27.62,CHF,stripe,1,succeeded,
ch_0006948,inv_005248,cus_00410,2026-01-05T05:19:00Z,99,EUR,adyen,1,succeeded,
ch_0006949,inv_005249,cus_00410,2026-02-04T07:09:00Z,99,EUR,adyen,1,succeeded,
ch_0006950,inv_005250,cus_00410,2026-03-05T21:07:00Z,149,EUR,adyen,1,succeeded,
ch_0006951,inv_005251,cus_00410,2026-04-01T10:32:00Z,149,EUR,stripe,1,succeeded,
ch_0006952,inv_005252,cus_00410,2026-05-02T06:52:00Z,149,EUR,stripe,1,succeeded,
ch_0006953,inv_005253,cus_00410,2026-06-02T12:58:00Z,149,EUR,adyen,1,succeeded,
ch_0006954,inv_005254,cus_00410,2026-07-03T10:18:00Z,149,EUR,stripe,1,failed,card_declined
ch_0006955,inv_005254,cus_00410,2026-07-08T14:09:00Z,149,EUR,stripe,2,failed,card_declined
ch_0006956,inv_005254,cus_00410,2026-07-15T11:19:00Z,149,EUR,stripe,3,succeeded,
ch_0006957,inv_005255,cus_00410,2026-08-04T02:44:00Z,149,EUR,stripe,1,succeeded,
ch_0006958,inv_005256,cus_00411,2026-01-04T17:55:00Z,99,EUR,stripe,1,succeeded,
ch_0006959,inv_005257,cus_00411,2026-02-04T03:32:00Z,99,EUR,mollie,1,succeeded,
ch_0006960,inv_005258,cus_00412,2026-01-02T18:36:00Z,329.55,SEK,stripe,1,succeeded,
ch_0006961,inv_005259,cus_00412,2026-02-02T15:22:00Z,329.55,SEK,mollie,1,succeeded,
ch_0006962,inv_005260,cus_00412,2026-03-02T00:30:00Z,329.55,SEK,stripe,1,succeeded,
ch_0006963,inv_005261,cus_00412,2026-04-04T15:54:00Z,329.55,SEK,adyen,1,succeeded,
ch_0006964,inv_005262,cus_00412,2026-05-02T12:01:00Z,329.55,SEK,adyen,1,succeeded,
ch_0006965,inv_005263,cus_00412,2026-06-03T18:54:00Z,329.55,SEK,stripe,1,succeeded,
ch_0006966,inv_005264,cus_00412,2026-07-02T02:04:00Z,329.55,SEK,stripe,1,succeeded,
ch_0006967,inv_005265,cus_00412,2026-08-02T07:17:00Z,329.55,SEK,stripe,1,succeeded,
ch_0006968,inv_005266,cus_00413,2026-01-01T13:41:00Z,99,EUR,mollie,1,succeeded,
ch_0006969,inv_005267,cus_00413,2026-02-05T23:16:00Z,99,EUR,stripe,1,failed,card_declined
ch_0006970,inv_005267,cus_00413,2026-02-08T10:52:00Z,99,EUR,stripe,2,succeeded,
ch_0006971,inv_005268,cus_00413,2026-03-02T05:40:00Z,149,EUR,stripe,1,succeeded,
ch_0006972,inv_005269,cus_00413,2026-04-05T17:05:00Z,149,EUR,stripe,1,succeeded,
ch_0006973,inv_005270,cus_00413,2026-05-05T00:59:00Z,149,EUR,stripe,1,succeeded,
ch_0006974,inv_005271,cus_00413,2026-06-04T01:19:00Z,149,EUR,stripe,1,succeeded,
ch_0006975,inv_005272,cus_00413,2026-07-02T10:10:00Z,149,EUR,stripe,1,succeeded,
ch_0006976,inv_005273,cus_00413,2026-08-04T06:42:00Z,149,EUR,adyen,1,succeeded,
ch_0006977,inv_005274,cus_00414,2026-01-02T05:17:00Z,29,EUR,stripe,1,succeeded,
ch_0006978,inv_005275,cus_00414,2026-02-02T05:58:00Z,29,EUR,stripe,1,failed,card_declined
ch_0006979,inv_005275,cus_00414,2026-02-07T20:25:00Z,29,EUR,stripe,2,failed,do_not_honor
ch_0006980,inv_005275,cus_00414,2026-02-10T09:20:00Z,29,EUR,stripe,3,failed,do_not_honor
ch_0006981,inv_005275,cus_00414,2026-02-13T04:40:00Z,29,EUR,stripe,4,succeeded,
ch_0006982,inv_005276,cus_00414,2026-03-03T05:45:00Z,29,EUR,stripe,1,succeeded,
ch_0006983,inv_005277,cus_00414,2026-04-01T15:41:00Z,29,EUR,stripe,1,succeeded,
ch_0006984,inv_005278,cus_00414,2026-05-05T15:23:00Z,29,EUR,adyen,1,succeeded,
ch_0006985,inv_005279,cus_00414,2026-06-02T05:38:00Z,29,EUR,adyen,1,failed,expired_card
ch_0006986,inv_005279,cus_00414,2026-06-09T16:06:00Z,29,EUR,adyen,2,failed,insufficient_funds
ch_0006987,inv_005279,cus_00414,2026-06-14T12:11:00Z,29,EUR,adyen,3,succeeded,
ch_0006988,inv_005280,cus_00414,2026-07-04T14:56:00Z,29,EUR,stripe,1,succeeded,
ch_0006989,inv_005281,cus_00414,2026-08-05T09:57:00Z,29,EUR,stripe,1,succeeded,
ch_0006990,inv_005282,cus_00415,2026-01-02T07:14:00Z,99,EUR,stripe,1,succeeded,
ch_0006991,inv_005283,cus_00415,2026-02-02T19:08:00Z,99,EUR,stripe,1,succeeded,
ch_0006992,inv_005284,cus_00415,2026-03-03T13:38:00Z,149,EUR,stripe,1,succeeded,
ch_0006993,inv_005285,cus_00415,2026-04-01T12:38:00Z,149,EUR,mollie,1,succeeded,
ch_0006994,inv_005286,cus_00415,2026-05-03T13:46:00Z,149,EUR,stripe,1,succeeded,
ch_0006995,inv_005287,cus_00415,2026-06-04T14:06:00Z,149,EUR,adyen,1,succeeded,
ch_0006996,inv_005288,cus_00415,2026-07-01T22:43:00Z,149,EUR,adyen,1,succeeded,
ch_0006997,inv_005289,cus_00415,2026-08-02T04:54:00Z,149,EUR,stripe,1,succeeded,
ch_0006998,inv_005290,cus_00416,2026-01-05T13:58:00Z,99,EUR,stripe,1,succeeded,
ch_0006999,inv_005291,cus_00416,2026-02-01T23:56:00Z,99,EUR,mollie,1,succeeded,
ch_0007000,inv_005292,cus_00417,2026-01-03T15:21:00Z,284.76,CHF,stripe,1,succeeded,
ch_0007001,inv_005293,cus_00417,2026-02-02T10:29:00Z,284.76,CHF,stripe,1,succeeded,
ch_0007002,inv_005294,cus_00417,2026-03-04T14:16:00Z,284.76,CHF,stripe,1,succeeded,
ch_0007003,inv_005295,cus_00417,2026-04-02T08:42:00Z,284.76,CHF,adyen,1,succeeded,
ch_0007004,inv_005296,cus_00417,2026-05-04T20:28:00Z,284.76,CHF,stripe,1,succeeded,
ch_0007005,inv_005297,cus_00417,2026-06-03T04:19:00Z,284.76,CHF,adyen,1,succeeded,
ch_0007006,inv_005298,cus_00417,2026-07-01T20:37:00Z,284.76,CHF,stripe,1,succeeded,
ch_0007007,inv_005299,cus_00417,2026-08-01T12:02:00Z,284.76,CHF,stripe,1,succeeded,
ch_0007008,inv_005300,cus_00418,2026-01-04T08:12:00Z,99,EUR,adyen,1,succeeded,
ch_0007009,inv_005301,cus_00418,2026-02-02T07:57:00Z,99,EUR,adyen,1,succeeded,
ch_0007010,inv_005302,cus_00418,2026-03-04T22:29:00Z,149,EUR,adyen,1,succeeded,
ch_0007011,inv_005303,cus_00418,2026-04-02T06:25:00Z,149,EUR,adyen,1,succeeded,
ch_0007012,inv_005304,cus_00418,2026-05-01T21:23:00Z,149,EUR,mollie,1,failed,insufficient_funds
ch_0007013,inv_005304,cus_00418,2026-05-04T04:14:00Z,149,EUR,mollie,2,failed,expired_card
ch_0007014,inv_005304,cus_00418,2026-05-07T15:11:00Z,149,EUR,mollie,3,failed,card_declined
ch_0007015,inv_005304,cus_00418,2026-05-14T16:05:00Z,149,EUR,mollie,4,succeeded,
ch_0007016,inv_005305,cus_00418,2026-06-01T04:30:00Z,149,EUR,adyen,1,succeeded,
ch_0007017,inv_005306,cus_00418,2026-07-01T15:14:00Z,149,EUR,adyen,1,succeeded,
ch_0007018,inv_005307,cus_00418,2026-08-02T12:04:00Z,149,EUR,mollie,1,succeeded,
ch_0007019,inv_005308,cus_00419,2026-01-04T21:29:00Z,24.79,GBP,stripe,1,succeeded,
ch_0007020,inv_005309,cus_00419,2026-02-03T22:55:00Z,24.79,GBP,adyen,1,succeeded,
ch_0007021,inv_005310,cus_00419,2026-03-01T09:14:00Z,24.79,GBP,stripe,1,succeeded,
ch_0007022,inv_005311,cus_00419,2026-04-02T19:51:00Z,24.79,GBP,adyen,1,succeeded,
ch_0007023,inv_005312,cus_00419,2026-05-03T21:35:00Z,24.79,GBP,stripe,1,failed,expired_card
ch_0007024,inv_005312,cus_00419,2026-05-06T16:28:00Z,24.79,GBP,stripe,2,failed,expired_card
ch_0007025,inv_005312,cus_00419,2026-05-09T04:48:00Z,24.79,GBP,stripe,3,succeeded,
ch_0007026,inv_005313,cus_00419,2026-06-05T03:37:00Z,24.79,GBP,stripe,1,failed,do_not_honor
ch_0007027,inv_005313,cus_00419,2026-06-12T00:07:00Z,24.79,GBP,stripe,2,failed,processing_error
ch_0007028,inv_005314,cus_00419,2026-07-01T03:03:00Z,24.79,GBP,stripe,1,failed,insufficient_funds
ch_0007029,inv_005314,cus_00419,2026-07-08T10:31:00Z,24.79,GBP,stripe,2,failed,card_declined
ch_0007030,inv_005314,cus_00419,2026-07-15T04:51:00Z,24.79,GBP,stripe,3,succeeded,
ch_0007031,inv_005315,cus_00419,2026-08-01T09:19:00Z,24.79,GBP,stripe,1,succeeded,
ch_0007032,inv_005316,cus_00420,2026-01-04T19:27:00Z,299,EUR,mollie,1,succeeded,
ch_0007033,inv_005317,cus_00420,2026-02-01T15:45:00Z,299,EUR,stripe,1,succeeded,
ch_0007034,inv_005318,cus_00420,2026-03-05T15:19:00Z,299,EUR,adyen,1,succeeded,
ch_0007035,inv_005319,cus_00420,2026-04-04T08:54:00Z,299,EUR,adyen,1,succeeded,
ch_0007036,inv_005320,cus_00420,2026-05-05T12:13:00Z,299,EUR,stripe,1,succeeded,
ch_0007037,inv_005321,cus_00420,2026-06-03T12:22:00Z,299,EUR,stripe,1,failed,do_not_honor
ch_0007038,inv_005321,cus_00420,2026-06-08T18:36:00Z,299,EUR,stripe,2,succeeded,
ch_0007039,inv_005322,cus_00420,2026-07-05T21:51:00Z,299,EUR,stripe,1,succeeded,
ch_0007040,inv_005323,cus_00420,2026-08-04T22:22:00Z,299,EUR,stripe,1,succeeded,
ch_0007041,inv_005324,cus_00421,2026-01-04T00:55:00Z,329.55,SEK,stripe,1,succeeded,
ch_0007042,inv_005325,cus_00421,2026-02-04T13:40:00Z,329.55,SEK,stripe,1,succeeded,
ch_0007043,inv_005326,cus_00421,2026-03-05T20:52:00Z,329.55,SEK,stripe,1,succeeded,
ch_0007044,inv_005327,cus_00421,2026-04-05T13:37:00Z,329.55,SEK,stripe,1,succeeded,
ch_0007045,inv_005328,cus_00421,2026-05-02T20:01:00Z,329.55,SEK,stripe,1,succeeded,
ch_0007046,inv_005329,cus_00421,2026-06-05T11:25:00Z,329.55,SEK,stripe,1,succeeded,
ch_0007047,inv_005330,cus_00421,2026-07-01T14:16:00Z,329.55,SEK,stripe,1,succeeded,
ch_0007048,inv_005331,cus_00421,2026-08-03T23:11:00Z,329.55,SEK,stripe,1,succeeded,
ch_0007049,inv_005332,cus_00422,2026-01-04T07:25:00Z,24.79,GBP,stripe,1,succeeded,
ch_0007050,inv_005333,cus_00422,2026-02-03T17:36:00Z,24.79,GBP,adyen,1,failed,insufficient_funds
ch_0007051,inv_005333,cus_00422,2026-02-10T00:00:00Z,24.79,GBP,adyen,2,failed,card_declined
ch_0007052,inv_005333,cus_00422,2026-02-13T08:47:00Z,24.79,GBP,adyen,3,succeeded,
ch_0007053,inv_005334,cus_00422,2026-03-05T17:04:00Z,24.79,GBP,stripe,1,succeeded,
ch_0007054,inv_005335,cus_00422,2026-04-04T21:31:00Z,24.79,GBP,stripe,1,succeeded,
ch_0007055,inv_005336,cus_00422,2026-05-01T15:07:00Z,24.79,GBP,mollie,1,failed,insufficient_funds
ch_0007056,inv_005336,cus_00422,2026-05-06T23:48:00Z,24.79,GBP,mollie,2,succeeded,
ch_0007057,inv_005337,cus_00423,2026-01-02T08:14:00Z,99,EUR,mollie,1,failed,insufficient_funds
ch_0007058,inv_005337,cus_00423,2026-01-09T11:54:00Z,99,EUR,mollie,2,succeeded,
ch_0007059,inv_005338,cus_00423,2026-02-05T19:31:00Z,99,EUR,stripe,1,succeeded,
ch_0007060,inv_005339,cus_00423,2026-03-03T00:03:00Z,149,EUR,mollie,1,succeeded,
ch_0007061,inv_005340,cus_00423,2026-04-02T16:54:00Z,149,EUR,stripe,1,succeeded,
ch_0007062,inv_005341,cus_00423,2026-05-02T23:05:00Z,149,EUR,stripe,1,failed,card_declined
ch_0007063,inv_005341,cus_00423,2026-05-07T16:32:00Z,149,EUR,stripe,2,failed,do_not_honor
ch_0007064,inv_005341,cus_00423,2026-05-12T17:59:00Z,149,EUR,stripe,3,failed,card_declined
ch_0007065,inv_005341,cus_00423,2026-05-15T06:39:00Z,149,EUR,stripe,4,succeeded,
ch_0007066,inv_005342,cus_00423,2026-06-04T16:18:00Z,149,EUR,stripe,1,succeeded,
ch_0007067,inv_005343,cus_00423,2026-07-02T08:47:00Z,149,EUR,stripe,1,succeeded,
ch_0007068,inv_005344,cus_00423,2026-08-04T18:44:00Z,149,EUR,stripe,1,succeeded,
ch_0007069,inv_005346,cus_00424,2026-02-01T05:48:00Z,24.79,GBP,stripe,1,succeeded,
ch_0007070,inv_005347,cus_00424,2026-03-02T03:04:00Z,24.79,GBP,stripe,1,succeeded,
ch_0007071,inv_005348,cus_00424,2026-04-03T01:27:00Z,24.79,GBP,adyen,1,succeeded,
ch_0007072,inv_005349,cus_00424,2026-05-03T01:36:00Z,24.79,GBP,adyen,1,succeeded,
ch_0007073,inv_005350,cus_00425,2026-01-05T18:17:00Z,299,EUR,stripe,1,succeeded,
ch_0007074,inv_005351,cus_00425,2026-02-04T00:50:00Z,299,EUR,adyen,1,failed,insufficient_funds
ch_0007075,inv_005351,cus_00425,2026-02-11T07:24:00Z,299,EUR,adyen,2,succeeded,
ch_0007076,inv_005352,cus_00425,2026-03-05T09:49:00Z,299,EUR,stripe,1,failed,expired_card
ch_0007077,inv_005352,cus_00425,2026-03-08T09:24:00Z,299,EUR,stripe,2,failed,card_declined
ch_0007078,inv_005352,cus_00425,2026-03-15T21:39:00Z,299,EUR,stripe,3,failed,expired_card
ch_0007079,inv_005352,cus_00425,2026-03-22T11:20:00Z,299,EUR,stripe,4,failed,expired_card
ch_0007080,inv_005353,cus_00425,2026-04-04T18:49:00Z,299,EUR,mollie,1,failed,insufficient_funds
ch_0007081,inv_005353,cus_00425,2026-04-09T06:01:00Z,299,EUR,mollie,2,failed,card_declined
ch_0007082,inv_005354,cus_00425,2026-05-02T02:57:00Z,299,EUR,adyen,1,succeeded,
ch_0007083,inv_005355,cus_00425,2026-06-05T13:23:00Z,299,EUR,stripe,1,succeeded,
ch_0007084,inv_005356,cus_00425,2026-07-04T19:50:00Z,299,EUR,stripe,1,succeeded,
ch_0007085,inv_005357,cus_00425,2026-08-02T14:43:00Z,299,EUR,mollie,1,succeeded,
ch_0007086,inv_005358,cus_00426,2026-02-05T15:20:00Z,99,EUR,mollie,1,succeeded,
ch_0007087,inv_005359,cus_00426,2026-03-05T07:37:00Z,149,EUR,stripe,1,succeeded,
ch_0007088,inv_005360,cus_00426,2026-04-04T09:41:00Z,149,EUR,stripe,1,succeeded,
ch_0007089,inv_005361,cus_00426,2026-05-05T14:33:00Z,149,EUR,adyen,1,succeeded,
ch_0007090,inv_005362,cus_00426,2026-06-05T04:40:00Z,149,EUR,adyen,1,succeeded,
ch_0007091,inv_005363,cus_00426,2026-07-03T00:25:00Z,149,EUR,stripe,1,succeeded,
ch_0007092,inv_005364,cus_00426,2026-08-03T14:32:00Z,149,EUR,adyen,1,succeeded,
ch_0007093,inv_005365,cus_00427,2026-02-03T14:21:00Z,27.62,CHF,stripe,1,succeeded,
ch_0007094,inv_005366,cus_00427,2026-03-01T17:15:00Z,27.62,CHF,adyen,1,failed,insufficient_funds
ch_0007095,inv_005366,cus_00427,2026-03-08T13:37:00Z,27.62,CHF,adyen,2,failed,insufficient_funds
ch_0007096,inv_005366,cus_00427,2026-03-11T13:48:00Z,27.62,CHF,adyen,3,failed,processing_error
ch_0007097,inv_005366,cus_00427,2026-03-14T16:17:00Z,27.62,CHF,adyen,4,succeeded,
ch_0007098,inv_005367,cus_00427,2026-04-04T12:18:00Z,27.62,CHF,stripe,1,succeeded,
ch_0007099,inv_005368,cus_00427,2026-05-04T08:34:00Z,27.62,CHF,stripe,1,succeeded,
ch_0007100,inv_005369,cus_00427,2026-06-01T22:11:00Z,27.62,CHF,adyen,1,succeeded,
ch_0007101,inv_005370,cus_00427,2026-07-04T02:23:00Z,27.62,CHF,mollie,1,succeeded,
ch_0007102,inv_005371,cus_00427,2026-08-05T02:39:00Z,27.62,CHF,stripe,1,succeeded,
ch_0007103,inv_005372,cus_00428,2026-02-02T06:43:00Z,99,EUR,stripe,1,failed,card_declined
ch_0007104,inv_005372,cus_00428,2026-02-09T03:03:00Z,99,EUR,stripe,2,succeeded,
ch_0007105,inv_005374,cus_00428,2026-04-01T23:42:00Z,149,EUR,mollie,1,succeeded,
ch_0007106,inv_005375,cus_00428,2026-05-05T13:35:00Z,149,EUR,stripe,1,failed,expired_card
ch_0007107,inv_005375,cus_00428,2026-05-12T18:50:00Z,149,EUR,stripe,2,failed,processing_error
ch_0007108,inv_005375,cus_00428,2026-05-15T10:28:00Z,149,EUR,stripe,3,succeeded,
ch_0007109,inv_005376,cus_00428,2026-06-05T03:39:00Z,149,EUR,stripe,1,succeeded,
ch_0007110,inv_005377,cus_00428,2026-07-05T02:17:00Z,149,EUR,stripe,1,succeeded,
ch_0007111,inv_005378,cus_00428,2026-08-05T08:06:00Z,149,EUR,mollie,1,succeeded,
ch_0007112,inv_005379,cus_00429,2026-02-03T15:22:00Z,29,EUR,mollie,1,succeeded,
ch_0007113,inv_005380,cus_00429,2026-03-03T11:41:00Z,29,EUR,stripe,1,succeeded,
ch_0007114,inv_005381,cus_00429,2026-04-03T20:01:00Z,29,EUR,stripe,1,succeeded,
ch_0007115,inv_005382,cus_00429,2026-05-04T19:27:00Z,29,EUR,adyen,1,succeeded,
ch_0007116,inv_005383,cus_00429,2026-06-03T00:05:00Z,29,EUR,stripe,1,succeeded,
ch_0007117,inv_005384,cus_00429,2026-07-02T19:23:00Z,29,EUR,mollie,1,succeeded,
ch_0007118,inv_005385,cus_00429,2026-08-04T06:32:00Z,29,EUR,stripe,1,failed,card_declined
ch_0007119,inv_005385,cus_00429,2026-08-07T20:34:00Z,29,EUR,stripe,2,succeeded,
ch_0007120,inv_005386,cus_00430,2026-02-03T19:12:00Z,299,EUR,stripe,1,succeeded,
ch_0007121,inv_005387,cus_00430,2026-03-05T19:41:00Z,299,EUR,mollie,1,succeeded,
ch_0007122,inv_005388,cus_00430,2026-04-02T15:56:00Z,299,EUR,stripe,1,succeeded,
ch_0007123,inv_005389,cus_00430,2026-05-01T12:18:00Z,299,EUR,stripe,1,succeeded,
ch_0007124,inv_005390,cus_00430,2026-06-01T19:11:00Z,299,EUR,stripe,1,succeeded,
ch_0007125,inv_005391,cus_00430,2026-07-05T07:53:00Z,299,EUR,mollie,1,succeeded,
ch_0007126,inv_005392,cus_00430,2026-08-01T03:49:00Z,299,EUR,stripe,1,succeeded,
ch_0007127,inv_005393,cus_00431,2026-02-01T22:28:00Z,29,EUR,stripe,1,succeeded,
ch_0007128,inv_005394,cus_00431,2026-03-03T03:23:00Z,29,EUR,mollie,1,succeeded,
ch_0007129,inv_005395,cus_00431,2026-04-03T02:27:00Z,29,EUR,stripe,1,failed,card_declined
ch_0007130,inv_005395,cus_00431,2026-04-08T15:42:00Z,29,EUR,stripe,2,failed,card_declined
ch_0007131,inv_005395,cus_00431,2026-04-13T00:19:00Z,29,EUR,stripe,3,failed,do_not_honor
ch_0007132,inv_005395,cus_00431,2026-04-16T16:01:00Z,29,EUR,stripe,4,succeeded,
ch_0007133,inv_005396,cus_00431,2026-05-03T03:50:00Z,29,EUR,mollie,1,succeeded,
ch_0007134,inv_005397,cus_00431,2026-06-03T13:32:00Z,29,EUR,mollie,1,succeeded,
ch_0007135,inv_005398,cus_00431,2026-07-03T18:05:00Z,29,EUR,adyen,1,succeeded,
ch_0007136,inv_005399,cus_00431,2026-08-01T12:35:00Z,29,EUR,adyen,1,succeeded,
ch_0007137,inv_005400,cus_00432,2026-02-04T22:50:00Z,99,EUR,mollie,1,succeeded,
ch_0007138,inv_005401,cus_00432,2026-03-05T18:44:00Z,149,EUR,mollie,1,succeeded,
ch_0007139,inv_005402,cus_00432,2026-04-02T21:41:00Z,149,EUR,stripe,1,succeeded,
ch_0007140,inv_005403,cus_00432,2026-05-02T16:47:00Z,149,EUR,stripe,1,failed,insufficient_funds
ch_0007141,inv_005403,cus_00432,2026-05-07T02:41:00Z,149,EUR,stripe,2,failed,do_not_honor
ch_0007142,inv_005403,cus_00432,2026-05-14T09:37:00Z,149,EUR,stripe,3,succeeded,
ch_0007143,inv_005404,cus_00432,2026-06-05T20:18:00Z,149,EUR,stripe,1,succeeded,
ch_0007144,inv_005405,cus_00432,2026-07-05T19:16:00Z,149,EUR,adyen,1,succeeded,
ch_0007145,inv_005406,cus_00432,2026-08-05T10:33:00Z,149,EUR,stripe,1,failed,card_declined
ch_0007146,inv_005406,cus_00432,2026-08-08T10:42:00Z,149,EUR,stripe,2,succeeded,
ch_0007147,inv_005407,cus_00433,2026-02-01T07:53:00Z,299,EUR,adyen,1,failed,insufficient_funds
ch_0007148,inv_005407,cus_00433,2026-02-08T12:53:00Z,299,EUR,adyen,2,failed,do_not_honor
ch_0007149,inv_005408,cus_00433,2026-03-02T09:50:00Z,299,EUR,stripe,1,succeeded,
ch_0007150,inv_005409,cus_00433,2026-04-04T06:02:00Z,299,EUR,adyen,1,succeeded,
ch_0007151,inv_005410,cus_00433,2026-05-04T10:25:00Z,299,EUR,stripe,1,succeeded,
ch_0007152,inv_005411,cus_00433,2026-06-03T10:11:00Z,299,EUR,adyen,1,succeeded,
ch_0007153,inv_005412,cus_00433,2026-07-03T05:56:00Z,299,EUR,mollie,1,succeeded,
ch_0007154,inv_005413,cus_00433,2026-08-05T06:30:00Z,299,EUR,stripe,1,succeeded,
ch_0007155,inv_005414,cus_00434,2026-02-05T15:34:00Z,29,EUR,adyen,1,succeeded,
ch_0007156,inv_005415,cus_00434,2026-03-05T00:49:00Z,29,EUR,adyen,1,failed,insufficient_funds
ch_0007157,inv_005415,cus_00434,2026-03-12T22:39:00Z,29,EUR,adyen,2,succeeded,
ch_0007158,inv_005416,cus_00434,2026-04-02T10:26:00Z,29,EUR,stripe,1,succeeded,
ch_0007159,inv_005417,cus_00434,2026-05-03T16:15:00Z,29,EUR,adyen,1,succeeded,
ch_0007160,inv_005418,cus_00435,2026-02-01T14:25:00Z,299,EUR,mollie,1,succeeded,
ch_0007161,inv_005419,cus_00435,2026-03-02T07:20:00Z,299,EUR,stripe,1,succeeded,
ch_0007162,inv_005420,cus_00435,2026-04-04T03:59:00Z,299,EUR,stripe,1,succeeded,
ch_0007163,inv_005421,cus_00435,2026-05-01T12:39:00Z,299,EUR,adyen,1,succeeded,
ch_0007164,inv_005422,cus_00435,2026-06-04T05:30:00Z,299,EUR,stripe,1,failed,card_declined
ch_0007165,inv_005422,cus_00435,2026-06-09T17:14:00Z,299,EUR,stripe,2,succeeded,
ch_0007166,inv_005423,cus_00435,2026-07-01T21:10:00Z,299,EUR,stripe,1,succeeded,
ch_0007167,inv_005424,cus_00435,2026-08-03T07:57:00Z,299,EUR,adyen,1,failed,card_declined
ch_0007168,inv_005424,cus_00435,2026-08-06T14:03:00Z,299,EUR,adyen,2,failed,insufficient_funds
ch_0007169,inv_005424,cus_00435,2026-08-11T02:43:00Z,299,EUR,adyen,3,failed,card_declined
ch_0007170,inv_005424,cus_00435,2026-08-16T13:15:00Z,299,EUR,adyen,4,failed,card_declined
ch_0007171,inv_005425,cus_00436,2026-02-05T22:55:00Z,299,EUR,adyen,1,succeeded,
ch_0007172,inv_005426,cus_00436,2026-03-02T23:06:00Z,299,EUR,stripe,1,succeeded,
ch_0007173,inv_005427,cus_00436,2026-04-04T00:23:00Z,299,EUR,adyen,1,succeeded,
ch_0007174,inv_005428,cus_00436,2026-05-05T04:24:00Z,299,EUR,adyen,1,failed,insufficient_funds
ch_0007175,inv_005428,cus_00436,2026-05-12T09:40:00Z,299,EUR,adyen,2,failed,card_declined
ch_0007176,inv_005428,cus_00436,2026-05-15T12:51:00Z,299,EUR,adyen,3,failed,expired_card
ch_0007177,inv_005428,cus_00436,2026-05-20T02:10:00Z,299,EUR,adyen,4,succeeded,
ch_0007178,inv_005429,cus_00436,2026-06-03T04:58:00Z,299,EUR,stripe,1,failed,processing_error
ch_0007179,inv_005429,cus_00436,2026-06-08T21:48:00Z,299,EUR,stripe,2,succeeded,
ch_0007180,inv_005430,cus_00436,2026-07-01T11:27:00Z,299,EUR,stripe,1,succeeded,
ch_0007181,inv_005431,cus_00436,2026-08-01T22:55:00Z,299,EUR,adyen,1,succeeded,
ch_0007182,inv_005432,cus_00437,2026-02-05T01:21:00Z,299,EUR,adyen,1,succeeded,
ch_0007183,inv_005433,cus_00437,2026-03-01T03:57:00Z,299,EUR,stripe,1,succeeded,
ch_0007184,inv_005434,cus_00437,2026-04-01T10:50:00Z,299,EUR,stripe,1,succeeded,
ch_0007185,inv_005435,cus_00437,2026-05-03T19:15:00Z,299,EUR,mollie,1,succeeded,
ch_0007186,inv_005436,cus_00437,2026-06-01T17:34:00Z,299,EUR,stripe,1,failed,expired_card
ch_0007187,inv_005436,cus_00437,2026-06-06T00:42:00Z,299,EUR,stripe,2,failed,card_declined
ch_0007188,inv_005436,cus_00437,2026-06-11T21:49:00Z,299,EUR,stripe,3,succeeded,
ch_0007189,inv_005437,cus_00437,2026-07-03T13:01:00Z,299,EUR,adyen,1,succeeded,
ch_0007190,inv_005438,cus_00437,2026-08-02T23:47:00Z,299,EUR,stripe,1,failed,card_declined
ch_0007191,inv_005438,cus_00437,2026-08-05T16:15:00Z,299,EUR,stripe,2,succeeded,
ch_0007192,inv_005439,cus_00438,2026-02-03T18:41:00Z,29,EUR,stripe,1,succeeded,
ch_0007193,inv_005440,cus_00438,2026-03-02T17:19:00Z,29,EUR,mollie,1,succeeded,
ch_0007194,inv_005441,cus_00438,2026-04-03T08:31:00Z,29,EUR,adyen,1,succeeded,
ch_0007195,inv_005442,cus_00438,2026-05-04T00:14:00Z,29,EUR,adyen,1,succeeded,
ch_0007196,inv_005443,cus_00438,2026-06-01T11:23:00Z,29,EUR,stripe,1,failed,do_not_honor
ch_0007197,inv_005443,cus_00438,2026-06-08T10:37:00Z,29,EUR,stripe,2,failed,card_declined
ch_0007198,inv_005443,cus_00438,2026-06-15T16:49:00Z,29,EUR,stripe,3,succeeded,
ch_0007199,inv_005444,cus_00438,2026-07-03T18:01:00Z,29,EUR,stripe,1,succeeded,
ch_0007200,inv_005445,cus_00438,2026-08-03T10:03:00Z,29,EUR,stripe,1,succeeded,
ch_0007201,inv_005446,cus_00439,2026-02-03T12:15:00Z,29,EUR,stripe,1,succeeded,
ch_0007202,inv_005447,cus_00439,2026-03-04T09:10:00Z,29,EUR,stripe,1,succeeded,
ch_0007203,inv_005448,cus_00439,2026-04-03T13:47:00Z,29,EUR,stripe,1,succeeded,
ch_0007204,inv_005449,cus_00439,2026-05-04T15:10:00Z,29,EUR,stripe,1,succeeded,
ch_0007205,inv_005450,cus_00439,2026-06-03T18:26:00Z,29,EUR,stripe,1,failed,expired_card
ch_0007206,inv_005450,cus_00439,2026-06-08T16:21:00Z,29,EUR,stripe,2,succeeded,
ch_0007207,inv_005451,cus_00439,2026-07-04T23:59:00Z,29,EUR,adyen,1,succeeded,
ch_0007208,inv_005452,cus_00439,2026-08-02T14:05:00Z,29,EUR,stripe,1,succeeded,
ch_0007209,inv_005453,cus_00440,2026-02-03T13:03:00Z,99,EUR,stripe,1,succeeded,
ch_0007210,inv_005454,cus_00441,2026-02-04T04:47:00Z,99,EUR,stripe,1,succeeded,
ch_0007211,inv_005455,cus_00442,2026-02-02T23:36:00Z,29,EUR,adyen,1,succeeded,
ch_0007212,inv_005456,cus_00442,2026-03-04T02:11:00Z,29,EUR,stripe,1,failed,card_declined
ch_0007213,inv_005456,cus_00442,2026-03-09T01:19:00Z,29,EUR,stripe,2,failed,card_declined
ch_0007214,inv_005457,cus_00442,2026-04-04T22:54:00Z,29,EUR,stripe,1,succeeded,
ch_0007215,inv_005458,cus_00442,2026-05-01T05:37:00Z,29,EUR,adyen,1,succeeded,
ch_0007216,inv_005459,cus_00442,2026-06-04T22:24:00Z,29,EUR,adyen,1,succeeded,
ch_0007217,inv_005460,cus_00442,2026-07-05T14:01:00Z,29,EUR,stripe,1,succeeded,
ch_0007218,inv_005461,cus_00442,2026-08-01T02:47:00Z,29,EUR,stripe,1,failed,do_not_honor
ch_0007219,inv_005461,cus_00442,2026-08-08T23:22:00Z,29,EUR,stripe,2,failed,card_declined
ch_0007220,inv_005462,cus_00443,2026-02-05T16:36:00Z,299,EUR,stripe,1,failed,card_declined
ch_0007221,inv_005462,cus_00443,2026-02-08T22:12:00Z,299,EUR,stripe,2,succeeded,
ch_0007222,inv_005463,cus_00443,2026-03-04T11:42:00Z,299,EUR,mollie,1,succeeded,
ch_0007223,inv_005464,cus_00443,2026-04-01T06:51:00Z,299,EUR,adyen,1,failed,card_declined
ch_0007224,inv_005464,cus_00443,2026-04-08T12:15:00Z,299,EUR,adyen,2,failed,do_not_honor
ch_0007225,inv_005465,cus_00443,2026-05-03T07:17:00Z,299,EUR,stripe,1,succeeded,
ch_0007226,inv_005466,cus_00443,2026-06-05T10:42:00Z,299,EUR,stripe,1,failed,expired_card
ch_0007227,inv_005466,cus_00443,2026-06-08T07:34:00Z,299,EUR,stripe,2,failed,insufficient_funds
ch_0007228,inv_005467,cus_00443,2026-07-03T10:11:00Z,299,EUR,mollie,1,failed,card_declined
ch_0007229,inv_005467,cus_00443,2026-07-06T19:41:00Z,299,EUR,mollie,2,failed,card_declined
ch_0007230,inv_005467,cus_00443,2026-07-09T15:52:00Z,299,EUR,mollie,3,failed,insufficient_funds
ch_0007231,inv_005467,cus_00443,2026-07-12T15:46:00Z,299,EUR,mollie,4,succeeded,
ch_0007232,inv_005468,cus_00443,2026-08-04T10:39:00Z,299,EUR,stripe,1,failed,card_declined
ch_0007233,inv_005468,cus_00443,2026-08-11T13:38:00Z,299,EUR,stripe,2,failed,card_declined
ch_0007234,inv_005468,cus_00443,2026-08-16T12:50:00Z,299,EUR,stripe,3,failed,card_declined
ch_0007235,inv_005469,cus_00444,2026-02-03T08:40:00Z,99,EUR,stripe,1,failed,card_declined
ch_0007236,inv_005469,cus_00444,2026-02-06T14:56:00Z,99,EUR,stripe,2,failed,do_not_honor
ch_0007237,inv_005469,cus_00444,2026-02-13T10:22:00Z,99,EUR,stripe,3,failed,insufficient_funds
ch_0007238,inv_005469,cus_00444,2026-02-16T19:02:00Z,99,EUR,stripe,4,failed,expired_card
ch_0007239,inv_005470,cus_00445,2026-02-01T11:17:00Z,29,EUR,stripe,1,succeeded,
ch_0007240,inv_005471,cus_00445,2026-03-02T20:29:00Z,29,EUR,stripe,1,succeeded,
ch_0007241,inv_005472,cus_00445,2026-04-02T17:30:00Z,29,EUR,stripe,1,succeeded,
ch_0007242,inv_005473,cus_00445,2026-05-05T19:52:00Z,29,EUR,stripe,1,succeeded,
ch_0007243,inv_005474,cus_00445,2026-06-04T03:00:00Z,29,EUR,mollie,1,succeeded,
ch_0007244,inv_005475,cus_00445,2026-07-03T20:14:00Z,29,EUR,stripe,1,succeeded,
ch_0007245,inv_005476,cus_00445,2026-08-02T03:01:00Z,29,EUR,mollie,1,succeeded,
ch_0007246,inv_005477,cus_00446,2026-02-05T11:36:00Z,29,EUR,adyen,1,succeeded,
ch_0007247,inv_005478,cus_00446,2026-03-03T05:41:00Z,29,EUR,stripe,1,succeeded,
ch_0007248,inv_005479,cus_00446,2026-04-03T04:09:00Z,29,EUR,adyen,1,failed,card_declined
ch_0007249,inv_005479,cus_00446,2026-04-10T02:15:00Z,29,EUR,adyen,2,succeeded,
ch_0007250,inv_005480,cus_00446,2026-05-01T21:14:00Z,29,EUR,stripe,1,succeeded,
ch_0007251,inv_005481,cus_00446,2026-06-01T02:02:00Z,29,EUR,adyen,1,succeeded,
ch_0007252,inv_005482,cus_00446,2026-07-02T20:39:00Z,29,EUR,stripe,1,succeeded,
ch_0007253,inv_005483,cus_00446,2026-08-03T15:45:00Z,29,EUR,stripe,1,succeeded,
ch_0007254,inv_005484,cus_00447,2026-02-03T19:21:00Z,99,EUR,mollie,1,succeeded,
ch_0007255,inv_005485,cus_00447,2026-03-03T02:21:00Z,149,EUR,stripe,1,succeeded,
ch_0007256,inv_005486,cus_00447,2026-04-05T15:55:00Z,149,EUR,stripe,1,succeeded,
ch_0007257,inv_005487,cus_00447,2026-05-01T10:25:00Z,149,EUR,stripe,1,succeeded,
ch_0007258,inv_005488,cus_00447,2026-06-02T06:51:00Z,149,EUR,mollie,1,failed,card_declined
ch_0007259,inv_005488,cus_00447,2026-06-07T13:55:00Z,149,EUR,mollie,2,failed,insufficient_funds
ch_0007260,inv_005489,cus_00447,2026-07-02T23:57:00Z,149,EUR,stripe,1,succeeded,
ch_0007261,inv_005491,cus_00448,2026-02-02T20:54:00Z,29,EUR,stripe,1,succeeded,
ch_0007262,inv_005492,cus_00448,2026-03-01T07:39:00Z,29,EUR,mollie,1,succeeded,
ch_0007263,inv_005493,cus_00448,2026-04-02T17:06:00Z,29,EUR,mollie,1,succeeded,
ch_0007264,inv_005494,cus_00448,2026-05-01T22:27:00Z,29,EUR,stripe,1,succeeded,
ch_0007265,inv_005495,cus_00448,2026-06-02T00:58:00Z,29,EUR,mollie,1,succeeded,
ch_0007266,inv_005496,cus_00448,2026-07-02T02:35:00Z,29,EUR,stripe,1,failed,processing_error
ch_0007267,inv_005496,cus_00448,2026-07-07T01:40:00Z,29,EUR,stripe,2,failed,do_not_honor
ch_0007268,inv_005496,cus_00448,2026-07-14T03:37:00Z,29,EUR,stripe,3,failed,card_declined
ch_0007269,inv_005496,cus_00448,2026-07-17T11:44:00Z,29,EUR,stripe,4,succeeded,
ch_0007270,inv_005497,cus_00448,2026-08-02T10:56:00Z,29,EUR,mollie,1,succeeded,
ch_0007271,inv_005498,cus_00449,2026-02-04T04:34:00Z,29,EUR,stripe,1,succeeded,
ch_0007272,inv_005499,cus_00449,2026-03-05T03:17:00Z,29,EUR,stripe,1,succeeded,
ch_0007273,inv_005500,cus_00449,2026-04-02T21:42:00Z,29,EUR,adyen,1,succeeded,
ch_0007274,inv_005501,cus_00449,2026-05-04T20:42:00Z,29,EUR,mollie,1,succeeded,
ch_0007275,inv_005502,cus_00449,2026-06-02T20:34:00Z,29,EUR,adyen,1,succeeded,
ch_0007276,inv_005503,cus_00449,2026-07-03T21:48:00Z,29,EUR,mollie,1,succeeded,
ch_0007277,inv_005504,cus_00449,2026-08-02T22:12:00Z,29,EUR,stripe,1,succeeded,
ch_0007278,inv_005505,cus_00450,2026-02-03T04:15:00Z,99,EUR,mollie,1,failed,processing_error
ch_0007279,inv_005505,cus_00450,2026-02-08T19:48:00Z,99,EUR,mollie,2,failed,card_declined
ch_0007280,inv_005505,cus_00450,2026-02-13T10:09:00Z,99,EUR,mollie,3,succeeded,
ch_0007281,inv_005506,cus_00451,2026-02-05T05:32:00Z,107.61,USD,stripe,1,succeeded,
ch_0007282,inv_005507,cus_00451,2026-03-02T21:11:00Z,161.96,USD,mollie,1,succeeded,
ch_0007283,inv_005508,cus_00451,2026-04-01T04:07:00Z,161.96,USD,adyen,1,succeeded,
ch_0007284,inv_005509,cus_00451,2026-05-03T01:03:00Z,161.96,USD,stripe,1,succeeded,
ch_0007285,inv_005510,cus_00451,2026-06-03T20:46:00Z,161.96,USD,stripe,1,succeeded,
ch_0007286,inv_005511,cus_00451,2026-07-03T15:47:00Z,161.96,USD,stripe,1,succeeded,
ch_0007287,inv_005512,cus_00451,2026-08-05T08:55:00Z,161.96,USD,stripe,1,failed,card_declined
ch_0007288,inv_005512,cus_00451,2026-08-08T19:27:00Z,161.96,USD,stripe,2,failed,insufficient_funds
ch_0007289,inv_005512,cus_00451,2026-08-13T20:34:00Z,161.96,USD,stripe,3,failed,do_not_honor
ch_0007290,inv_005513,cus_00452,2026-02-04T04:49:00Z,99,EUR,adyen,1,succeeded,
ch_0007291,inv_005514,cus_00452,2026-03-02T01:51:00Z,149,EUR,stripe,1,succeeded,
ch_0007292,inv_005515,cus_00452,2026-04-03T13:51:00Z,149,EUR,stripe,1,succeeded,
ch_0007293,inv_005516,cus_00452,2026-05-02T16:33:00Z,149,EUR,stripe,1,failed,do_not_honor
ch_0007294,inv_005516,cus_00452,2026-05-05T21:47:00Z,149,EUR,stripe,2,failed,insufficient_funds
ch_0007295,inv_005516,cus_00452,2026-05-12T01:41:00Z,149,EUR,stripe,3,succeeded,
ch_0007296,inv_005517,cus_00452,2026-06-03T13:40:00Z,149,EUR,mollie,1,succeeded,
ch_0007297,inv_005518,cus_00452,2026-07-05T18:50:00Z,149,EUR,stripe,1,succeeded,
ch_0007298,inv_005519,cus_00452,2026-08-05T12:35:00Z,149,EUR,stripe,1,succeeded,
ch_0007299,inv_005520,cus_00453,2026-02-02T21:21:00Z,107.61,USD,stripe,1,succeeded,
ch_0007300,inv_005521,cus_00453,2026-03-01T07:53:00Z,161.96,USD,adyen,1,failed,insufficient_funds
ch_0007301,inv_005521,cus_00453,2026-03-04T05:37:00Z,161.96,USD,adyen,2,succeeded,
ch_0007302,inv_005522,cus_00453,2026-04-03T22:41:00Z,161.96,USD,stripe,1,succeeded,
ch_0007303,inv_005523,cus_00453,2026-05-04T14:36:00Z,161.96,USD,stripe,1,succeeded,
ch_0007304,inv_005524,cus_00453,2026-06-05T09:56:00Z,161.96,USD,stripe,1,succeeded,
ch_0007305,inv_005525,cus_00453,2026-07-01T10:48:00Z,161.96,USD,mollie,1,failed,insufficient_funds
ch_0007306,inv_005525,cus_00453,2026-07-04T20:02:00Z,161.96,USD,mollie,2,failed,do_not_honor
ch_0007307,inv_005525,cus_00453,2026-07-11T04:55:00Z,161.96,USD,mollie,3,failed,insufficient_funds
ch_0007308,inv_005526,cus_00453,2026-08-04T02:46:00Z,161.96,USD,adyen,1,succeeded,
ch_0007309,inv_005527,cus_00454,2026-02-03T07:41:00Z,29,EUR,stripe,1,succeeded,
ch_0007310,inv_005528,cus_00454,2026-03-05T19:52:00Z,29,EUR,adyen,1,succeeded,
ch_0007311,inv_005529,cus_00454,2026-04-04T20:10:00Z,29,EUR,stripe,1,succeeded,
ch_0007312,inv_005530,cus_00454,2026-05-02T18:53:00Z,29,EUR,stripe,1,failed,card_declined
ch_0007313,inv_005530,cus_00454,2026-05-05T10:34:00Z,29,EUR,stripe,2,failed,expired_card
ch_0007314,inv_005530,cus_00454,2026-05-12T10:10:00Z,29,EUR,stripe,3,failed,expired_card
ch_0007315,inv_005530,cus_00454,2026-05-15T01:52:00Z,29,EUR,stripe,4,succeeded,
ch_0007316,inv_005531,cus_00454,2026-06-01T13:48:00Z,29,EUR,stripe,1,succeeded,
ch_0007317,inv_005532,cus_00454,2026-07-01T07:32:00Z,29,EUR,adyen,1,succeeded,
ch_0007318,inv_005533,cus_00454,2026-08-05T13:49:00Z,29,EUR,stripe,1,succeeded,
ch_0007319,inv_005534,cus_00455,2026-02-04T15:15:00Z,29,EUR,stripe,1,succeeded,
ch_0007320,inv_005535,cus_00455,2026-03-05T13:24:00Z,29,EUR,stripe,1,succeeded,
ch_0007321,inv_005536,cus_00456,2026-02-05T20:52:00Z,31.52,USD,mollie,1,succeeded,
ch_0007322,inv_005537,cus_00456,2026-03-05T11:10:00Z,31.52,USD,adyen,1,succeeded,
ch_0007323,inv_005538,cus_00456,2026-04-04T17:29:00Z,31.52,USD,stripe,1,succeeded,
ch_0007324,inv_005539,cus_00456,2026-05-03T17:23:00Z,31.52,USD,stripe,1,succeeded,
ch_0007325,inv_005540,cus_00456,2026-06-02T18:12:00Z,31.52,USD,mollie,1,succeeded,
ch_0007326,inv_005541,cus_00456,2026-07-02T23:02:00Z,31.52,USD,adyen,1,failed,expired_card
ch_0007327,inv_005541,cus_00456,2026-07-09T14:56:00Z,31.52,USD,adyen,2,succeeded,
ch_0007328,inv_005542,cus_00456,2026-08-02T05:09:00Z,31.52,USD,adyen,1,succeeded,
ch_0007329,inv_005543,cus_00457,2026-02-01T14:00:00Z,329.55,SEK,adyen,1,succeeded,
ch_0007330,inv_005544,cus_00457,2026-03-05T07:53:00Z,329.55,SEK,stripe,1,succeeded,
ch_0007331,inv_005545,cus_00457,2026-04-04T22:43:00Z,329.55,SEK,stripe,1,succeeded,
ch_0007332,inv_005546,cus_00457,2026-05-01T10:39:00Z,329.55,SEK,stripe,1,succeeded,
ch_0007333,inv_005547,cus_00457,2026-06-02T17:41:00Z,329.55,SEK,mollie,1,succeeded,
ch_0007334,inv_005548,cus_00457,2026-07-02T05:37:00Z,329.55,SEK,adyen,1,succeeded,
ch_0007335,inv_005549,cus_00457,2026-08-04T03:34:00Z,329.55,SEK,stripe,1,succeeded,
ch_0007336,inv_005550,cus_00458,2026-02-02T11:06:00Z,299,EUR,adyen,1,succeeded,
ch_0007337,inv_005551,cus_00458,2026-03-05T17:40:00Z,299,EUR,stripe,1,succeeded,
ch_0007338,inv_005552,cus_00458,2026-04-03T22:05:00Z,299,EUR,stripe,1,succeeded,
ch_0007339,inv_005553,cus_00458,2026-05-04T00:45:00Z,299,EUR,adyen,1,succeeded,
ch_0007340,inv_005554,cus_00458,2026-06-03T08:31:00Z,299,EUR,stripe,1,succeeded,
ch_0007341,inv_005555,cus_00458,2026-07-05T04:29:00Z,299,EUR,stripe,1,succeeded,
ch_0007342,inv_005556,cus_00458,2026-08-03T08:44:00Z,299,EUR,stripe,1,succeeded,
ch_0007343,inv_005557,cus_00459,2026-02-03T01:24:00Z,99,EUR,stripe,1,succeeded,
ch_0007344,inv_005558,cus_00459,2026-03-03T14:20:00Z,149,EUR,stripe,1,succeeded,
ch_0007345,inv_005559,cus_00460,2026-02-05T17:33:00Z,1085.87,USD,adyen,1,succeeded,
ch_0007346,inv_005560,cus_00460,2026-03-04T14:00:00Z,1085.87,USD,adyen,1,failed,insufficient_funds
ch_0007347,inv_005560,cus_00460,2026-03-11T09:45:00Z,1085.87,USD,adyen,2,succeeded,
ch_0007348,inv_005561,cus_00460,2026-04-02T05:25:00Z,1085.87,USD,stripe,1,succeeded,
ch_0007349,inv_005562,cus_00460,2026-05-04T19:42:00Z,1085.87,USD,stripe,1,succeeded,
ch_0007350,inv_005563,cus_00460,2026-06-04T03:33:00Z,1085.87,USD,stripe,1,succeeded,
ch_0007351,inv_005564,cus_00460,2026-07-02T11:33:00Z,1085.87,USD,adyen,1,succeeded,
ch_0007352,inv_005565,cus_00460,2026-08-04T12:52:00Z,1085.87,USD,adyen,1,failed,insufficient_funds
ch_0007353,inv_005565,cus_00460,2026-08-09T14:23:00Z,1085.87,USD,adyen,2,failed,card_declined
ch_0007354,inv_005565,cus_00460,2026-08-14T17:02:00Z,1085.87,USD,adyen,3,failed,card_declined
ch_0007355,inv_005565,cus_00460,2026-08-17T02:53:00Z,1085.87,USD,adyen,4,succeeded,
ch_0007356,inv_005566,cus_00461,2026-02-03T00:42:00Z,99,EUR,stripe,1,succeeded,
ch_0007357,inv_005567,cus_00461,2026-03-04T20:25:00Z,149,EUR,adyen,1,succeeded,
ch_0007358,inv_005568,cus_00461,2026-04-03T13:37:00Z,149,EUR,mollie,1,succeeded,
ch_0007359,inv_005569,cus_00461,2026-05-01T23:03:00Z,149,EUR,stripe,1,succeeded,
ch_0007360,inv_005570,cus_00461,2026-06-02T07:03:00Z,149,EUR,adyen,1,succeeded,
ch_0007361,inv_005571,cus_00461,2026-07-01T23:22:00Z,149,EUR,adyen,1,succeeded,
ch_0007362,inv_005572,cus_00461,2026-08-02T08:01:00Z,149,EUR,adyen,1,succeeded,
ch_0007363,inv_005573,cus_00462,2026-02-03T17:04:00Z,29,EUR,mollie,1,failed,insufficient_funds
ch_0007364,inv_005573,cus_00462,2026-02-08T08:22:00Z,29,EUR,mollie,2,failed,insufficient_funds
ch_0007365,inv_005573,cus_00462,2026-02-13T23:54:00Z,29,EUR,mollie,3,succeeded,
ch_0007366,inv_005574,cus_00462,2026-03-04T13:22:00Z,29,EUR,stripe,1,succeeded,
ch_0007367,inv_005575,cus_00462,2026-04-01T16:14:00Z,29,EUR,stripe,1,succeeded,
ch_0007368,inv_005576,cus_00463,2026-02-02T07:59:00Z,84.62,GBP,mollie,1,succeeded,
ch_0007369,inv_005577,cus_00463,2026-03-05T13:02:00Z,127.35,GBP,adyen,1,succeeded,
ch_0007370,inv_005578,cus_00463,2026-04-03T00:08:00Z,127.35,GBP,stripe,1,succeeded,
ch_0007371,inv_005579,cus_00463,2026-05-04T09:41:00Z,127.35,GBP,stripe,1,failed,expired_card
ch_0007372,inv_005579,cus_00463,2026-05-07T10:00:00Z,127.35,GBP,stripe,2,failed,card_declined
ch_0007373,inv_005579,cus_00463,2026-05-10T15:07:00Z,127.35,GBP,stripe,3,failed,insufficient_funds
ch_0007374,inv_005580,cus_00463,2026-06-03T01:48:00Z,127.35,GBP,adyen,1,succeeded,
ch_0007375,inv_005581,cus_00463,2026-07-05T03:28:00Z,127.35,GBP,stripe,1,succeeded,
ch_0007376,inv_005582,cus_00463,2026-08-03T03:36:00Z,127.35,GBP,stripe,1,succeeded,
ch_0007377,inv_005583,cus_00464,2026-03-03T17:33:00Z,149,EUR,adyen,1,succeeded,
ch_0007378,inv_005584,cus_00464,2026-04-02T11:48:00Z,149,EUR,stripe,1,failed,insufficient_funds
ch_0007379,inv_005584,cus_00464,2026-04-09T05:41:00Z,149,EUR,stripe,2,succeeded,
ch_0007380,inv_005585,cus_00464,2026-05-03T00:58:00Z,149,EUR,stripe,1,succeeded,
ch_0007381,inv_005586,cus_00464,2026-06-02T14:12:00Z,149,EUR,stripe,1,failed,expired_card
ch_0007382,inv_005586,cus_00464,2026-06-09T20:20:00Z,149,EUR,stripe,2,succeeded,
ch_0007383,inv_005587,cus_00464,2026-07-05T22:51:00Z,149,EUR,adyen,1,succeeded,
ch_0007384,inv_005588,cus_00464,2026-08-05T08:20:00Z,149,EUR,adyen,1,succeeded,
ch_0007385,inv_005589,cus_00465,2026-03-02T08:14:00Z,29,EUR,stripe,1,succeeded,
ch_0007386,inv_005590,cus_00465,2026-04-05T05:50:00Z,29,EUR,stripe,1,succeeded,
ch_0007387,inv_005591,cus_00466,2026-03-05T05:48:00Z,29,EUR,stripe,1,succeeded,
ch_0007388,inv_005592,cus_00467,2026-03-01T06:50:00Z,29,EUR,adyen,1,succeeded,
ch_0007389,inv_005593,cus_00467,2026-04-02T03:34:00Z,29,EUR,stripe,1,succeeded,
ch_0007390,inv_005594,cus_00467,2026-05-02T23:26:00Z,29,EUR,mollie,1,succeeded,
ch_0007391,inv_005595,cus_00467,2026-06-05T17:00:00Z,29,EUR,mollie,1,failed,insufficient_funds
ch_0007392,inv_005595,cus_00467,2026-06-08T19:52:00Z,29,EUR,mollie,2,succeeded,
ch_0007393,inv_005596,cus_00467,2026-07-02T10:19:00Z,29,EUR,adyen,1,succeeded,
ch_0007394,inv_005597,cus_00467,2026-08-01T07:54:00Z,29,EUR,stripe,1,succeeded,
ch_0007395,inv_005598,cus_00468,2026-03-05T22:04:00Z,24.79,GBP,stripe,1,succeeded,
ch_0007396,inv_005599,cus_00468,2026-04-01T21:50:00Z,24.79,GBP,stripe,1,succeeded,
ch_0007397,inv_005600,cus_00468,2026-05-05T04:50:00Z,24.79,GBP,stripe,1,failed,insufficient_funds
ch_0007398,inv_005600,cus_00468,2026-05-10T07:25:00Z,24.79,GBP,stripe,2,failed,processing_error
ch_0007399,inv_005600,cus_00468,2026-05-17T08:59:00Z,24.79,GBP,stripe,3,failed,card_declined
ch_0007400,inv_005601,cus_00468,2026-06-02T01:30:00Z,24.79,GBP,stripe,1,succeeded,
ch_0007401,inv_005602,cus_00468,2026-07-03T03:37:00Z,24.79,GBP,stripe,1,succeeded,
ch_0007402,inv_005603,cus_00468,2026-08-04T21:36:00Z,24.79,GBP,stripe,1,succeeded,
ch_0007403,inv_005604,cus_00469,2026-03-05T20:04:00Z,29,EUR,stripe,1,succeeded,
ch_0007404,inv_005605,cus_00469,2026-04-01T21:36:00Z,29,EUR,adyen,1,succeeded,
ch_0007405,inv_005606,cus_00469,2026-05-04T18:37:00Z,29,EUR,stripe,1,failed,insufficient_funds
ch_0007406,inv_005606,cus_00469,2026-05-11T03:55:00Z,29,EUR,stripe,2,succeeded,
ch_0007407,inv_005607,cus_00469,2026-06-04T05:02:00Z,29,EUR,stripe,1,succeeded,
ch_0007408,inv_005608,cus_00469,2026-07-04T19:19:00Z,29,EUR,stripe,1,succeeded,
ch_0007409,inv_005609,cus_00469,2026-08-01T01:20:00Z,29,EUR,stripe,1,failed,card_declined
ch_0007410,inv_005609,cus_00469,2026-08-04T11:33:00Z,29,EUR,stripe,2,succeeded,
ch_0007411,inv_005610,cus_00470,2026-03-03T03:02:00Z,299,EUR,adyen,1,succeeded,
ch_0007412,inv_005611,cus_00470,2026-04-01T08:16:00Z,299,EUR,mollie,1,succeeded,
ch_0007413,inv_005612,cus_00470,2026-05-01T10:46:00Z,299,EUR,adyen,1,failed,insufficient_funds
ch_0007414,inv_005612,cus_00470,2026-05-08T14:08:00Z,299,EUR,adyen,2,failed,do_not_honor
ch_0007415,inv_005612,cus_00470,2026-05-13T08:09:00Z,299,EUR,adyen,3,failed,card_declined
ch_0007416,inv_005612,cus_00470,2026-05-18T04:53:00Z,299,EUR,adyen,4,succeeded,
ch_0007417,inv_005613,cus_00470,2026-06-03T09:29:00Z,299,EUR,stripe,1,failed,expired_card
ch_0007418,inv_005613,cus_00470,2026-06-06T07:13:00Z,299,EUR,stripe,2,failed,insufficient_funds
ch_0007419,inv_005613,cus_00470,2026-06-09T08:29:00Z,299,EUR,stripe,3,succeeded,
ch_0007420,inv_005614,cus_00470,2026-07-01T23:29:00Z,299,EUR,mollie,1,succeeded,
ch_0007421,inv_005615,cus_00470,2026-08-05T18:13:00Z,299,EUR,stripe,1,succeeded,
ch_0007422,inv_005616,cus_00471,2026-03-03T05:44:00Z,149,EUR,stripe,1,succeeded,
ch_0007423,inv_005617,cus_00471,2026-04-03T11:05:00Z,149,EUR,stripe,1,succeeded,
ch_0007424,inv_005618,cus_00471,2026-05-01T08:55:00Z,149,EUR,stripe,1,succeeded,
ch_0007425,inv_005619,cus_00471,2026-06-03T17:40:00Z,149,EUR,stripe,1,succeeded,
ch_0007426,inv_005620,cus_00471,2026-07-04T01:44:00Z,149,EUR,stripe,1,failed,card_declined
ch_0007427,inv_005620,cus_00471,2026-07-11T10:40:00Z,149,EUR,stripe,2,failed,insufficient_funds
ch_0007428,inv_005621,cus_00471,2026-08-01T13:05:00Z,149,EUR,stripe,1,succeeded,
ch_0007429,inv_005622,cus_00472,2026-03-01T22:06:00Z,149,EUR,stripe,1,succeeded,
ch_0007430,inv_005623,cus_00472,2026-04-05T09:13:00Z,149,EUR,stripe,1,succeeded,
ch_0007431,inv_005624,cus_00472,2026-05-02T17:39:00Z,149,EUR,stripe,1,failed,expired_card
ch_0007432,inv_005624,cus_00472,2026-05-09T04:18:00Z,149,EUR,stripe,2,succeeded,
ch_0007433,inv_005625,cus_00472,2026-06-05T21:51:00Z,149,EUR,adyen,1,succeeded,
ch_0007434,inv_005626,cus_00472,2026-07-04T04:42:00Z,149,EUR,adyen,1,succeeded,
ch_0007435,inv_005627,cus_00472,2026-08-01T09:57:00Z,149,EUR,adyen,1,succeeded,
ch_0007436,inv_005628,cus_00473,2026-03-01T09:31:00Z,149,EUR,adyen,1,succeeded,
ch_0007437,inv_005629,cus_00473,2026-04-01T17:55:00Z,149,EUR,stripe,1,failed,insufficient_funds
ch_0007438,inv_005629,cus_00473,2026-04-06T11:30:00Z,149,EUR,stripe,2,succeeded,
ch_0007439,inv_005630,cus_00473,2026-05-05T03:12:00Z,149,EUR,stripe,1,succeeded,
ch_0007440,inv_005631,cus_00474,2026-03-05T14:16:00Z,149,EUR,stripe,1,succeeded,
ch_0007441,inv_005632,cus_00474,2026-04-01T11:35:00Z,149,EUR,stripe,1,succeeded,
ch_0007442,inv_005633,cus_00474,2026-05-03T05:18:00Z,149,EUR,stripe,1,succeeded,
ch_0007443,inv_005634,cus_00474,2026-06-02T00:20:00Z,149,EUR,stripe,1,succeeded,
ch_0007444,inv_005635,cus_00474,2026-07-03T16:00:00Z,149,EUR,adyen,1,succeeded,
ch_0007445,inv_005636,cus_00474,2026-08-05T18:17:00Z,149,EUR,stripe,1,succeeded,
ch_0007446,inv_005637,cus_00475,2026-03-05T13:56:00Z,161.96,USD,adyen,1,succeeded,
ch_0007447,inv_005638,cus_00476,2026-03-04T12:28:00Z,29,EUR,stripe,1,succeeded,
ch_0007448,inv_005639,cus_00476,2026-04-05T05:10:00Z,29,EUR,adyen,1,succeeded,
ch_0007449,inv_005640,cus_00476,2026-05-03T17:57:00Z,29,EUR,mollie,1,succeeded,
ch_0007450,inv_005641,cus_00476,2026-06-02T10:28:00Z,29,EUR,stripe,1,succeeded,
ch_0007451,inv_005642,cus_00476,2026-07-02T13:11:00Z,29,EUR,stripe,1,succeeded,
ch_0007452,inv_005643,cus_00476,2026-08-02T23:42:00Z,29,EUR,adyen,1,failed,card_declined
ch_0007453,inv_005643,cus_00476,2026-08-09T05:36:00Z,29,EUR,adyen,2,failed,card_declined
ch_0007454,inv_005643,cus_00476,2026-08-12T05:39:00Z,29,EUR,adyen,3,succeeded,
ch_0007455,inv_005644,cus_00477,2026-03-05T13:16:00Z,149,EUR,stripe,1,succeeded,
ch_0007456,inv_005645,cus_00477,2026-04-05T20:45:00Z,149,EUR,stripe,1,succeeded,
ch_0007457,inv_005646,cus_00477,2026-05-01T20:26:00Z,149,EUR,stripe,1,succeeded,
ch_0007458,inv_005647,cus_00477,2026-06-05T06:01:00Z,149,EUR,stripe,1,failed,card_declined
ch_0007459,inv_005647,cus_00477,2026-06-12T19:39:00Z,149,EUR,stripe,2,failed,card_declined
ch_0007460,inv_005647,cus_00477,2026-06-15T06:02:00Z,149,EUR,stripe,3,failed,card_declined
ch_0007461,inv_005648,cus_00477,2026-07-01T01:57:00Z,149,EUR,stripe,1,failed,card_declined
ch_0007462,inv_005648,cus_00477,2026-07-04T15:01:00Z,149,EUR,stripe,2,failed,processing_error
ch_0007463,inv_005648,cus_00477,2026-07-07T04:16:00Z,149,EUR,stripe,3,failed,insufficient_funds
ch_0007464,inv_005649,cus_00477,2026-08-05T14:41:00Z,149,EUR,adyen,1,failed,insufficient_funds
ch_0007465,inv_005649,cus_00477,2026-08-10T18:56:00Z,149,EUR,adyen,2,failed,card_declined
ch_0007466,inv_005649,cus_00477,2026-08-15T16:36:00Z,149,EUR,adyen,3,failed,card_declined
ch_0007467,inv_005649,cus_00477,2026-08-18T15:57:00Z,149,EUR,adyen,4,failed,processing_error
ch_0007468,inv_005650,cus_00478,2026-03-01T12:18:00Z,31.52,USD,adyen,1,succeeded,
ch_0007469,inv_005651,cus_00478,2026-04-03T14:16:00Z,31.52,USD,stripe,1,failed,insufficient_funds
ch_0007470,inv_005651,cus_00478,2026-04-08T05:18:00Z,31.52,USD,stripe,2,failed,card_declined
ch_0007471,inv_005651,cus_00478,2026-04-13T20:44:00Z,31.52,USD,stripe,3,succeeded,
ch_0007472,inv_005652,cus_00478,2026-05-02T04:25:00Z,31.52,USD,mollie,1,succeeded,
ch_0007473,inv_005653,cus_00478,2026-06-04T11:17:00Z,31.52,USD,adyen,1,succeeded,
ch_0007474,inv_005654,cus_00478,2026-07-05T20:15:00Z,31.52,USD,stripe,1,succeeded,
ch_0007475,inv_005655,cus_00478,2026-08-04T02:14:00Z,31.52,USD,stripe,1,succeeded,
ch_0007476,inv_005656,cus_00479,2026-03-04T17:00:00Z,149,EUR,stripe,1,failed,insufficient_funds
ch_0007477,inv_005656,cus_00479,2026-03-07T22:56:00Z,149,EUR,stripe,2,failed,insufficient_funds
ch_0007478,inv_005656,cus_00479,2026-03-10T10:19:00Z,149,EUR,stripe,3,failed,card_declined
ch_0007479,inv_005656,cus_00479,2026-03-17T06:01:00Z,149,EUR,stripe,4,succeeded,
ch_0007480,inv_005657,cus_00479,2026-04-03T16:10:00Z,149,EUR,stripe,1,succeeded,
ch_0007481,inv_005658,cus_00479,2026-05-04T23:42:00Z,149,EUR,mollie,1,succeeded,
ch_0007482,inv_005659,cus_00479,2026-06-04T11:39:00Z,149,EUR,adyen,1,succeeded,
ch_0007483,inv_005660,cus_00479,2026-07-01T15:53:00Z,149,EUR,stripe,1,failed,insufficient_funds
ch_0007484,inv_005660,cus_00479,2026-07-06T13:41:00Z,149,EUR,stripe,2,failed,card_declined
ch_0007485,inv_005660,cus_00479,2026-07-11T11:09:00Z,149,EUR,stripe,3,succeeded,
ch_0007486,inv_005661,cus_00479,2026-08-05T04:59:00Z,149,EUR,adyen,1,succeeded,
ch_0007487,inv_005662,cus_00480,2026-03-02T09:55:00Z,127.35,GBP,stripe,1,succeeded,
ch_0007488,inv_005663,cus_00480,2026-04-02T07:38:00Z,127.35,GBP,stripe,1,succeeded,
ch_0007489,inv_005664,cus_00480,2026-05-01T02:31:00Z,127.35,GBP,stripe,1,succeeded,
ch_0007490,inv_005665,cus_00480,2026-06-04T00:01:00Z,127.35,GBP,stripe,1,succeeded,
ch_0007491,inv_005666,cus_00480,2026-07-04T10:11:00Z,127.35,GBP,mollie,1,failed,do_not_honor
ch_0007492,inv_005666,cus_00480,2026-07-09T14:02:00Z,127.35,GBP,mollie,2,failed,card_declined
ch_0007493,inv_005666,cus_00480,2026-07-12T15:01:00Z,127.35,GBP,mollie,3,failed,card_declined
ch_0007494,inv_005666,cus_00480,2026-07-15T14:21:00Z,127.35,GBP,mollie,4,succeeded,
ch_0007495,inv_005667,cus_00480,2026-08-02T12:04:00Z,127.35,GBP,adyen,1,succeeded,
ch_0007496,inv_005668,cus_00481,2026-03-04T19:54:00Z,127.35,GBP,adyen,1,succeeded,
ch_0007497,inv_005669,cus_00481,2026-04-01T14:04:00Z,127.35,GBP,mollie,1,failed,card_declined
ch_0007498,inv_005669,cus_00481,2026-04-08T10:03:00Z,127.35,GBP,mollie,2,failed,expired_card
ch_0007499,inv_005669,cus_00481,2026-04-15T03:49:00Z,127.35,GBP,mollie,3,failed,insufficient_funds
ch_0007500,inv_005669,cus_00481,2026-04-22T10:07:00Z,127.35,GBP,mollie,4,failed,insufficient_funds
ch_0007501,inv_005670,cus_00481,2026-05-04T04:36:00Z,127.35,GBP,stripe,1,succeeded,
ch_0007502,inv_005671,cus_00481,2026-06-01T09:55:00Z,127.35,GBP,stripe,1,succeeded,
ch_0007503,inv_005672,cus_00481,2026-07-04T03:52:00Z,127.35,GBP,stripe,1,failed,insufficient_funds
ch_0007504,inv_005672,cus_00481,2026-07-11T12:59:00Z,127.35,GBP,stripe,2,succeeded,
ch_0007505,inv_005673,cus_00481,2026-08-03T13:35:00Z,127.35,GBP,stripe,1,succeeded,
ch_0007506,inv_005674,cus_00482,2026-03-01T12:28:00Z,29,EUR,adyen,1,succeeded,
ch_0007507,inv_005675,cus_00482,2026-04-02T00:39:00Z,29,EUR,stripe,1,succeeded,
ch_0007508,inv_005676,cus_00482,2026-05-02T06:38:00Z,29,EUR,stripe,1,succeeded,
ch_0007509,inv_005677,cus_00482,2026-06-03T10:05:00Z,29,EUR,stripe,1,succeeded,
ch_0007510,inv_005678,cus_00482,2026-07-02T22:13:00Z,29,EUR,mollie,1,succeeded,
ch_0007511,inv_005679,cus_00482,2026-08-04T09:43:00Z,29,EUR,stripe,1,failed,expired_card
ch_0007512,inv_005679,cus_00482,2026-08-09T17:57:00Z,29,EUR,stripe,2,failed,expired_card
ch_0007513,inv_005679,cus_00482,2026-08-16T15:58:00Z,29,EUR,stripe,3,failed,card_declined
ch_0007514,inv_005679,cus_00482,2026-08-19T14:10:00Z,29,EUR,stripe,4,succeeded,
ch_0007515,inv_005680,cus_00483,2026-03-02T01:01:00Z,29,EUR,stripe,1,succeeded,
ch_0007516,inv_005681,cus_00483,2026-04-01T13:11:00Z,29,EUR,stripe,1,failed,card_declined
ch_0007517,inv_005681,cus_00483,2026-04-04T14:25:00Z,29,EUR,stripe,2,failed,processing_error
ch_0007518,inv_005681,cus_00483,2026-04-07T22:09:00Z,29,EUR,stripe,3,succeeded,
ch_0007519,inv_005682,cus_00483,2026-05-02T13:16:00Z,29,EUR,stripe,1,failed,processing_error
ch_0007520,inv_005682,cus_00483,2026-05-07T22:23:00Z,29,EUR,stripe,2,failed,do_not_honor
ch_0007521,inv_005682,cus_00483,2026-05-10T01:24:00Z,29,EUR,stripe,3,failed,expired_card
ch_0007522,inv_005682,cus_00483,2026-05-13T11:07:00Z,29,EUR,stripe,4,failed,do_not_honor
ch_0007523,inv_005683,cus_00483,2026-06-01T23:00:00Z,29,EUR,adyen,1,succeeded,
ch_0007524,inv_005684,cus_00483,2026-07-02T02:41:00Z,29,EUR,mollie,1,succeeded,
ch_0007525,inv_005685,cus_00483,2026-08-04T18:59:00Z,29,EUR,stripe,1,succeeded,
ch_0007526,inv_005686,cus_00484,2026-03-05T20:19:00Z,29,EUR,stripe,1,succeeded,
ch_0007527,inv_005687,cus_00484,2026-04-02T03:48:00Z,29,EUR,stripe,1,succeeded,
ch_0007528,inv_005688,cus_00484,2026-05-05T13:57:00Z,29,EUR,adyen,1,succeeded,
ch_0007529,inv_005689,cus_00484,2026-06-01T06:21:00Z,29,EUR,stripe,1,failed,expired_card
ch_0007530,inv_005689,cus_00484,2026-06-04T15:27:00Z,29,EUR,stripe,2,failed,do_not_honor
ch_0007531,inv_005689,cus_00484,2026-06-09T06:13:00Z,29,EUR,stripe,3,succeeded,
ch_0007532,inv_005690,cus_00484,2026-07-01T09:59:00Z,29,EUR,adyen,1,succeeded,
ch_0007533,inv_005691,cus_00484,2026-08-03T07:30:00Z,29,EUR,adyen,1,succeeded,
ch_0007534,inv_005692,cus_00485,2026-03-04T08:32:00Z,29,EUR,adyen,1,succeeded,
ch_0007535,inv_005693,cus_00485,2026-04-03T11:10:00Z,29,EUR,mollie,1,succeeded,
ch_0007536,inv_005694,cus_00485,2026-05-02T04:30:00Z,29,EUR,mollie,1,succeeded,
ch_0007537,inv_005695,cus_00485,2026-06-01T12:02:00Z,29,EUR,stripe,1,succeeded,
ch_0007538,inv_005696,cus_00485,2026-07-03T09:53:00Z,29,EUR,stripe,1,succeeded,
ch_0007539,inv_005697,cus_00485,2026-08-04T03:44:00Z,29,EUR,stripe,1,succeeded,
ch_0007540,inv_005698,cus_00486,2026-03-05T04:28:00Z,149,EUR,stripe,1,succeeded,
ch_0007541,inv_005699,cus_00486,2026-04-02T06:31:00Z,149,EUR,adyen,1,succeeded,
ch_0007542,inv_005700,cus_00486,2026-05-01T14:21:00Z,149,EUR,stripe,1,succeeded,
ch_0007543,inv_005701,cus_00486,2026-06-01T22:58:00Z,149,EUR,stripe,1,succeeded,
ch_0007544,inv_005702,cus_00486,2026-07-04T04:46:00Z,149,EUR,stripe,1,succeeded,
ch_0007545,inv_005703,cus_00486,2026-08-02T14:27:00Z,149,EUR,adyen,1,failed,do_not_honor
ch_0007546,inv_005703,cus_00486,2026-08-07T05:55:00Z,149,EUR,adyen,2,succeeded,
ch_0007547,inv_005704,cus_00487,2026-03-01T07:49:00Z,29,EUR,stripe,1,succeeded,
ch_0007548,inv_005705,cus_00487,2026-04-03T07:14:00Z,29,EUR,adyen,1,succeeded,
ch_0007549,inv_005706,cus_00487,2026-05-03T20:57:00Z,29,EUR,stripe,1,failed,expired_card
ch_0007550,inv_005706,cus_00487,2026-05-08T16:20:00Z,29,EUR,stripe,2,succeeded,
ch_0007551,inv_005707,cus_00487,2026-06-02T01:54:00Z,29,EUR,stripe,1,succeeded,
ch_0007552,inv_005708,cus_00487,2026-07-02T11:05:00Z,29,EUR,stripe,1,succeeded,
ch_0007553,inv_005709,cus_00487,2026-08-04T07:23:00Z,29,EUR,stripe,1,succeeded,
ch_0007554,inv_005710,cus_00488,2026-03-04T10:23:00Z,31.52,USD,stripe,1,succeeded,
ch_0007555,inv_005712,cus_00488,2026-05-05T08:04:00Z,31.52,USD,adyen,1,succeeded,
ch_0007556,inv_005713,cus_00488,2026-06-05T01:49:00Z,31.52,USD,stripe,1,succeeded,
ch_0007557,inv_005714,cus_00488,2026-07-01T14:32:00Z,31.52,USD,mollie,1,succeeded,
ch_0007558,inv_005715,cus_00488,2026-08-03T13:12:00Z,31.52,USD,stripe,1,succeeded,
ch_0007559,inv_005717,cus_00489,2026-04-02T21:29:00Z,29,EUR,adyen,1,succeeded,
ch_0007560,inv_005718,cus_00489,2026-05-04T00:14:00Z,29,EUR,mollie,1,succeeded,
ch_0007561,inv_005719,cus_00489,2026-06-02T13:11:00Z,29,EUR,mollie,1,succeeded,
ch_0007562,inv_005720,cus_00489,2026-07-03T09:36:00Z,29,EUR,adyen,1,succeeded,
ch_0007563,inv_005721,cus_00489,2026-08-03T03:12:00Z,29,EUR,stripe,1,failed,insufficient_funds
ch_0007564,inv_005721,cus_00489,2026-08-06T13:24:00Z,29,EUR,stripe,2,failed,insufficient_funds
ch_0007565,inv_005721,cus_00489,2026-08-09T09:45:00Z,29,EUR,stripe,3,failed,insufficient_funds
ch_0007566,inv_005722,cus_00490,2026-03-05T06:01:00Z,24.79,GBP,stripe,1,succeeded,
ch_0007567,inv_005723,cus_00490,2026-04-04T02:27:00Z,24.79,GBP,stripe,1,succeeded,
ch_0007568,inv_005724,cus_00490,2026-05-03T09:19:00Z,24.79,GBP,stripe,1,failed,insufficient_funds
ch_0007569,inv_005724,cus_00490,2026-05-10T08:04:00Z,24.79,GBP,stripe,2,failed,card_declined
ch_0007570,inv_005724,cus_00490,2026-05-13T01:55:00Z,24.79,GBP,stripe,3,failed,expired_card
ch_0007571,inv_005724,cus_00490,2026-05-16T09:17:00Z,24.79,GBP,stripe,4,failed,processing_error
ch_0007572,inv_005725,cus_00490,2026-06-02T03:34:00Z,24.79,GBP,adyen,1,succeeded,
ch_0007573,inv_005726,cus_00490,2026-07-05T12:53:00Z,24.79,GBP,stripe,1,succeeded,
ch_0007574,inv_005727,cus_00490,2026-08-01T17:07:00Z,24.79,GBP,stripe,1,succeeded,
ch_0007575,inv_005728,cus_00491,2026-03-04T15:32:00Z,29,EUR,stripe,1,succeeded,
ch_0007576,inv_005729,cus_00491,2026-04-05T15:58:00Z,29,EUR,stripe,1,succeeded,
ch_0007577,inv_005730,cus_00491,2026-05-04T09:52:00Z,29,EUR,stripe,1,succeeded,
ch_0007578,inv_005731,cus_00491,2026-06-02T01:45:00Z,29,EUR,stripe,1,succeeded,
ch_0007579,inv_005732,cus_00491,2026-07-04T18:48:00Z,29,EUR,stripe,1,succeeded,
ch_0007580,inv_005733,cus_00491,2026-08-04T07:55:00Z,29,EUR,stripe,1,failed,do_not_honor
ch_0007581,inv_005733,cus_00491,2026-08-09T14:33:00Z,29,EUR,stripe,2,failed,processing_error
ch_0007582,inv_005733,cus_00491,2026-08-14T23:27:00Z,29,EUR,stripe,3,failed,insufficient_funds
ch_0007583,inv_005733,cus_00491,2026-08-21T15:56:00Z,29,EUR,stripe,4,failed,card_declined
ch_0007584,inv_005734,cus_00492,2026-03-03T00:34:00Z,149,EUR,mollie,1,succeeded,
ch_0007585,inv_005735,cus_00492,2026-04-05T11:11:00Z,149,EUR,stripe,1,succeeded,
ch_0007586,inv_005736,cus_00492,2026-05-03T14:43:00Z,149,EUR,adyen,1,succeeded,
ch_0007587,inv_005737,cus_00492,2026-06-01T03:56:00Z,149,EUR,stripe,1,succeeded,
ch_0007588,inv_005738,cus_00492,2026-07-02T22:26:00Z,149,EUR,stripe,1,succeeded,
ch_0007589,inv_005739,cus_00493,2026-03-02T07:08:00Z,149,EUR,stripe,1,failed,insufficient_funds
ch_0007590,inv_005739,cus_00493,2026-03-07T20:42:00Z,149,EUR,stripe,2,failed,insufficient_funds
ch_0007591,inv_005740,cus_00493,2026-04-02T23:56:00Z,149,EUR,stripe,1,succeeded,
ch_0007592,inv_005741,cus_00493,2026-05-03T00:21:00Z,149,EUR,stripe,1,succeeded,
ch_0007593,inv_005742,cus_00493,2026-06-01T10:53:00Z,149,EUR,stripe,1,succeeded,
ch_0007594,inv_005743,cus_00493,2026-07-03T10:48:00Z,149,EUR,stripe,1,succeeded,
ch_0007595,inv_005744,cus_00493,2026-08-01T18:52:00Z,149,EUR,stripe,1,succeeded,
ch_0007596,inv_005745,cus_00494,2026-03-01T22:43:00Z,999,EUR,stripe,1,failed,insufficient_funds
ch_0007597,inv_005745,cus_00494,2026-03-06T04:36:00Z,999,EUR,stripe,2,failed,card_declined
ch_0007598,inv_005745,cus_00494,2026-03-09T15:07:00Z,999,EUR,stripe,3,succeeded,
ch_0007599,inv_005746,cus_00494,2026-04-02T08:26:00Z,999,EUR,stripe,1,succeeded,
ch_0007600,inv_005747,cus_00494,2026-05-05T09:01:00Z,999,EUR,mollie,1,succeeded,
ch_0007601,inv_005748,cus_00494,2026-06-03T11:48:00Z,999,EUR,adyen,1,succeeded,
ch_0007602,inv_005749,cus_00494,2026-07-04T13:26:00Z,999,EUR,stripe,1,succeeded,
ch_0007603,inv_005750,cus_00494,2026-08-05T14:14:00Z,999,EUR,stripe,1,succeeded,
ch_0007604,inv_005751,cus_00495,2026-03-01T14:08:00Z,149,EUR,stripe,1,succeeded,
ch_0007605,inv_005752,cus_00495,2026-04-03T19:07:00Z,149,EUR,mollie,1,succeeded,
ch_0007606,inv_005753,cus_00495,2026-05-01T19:08:00Z,149,EUR,stripe,1,succeeded,
ch_0007607,inv_005754,cus_00495,2026-06-02T04:28:00Z,149,EUR,stripe,1,succeeded,
ch_0007608,inv_005755,cus_00495,2026-07-03T01:18:00Z,149,EUR,stripe,1,succeeded,
ch_0007609,inv_005756,cus_00495,2026-08-04T08:03:00Z,149,EUR,stripe,1,failed,card_declined
ch_0007610,inv_005756,cus_00495,2026-08-07T14:03:00Z,149,EUR,stripe,2,failed,insufficient_funds
ch_0007611,inv_005756,cus_00495,2026-08-12T17:29:00Z,149,EUR,stripe,3,failed,insufficient_funds
ch_0007612,inv_005756,cus_00495,2026-08-19T15:26:00Z,149,EUR,stripe,4,succeeded,
ch_0007613,inv_005757,cus_00496,2026-03-02T01:57:00Z,149,EUR,stripe,1,succeeded,
ch_0007614,inv_005758,cus_00496,2026-04-01T13:22:00Z,149,EUR,adyen,1,succeeded,
ch_0007615,inv_005759,cus_00496,2026-05-01T00:18:00Z,149,EUR,adyen,1,succeeded,
ch_0007616,inv_005760,cus_00496,2026-06-02T04:25:00Z,149,EUR,stripe,1,succeeded,
ch_0007617,inv_005761,cus_00496,2026-07-05T20:10:00Z,149,EUR,stripe,1,failed,card_declined
ch_0007618,inv_005761,cus_00496,2026-07-08T22:17:00Z,149,EUR,stripe,2,succeeded,
ch_0007619,inv_005762,cus_00496,2026-08-01T05:30:00Z,149,EUR,stripe,1,succeeded,
ch_0007620,inv_005763,cus_00497,2026-03-05T16:19:00Z,299,EUR,stripe,1,succeeded,
ch_0007621,inv_005764,cus_00497,2026-04-02T22:21:00Z,299,EUR,stripe,1,succeeded,
ch_0007622,inv_005765,cus_00497,2026-05-02T05:16:00Z,299,EUR,mollie,1,failed,card_declined
ch_0007623,inv_005765,cus_00497,2026-05-07T01:16:00Z,299,EUR,mollie,2,failed,card_declined
ch_0007624,inv_005765,cus_00497,2026-05-14T17:57:00Z,299,EUR,mollie,3,failed,expired_card
ch_0007625,inv_005765,cus_00497,2026-05-19T02:22:00Z,299,EUR,mollie,4,failed,insufficient_funds
ch_0007626,inv_005766,cus_00497,2026-06-04T08:48:00Z,299,EUR,stripe,1,succeeded,
ch_0007627,inv_005767,cus_00497,2026-07-05T21:21:00Z,299,EUR,adyen,1,succeeded,
ch_0007628,inv_005768,cus_00497,2026-08-04T01:41:00Z,299,EUR,adyen,1,succeeded,
ch_0007629,inv_005769,cus_00498,2026-03-02T23:31:00Z,149,EUR,stripe,1,succeeded,
ch_0007630,inv_005770,cus_00498,2026-04-02T13:35:00Z,149,EUR,stripe,1,succeeded,
ch_0007631,inv_005771,cus_00498,2026-05-05T00:35:00Z,149,EUR,stripe,1,succeeded,
ch_0007632,inv_005772,cus_00498,2026-06-01T13:36:00Z,149,EUR,stripe,1,succeeded,
ch_0007633,inv_005773,cus_00498,2026-07-01T13:40:00Z,149,EUR,mollie,1,succeeded,
ch_0007634,inv_005774,cus_00498,2026-08-03T11:37:00Z,149,EUR,stripe,1,succeeded,
ch_0007635,inv_005775,cus_00499,2026-03-05T17:36:00Z,29,EUR,adyen,1,succeeded,
ch_0007636,inv_005776,cus_00499,2026-04-05T16:57:00Z,29,EUR,stripe,1,succeeded,
ch_0007637,inv_005777,cus_00499,2026-05-02T13:00:00Z,29,EUR,adyen,1,failed,insufficient_funds
ch_0007638,inv_005777,cus_00499,2026-05-07T01:43:00Z,29,EUR,adyen,2,failed,insufficient_funds
ch_0007639,inv_005777,cus_00499,2026-05-12T03:33:00Z,29,EUR,adyen,3,failed,do_not_honor
ch_0007640,inv_005777,cus_00499,2026-05-17T08:19:00Z,29,EUR,adyen,4,succeeded,
ch_0007641,inv_005778,cus_00499,2026-06-05T21:40:00Z,29,EUR,stripe,1,succeeded,
ch_0007642,inv_005779,cus_00499,2026-07-05T12:22:00Z,29,EUR,stripe,1,succeeded,
ch_0007643,inv_005780,cus_00499,2026-08-03T07:55:00Z,29,EUR,adyen,1,succeeded,
ch_0007644,inv_005781,cus_00500,2026-04-03T20:58:00Z,299,EUR,adyen,1,succeeded,
ch_0007645,inv_005782,cus_00500,2026-05-05T15:41:00Z,299,EUR,stripe,1,failed,insufficient_funds
ch_0007646,inv_005782,cus_00500,2026-05-10T20:10:00Z,299,EUR,stripe,2,failed,insufficient_funds
ch_0007647,inv_005783,cus_00500,2026-06-05T08:10:00Z,299,EUR,adyen,1,succeeded,
ch_0007648,inv_005784,cus_00500,2026-07-03T04:50:00Z,299,EUR,stripe,1,succeeded,
ch_0007649,inv_005785,cus_00500,2026-08-01T23:50:00Z,299,EUR,mollie,1,succeeded,
ch_0007650,inv_005786,cus_00501,2026-04-04T06:23:00Z,149,EUR,adyen,1,succeeded,
ch_0007651,inv_005787,cus_00501,2026-05-03T16:57:00Z,149,EUR,stripe,1,failed,insufficient_funds
ch_0007652,inv_005787,cus_00501,2026-05-08T04:36:00Z,149,EUR,stripe,2,failed,card_declined
ch_0007653,inv_005787,cus_00501,2026-05-13T09:13:00Z,149,EUR,stripe,3,failed,expired_card
ch_0007654,inv_005787,cus_00501,2026-05-20T04:30:00Z,149,EUR,stripe,4,failed,insufficient_funds
ch_0007655,inv_005788,cus_00501,2026-06-01T03:45:00Z,149,EUR,adyen,1,succeeded,
ch_0007656,inv_005789,cus_00501,2026-07-05T22:42:00Z,149,EUR,stripe,1,succeeded,
ch_0007657,inv_005790,cus_00501,2026-08-04T16:01:00Z,149,EUR,mollie,1,succeeded,
ch_0007658,inv_005791,cus_00502,2026-04-01T21:22:00Z,29,EUR,stripe,1,succeeded,
ch_0007659,inv_005792,cus_00502,2026-05-02T04:13:00Z,29,EUR,stripe,1,succeeded,
ch_0007660,inv_005793,cus_00502,2026-06-04T12:06:00Z,29,EUR,stripe,1,succeeded,
ch_0007661,inv_005794,cus_00503,2026-04-03T18:55:00Z,149,EUR,adyen,1,failed,expired_card
ch_0007662,inv_005794,cus_00503,2026-04-06T19:37:00Z,149,EUR,adyen,2,failed,insufficient_funds
ch_0007663,inv_005794,cus_00503,2026-04-13T17:37:00Z,149,EUR,adyen,3,failed,insufficient_funds
ch_0007664,inv_005794,cus_00503,2026-04-20T05:38:00Z,149,EUR,adyen,4,succeeded,
ch_0007665,inv_005795,cus_00503,2026-05-01T01:25:00Z,149,EUR,mollie,1,succeeded,
ch_0007666,inv_005796,cus_00503,2026-06-05T05:28:00Z,149,EUR,adyen,1,succeeded,
ch_0007667,inv_005797,cus_00504,2026-04-05T06:47:00Z,299,EUR,stripe,1,succeeded,
ch_0007668,inv_005798,cus_00504,2026-05-04T02:46:00Z,299,EUR,stripe,1,succeeded,
ch_0007669,inv_005799,cus_00505,2026-04-04T15:43:00Z,149,EUR,stripe,1,succeeded,
ch_0007670,inv_005800,cus_00505,2026-05-04T04:40:00Z,149,EUR,adyen,1,succeeded,
ch_0007671,inv_005801,cus_00505,2026-06-04T08:43:00Z,149,EUR,stripe,1,succeeded,
ch_0007672,inv_005802,cus_00505,2026-07-01T15:42:00Z,149,EUR,adyen,1,succeeded,
ch_0007673,inv_005803,cus_00505,2026-08-05T14:53:00Z,149,EUR,stripe,1,failed,card_declined
ch_0007674,inv_005803,cus_00505,2026-08-12T11:52:00Z,149,EUR,stripe,2,succeeded,
ch_0007675,inv_005804,cus_00506,2026-04-02T00:12:00Z,999,EUR,adyen,1,succeeded,
ch_0007676,inv_005805,cus_00506,2026-05-04T03:10:00Z,999,EUR,mollie,1,succeeded,
ch_0007677,inv_005806,cus_00506,2026-06-05T10:28:00Z,999,EUR,mollie,1,succeeded,
ch_0007678,inv_005807,cus_00506,2026-07-03T07:02:00Z,999,EUR,stripe,1,succeeded,
ch_0007679,inv_005808,cus_00506,2026-08-05T17:28:00Z,999,EUR,stripe,1,succeeded,
ch_0007680,inv_005809,cus_00507,2026-04-02T06:43:00Z,161.96,USD,stripe,1,succeeded,
ch_0007681,inv_005810,cus_00507,2026-05-01T18:44:00Z,161.96,USD,stripe,1,succeeded,
ch_0007682,inv_005811,cus_00507,2026-06-02T14:49:00Z,161.96,USD,adyen,1,failed,do_not_honor
ch_0007683,inv_005811,cus_00507,2026-06-05T12:09:00Z,161.96,USD,adyen,2,succeeded,
ch_0007684,inv_005812,cus_00507,2026-07-03T06:29:00Z,161.96,USD,stripe,1,succeeded,
ch_0007685,inv_005813,cus_00507,2026-08-04T16:26:00Z,161.96,USD,adyen,1,succeeded,
ch_0007686,inv_005814,cus_00508,2026-04-05T16:27:00Z,29,EUR,adyen,1,succeeded,
ch_0007687,inv_005815,cus_00508,2026-05-03T17:58:00Z,29,EUR,stripe,1,succeeded,
ch_0007688,inv_005816,cus_00508,2026-06-01T00:12:00Z,29,EUR,adyen,1,failed,insufficient_funds
ch_0007689,inv_005816,cus_00508,2026-06-04T12:46:00Z,29,EUR,adyen,2,failed,insufficient_funds
ch_0007690,inv_005816,cus_00508,2026-06-09T23:54:00Z,29,EUR,adyen,3,succeeded,
ch_0007691,inv_005817,cus_00508,2026-07-03T22:38:00Z,29,EUR,stripe,1,succeeded,
ch_0007692,inv_005818,cus_00508,2026-08-01T08:10:00Z,29,EUR,stripe,1,succeeded,
ch_0007693,inv_005819,cus_00509,2026-04-01T03:39:00Z,29,EUR,adyen,1,succeeded,
ch_0007694,inv_005820,cus_00509,2026-05-01T18:09:00Z,29,EUR,adyen,1,succeeded,
ch_0007695,inv_005821,cus_00509,2026-06-02T20:27:00Z,29,EUR,adyen,1,succeeded,
ch_0007696,inv_005822,cus_00509,2026-07-03T10:54:00Z,29,EUR,stripe,1,succeeded,
ch_0007697,inv_005823,cus_00509,2026-08-04T13:38:00Z,29,EUR,adyen,1,succeeded,
ch_0007698,inv_005824,cus_00510,2026-04-03T13:47:00Z,299,EUR,stripe,1,failed,insufficient_funds
ch_0007699,inv_005824,cus_00510,2026-04-10T21:45:00Z,299,EUR,stripe,2,succeeded,
ch_0007700,inv_005825,cus_00510,2026-05-04T14:26:00Z,299,EUR,adyen,1,succeeded,
ch_0007701,inv_005826,cus_00510,2026-06-03T18:10:00Z,299,EUR,stripe,1,succeeded,
ch_0007702,inv_005827,cus_00510,2026-07-03T04:12:00Z,299,EUR,adyen,1,succeeded,
ch_0007703,inv_005828,cus_00510,2026-08-05T13:45:00Z,299,EUR,adyen,1,succeeded,
ch_0007704,inv_005829,cus_00511,2026-04-04T09:30:00Z,149,EUR,stripe,1,failed,card_declined
ch_0007705,inv_005829,cus_00511,2026-04-07T11:42:00Z,149,EUR,stripe,2,failed,insufficient_funds
ch_0007706,inv_005829,cus_00511,2026-04-10T06:54:00Z,149,EUR,stripe,3,failed,insufficient_funds
ch_0007707,inv_005829,cus_00511,2026-04-13T19:55:00Z,149,EUR,stripe,4,succeeded,
ch_0007708,inv_005830,cus_00511,2026-05-05T14:51:00Z,149,EUR,stripe,1,succeeded,
ch_0007709,inv_005831,cus_00511,2026-06-04T10:47:00Z,149,EUR,stripe,1,succeeded,
ch_0007710,inv_005832,cus_00511,2026-07-05T04:20:00Z,149,EUR,stripe,1,succeeded,
ch_0007711,inv_005833,cus_00511,2026-08-02T20:58:00Z,149,EUR,stripe,1,succeeded,
ch_0007712,inv_005834,cus_00512,2026-04-05T17:55:00Z,299,EUR,mollie,1,succeeded,
ch_0007713,inv_005835,cus_00512,2026-05-05T10:45:00Z,299,EUR,stripe,1,succeeded,
ch_0007714,inv_005836,cus_00512,2026-06-05T06:49:00Z,299,EUR,stripe,1,succeeded,
ch_0007715,inv_005837,cus_00512,2026-07-01T05:10:00Z,299,EUR,stripe,1,succeeded,
ch_0007716,inv_005838,cus_00512,2026-08-01T10:31:00Z,299,EUR,adyen,1,succeeded,
ch_0007717,inv_005839,cus_00513,2026-04-03T16:24:00Z,149,EUR,stripe,1,succeeded,
ch_0007718,inv_005840,cus_00513,2026-05-01T09:56:00Z,149,EUR,stripe,1,succeeded,
ch_0007719,inv_005841,cus_00513,2026-06-05T15:58:00Z,149,EUR,stripe,1,succeeded,
ch_0007720,inv_005842,cus_00513,2026-07-01T19:11:00Z,149,EUR,stripe,1,succeeded,
ch_0007721,inv_005843,cus_00513,2026-08-02T04:21:00Z,149,EUR,stripe,1,succeeded,
ch_0007722,inv_005844,cus_00514,2026-04-02T20:43:00Z,299,EUR,stripe,1,succeeded,
ch_0007723,inv_005845,cus_00514,2026-05-02T19:51:00Z,299,EUR,stripe,1,succeeded,
ch_0007724,inv_005846,cus_00514,2026-06-01T02:27:00Z,299,EUR,stripe,1,succeeded,
ch_0007725,inv_005847,cus_00514,2026-07-01T19:02:00Z,299,EUR,stripe,1,succeeded,
ch_0007726,inv_005848,cus_00514,2026-08-03T09:34:00Z,299,EUR,adyen,1,succeeded,
ch_0007727,inv_005849,cus_00515,2026-04-02T08:15:00Z,149,EUR,stripe,1,succeeded,
ch_0007728,inv_005850,cus_00515,2026-05-02T14:24:00Z,149,EUR,stripe,1,succeeded,
ch_0007729,inv_005851,cus_00515,2026-06-02T03:27:00Z,149,EUR,adyen,1,failed,insufficient_funds
ch_0007730,inv_005851,cus_00515,2026-06-09T10:29:00Z,149,EUR,adyen,2,succeeded,
ch_0007731,inv_005852,cus_00515,2026-07-04T10:44:00Z,149,EUR,stripe,1,succeeded,
ch_0007732,inv_005853,cus_00515,2026-08-02T23:22:00Z,149,EUR,mollie,1,failed,card_declined
ch_0007733,inv_005853,cus_00515,2026-08-07T21:09:00Z,149,EUR,mollie,2,failed,processing_error
ch_0007734,inv_005853,cus_00515,2026-08-12T01:10:00Z,149,EUR,mollie,3,failed,insufficient_funds
ch_0007735,inv_005854,cus_00516,2026-04-04T03:59:00Z,29,EUR,stripe,1,failed,card_declined
ch_0007736,inv_005854,cus_00516,2026-04-11T01:03:00Z,29,EUR,stripe,2,failed,processing_error
ch_0007737,inv_005854,cus_00516,2026-04-14T15:01:00Z,29,EUR,stripe,3,failed,processing_error
ch_0007738,inv_005855,cus_00516,2026-05-01T04:09:00Z,29,EUR,adyen,1,succeeded,
ch_0007739,inv_005856,cus_00516,2026-06-05T05:30:00Z,29,EUR,stripe,1,succeeded,
ch_0007740,inv_005857,cus_00516,2026-07-03T13:46:00Z,29,EUR,stripe,1,succeeded,
ch_0007741,inv_005858,cus_00516,2026-08-05T13:13:00Z,29,EUR,stripe,1,succeeded,
ch_0007742,inv_005859,cus_00517,2026-04-01T03:59:00Z,141.9,CHF,stripe,1,succeeded,
ch_0007743,inv_005860,cus_00517,2026-05-03T21:05:00Z,141.9,CHF,stripe,1,succeeded,
ch_0007744,inv_005861,cus_00517,2026-06-04T02:25:00Z,141.9,CHF,adyen,1,failed,card_declined
ch_0007745,inv_005861,cus_00517,2026-06-07T05:21:00Z,141.9,CHF,adyen,2,succeeded,
ch_0007746,inv_005862,cus_00517,2026-07-02T04:35:00Z,141.9,CHF,mollie,1,succeeded,
ch_0007747,inv_005863,cus_00517,2026-08-05T02:11:00Z,141.9,CHF,stripe,1,succeeded,
ch_0007748,inv_005864,cus_00518,2026-04-02T07:31:00Z,149,EUR,adyen,1,succeeded,
ch_0007749,inv_005865,cus_00518,2026-05-01T07:53:00Z,149,EUR,adyen,1,succeeded,
ch_0007750,inv_005866,cus_00518,2026-06-01T23:02:00Z,149,EUR,adyen,1,succeeded,
ch_0007751,inv_005867,cus_00518,2026-07-01T15:56:00Z,149,EUR,stripe,1,succeeded,
ch_0007752,inv_005868,cus_00518,2026-08-03T09:38:00Z,149,EUR,stripe,1,failed,insufficient_funds
ch_0007753,inv_005868,cus_00518,2026-08-06T19:42:00Z,149,EUR,stripe,2,failed,insufficient_funds
ch_0007754,inv_005868,cus_00518,2026-08-09T02:26:00Z,149,EUR,stripe,3,failed,card_declined
ch_0007755,inv_005868,cus_00518,2026-08-12T17:03:00Z,149,EUR,stripe,4,succeeded,
ch_0007756,inv_005869,cus_00519,2026-04-03T09:22:00Z,161.96,USD,mollie,1,succeeded,
ch_0007757,inv_005870,cus_00519,2026-05-01T21:36:00Z,161.96,USD,adyen,1,succeeded,
ch_0007758,inv_005871,cus_00519,2026-06-05T23:15:00Z,161.96,USD,stripe,1,succeeded,
ch_0007759,inv_005872,cus_00519,2026-07-01T10:57:00Z,161.96,USD,mollie,1,succeeded,
ch_0007760,inv_005873,cus_00519,2026-08-03T19:01:00Z,161.96,USD,stripe,1,succeeded,
ch_0007761,inv_005874,cus_00520,2026-04-01T09:22:00Z,149,EUR,stripe,1,succeeded,
ch_0007762,inv_005875,cus_00520,2026-05-05T23:24:00Z,149,EUR,adyen,1,succeeded,
ch_0007763,inv_005876,cus_00520,2026-06-05T20:31:00Z,149,EUR,stripe,1,failed,expired_card
ch_0007764,inv_005876,cus_00520,2026-06-12T12:21:00Z,149,EUR,stripe,2,failed,do_not_honor
ch_0007765,inv_005876,cus_00520,2026-06-17T22:11:00Z,149,EUR,stripe,3,failed,card_declined
ch_0007766,inv_005876,cus_00520,2026-06-24T15:31:00Z,149,EUR,stripe,4,failed,insufficient_funds
ch_0007767,inv_005877,cus_00520,2026-07-02T03:56:00Z,149,EUR,mollie,1,succeeded,
ch_0007768,inv_005878,cus_00520,2026-08-05T23:30:00Z,149,EUR,mollie,1,succeeded,
ch_0007769,inv_005879,cus_00521,2026-04-03T00:18:00Z,149,EUR,mollie,1,failed,do_not_honor
ch_0007770,inv_005879,cus_00521,2026-04-10T22:12:00Z,149,EUR,mollie,2,failed,insufficient_funds
ch_0007771,inv_005880,cus_00521,2026-05-03T05:03:00Z,149,EUR,stripe,1,succeeded,
ch_0007772,inv_005881,cus_00521,2026-06-05T22:02:00Z,149,EUR,adyen,1,succeeded,
ch_0007773,inv_005882,cus_00521,2026-07-04T11:33:00Z,149,EUR,adyen,1,succeeded,
ch_0007774,inv_005883,cus_00521,2026-08-04T06:28:00Z,149,EUR,stripe,1,succeeded,
ch_0007775,inv_005884,cus_00522,2026-04-04T15:55:00Z,149,EUR,stripe,1,succeeded,
ch_0007776,inv_005885,cus_00522,2026-05-03T08:58:00Z,149,EUR,stripe,1,succeeded,
ch_0007777,inv_005886,cus_00522,2026-06-05T03:48:00Z,149,EUR,stripe,1,succeeded,
ch_0007778,inv_005887,cus_00522,2026-07-03T21:59:00Z,149,EUR,stripe,1,succeeded,
ch_0007779,inv_005888,cus_00522,2026-08-03T11:32:00Z,149,EUR,stripe,1,succeeded,
ch_0007780,inv_005889,cus_00523,2026-04-05T08:59:00Z,161.96,USD,stripe,1,succeeded,
ch_0007781,inv_005890,cus_00523,2026-05-03T01:42:00Z,161.96,USD,adyen,1,succeeded,
ch_0007782,inv_005891,cus_00523,2026-06-01T06:02:00Z,161.96,USD,stripe,1,succeeded,
ch_0007783,inv_005892,cus_00523,2026-07-02T12:31:00Z,161.96,USD,stripe,1,succeeded,
ch_0007784,inv_005893,cus_00523,2026-08-02T10:24:00Z,161.96,USD,stripe,1,failed,card_declined
ch_0007785,inv_005893,cus_00523,2026-08-05T18:58:00Z,161.96,USD,stripe,2,failed,card_declined
ch_0007786,inv_005893,cus_00523,2026-08-10T13:19:00Z,161.96,USD,stripe,3,failed,card_declined
ch_0007787,inv_005893,cus_00523,2026-08-17T15:46:00Z,161.96,USD,stripe,4,failed,do_not_honor
ch_0007788,inv_005894,cus_00524,2026-04-04T23:55:00Z,149,EUR,stripe,1,succeeded,
ch_0007789,inv_005895,cus_00524,2026-05-03T23:00:00Z,149,EUR,adyen,1,succeeded,
ch_0007790,inv_005896,cus_00524,2026-06-02T13:25:00Z,149,EUR,stripe,1,succeeded,
ch_0007791,inv_005897,cus_00524,2026-07-02T15:37:00Z,149,EUR,stripe,1,succeeded,
ch_0007792,inv_005898,cus_00524,2026-08-03T01:01:00Z,149,EUR,stripe,1,succeeded,
ch_0007793,inv_005899,cus_00525,2026-04-02T16:07:00Z,29,EUR,adyen,1,succeeded,
ch_0007794,inv_005900,cus_00525,2026-05-01T15:39:00Z,29,EUR,stripe,1,succeeded,
ch_0007795,inv_005901,cus_00525,2026-06-01T15:18:00Z,29,EUR,adyen,1,succeeded,
ch_0007796,inv_005902,cus_00525,2026-07-05T00:57:00Z,29,EUR,adyen,1,succeeded,
ch_0007797,inv_005903,cus_00525,2026-08-02T15:35:00Z,29,EUR,stripe,1,succeeded,
ch_0007798,inv_005904,cus_00526,2026-04-03T05:16:00Z,149,EUR,adyen,1,succeeded,
ch_0007799,inv_005905,cus_00526,2026-05-04T04:26:00Z,149,EUR,adyen,1,succeeded,
ch_0007800,inv_005906,cus_00526,2026-06-05T19:55:00Z,149,EUR,stripe,1,succeeded,
ch_0007801,inv_005907,cus_00526,2026-07-01T13:25:00Z,149,EUR,mollie,1,succeeded,
ch_0007802,inv_005908,cus_00526,2026-08-03T15:22:00Z,149,EUR,stripe,1,succeeded,
ch_0007803,inv_005909,cus_00527,2026-04-04T14:56:00Z,149,EUR,adyen,1,succeeded,
ch_0007804,inv_005910,cus_00527,2026-05-01T12:41:00Z,149,EUR,stripe,1,succeeded,
ch_0007805,inv_005911,cus_00527,2026-06-01T17:27:00Z,149,EUR,stripe,1,succeeded,
ch_0007806,inv_005912,cus_00527,2026-07-01T11:52:00Z,149,EUR,stripe,1,succeeded,
ch_0007807,inv_005913,cus_00527,2026-08-04T14:46:00Z,149,EUR,adyen,1,succeeded,
ch_0007808,inv_005914,cus_00528,2026-04-05T23:23:00Z,29,EUR,stripe,1,failed,do_not_honor
ch_0007809,inv_005914,cus_00528,2026-04-10T10:32:00Z,29,EUR,stripe,2,failed,insufficient_funds
ch_0007810,inv_005915,cus_00528,2026-05-05T09:58:00Z,29,EUR,stripe,1,succeeded,
ch_0007811,inv_005916,cus_00528,2026-06-01T12:14:00Z,29,EUR,adyen,1,succeeded,
ch_0007812,inv_005917,cus_00529,2026-04-01T05:56:00Z,255.56,GBP,stripe,1,succeeded,
ch_0007813,inv_005918,cus_00529,2026-05-01T19:17:00Z,255.56,GBP,stripe,1,succeeded,
ch_0007814,inv_005919,cus_00529,2026-06-05T08:58:00Z,255.56,GBP,stripe,1,succeeded,
ch_0007815,inv_005920,cus_00529,2026-07-05T01:30:00Z,255.56,GBP,mollie,1,succeeded,
ch_0007816,inv_005921,cus_00529,2026-08-05T12:58:00Z,255.56,GBP,mollie,1,failed,processing_error
ch_0007817,inv_005921,cus_00529,2026-08-10T18:23:00Z,255.56,GBP,mollie,2,succeeded,
ch_0007818,inv_005922,cus_00530,2026-04-01T14:33:00Z,149,EUR,stripe,1,succeeded,
ch_0007819,inv_005923,cus_00530,2026-05-01T21:23:00Z,149,EUR,adyen,1,succeeded,
ch_0007820,inv_005924,cus_00530,2026-06-03T01:41:00Z,149,EUR,stripe,1,succeeded,
ch_0007821,inv_005925,cus_00530,2026-07-04T22:58:00Z,149,EUR,mollie,1,failed,expired_card
ch_0007822,inv_005925,cus_00530,2026-07-09T07:58:00Z,149,EUR,mollie,2,succeeded,
ch_0007823,inv_005926,cus_00530,2026-08-01T05:19:00Z,149,EUR,adyen,1,succeeded,
ch_0007824,inv_005927,cus_00531,2026-04-04T22:29:00Z,149,EUR,adyen,1,succeeded,
ch_0007825,inv_005928,cus_00531,2026-05-02T03:21:00Z,149,EUR,adyen,1,succeeded,
ch_0007826,inv_005929,cus_00532,2026-04-01T13:59:00Z,255.56,GBP,stripe,1,succeeded,
ch_0007827,inv_005930,cus_00532,2026-05-01T08:53:00Z,255.56,GBP,adyen,1,succeeded,
ch_0007828,inv_005931,cus_00532,2026-06-03T08:46:00Z,255.56,GBP,stripe,1,succeeded,
ch_0007829,inv_005932,cus_00532,2026-07-05T11:51:00Z,255.56,GBP,stripe,1,succeeded,
ch_0007830,inv_005933,cus_00532,2026-08-03T17:36:00Z,255.56,GBP,adyen,1,succeeded,
ch_0007831,inv_005934,cus_00533,2026-04-01T00:27:00Z,24.79,GBP,stripe,1,succeeded,
ch_0007832,inv_005935,cus_00533,2026-05-03T09:25:00Z,24.79,GBP,mollie,1,failed,insufficient_funds
ch_0007833,inv_005935,cus_00533,2026-05-10T07:36:00Z,24.79,GBP,mollie,2,failed,card_declined
ch_0007834,inv_005935,cus_00533,2026-05-17T12:25:00Z,24.79,GBP,mollie,3,succeeded,
ch_0007835,inv_005936,cus_00533,2026-06-01T03:56:00Z,24.79,GBP,stripe,1,succeeded,
ch_0007836,inv_005937,cus_00533,2026-07-02T16:11:00Z,24.79,GBP,stripe,1,succeeded,
ch_0007837,inv_005938,cus_00533,2026-08-04T22:36:00Z,24.79,GBP,stripe,1,succeeded,
ch_0007838,inv_005939,cus_00534,2026-04-04T23:01:00Z,149,EUR,mollie,1,succeeded,
ch_0007839,inv_005940,cus_00534,2026-05-04T14:05:00Z,149,EUR,stripe,1,succeeded,
ch_0007840,inv_005941,cus_00534,2026-06-04T12:08:00Z,149,EUR,stripe,1,failed,insufficient_funds
ch_0007841,inv_005941,cus_00534,2026-06-07T08:38:00Z,149,EUR,stripe,2,failed,processing_error
ch_0007842,inv_005941,cus_00534,2026-06-14T00:15:00Z,149,EUR,stripe,3,failed,expired_card
ch_0007843,inv_005941,cus_00534,2026-06-17T04:10:00Z,149,EUR,stripe,4,succeeded,
ch_0007844,inv_005942,cus_00534,2026-07-04T21:28:00Z,149,EUR,stripe,1,succeeded,
ch_0007845,inv_005943,cus_00534,2026-08-04T01:14:00Z,149,EUR,adyen,1,succeeded,
ch_0007846,inv_005944,cus_00535,2026-04-05T19:53:00Z,149,EUR,stripe,1,succeeded,
ch_0007847,inv_005945,cus_00535,2026-05-05T18:43:00Z,149,EUR,mollie,1,succeeded,
ch_0007848,inv_005946,cus_00535,2026-06-05T08:33:00Z,149,EUR,adyen,1,succeeded,
ch_0007849,inv_005947,cus_00535,2026-07-01T04:14:00Z,149,EUR,stripe,1,succeeded,
ch_0007850,inv_005948,cus_00535,2026-08-03T06:46:00Z,149,EUR,adyen,1,succeeded,
ch_0007851,inv_005949,cus_00536,2026-05-02T04:43:00Z,149,EUR,adyen,1,succeeded,
ch_0007852,inv_005950,cus_00536,2026-06-03T22:21:00Z,149,EUR,stripe,1,succeeded,
ch_0007853,inv_005952,cus_00536,2026-08-03T03:13:00Z,149,EUR,mollie,1,failed,card_declined
ch_0007854,inv_005952,cus_00536,2026-08-06T06:44:00Z,149,EUR,mollie,2,succeeded,
ch_0007855,inv_005953,cus_00537,2026-05-05T21:38:00Z,127.35,GBP,adyen,1,succeeded,
ch_0007856,inv_005954,cus_00537,2026-06-02T23:28:00Z,127.35,GBP,mollie,1,succeeded,
ch_0007857,inv_005955,cus_00537,2026-07-02T20:31:00Z,127.35,GBP,stripe,1,succeeded,
ch_0007858,inv_005956,cus_00537,2026-08-04T13:15:00Z,127.35,GBP,adyen,1,succeeded,
ch_0007859,inv_005957,cus_00538,2026-05-04T00:19:00Z,149,EUR,mollie,1,succeeded,
ch_0007860,inv_005958,cus_00538,2026-06-03T12:37:00Z,149,EUR,stripe,1,succeeded,
ch_0007861,inv_005959,cus_00538,2026-07-04T02:58:00Z,149,EUR,stripe,1,succeeded,
ch_0007862,inv_005960,cus_00538,2026-08-04T08:39:00Z,149,EUR,mollie,1,succeeded,
ch_0007863,inv_005961,cus_00539,2026-05-04T06:54:00Z,29,EUR,adyen,1,succeeded,
ch_0007864,inv_005962,cus_00539,2026-06-02T20:48:00Z,29,EUR,mollie,1,succeeded,
ch_0007865,inv_005963,cus_00539,2026-07-04T13:52:00Z,29,EUR,stripe,1,succeeded,
ch_0007866,inv_005964,cus_00539,2026-08-04T16:12:00Z,29,EUR,stripe,1,succeeded,
ch_0007867,inv_005965,cus_00540,2026-05-02T02:44:00Z,149,EUR,mollie,1,succeeded,
ch_0007868,inv_005966,cus_00540,2026-06-04T09:50:00Z,149,EUR,adyen,1,succeeded,
ch_0007869,inv_005967,cus_00540,2026-07-04T22:35:00Z,149,EUR,stripe,1,succeeded,
ch_0007870,inv_005968,cus_00540,2026-08-01T18:25:00Z,149,EUR,stripe,1,failed,do_not_honor
ch_0007871,inv_005968,cus_00540,2026-08-08T14:52:00Z,149,EUR,stripe,2,failed,card_declined
ch_0007872,inv_005969,cus_00541,2026-05-05T20:18:00Z,329.55,SEK,stripe,1,succeeded,
ch_0007873,inv_005970,cus_00541,2026-06-01T01:33:00Z,329.55,SEK,stripe,1,failed,card_declined
ch_0007874,inv_005970,cus_00541,2026-06-06T16:57:00Z,329.55,SEK,stripe,2,failed,card_declined
ch_0007875,inv_005970,cus_00541,2026-06-11T04:51:00Z,329.55,SEK,stripe,3,failed,insufficient_funds
ch_0007876,inv_005970,cus_00541,2026-06-14T04:08:00Z,329.55,SEK,stripe,4,succeeded,
ch_0007877,inv_005971,cus_00541,2026-07-05T12:33:00Z,329.55,SEK,adyen,1,succeeded,
ch_0007878,inv_005972,cus_00541,2026-08-01T07:28:00Z,329.55,SEK,stripe,1,succeeded,
ch_0007879,inv_005973,cus_00542,2026-05-04T18:25:00Z,29,EUR,mollie,1,succeeded,
ch_0007880,inv_005974,cus_00542,2026-06-03T00:04:00Z,29,EUR,mollie,1,failed,card_declined
ch_0007881,inv_005974,cus_00542,2026-06-08T23:23:00Z,29,EUR,mollie,2,failed,insufficient_funds
ch_0007882,inv_005974,cus_00542,2026-06-13T19:35:00Z,29,EUR,mollie,3,failed,do_not_honor
ch_0007883,inv_005974,cus_00542,2026-06-20T15:27:00Z,29,EUR,mollie,4,succeeded,
ch_0007884,inv_005975,cus_00542,2026-07-04T16:53:00Z,29,EUR,stripe,1,succeeded,
ch_0007885,inv_005976,cus_00542,2026-08-01T00:58:00Z,29,EUR,adyen,1,succeeded,
ch_0007886,inv_005977,cus_00543,2026-05-05T00:07:00Z,149,EUR,stripe,1,failed,insufficient_funds
ch_0007887,inv_005977,cus_00543,2026-05-08T22:47:00Z,149,EUR,stripe,2,failed,processing_error
ch_0007888,inv_005977,cus_00543,2026-05-11T15:36:00Z,149,EUR,stripe,3,failed,insufficient_funds
ch_0007889,inv_005977,cus_00543,2026-05-18T00:56:00Z,149,EUR,stripe,4,succeeded,
ch_0007890,inv_005978,cus_00543,2026-06-05T21:32:00Z,149,EUR,stripe,1,succeeded,
ch_0007891,inv_005979,cus_00543,2026-07-02T03:02:00Z,149,EUR,adyen,1,succeeded,
ch_0007892,inv_005980,cus_00543,2026-08-02T22:31:00Z,149,EUR,stripe,1,succeeded,
ch_0007893,inv_005981,cus_00544,2026-05-03T13:23:00Z,29,EUR,stripe,1,succeeded,
ch_0007894,inv_005982,cus_00544,2026-06-04T16:52:00Z,29,EUR,mollie,1,succeeded,
ch_0007895,inv_005984,cus_00544,2026-08-03T15:49:00Z,29,EUR,adyen,1,succeeded,
ch_0007896,inv_005985,cus_00545,2026-05-01T20:39:00Z,149,EUR,stripe,1,succeeded,
ch_0007897,inv_005986,cus_00545,2026-06-03T10:51:00Z,149,EUR,stripe,1,failed,card_declined
ch_0007898,inv_005986,cus_00545,2026-06-06T14:48:00Z,149,EUR,stripe,2,failed,do_not_honor
ch_0007899,inv_005986,cus_00545,2026-06-11T01:34:00Z,149,EUR,stripe,3,failed,processing_error
ch_0007900,inv_005986,cus_00545,2026-06-16T03:45:00Z,149,EUR,stripe,4,failed,expired_card
ch_0007901,inv_005987,cus_00545,2026-07-02T19:45:00Z,149,EUR,stripe,1,failed,processing_error
ch_0007902,inv_005987,cus_00545,2026-07-05T05:31:00Z,149,EUR,stripe,2,failed,insufficient_funds
ch_0007903,inv_005988,cus_00545,2026-08-03T16:37:00Z,149,EUR,adyen,1,failed,processing_error
ch_0007904,inv_005988,cus_00545,2026-08-10T11:13:00Z,149,EUR,adyen,2,failed,insufficient_funds
ch_0007905,inv_005988,cus_00545,2026-08-15T12:11:00Z,149,EUR,adyen,3,failed,do_not_honor
ch_0007906,inv_005988,cus_00545,2026-08-18T22:58:00Z,149,EUR,adyen,4,failed,card_declined
ch_0007907,inv_005989,cus_00546,2026-05-02T00:33:00Z,299,EUR,adyen,1,succeeded,
ch_0007908,inv_005990,cus_00546,2026-06-01T08:59:00Z,299,EUR,stripe,1,failed,card_declined
ch_0007909,inv_005990,cus_00546,2026-06-08T18:30:00Z,299,EUR,stripe,2,failed,do_not_honor
ch_0007910,inv_005990,cus_00546,2026-06-11T15:00:00Z,299,EUR,stripe,3,failed,processing_error
ch_0007911,inv_005992,cus_00546,2026-08-04T20:12:00Z,299,EUR,stripe,1,failed,expired_card
ch_0007912,inv_005992,cus_00546,2026-08-11T18:49:00Z,299,EUR,stripe,2,failed,insufficient_funds
ch_0007913,inv_005992,cus_00546,2026-08-16T04:53:00Z,299,EUR,stripe,3,failed,insufficient_funds
ch_0007914,inv_005993,cus_00547,2026-05-05T22:58:00Z,29,EUR,stripe,1,succeeded,
ch_0007915,inv_005994,cus_00547,2026-06-04T04:04:00Z,29,EUR,stripe,1,succeeded,
ch_0007916,inv_005995,cus_00547,2026-07-01T15:56:00Z,29,EUR,stripe,1,succeeded,
ch_0007917,inv_005996,cus_00547,2026-08-05T16:07:00Z,29,EUR,stripe,1,succeeded,
ch_0007918,inv_005997,cus_00548,2026-05-05T01:41:00Z,29,EUR,stripe,1,succeeded,
ch_0007919,inv_005998,cus_00548,2026-06-05T06:21:00Z,29,EUR,adyen,1,succeeded,
ch_0007920,inv_005999,cus_00548,2026-07-03T13:38:00Z,29,EUR,stripe,1,failed,card_declined
ch_0007921,inv_005999,cus_00548,2026-07-06T09:17:00Z,29,EUR,stripe,2,failed,card_declined
ch_0007922,inv_005999,cus_00548,2026-07-09T23:01:00Z,29,EUR,stripe,3,failed,insufficient_funds
ch_0007923,inv_005999,cus_00548,2026-07-14T03:07:00Z,29,EUR,stripe,4,failed,card_declined
ch_0007924,inv_006000,cus_00548,2026-08-03T09:16:00Z,29,EUR,stripe,1,failed,card_declined
ch_0007925,inv_006000,cus_00548,2026-08-10T08:45:00Z,29,EUR,stripe,2,succeeded,
ch_0007926,inv_006001,cus_00549,2026-05-02T01:28:00Z,24.79,GBP,adyen,1,succeeded,
ch_0007927,inv_006002,cus_00549,2026-06-01T15:04:00Z,24.79,GBP,stripe,1,succeeded,
ch_0007928,inv_006003,cus_00549,2026-07-04T06:13:00Z,24.79,GBP,stripe,1,succeeded,
ch_0007929,inv_006004,cus_00549,2026-08-01T12:52:00Z,24.79,GBP,stripe,1,succeeded,
ch_0007930,inv_006005,cus_00550,2026-05-03T20:29:00Z,299,EUR,stripe,1,succeeded,
ch_0007931,inv_006006,cus_00550,2026-06-03T20:00:00Z,299,EUR,adyen,1,succeeded,
ch_0007932,inv_006007,cus_00550,2026-07-04T09:13:00Z,299,EUR,stripe,1,failed,card_declined
ch_0007933,inv_006007,cus_00550,2026-07-07T18:22:00Z,299,EUR,stripe,2,failed,insufficient_funds
ch_0007934,inv_006007,cus_00550,2026-07-14T20:12:00Z,299,EUR,stripe,3,failed,insufficient_funds
ch_0007935,inv_006007,cus_00550,2026-07-17T13:01:00Z,299,EUR,stripe,4,succeeded,
ch_0007936,inv_006008,cus_00550,2026-08-05T09:03:00Z,299,EUR,stripe,1,succeeded,
ch_0007937,inv_006009,cus_00551,2026-05-01T00:39:00Z,24.79,GBP,mollie,1,failed,card_declined
ch_0007938,inv_006009,cus_00551,2026-05-06T05:43:00Z,24.79,GBP,mollie,2,succeeded,
ch_0007939,inv_006010,cus_00551,2026-06-03T06:33:00Z,24.79,GBP,stripe,1,succeeded,
ch_0007940,inv_006011,cus_00551,2026-07-02T14:53:00Z,24.79,GBP,stripe,1,succeeded,
ch_0007941,inv_006012,cus_00551,2026-08-02T06:23:00Z,24.79,GBP,mollie,1,succeeded,
ch_0007942,inv_006013,cus_00552,2026-05-02T05:06:00Z,149,EUR,adyen,1,succeeded,
ch_0007943,inv_006014,cus_00552,2026-06-05T23:39:00Z,149,EUR,stripe,1,succeeded,
ch_0007944,inv_006015,cus_00552,2026-07-02T02:59:00Z,149,EUR,stripe,1,succeeded,
ch_0007945,inv_006016,cus_00552,2026-08-05T14:45:00Z,149,EUR,mollie,1,succeeded,
ch_0007946,inv_006017,cus_00553,2026-05-05T18:52:00Z,299,EUR,adyen,1,succeeded,
ch_0007947,inv_006018,cus_00553,2026-06-05T03:01:00Z,299,EUR,mollie,1,succeeded,
ch_0007948,inv_006019,cus_00553,2026-07-04T21:06:00Z,299,EUR,stripe,1,succeeded,
ch_0007949,inv_006020,cus_00553,2026-08-05T00:58:00Z,299,EUR,adyen,1,succeeded,
ch_0007950,inv_006021,cus_00554,2026-05-04T01:00:00Z,29,EUR,stripe,1,succeeded,
ch_0007951,inv_006022,cus_00554,2026-06-05T12:39:00Z,29,EUR,stripe,1,succeeded,
ch_0007952,inv_006023,cus_00554,2026-07-03T06:46:00Z,29,EUR,stripe,1,failed,expired_card
ch_0007953,inv_006023,cus_00554,2026-07-08T23:48:00Z,29,EUR,stripe,2,succeeded,
ch_0007954,inv_006024,cus_00554,2026-08-02T10:09:00Z,29,EUR,stripe,1,succeeded,
ch_0007955,inv_006025,cus_00555,2026-05-04T06:59:00Z,149,EUR,stripe,1,succeeded,
ch_0007956,inv_006026,cus_00555,2026-06-02T17:28:00Z,149,EUR,stripe,1,succeeded,
ch_0007957,inv_006027,cus_00555,2026-07-04T10:59:00Z,149,EUR,stripe,1,failed,insufficient_funds
ch_0007958,inv_006027,cus_00555,2026-07-07T05:53:00Z,149,EUR,stripe,2,failed,expired_card
ch_0007959,inv_006027,cus_00555,2026-07-10T12:41:00Z,149,EUR,stripe,3,failed,card_declined
ch_0007960,inv_006028,cus_00555,2026-08-05T05:47:00Z,149,EUR,stripe,1,succeeded,
ch_0007961,inv_006029,cus_00556,2026-05-01T08:01:00Z,149,EUR,mollie,1,succeeded,
ch_0007962,inv_006030,cus_00556,2026-06-04T20:17:00Z,149,EUR,adyen,1,succeeded,
ch_0007963,inv_006031,cus_00556,2026-07-03T03:25:00Z,149,EUR,adyen,1,succeeded,
ch_0007964,inv_006032,cus_00556,2026-08-04T13:37:00Z,149,EUR,adyen,1,succeeded,
ch_0007965,inv_006033,cus_00557,2026-05-01T20:08:00Z,127.35,GBP,adyen,1,failed,insufficient_funds
ch_0007966,inv_006033,cus_00557,2026-05-06T00:02:00Z,127.35,GBP,adyen,2,succeeded,
ch_0007967,inv_006034,cus_00557,2026-06-03T15:30:00Z,127.35,GBP,stripe,1,failed,card_declined
ch_0007968,inv_006034,cus_00557,2026-06-10T14:25:00Z,127.35,GBP,stripe,2,failed,insufficient_funds
ch_0007969,inv_006034,cus_00557,2026-06-15T20:35:00Z,127.35,GBP,stripe,3,failed,insufficient_funds
ch_0007970,inv_006035,cus_00557,2026-07-04T11:43:00Z,127.35,GBP,mollie,1,succeeded,
ch_0007971,inv_006036,cus_00557,2026-08-02T20:08:00Z,127.35,GBP,stripe,1,failed,card_declined
ch_0007972,inv_006036,cus_00557,2026-08-09T05:58:00Z,127.35,GBP,stripe,2,failed,card_declined
ch_0007973,inv_006036,cus_00557,2026-08-12T22:31:00Z,127.35,GBP,stripe,3,failed,do_not_honor
ch_0007974,inv_006036,cus_00557,2026-08-17T13:14:00Z,127.35,GBP,stripe,4,succeeded,
ch_0007975,inv_006037,cus_00558,2026-05-04T13:47:00Z,29,EUR,adyen,1,succeeded,
ch_0007976,inv_006038,cus_00558,2026-06-01T22:42:00Z,29,EUR,adyen,1,succeeded,
ch_0007977,inv_006039,cus_00558,2026-07-03T19:03:00Z,29,EUR,mollie,1,succeeded,
ch_0007978,inv_006040,cus_00558,2026-08-01T01:11:00Z,29,EUR,adyen,1,succeeded,
ch_0007979,inv_006041,cus_00559,2026-05-03T01:21:00Z,149,EUR,mollie,1,succeeded,
ch_0007980,inv_006042,cus_00559,2026-06-04T04:45:00Z,149,EUR,mollie,1,succeeded,
ch_0007981,inv_006044,cus_00559,2026-08-01T08:44:00Z,149,EUR,stripe,1,succeeded,
ch_0007982,inv_006045,cus_00560,2026-05-03T10:52:00Z,27.62,CHF,mollie,1,succeeded,
ch_0007983,inv_006046,cus_00560,2026-06-01T22:35:00Z,27.62,CHF,stripe,1,failed,expired_card
ch_0007984,inv_006046,cus_00560,2026-06-04T12:43:00Z,27.62,CHF,stripe,2,failed,insufficient_funds
ch_0007985,inv_006046,cus_00560,2026-06-09T14:52:00Z,27.62,CHF,stripe,3,failed,do_not_honor
ch_0007986,inv_006046,cus_00560,2026-06-12T20:19:00Z,27.62,CHF,stripe,4,failed,insufficient_funds
ch_0007987,inv_006047,cus_00560,2026-07-01T04:54:00Z,27.62,CHF,stripe,1,succeeded,
ch_0007988,inv_006048,cus_00560,2026-08-03T11:38:00Z,27.62,CHF,stripe,1,failed,processing_error
ch_0007989,inv_006048,cus_00560,2026-08-08T17:41:00Z,27.62,CHF,stripe,2,failed,insufficient_funds
ch_0007990,inv_006048,cus_00560,2026-08-11T14:51:00Z,27.62,CHF,stripe,3,failed,insufficient_funds
ch_0007991,inv_006048,cus_00560,2026-08-14T09:33:00Z,27.62,CHF,stripe,4,succeeded,
ch_0007992,inv_006049,cus_00561,2026-05-01T05:34:00Z,24.79,GBP,adyen,1,succeeded,
ch_0007993,inv_006050,cus_00561,2026-06-03T05:51:00Z,24.79,GBP,stripe,1,succeeded,
ch_0007994,inv_006051,cus_00561,2026-07-04T23:37:00Z,24.79,GBP,stripe,1,succeeded,
ch_0007995,inv_006052,cus_00561,2026-08-01T16:51:00Z,24.79,GBP,stripe,1,succeeded,
ch_0007996,inv_006053,cus_00562,2026-05-02T11:32:00Z,299,EUR,stripe,1,succeeded,
ch_0007997,inv_006054,cus_00562,2026-06-01T16:05:00Z,299,EUR,stripe,1,succeeded,
ch_0007998,inv_006055,cus_00562,2026-07-03T19:45:00Z,299,EUR,stripe,1,succeeded,
ch_0007999,inv_006056,cus_00562,2026-08-05T21:05:00Z,299,EUR,stripe,1,succeeded,
ch_0008000,inv_006057,cus_00563,2026-05-03T13:23:00Z,127.35,GBP,stripe,1,succeeded,
ch_0008001,inv_006058,cus_00563,2026-06-01T04:21:00Z,127.35,GBP,stripe,1,failed,card_declined
ch_0008002,inv_006058,cus_00563,2026-06-04T12:35:00Z,127.35,GBP,stripe,2,failed,card_declined
ch_0008003,inv_006058,cus_00563,2026-06-07T23:53:00Z,127.35,GBP,stripe,3,succeeded,
ch_0008004,inv_006059,cus_00563,2026-07-01T02:46:00Z,127.35,GBP,adyen,1,failed,processing_error
ch_0008005,inv_006059,cus_00563,2026-07-08T14:49:00Z,127.35,GBP,adyen,2,failed,insufficient_funds
ch_0008006,inv_006059,cus_00563,2026-07-13T05:17:00Z,127.35,GBP,adyen,3,failed,expired_card
ch_0008007,inv_006060,cus_00563,2026-08-02T19:01:00Z,127.35,GBP,mollie,1,succeeded,
ch_0008008,inv_006061,cus_00564,2026-05-05T07:04:00Z,29,EUR,stripe,1,failed,card_declined
ch_0008009,inv_006061,cus_00564,2026-05-08T22:54:00Z,29,EUR,stripe,2,failed,card_declined
ch_0008010,inv_006061,cus_00564,2026-05-11T16:40:00Z,29,EUR,stripe,3,succeeded,
ch_0008011,inv_006062,cus_00564,2026-06-05T18:05:00Z,29,EUR,stripe,1,succeeded,
ch_0008012,inv_006063,cus_00564,2026-07-05T12:25:00Z,29,EUR,stripe,1,succeeded,
ch_0008013,inv_006064,cus_00564,2026-08-04T20:28:00Z,29,EUR,stripe,1,succeeded,
ch_0008014,inv_006065,cus_00565,2026-05-02T08:24:00Z,127.35,GBP,stripe,1,succeeded,
ch_0008015,inv_006066,cus_00565,2026-06-05T15:15:00Z,127.35,GBP,adyen,1,succeeded,
ch_0008016,inv_006067,cus_00565,2026-07-01T07:44:00Z,127.35,GBP,stripe,1,failed,insufficient_funds
ch_0008017,inv_006067,cus_00565,2026-07-06T08:50:00Z,127.35,GBP,stripe,2,failed,insufficient_funds
ch_0008018,inv_006067,cus_00565,2026-07-09T04:07:00Z,127.35,GBP,stripe,3,failed,insufficient_funds
ch_0008019,inv_006067,cus_00565,2026-07-14T05:34:00Z,127.35,GBP,stripe,4,succeeded,
ch_0008020,inv_006068,cus_00565,2026-08-05T02:14:00Z,127.35,GBP,adyen,1,succeeded,
ch_0008021,inv_006069,cus_00566,2026-05-05T13:58:00Z,29,EUR,stripe,1,succeeded,
ch_0008022,inv_006070,cus_00566,2026-06-05T15:14:00Z,29,EUR,stripe,1,succeeded,
ch_0008023,inv_006071,cus_00566,2026-07-03T23:30:00Z,29,EUR,mollie,1,succeeded,
ch_0008024,inv_006072,cus_00566,2026-08-04T23:23:00Z,29,EUR,mollie,1,succeeded,
ch_0008025,inv_006073,cus_00567,2026-05-01T04:48:00Z,149,EUR,mollie,1,succeeded,
ch_0008026,inv_006074,cus_00567,2026-06-02T03:28:00Z,149,EUR,stripe,1,succeeded,
ch_0008027,inv_006075,cus_00567,2026-07-05T14:41:00Z,149,EUR,stripe,1,failed,insufficient_funds
ch_0008028,inv_006075,cus_00567,2026-07-08T14:18:00Z,149,EUR,stripe,2,failed,card_declined
ch_0008029,inv_006075,cus_00567,2026-07-15T00:59:00Z,149,EUR,stripe,3,failed,card_declined
ch_0008030,inv_006075,cus_00567,2026-07-18T11:34:00Z,149,EUR,stripe,4,succeeded,
ch_0008031,inv_006076,cus_00567,2026-08-04T07:38:00Z,149,EUR,adyen,1,succeeded,
ch_0008032,inv_006077,cus_00568,2026-05-05T02:05:00Z,161.96,USD,stripe,1,succeeded,
ch_0008033,inv_006078,cus_00568,2026-06-02T06:38:00Z,161.96,USD,mollie,1,succeeded,
ch_0008034,inv_006079,cus_00568,2026-07-02T00:59:00Z,161.96,USD,stripe,1,succeeded,
ch_0008035,inv_006080,cus_00568,2026-08-05T14:44:00Z,161.96,USD,stripe,1,failed,processing_error
ch_0008036,inv_006080,cus_00568,2026-08-10T12:05:00Z,161.96,USD,stripe,2,failed,card_declined
ch_0008037,inv_006080,cus_00568,2026-08-13T09:33:00Z,161.96,USD,stripe,3,succeeded,
ch_0008038,inv_006081,cus_00569,2026-05-01T17:55:00Z,284.76,CHF,adyen,1,succeeded,
ch_0008039,inv_006082,cus_00569,2026-06-05T04:00:00Z,284.76,CHF,mollie,1,succeeded,
ch_0008040,inv_006083,cus_00569,2026-07-05T07:55:00Z,284.76,CHF,adyen,1,succeeded,
ch_0008041,inv_006084,cus_00569,2026-08-01T06:35:00Z,284.76,CHF,mollie,1,succeeded,
ch_0008042,inv_006085,cus_00570,2026-05-03T06:11:00Z,149,EUR,stripe,1,succeeded,
ch_0008043,inv_006086,cus_00570,2026-06-05T04:17:00Z,149,EUR,stripe,1,succeeded,
ch_0008044,inv_006087,cus_00570,2026-07-04T10:15:00Z,149,EUR,mollie,1,succeeded,
ch_0008045,inv_006088,cus_00570,2026-08-01T04:43:00Z,149,EUR,adyen,1,failed,card_declined
ch_0008046,inv_006088,cus_00570,2026-08-06T12:11:00Z,149,EUR,adyen,2,succeeded,
ch_0008047,inv_006089,cus_00571,2026-05-04T10:09:00Z,299,EUR,adyen,1,succeeded,
ch_0008048,inv_006090,cus_00571,2026-06-04T07:55:00Z,299,EUR,stripe,1,succeeded,
ch_0008049,inv_006091,cus_00571,2026-07-01T15:59:00Z,299,EUR,stripe,1,succeeded,
ch_0008050,inv_006092,cus_00571,2026-08-05T16:48:00Z,299,EUR,stripe,1,succeeded,
ch_0008051,inv_006093,cus_00572,2026-05-02T10:06:00Z,149,EUR,stripe,1,succeeded,
ch_0008052,inv_006094,cus_00572,2026-06-04T22:05:00Z,149,EUR,stripe,1,succeeded,
ch_0008053,inv_006095,cus_00572,2026-07-03T18:24:00Z,149,EUR,stripe,1,succeeded,
ch_0008054,inv_006096,cus_00572,2026-08-01T06:37:00Z,149,EUR,adyen,1,succeeded,
ch_0008055,inv_006097,cus_00573,2026-05-01T03:38:00Z,149,EUR,stripe,1,failed,insufficient_funds
ch_0008056,inv_006097,cus_00573,2026-05-08T15:45:00Z,149,EUR,stripe,2,succeeded,
ch_0008057,inv_006098,cus_00573,2026-06-04T07:18:00Z,149,EUR,mollie,1,succeeded,
ch_0008058,inv_006099,cus_00573,2026-07-02T23:37:00Z,149,EUR,stripe,1,succeeded,
ch_0008059,inv_006100,cus_00573,2026-08-04T06:34:00Z,149,EUR,stripe,1,failed,do_not_honor
ch_0008060,inv_006100,cus_00573,2026-08-09T09:12:00Z,149,EUR,stripe,2,failed,card_declined
ch_0008061,inv_006100,cus_00573,2026-08-14T18:44:00Z,149,EUR,stripe,3,failed,card_declined
ch_0008062,inv_006101,cus_00574,2026-05-03T23:46:00Z,24.79,GBP,stripe,1,succeeded,
ch_0008063,inv_006102,cus_00574,2026-06-05T11:27:00Z,24.79,GBP,stripe,1,succeeded,
ch_0008064,inv_006103,cus_00574,2026-07-04T16:44:00Z,24.79,GBP,mollie,1,succeeded,
ch_0008065,inv_006104,cus_00574,2026-08-05T23:46:00Z,24.79,GBP,stripe,1,succeeded,
ch_0008066,inv_006105,cus_00575,2026-05-03T08:01:00Z,24.79,GBP,stripe,1,succeeded,
ch_0008067,inv_006106,cus_00575,2026-06-01T02:54:00Z,24.79,GBP,stripe,1,succeeded,
ch_0008068,inv_006107,cus_00575,2026-07-02T04:08:00Z,24.79,GBP,adyen,1,succeeded,
ch_0008069,inv_006108,cus_00575,2026-08-02T13:17:00Z,24.79,GBP,adyen,1,failed,expired_card
ch_0008070,inv_006108,cus_00575,2026-08-09T06:22:00Z,24.79,GBP,adyen,2,failed,card_declined
ch_0008071,inv_006108,cus_00575,2026-08-16T02:58:00Z,24.79,GBP,adyen,3,failed,expired_card
ch_0008072,inv_006108,cus_00575,2026-08-21T06:26:00Z,24.79,GBP,adyen,4,succeeded,
ch_0008073,inv_006109,cus_00576,2026-05-05T02:26:00Z,29,EUR,adyen,1,succeeded,
ch_0008074,inv_006110,cus_00576,2026-06-01T01:48:00Z,29,EUR,stripe,1,succeeded,
ch_0008075,inv_006111,cus_00576,2026-07-03T07:51:00Z,29,EUR,stripe,1,succeeded,
ch_0008076,inv_006112,cus_00576,2026-08-04T17:18:00Z,29,EUR,stripe,1,failed,insufficient_funds
ch_0008077,inv_006112,cus_00576,2026-08-11T23:58:00Z,29,EUR,stripe,2,succeeded,
ch_0008078,inv_006113,cus_00577,2026-05-01T14:49:00Z,27.62,CHF,stripe,1,failed,card_declined
ch_0008079,inv_006113,cus_00577,2026-05-04T16:01:00Z,27.62,CHF,stripe,2,failed,insufficient_funds
ch_0008080,inv_006113,cus_00577,2026-05-09T23:44:00Z,27.62,CHF,stripe,3,failed,card_declined
ch_0008081,inv_006113,cus_00577,2026-05-12T14:45:00Z,27.62,CHF,stripe,4,succeeded,
ch_0008082,inv_006114,cus_00577,2026-06-03T03:13:00Z,27.62,CHF,mollie,1,failed,card_declined
ch_0008083,inv_006114,cus_00577,2026-06-08T11:05:00Z,27.62,CHF,mollie,2,failed,insufficient_funds
ch_0008084,inv_006114,cus_00577,2026-06-11T17:49:00Z,27.62,CHF,mollie,3,failed,processing_error
ch_0008085,inv_006114,cus_00577,2026-06-18T13:16:00Z,27.62,CHF,mollie,4,succeeded,
ch_0008086,inv_006115,cus_00577,2026-07-02T05:03:00Z,27.62,CHF,stripe,1,succeeded,
ch_0008087,inv_006116,cus_00577,2026-08-01T13:53:00Z,27.62,CHF,stripe,1,succeeded,
ch_0008088,inv_006117,cus_00578,2026-06-05T11:25:00Z,149,EUR,adyen,1,succeeded,
ch_0008089,inv_006118,cus_00578,2026-07-04T15:02:00Z,149,EUR,mollie,1,succeeded,
ch_0008090,inv_006119,cus_00578,2026-08-01T05:44:00Z,149,EUR,stripe,1,succeeded,
ch_0008091,inv_006120,cus_00579,2026-06-05T21:25:00Z,149,EUR,stripe,1,succeeded,
ch_0008092,inv_006121,cus_00579,2026-07-02T14:47:00Z,149,EUR,stripe,1,succeeded,
ch_0008093,inv_006122,cus_00579,2026-08-04T04:37:00Z,149,EUR,stripe,1,succeeded,
ch_0008094,inv_006123,cus_00580,2026-06-04T03:52:00Z,29,EUR,stripe,1,succeeded,
ch_0008095,inv_006124,cus_00580,2026-07-02T19:21:00Z,29,EUR,mollie,1,succeeded,
ch_0008096,inv_006125,cus_00580,2026-08-03T21:38:00Z,29,EUR,mollie,1,failed,processing_error
ch_0008097,inv_006125,cus_00580,2026-08-06T08:12:00Z,29,EUR,mollie,2,failed,insufficient_funds
ch_0008098,inv_006125,cus_00580,2026-08-13T03:52:00Z,29,EUR,mollie,3,succeeded,
ch_0008099,inv_006126,cus_00581,2026-06-03T17:17:00Z,29,EUR,stripe,1,succeeded,
ch_0008100,inv_006127,cus_00581,2026-07-05T22:05:00Z,29,EUR,stripe,1,succeeded,
ch_0008101,inv_006128,cus_00581,2026-08-01T21:27:00Z,29,EUR,adyen,1,succeeded,
ch_0008102,inv_006129,cus_00582,2026-06-02T13:42:00Z,24.79,GBP,stripe,1,succeeded,
ch_0008103,inv_006130,cus_00582,2026-07-05T12:34:00Z,24.79,GBP,stripe,1,succeeded,
ch_0008104,inv_006131,cus_00582,2026-08-04T08:55:00Z,24.79,GBP,stripe,1,succeeded,
ch_0008105,inv_006132,cus_00583,2026-06-02T21:06:00Z,149,EUR,adyen,1,succeeded,
ch_0008106,inv_006133,cus_00583,2026-07-02T21:33:00Z,149,EUR,adyen,1,succeeded,
ch_0008107,inv_006134,cus_00583,2026-08-04T17:05:00Z,149,EUR,adyen,1,succeeded,
ch_0008108,inv_006135,cus_00584,2026-06-05T15:58:00Z,999,EUR,stripe,1,succeeded,
ch_0008109,inv_006136,cus_00584,2026-07-04T11:19:00Z,999,EUR,stripe,1,succeeded,
ch_0008110,inv_006137,cus_00584,2026-08-05T14:12:00Z,999,EUR,adyen,1,succeeded,
ch_0008111,inv_006138,cus_00585,2026-06-03T09:30:00Z,149,EUR,stripe,1,failed,do_not_honor
ch_0008112,inv_006138,cus_00585,2026-06-10T12:46:00Z,149,EUR,stripe,2,failed,card_declined
ch_0008113,inv_006139,cus_00585,2026-07-01T15:08:00Z,149,EUR,mollie,1,succeeded,
ch_0008114,inv_006140,cus_00585,2026-08-03T22:19:00Z,149,EUR,adyen,1,succeeded,
ch_0008115,inv_006141,cus_00586,2026-06-01T14:37:00Z,31.52,USD,stripe,1,succeeded,
ch_0008116,inv_006142,cus_00586,2026-07-02T23:16:00Z,31.52,USD,stripe,1,succeeded,
ch_0008117,inv_006143,cus_00586,2026-08-04T20:39:00Z,31.52,USD,adyen,1,succeeded,
ch_0008118,inv_006144,cus_00587,2026-06-01T07:09:00Z,29,EUR,stripe,1,succeeded,
ch_0008119,inv_006145,cus_00587,2026-07-03T10:59:00Z,29,EUR,stripe,1,failed,insufficient_funds
ch_0008120,inv_006145,cus_00587,2026-07-08T06:28:00Z,29,EUR,stripe,2,failed,insufficient_funds
ch_0008121,inv_006145,cus_00587,2026-07-13T19:17:00Z,29,EUR,stripe,3,failed,card_declined
ch_0008122,inv_006146,cus_00587,2026-08-05T08:52:00Z,29,EUR,stripe,1,succeeded,
ch_0008123,inv_006147,cus_00588,2026-06-01T05:02:00Z,29,EUR,stripe,1,failed,processing_error
ch_0008124,inv_006147,cus_00588,2026-06-08T10:41:00Z,29,EUR,stripe,2,succeeded,
ch_0008125,inv_006148,cus_00588,2026-07-05T18:06:00Z,29,EUR,stripe,1,succeeded,
ch_0008126,inv_006149,cus_00588,2026-08-04T03:13:00Z,29,EUR,mollie,1,succeeded,
ch_0008127,inv_006150,cus_00589,2026-06-03T19:23:00Z,299,EUR,stripe,1,failed,expired_card
ch_0008128,inv_006150,cus_00589,2026-06-08T10:21:00Z,299,EUR,stripe,2,succeeded,
ch_0008129,inv_006151,cus_00589,2026-07-01T04:06:00Z,299,EUR,stripe,1,succeeded,
ch_0008130,inv_006152,cus_00589,2026-08-01T07:52:00Z,299,EUR,adyen,1,succeeded,
ch_0008131,inv_006153,cus_00590,2026-06-03T03:29:00Z,141.9,CHF,stripe,1,succeeded,
ch_0008132,inv_006154,cus_00590,2026-07-04T11:59:00Z,141.9,CHF,stripe,1,succeeded,
ch_0008133,inv_006155,cus_00590,2026-08-03T07:28:00Z,141.9,CHF,adyen,1,succeeded,
ch_0008134,inv_006156,cus_00591,2026-06-04T06:30:00Z,149,EUR,stripe,1,succeeded,
ch_0008135,inv_006157,cus_00591,2026-07-04T05:08:00Z,149,EUR,stripe,1,succeeded,
ch_0008136,inv_006158,cus_00591,2026-08-04T07:40:00Z,149,EUR,stripe,1,succeeded,
ch_0008137,inv_006159,cus_00592,2026-06-05T19:28:00Z,149,EUR,stripe,1,succeeded,
ch_0008138,inv_006160,cus_00592,2026-07-02T01:49:00Z,149,EUR,adyen,1,succeeded,
ch_0008139,inv_006161,cus_00592,2026-08-03T01:44:00Z,149,EUR,mollie,1,failed,card_declined
ch_0008140,inv_006161,cus_00592,2026-08-08T16:37:00Z,149,EUR,mollie,2,failed,insufficient_funds
ch_0008141,inv_006161,cus_00592,2026-08-15T21:55:00Z,149,EUR,mollie,3,failed,expired_card
ch_0008142,inv_006162,cus_00593,2026-06-03T10:20:00Z,149,EUR,stripe,1,succeeded,
ch_0008143,inv_006163,cus_00594,2026-06-02T05:42:00Z,29,EUR,adyen,1,succeeded,
ch_0008144,inv_006164,cus_00594,2026-07-02T21:12:00Z,29,EUR,stripe,1,succeeded,
ch_0008145,inv_006165,cus_00594,2026-08-03T01:10:00Z,29,EUR,stripe,1,succeeded,
ch_0008146,inv_006166,cus_00595,2026-06-02T19:59:00Z,149,EUR,adyen,1,succeeded,
ch_0008147,inv_006167,cus_00595,2026-07-01T00:54:00Z,149,EUR,stripe,1,succeeded,
ch_0008148,inv_006168,cus_00595,2026-08-03T13:51:00Z,149,EUR,stripe,1,succeeded,
ch_0008149,inv_006169,cus_00596,2026-06-03T08:29:00Z,299,EUR,stripe,1,failed,card_declined
ch_0008150,inv_006169,cus_00596,2026-06-10T04:01:00Z,299,EUR,stripe,2,succeeded,
ch_0008151,inv_006170,cus_00596,2026-07-05T16:32:00Z,299,EUR,stripe,1,succeeded,
ch_0008152,inv_006171,cus_00596,2026-08-03T23:22:00Z,299,EUR,stripe,1,succeeded,
ch_0008153,inv_006172,cus_00597,2026-06-03T18:47:00Z,161.96,USD,stripe,1,succeeded,
ch_0008154,inv_006173,cus_00597,2026-07-01T18:53:00Z,161.96,USD,adyen,1,succeeded,
ch_0008155,inv_006174,cus_00597,2026-08-01T21:05:00Z,161.96,USD,stripe,1,succeeded,
ch_0008156,inv_006175,cus_00598,2026-06-05T15:22:00Z,29,EUR,adyen,1,failed,card_declined
ch_0008157,inv_006175,cus_00598,2026-06-12T10:21:00Z,29,EUR,adyen,2,failed,insufficient_funds
ch_0008158,inv_006175,cus_00598,2026-06-19T17:26:00Z,29,EUR,adyen,3,failed,insufficient_funds
ch_0008159,inv_006176,cus_00598,2026-07-01T03:44:00Z,29,EUR,stripe,1,succeeded,
ch_0008160,inv_006177,cus_00598,2026-08-04T20:44:00Z,29,EUR,stripe,1,failed,card_declined
ch_0008161,inv_006177,cus_00598,2026-08-09T06:44:00Z,29,EUR,stripe,2,succeeded,
ch_0008162,inv_006178,cus_00599,2026-06-05T09:16:00Z,29,EUR,adyen,1,succeeded,
ch_0008163,inv_006179,cus_00599,2026-07-02T19:19:00Z,29,EUR,stripe,1,succeeded,
ch_0008164,inv_006180,cus_00599,2026-08-05T04:48:00Z,29,EUR,stripe,1,succeeded,
ch_0008165,inv_006181,cus_00600,2026-06-01T14:49:00Z,149,EUR,mollie,1,failed,insufficient_funds
ch_0008166,inv_006181,cus_00600,2026-06-04T09:43:00Z,149,EUR,mollie,2,failed,insufficient_funds
ch_0008167,inv_006181,cus_00600,2026-06-11T18:03:00Z,149,EUR,mollie,3,failed,card_declined
ch_0008168,inv_006181,cus_00600,2026-06-16T09:19:00Z,149,EUR,mollie,4,failed,card_declined
ch_0008169,inv_006182,cus_00600,2026-07-03T10:18:00Z,149,EUR,mollie,1,succeeded,
ch_0008170,inv_006183,cus_00600,2026-08-05T20:01:00Z,149,EUR,stripe,1,succeeded,
ch_0008171,inv_006184,cus_00601,2026-06-04T19:10:00Z,149,EUR,stripe,1,succeeded,
ch_0008172,inv_006185,cus_00601,2026-07-04T20:56:00Z,149,EUR,mollie,1,succeeded,
ch_0008173,inv_006186,cus_00601,2026-08-05T20:14:00Z,149,EUR,adyen,1,failed,card_declined
ch_0008174,inv_006186,cus_00601,2026-08-10T13:35:00Z,149,EUR,adyen,2,failed,do_not_honor
ch_0008175,inv_006187,cus_00602,2026-06-01T19:56:00Z,3397.73,SEK,adyen,1,succeeded,
ch_0008176,inv_006188,cus_00602,2026-07-05T19:14:00Z,3397.73,SEK,stripe,1,failed,insufficient_funds
ch_0008177,inv_006188,cus_00602,2026-07-08T06:32:00Z,3397.73,SEK,stripe,2,failed,expired_card
ch_0008178,inv_006189,cus_00602,2026-08-04T20:34:00Z,3397.73,SEK,adyen,1,succeeded,
ch_0008179,inv_006190,cus_00603,2026-06-01T01:52:00Z,325,USD,stripe,1,succeeded,
ch_0008180,inv_006191,cus_00603,2026-07-04T12:58:00Z,325,USD,mollie,1,succeeded,
ch_0008181,inv_006192,cus_00603,2026-08-05T11:08:00Z,325,USD,stripe,1,succeeded,
ch_0008182,inv_006193,cus_00604,2026-06-01T09:08:00Z,29,EUR,mollie,1,succeeded,
ch_0008183,inv_006194,cus_00604,2026-07-03T17:56:00Z,29,EUR,adyen,1,succeeded,
ch_0008184,inv_006195,cus_00604,2026-08-03T23:05:00Z,29,EUR,mollie,1,succeeded,
ch_0008185,inv_006196,cus_00605,2026-06-02T22:53:00Z,149,EUR,adyen,1,succeeded,
ch_0008186,inv_006197,cus_00605,2026-07-01T00:10:00Z,149,EUR,stripe,1,succeeded,
ch_0008187,inv_006198,cus_00605,2026-08-02T12:13:00Z,149,EUR,stripe,1,failed,insufficient_funds
ch_0008188,inv_006198,cus_00605,2026-08-05T13:35:00Z,149,EUR,stripe,2,failed,card_declined
ch_0008189,inv_006198,cus_00605,2026-08-12T13:42:00Z,149,EUR,stripe,3,failed,card_declined
ch_0008190,inv_006198,cus_00605,2026-08-17T03:22:00Z,149,EUR,stripe,4,succeeded,
ch_0008191,inv_006199,cus_00606,2026-06-01T14:11:00Z,299,EUR,adyen,1,succeeded,
ch_0008192,inv_006200,cus_00606,2026-07-01T04:05:00Z,299,EUR,adyen,1,succeeded,
ch_0008193,inv_006201,cus_00606,2026-08-03T03:35:00Z,299,EUR,mollie,1,succeeded,
ch_0008194,inv_006202,cus_00607,2026-06-01T22:57:00Z,29,EUR,stripe,1,succeeded,
ch_0008195,inv_006203,cus_00607,2026-07-05T05:46:00Z,29,EUR,stripe,1,succeeded,
ch_0008196,inv_006204,cus_00607,2026-08-04T17:01:00Z,29,EUR,adyen,1,succeeded,
ch_0008197,inv_006205,cus_00608,2026-06-04T16:25:00Z,325,USD,stripe,1,succeeded,
ch_0008198,inv_006206,cus_00608,2026-07-01T12:20:00Z,325,USD,stripe,1,failed,expired_card
ch_0008199,inv_006206,cus_00608,2026-07-08T08:35:00Z,325,USD,stripe,2,failed,insufficient_funds
ch_0008200,inv_006206,cus_00608,2026-07-11T19:49:00Z,325,USD,stripe,3,failed,insufficient_funds
ch_0008201,inv_006206,cus_00608,2026-07-14T21:06:00Z,325,USD,stripe,4,succeeded,
ch_0008202,inv_006207,cus_00608,2026-08-02T01:55:00Z,325,USD,adyen,1,succeeded,
ch_0008203,inv_006208,cus_00609,2026-06-04T18:31:00Z,149,EUR,stripe,1,succeeded,
ch_0008204,inv_006209,cus_00609,2026-07-01T05:48:00Z,149,EUR,stripe,1,succeeded,
ch_0008205,inv_006210,cus_00609,2026-08-02T05:13:00Z,149,EUR,stripe,1,succeeded,
ch_0008206,inv_006211,cus_00610,2026-06-03T14:51:00Z,29,EUR,stripe,1,succeeded,
ch_0008207,inv_006212,cus_00610,2026-07-02T23:44:00Z,29,EUR,stripe,1,succeeded,
ch_0008208,inv_006213,cus_00610,2026-08-05T12:32:00Z,29,EUR,stripe,1,succeeded,
ch_0008209,inv_006214,cus_00611,2026-06-04T04:23:00Z,149,EUR,adyen,1,failed,insufficient_funds
ch_0008210,inv_006214,cus_00611,2026-06-09T09:09:00Z,149,EUR,adyen,2,succeeded,
ch_0008211,inv_006215,cus_00611,2026-07-02T02:10:00Z,149,EUR,stripe,1,failed,do_not_honor
ch_0008212,inv_006215,cus_00611,2026-07-07T01:47:00Z,149,EUR,stripe,2,failed,card_declined
ch_0008213,inv_006215,cus_00611,2026-07-12T22:00:00Z,149,EUR,stripe,3,failed,card_declined
ch_0008214,inv_006215,cus_00611,2026-07-15T08:04:00Z,149,EUR,stripe,4,failed,expired_card
ch_0008215,inv_006216,cus_00611,2026-08-01T20:21:00Z,149,EUR,stripe,1,succeeded,
ch_0008216,inv_006217,cus_00612,2026-06-02T15:15:00Z,24.79,GBP,adyen,1,failed,expired_card
ch_0008217,inv_006217,cus_00612,2026-06-07T12:47:00Z,24.79,GBP,adyen,2,failed,insufficient_funds
ch_0008218,inv_006217,cus_00612,2026-06-14T09:51:00Z,24.79,GBP,adyen,3,failed,expired_card
ch_0008219,inv_006217,cus_00612,2026-06-21T17:34:00Z,24.79,GBP,adyen,4,succeeded,
ch_0008220,inv_006218,cus_00612,2026-07-01T00:15:00Z,24.79,GBP,mollie,1,failed,insufficient_funds
ch_0008221,inv_006218,cus_00612,2026-07-08T02:52:00Z,24.79,GBP,mollie,2,failed,insufficient_funds
ch_0008222,inv_006218,cus_00612,2026-07-11T20:07:00Z,24.79,GBP,mollie,3,failed,insufficient_funds
ch_0008223,inv_006219,cus_00612,2026-08-01T10:02:00Z,24.79,GBP,mollie,1,failed,expired_card
ch_0008224,inv_006219,cus_00612,2026-08-06T21:43:00Z,24.79,GBP,mollie,2,failed,card_declined
ch_0008225,inv_006219,cus_00612,2026-08-09T23:15:00Z,24.79,GBP,mollie,3,succeeded,
ch_0008226,inv_006220,cus_00613,2026-06-04T11:32:00Z,299,EUR,stripe,1,failed,do_not_honor
ch_0008227,inv_006220,cus_00613,2026-06-07T22:25:00Z,299,EUR,stripe,2,failed,expired_card
ch_0008228,inv_006220,cus_00613,2026-06-10T15:43:00Z,299,EUR,stripe,3,failed,card_declined
ch_0008229,inv_006220,cus_00613,2026-06-15T18:54:00Z,299,EUR,stripe,4,failed,insufficient_funds
ch_0008230,inv_006221,cus_00613,2026-07-01T19:33:00Z,299,EUR,adyen,1,succeeded,
ch_0008231,inv_006222,cus_00613,2026-08-02T00:47:00Z,299,EUR,adyen,1,succeeded,
ch_0008232,inv_006223,cus_00614,2026-06-04T11:22:00Z,24.79,GBP,stripe,1,succeeded,
ch_0008233,inv_006224,cus_00615,2026-06-03T04:45:00Z,141.9,CHF,adyen,1,failed,card_declined
ch_0008234,inv_006224,cus_00615,2026-06-08T08:11:00Z,141.9,CHF,adyen,2,failed,insufficient_funds
ch_0008235,inv_006224,cus_00615,2026-06-15T20:40:00Z,141.9,CHF,adyen,3,failed,do_not_honor
ch_0008236,inv_006224,cus_00615,2026-06-20T17:56:00Z,141.9,CHF,adyen,4,succeeded,
ch_0008237,inv_006225,cus_00615,2026-07-04T02:22:00Z,141.9,CHF,adyen,1,succeeded,
ch_0008238,inv_006226,cus_00615,2026-08-02T18:21:00Z,141.9,CHF,adyen,1,succeeded,
ch_0008239,inv_006227,cus_00616,2026-06-01T07:50:00Z,29,EUR,adyen,1,succeeded,
ch_0008240,inv_006228,cus_00616,2026-07-04T21:11:00Z,29,EUR,stripe,1,failed,expired_card
ch_0008241,inv_006228,cus_00616,2026-07-11T01:09:00Z,29,EUR,stripe,2,failed,card_declined
ch_0008242,inv_006229,cus_00616,2026-08-05T05:01:00Z,29,EUR,adyen,1,succeeded,
ch_0008243,inv_006230,cus_00617,2026-07-04T22:42:00Z,149,EUR,stripe,1,succeeded,
ch_0008244,inv_006231,cus_00617,2026-08-04T07:40:00Z,149,EUR,stripe,1,succeeded,
ch_0008245,inv_006232,cus_00618,2026-07-03T21:47:00Z,29,EUR,adyen,1,succeeded,
ch_0008246,inv_006234,cus_00619,2026-07-03T18:27:00Z,1693.18,SEK,stripe,1,succeeded,
ch_0008247,inv_006235,cus_00619,2026-08-03T03:53:00Z,1693.18,SEK,stripe,1,succeeded,
ch_0008248,inv_006236,cus_00620,2026-07-04T02:42:00Z,29,EUR,stripe,1,succeeded,
ch_0008249,inv_006237,cus_00620,2026-08-03T21:25:00Z,29,EUR,mollie,1,succeeded,
ch_0008250,inv_006238,cus_00621,2026-07-02T02:53:00Z,999,EUR,adyen,1,succeeded,
ch_0008251,inv_006239,cus_00621,2026-08-05T20:23:00Z,999,EUR,mollie,1,succeeded,
ch_0008252,inv_006240,cus_00622,2026-07-01T08:05:00Z,149,EUR,stripe,1,succeeded,
ch_0008253,inv_006241,cus_00622,2026-08-05T13:52:00Z,149,EUR,stripe,1,succeeded,
ch_0008254,inv_006242,cus_00623,2026-07-03T22:21:00Z,3397.73,SEK,stripe,1,succeeded,
ch_0008255,inv_006243,cus_00623,2026-08-05T13:17:00Z,3397.73,SEK,stripe,1,succeeded,
ch_0008256,inv_006244,cus_00624,2026-07-01T21:39:00Z,27.62,CHF,stripe,1,succeeded,
ch_0008257,inv_006245,cus_00624,2026-08-04T07:02:00Z,27.62,CHF,stripe,1,failed,card_declined
ch_0008258,inv_006245,cus_00624,2026-08-07T07:30:00Z,27.62,CHF,stripe,2,failed,card_declined
ch_0008259,inv_006245,cus_00624,2026-08-14T11:18:00Z,27.62,CHF,stripe,3,failed,insufficient_funds
ch_0008260,inv_006245,cus_00624,2026-08-17T19:27:00Z,27.62,CHF,stripe,4,failed,processing_error
ch_0008261,inv_006246,cus_00625,2026-07-03T05:01:00Z,149,EUR,adyen,1,succeeded,
ch_0008262,inv_006247,cus_00625,2026-08-04T00:15:00Z,149,EUR,stripe,1,succeeded,
ch_0008263,inv_006248,cus_00626,2026-07-04T00:16:00Z,299,EUR,stripe,1,failed,insufficient_funds
ch_0008264,inv_006248,cus_00626,2026-07-07T00:58:00Z,299,EUR,stripe,2,failed,card_declined
ch_0008265,inv_006249,cus_00626,2026-08-01T09:49:00Z,299,EUR,stripe,1,succeeded,
ch_0008266,inv_006250,cus_00627,2026-07-01T08:04:00Z,299,EUR,stripe,1,succeeded,
ch_0008267,inv_006251,cus_00627,2026-08-04T03:54:00Z,299,EUR,stripe,1,succeeded,
ch_0008268,inv_006252,cus_00628,2026-07-02T04:54:00Z,27.62,CHF,adyen,1,succeeded,
ch_0008269,inv_006253,cus_00628,2026-08-03T01:23:00Z,27.62,CHF,stripe,1,failed,insufficient_funds
ch_0008270,inv_006253,cus_00628,2026-08-10T13:38:00Z,27.62,CHF,stripe,2,succeeded,
ch_0008271,inv_006254,cus_00629,2026-07-04T04:04:00Z,141.9,CHF,stripe,1,succeeded,
ch_0008272,inv_006255,cus_00629,2026-08-03T22:49:00Z,141.9,CHF,adyen,1,succeeded,
ch_0008273,inv_006256,cus_00630,2026-07-01T23:49:00Z,1693.18,SEK,stripe,1,succeeded,
ch_0008274,inv_006257,cus_00631,2026-07-05T09:48:00Z,149,EUR,adyen,1,failed,card_declined
ch_0008275,inv_006257,cus_00631,2026-07-08T09:04:00Z,149,EUR,adyen,2,failed,insufficient_funds
ch_0008276,inv_006257,cus_00631,2026-07-15T16:47:00Z,149,EUR,adyen,3,succeeded,
ch_0008277,inv_006258,cus_00631,2026-08-01T09:54:00Z,149,EUR,stripe,1,succeeded,
ch_0008278,inv_006259,cus_00632,2026-07-03T09:11:00Z,149,EUR,mollie,1,succeeded,
ch_0008279,inv_006260,cus_00632,2026-08-04T07:43:00Z,149,EUR,stripe,1,succeeded,
ch_0008280,inv_006261,cus_00633,2026-07-02T11:32:00Z,299,EUR,mollie,1,succeeded,
ch_0008281,inv_006262,cus_00633,2026-08-01T04:02:00Z,299,EUR,stripe,1,succeeded,
ch_0008282,inv_006263,cus_00634,2026-07-01T11:39:00Z,29,EUR,adyen,1,succeeded,
ch_0008283,inv_006264,cus_00634,2026-08-05T16:38:00Z,29,EUR,stripe,1,succeeded,
ch_0008284,inv_006265,cus_00635,2026-07-03T00:15:00Z,161.96,USD,adyen,1,succeeded,
ch_0008285,inv_006266,cus_00635,2026-08-03T03:57:00Z,161.96,USD,mollie,1,succeeded,
ch_0008286,inv_006267,cus_00636,2026-07-03T02:37:00Z,329.55,SEK,stripe,1,failed,insufficient_funds
ch_0008287,inv_006267,cus_00636,2026-07-08T14:38:00Z,329.55,SEK,stripe,2,failed,expired_card
ch_0008288,inv_006267,cus_00636,2026-07-15T01:29:00Z,329.55,SEK,stripe,3,succeeded,
ch_0008289,inv_006268,cus_00636,2026-08-01T21:37:00Z,329.55,SEK,mollie,1,succeeded,
ch_0008290,inv_006269,cus_00637,2026-07-02T16:47:00Z,325,USD,stripe,1,succeeded,
ch_0008291,inv_006270,cus_00637,2026-08-02T08:09:00Z,325,USD,stripe,1,succeeded,
ch_0008292,inv_006271,cus_00638,2026-07-02T20:37:00Z,299,EUR,stripe,1,failed,insufficient_funds
ch_0008293,inv_006271,cus_00638,2026-07-07T09:52:00Z,299,EUR,stripe,2,failed,insufficient_funds
ch_0008294,inv_006271,cus_00638,2026-07-12T22:58:00Z,299,EUR,stripe,3,failed,insufficient_funds
ch_0008295,inv_006271,cus_00638,2026-07-19T07:01:00Z,299,EUR,stripe,4,succeeded,
ch_0008296,inv_006272,cus_00638,2026-08-05T01:37:00Z,299,EUR,stripe,1,succeeded,
ch_0008297,inv_006273,cus_00639,2026-07-03T01:33:00Z,149,EUR,stripe,1,succeeded,
ch_0008298,inv_006274,cus_00639,2026-08-04T04:13:00Z,149,EUR,stripe,1,succeeded,
ch_0008299,inv_006275,cus_00640,2026-07-02T01:51:00Z,325,USD,mollie,1,succeeded,
ch_0008300,inv_006276,cus_00640,2026-08-05T08:22:00Z,325,USD,mollie,1,succeeded,
ch_0008301,inv_006277,cus_00641,2026-07-02T02:07:00Z,149,EUR,adyen,1,succeeded,
ch_0008302,inv_006278,cus_00641,2026-08-03T12:28:00Z,149,EUR,stripe,1,succeeded,
ch_0008303,inv_006279,cus_00642,2026-07-01T03:16:00Z,299,EUR,stripe,1,succeeded,
ch_0008304,inv_006280,cus_00642,2026-08-03T13:51:00Z,299,EUR,stripe,1,succeeded,
ch_0008305,inv_006281,cus_00643,2026-07-05T08:39:00Z,149,EUR,stripe,1,succeeded,
ch_0008306,inv_006282,cus_00643,2026-08-03T21:24:00Z,149,EUR,stripe,1,succeeded,
ch_0008307,inv_006283,cus_00644,2026-07-05T13:39:00Z,999,EUR,stripe,1,succeeded,
ch_0008308,inv_006284,cus_00644,2026-08-05T13:22:00Z,999,EUR,stripe,1,succeeded,
ch_0008309,inv_006285,cus_00645,2026-07-03T04:02:00Z,149,EUR,adyen,1,succeeded,
ch_0008310,inv_006286,cus_00645,2026-08-01T04:37:00Z,149,EUR,stripe,1,failed,expired_card
ch_0008311,inv_006286,cus_00645,2026-08-04T07:18:00Z,149,EUR,stripe,2,failed,do_not_honor
ch_0008312,inv_006286,cus_00645,2026-08-09T16:47:00Z,149,EUR,stripe,3,failed,expired_card
ch_0008313,inv_006287,cus_00646,2026-07-04T15:23:00Z,299,EUR,stripe,1,succeeded,
ch_0008314,inv_006288,cus_00646,2026-08-04T18:52:00Z,299,EUR,stripe,1,succeeded,
ch_0008315,inv_006289,cus_00647,2026-07-05T11:31:00Z,27.62,CHF,stripe,1,succeeded,
ch_0008316,inv_006290,cus_00647,2026-08-02T02:14:00Z,27.62,CHF,stripe,1,succeeded,
ch_0008317,inv_006291,cus_00648,2026-07-02T16:13:00Z,29,EUR,stripe,1,succeeded,
ch_0008318,inv_006292,cus_00648,2026-08-05T07:24:00Z,29,EUR,stripe,1,failed,processing_error
ch_0008319,inv_006292,cus_00648,2026-08-08T22:42:00Z,29,EUR,stripe,2,failed,insufficient_funds
ch_0008320,inv_006292,cus_00648,2026-08-13T07:54:00Z,29,EUR,stripe,3,failed,card_declined
ch_0008321,inv_006292,cus_00648,2026-08-18T06:17:00Z,29,EUR,stripe,4,failed,card_declined
ch_0008322,inv_006293,cus_00649,2026-07-02T00:59:00Z,29,EUR,adyen,1,failed,card_declined
ch_0008323,inv_006293,cus_00649,2026-07-05T02:16:00Z,29,EUR,adyen,2,succeeded,
ch_0008324,inv_006294,cus_00649,2026-08-01T18:47:00Z,29,EUR,stripe,1,failed,expired_card
ch_0008325,inv_006294,cus_00649,2026-08-06T04:14:00Z,29,EUR,stripe,2,failed,card_declined
ch_0008326,inv_006294,cus_00649,2026-08-11T15:48:00Z,29,EUR,stripe,3,failed,card_declined
ch_0008327,inv_006295,cus_00650,2026-07-04T23:55:00Z,149,EUR,mollie,1,succeeded,
ch_0008328,inv_006296,cus_00650,2026-08-02T02:12:00Z,149,EUR,adyen,1,failed,do_not_honor
ch_0008329,inv_006296,cus_00650,2026-08-09T15:34:00Z,149,EUR,adyen,2,succeeded,
ch_0008330,inv_006297,cus_00651,2026-07-02T05:09:00Z,149,EUR,stripe,1,succeeded,
ch_0008331,inv_006298,cus_00651,2026-08-02T20:56:00Z,149,EUR,adyen,1,succeeded,
ch_0008332,inv_006299,cus_00652,2026-07-02T03:04:00Z,299,EUR,stripe,1,succeeded,
ch_0008333,inv_006300,cus_00653,2026-07-05T16:39:00Z,127.35,GBP,stripe,1,failed,do_not_honor
ch_0008334,inv_006300,cus_00653,2026-07-08T07:07:00Z,127.35,GBP,stripe,2,succeeded,
ch_0008335,inv_006301,cus_00653,2026-08-04T14:56:00Z,127.35,GBP,stripe,1,succeeded,
ch_0008336,inv_006302,cus_00654,2026-07-04T05:17:00Z,29,EUR,stripe,1,succeeded,
ch_0008337,inv_006303,cus_00654,2026-08-04T04:15:00Z,29,EUR,adyen,1,succeeded,
ch_0008338,inv_006304,cus_00655,2026-07-04T18:38:00Z,29,EUR,stripe,1,succeeded,
ch_0008339,inv_006305,cus_00655,2026-08-01T14:29:00Z,29,EUR,stripe,1,failed,do_not_honor
ch_0008340,inv_006305,cus_00655,2026-08-08T15:07:00Z,29,EUR,stripe,2,failed,card_declined
ch_0008341,inv_006305,cus_00655,2026-08-11T04:42:00Z,29,EUR,stripe,3,succeeded,
ch_0008342,inv_006306,cus_00656,2026-07-01T17:27:00Z,29,EUR,stripe,1,succeeded,
ch_0008343,inv_006307,cus_00656,2026-08-04T08:29:00Z,29,EUR,stripe,1,succeeded,
ch_0008344,inv_006308,cus_00657,2026-08-03T09:55:00Z,24.79,GBP,adyen,1,succeeded,
ch_0008345,inv_006309,cus_00658,2026-08-03T04:11:00Z,161.96,USD,stripe,1,succeeded,
ch_0008346,inv_006310,cus_00659,2026-08-01T13:35:00Z,325,USD,stripe,1,succeeded,
ch_0008347,inv_006311,cus_00660,2026-08-03T18:41:00Z,29,EUR,adyen,1,succeeded,
ch_0008348,inv_006312,cus_00661,2026-08-03T16:15:00Z,149,EUR,stripe,1,failed,expired_card
ch_0008349,inv_006312,cus_00661,2026-08-10T12:13:00Z,149,EUR,stripe,2,succeeded,
ch_0008350,inv_006313,cus_00662,2026-08-01T17:15:00Z,24.79,GBP,mollie,1,failed,card_declined
ch_0008351,inv_006313,cus_00662,2026-08-08T16:03:00Z,24.79,GBP,mollie,2,failed,card_declined
ch_0008352,inv_006314,cus_00663,2026-08-05T07:18:00Z,29,EUR,stripe,1,succeeded,
ch_0008353,inv_006315,cus_00664,2026-08-01T15:56:00Z,29,EUR,stripe,1,succeeded,
ch_0008354,inv_006316,cus_00665,2026-08-05T20:26:00Z,149,EUR,adyen,1,succeeded,
ch_0008355,inv_006317,cus_00666,2026-08-04T04:39:00Z,149,EUR,mollie,1,succeeded,
ch_0008356,inv_006318,cus_00667,2026-08-03T10:35:00Z,299,EUR,stripe,1,succeeded,
ch_0008357,inv_006319,cus_00668,2026-08-03T14:48:00Z,29,EUR,stripe,1,succeeded,
ch_0008358,inv_006320,cus_00669,2026-08-02T08:28:00Z,29,EUR,stripe,1,succeeded,
ch_0008359,inv_006321,cus_00670,2026-08-02T05:56:00Z,299,EUR,stripe,1,succeeded,
ch_0008360,inv_006322,cus_00671,2026-08-04T14:13:00Z,149,EUR,stripe,1,succeeded,
ch_0008361,inv_006323,cus_00672,2026-08-01T21:11:00Z,299,EUR,stripe,1,succeeded,
ch_0008362,inv_006324,cus_00673,2026-08-01T23:35:00Z,27.62,CHF,adyen,1,succeeded,
ch_0008363,inv_006325,cus_00674,2026-08-01T01:18:00Z,31.52,USD,stripe,1,failed,do_not_honor
ch_0008364,inv_006325,cus_00674,2026-08-04T07:39:00Z,31.52,USD,stripe,2,succeeded,
ch_0008365,inv_006326,cus_00675,2026-08-04T02:05:00Z,299,EUR,stripe,1,failed,card_declined
ch_0008366,inv_006326,cus_00675,2026-08-11T10:48:00Z,299,EUR,stripe,2,failed,expired_card
ch_0008367,inv_006326,cus_00675,2026-08-16T08:48:00Z,299,EUR,stripe,3,failed,card_declined
ch_0008368,inv_006326,cus_00675,2026-08-19T12:32:00Z,299,EUR,stripe,4,failed,expired_card
ch_0008369,inv_006327,cus_00676,2026-08-03T01:35:00Z,29,EUR,adyen,1,failed,expired_card
ch_0008370,inv_006327,cus_00676,2026-08-10T20:24:00Z,29,EUR,adyen,2,failed,expired_card
ch_0008371,inv_006328,cus_00677,2026-08-02T01:53:00Z,299,EUR,stripe,1,failed,card_declined
ch_0008372,inv_006328,cus_00677,2026-08-09T20:53:00Z,299,EUR,stripe,2,failed,insufficient_funds
ch_0008373,inv_006329,cus_00678,2026-08-02T17:59:00Z,149,EUR,adyen,1,succeeded,
ch_0008374,inv_006330,cus_00679,2026-08-05T12:58:00Z,149,EUR,stripe,1,failed,expired_card
ch_0008375,inv_006330,cus_00679,2026-08-10T03:59:00Z,149,EUR,stripe,2,succeeded,
ch_0008376,inv_006331,cus_00680,2026-08-01T06:37:00Z,29,EUR,stripe,1,succeeded,
ch_0008377,inv_006332,cus_00681,2026-08-03T11:06:00Z,24.79,GBP,stripe,1,succeeded,
ch_0008378,inv_006333,cus_00682,2026-08-04T06:27:00Z,161.96,USD,adyen,1,failed,card_declined
ch_0008379,inv_006333,cus_00682,2026-08-07T08:28:00Z,161.96,USD,adyen,2,failed,card_declined
ch_0008380,inv_006333,cus_00682,2026-08-12T16:02:00Z,161.96,USD,adyen,3,failed,card_declined
ch_0008381,inv_006333,cus_00682,2026-08-15T02:56:00Z,161.96,USD,adyen,4,succeeded,
ch_0008382,inv_006334,cus_00683,2026-08-02T17:13:00Z,299,EUR,stripe,1,succeeded,
ch_0008383,inv_006335,cus_00684,2026-08-05T17:33:00Z,29,EUR,stripe,1,succeeded,
ch_0008384,inv_006336,cus_00685,2026-08-04T06:45:00Z,31.52,USD,stripe,1,failed,insufficient_funds
ch_0008385,inv_006336,cus_00685,2026-08-11T14:52:00Z,31.52,USD,stripe,2,succeeded,
ch_0008386,inv_006338,cus_00687,2026-08-02T11:50:00Z,149,EUR,stripe,1,succeeded,
ch_0008387,inv_006339,cus_00688,2026-08-03T17:55:00Z,299,EUR,stripe,1,failed,expired_card
ch_0008388,inv_006339,cus_00688,2026-08-10T12:55:00Z,299,EUR,stripe,2,failed,expired_card
ch_0008389,inv_006339,cus_00688,2026-08-17T07:16:00Z,299,EUR,stripe,3,succeeded,
ch_0008390,inv_006340,cus_00689,2026-08-03T23:47:00Z,149,EUR,mollie,1,succeeded,
ch_0008391,inv_006341,cus_00690,2026-08-05T14:45:00Z,329.55,SEK,stripe,1,failed,card_declined
ch_0008392,inv_006341,cus_00690,2026-08-08T10:57:00Z,329.55,SEK,stripe,2,failed,card_declined
ch_0008393,inv_006341,cus_00690,2026-08-13T10:51:00Z,329.55,SEK,stripe,3,failed,insufficient_funds
ch_0008394,inv_006341,cus_00690,2026-08-18T09:24:00Z,329.55,SEK,stripe,4,succeeded,
ch_0008395,inv_006342,cus_00691,2026-08-05T08:27:00Z,29,EUR,stripe,1,succeeded,
ch_0008396,inv_006343,cus_00692,2026-08-03T22:04:00Z,24.79,GBP,stripe,1,succeeded,
ch_0008397,inv_006344,cus_00693,2026-08-03T12:29:00Z,149,EUR,mollie,1,succeeded,
ch_0008398,inv_006345,cus_00694,2026-08-01T18:45:00Z,127.35,GBP,stripe,1,failed,insufficient_funds
ch_0008399,inv_006345,cus_00694,2026-08-04T19:22:00Z,127.35,GBP,stripe,2,failed,insufficient_funds
ch_0008400,inv_006346,cus_00695,2026-08-02T08:29:00Z,299,EUR,stripe,1,succeeded,
ch_0008401,inv_006347,cus_00696,2026-08-04T17:52:00Z,161.96,USD,mollie,1,succeeded,
ch_0008402,inv_006348,cus_00697,2026-08-02T17:24:00Z,1693.18,SEK,adyen,1,succeeded,
ch_0008403,inv_006349,cus_00698,2026-08-04T13:56:00Z,29,EUR,stripe,1,succeeded,
ch_0008404,inv_006350,cus_00699,2026-08-02T09:59:00Z,999,EUR,stripe,1,succeeded,
ch_0008405,inv_006351,cus_00700,2026-08-02T00:42:00Z,1085.87,USD,mollie,1,succeeded,
