invoice_id,customer_id,subscription_id,plan_id,invoice_date,month,currency,amount,amount_eur,status
inv_000001,cus_00001,sub_00001,plan_enterprise,2024-09-01,2024-09,USD,1085.87,999,paid
inv_000002,cus_00001,sub_00001,plan_enterprise,2024-10-02,2024-10,USD,1085.87,999,paid
inv_000003,cus_00001,sub_00001,plan_enterprise,2024-11-02,2024-11,USD,1085.87,999,paid
inv_000004,cus_00001,sub_00001,plan_enterprise,2024-12-04,2024-12,USD,1085.87,999,paid
inv_000005,cus_00001,sub_00001,plan_enterprise,2025-01-01,2025-01,USD,1085.87,999,paid
inv_000006,cus_00001,sub_00001,plan_enterprise,2025-02-02,2025-02,USD,1085.87,999,paid
inv_000007,cus_00001,sub_00001,plan_enterprise,2025-03-04,2025-03,USD,1085.87,999,paid
inv_000008,cus_00001,sub_00001,plan_enterprise,2025-04-01,2025-04,USD,1085.87,999,paid
inv_000009,cus_00001,sub_00001,plan_enterprise,2025-05-03,2025-05,USD,1085.87,999,paid
inv_000010,cus_00001,sub_00001,plan_enterprise,2025-06-01,2025-06,USD,1085.87,999,paid
inv_000011,cus_00001,sub_00001,plan_enterprise,2025-07-04,2025-07,USD,1085.87,999,paid
inv_000012,cus_00001,sub_00001,plan_enterprise,2025-08-04,2025-08,USD,1085.87,999,paid
inv_000013,cus_00001,sub_00001,plan_enterprise,2025-09-05,2025-09,USD,1085.87,999,paid
inv_000014,cus_00001,sub_00001,plan_enterprise,2025-10-04,2025-10,USD,1085.87,999,paid
inv_000015,cus_00001,sub_00001,plan_enterprise,2025-11-03,2025-11,USD,1085.87,999,paid
inv_000016,cus_00001,sub_00001,plan_enterprise,2025-12-02,2025-12,USD,1085.87,999,paid
inv_000017,cus_00001,sub_00001,plan_enterprise,2026-01-05,2026-01,USD,1085.87,999,paid
inv_000018,cus_00001,sub_00001,plan_enterprise,2026-02-05,2026-02,USD,1085.87,999,paid
inv_000019,cus_00001,sub_00001,plan_enterprise,2026-03-02,2026-03,USD,1085.87,999,paid
inv_000020,cus_00001,sub_00001,plan_enterprise,2026-04-03,2026-04,USD,1085.87,999,paid
inv_000021,cus_00001,sub_00001,plan_enterprise,2026-05-01,2026-05,USD,1085.87,999,paid
inv_000022,cus_00001,sub_00001,plan_enterprise,2026-06-04,2026-06,USD,1085.87,999,paid
inv_000023,cus_00001,sub_00001,plan_enterprise,2026-07-05,2026-07,USD,1085.87,999,paid
inv_000024,cus_00001,sub_00001,plan_enterprise,2026-08-05,2026-08,USD,1085.87,999,paid
inv_000025,cus_00002,sub_00002,plan_scale,2024-09-01,2024-09,USD,325,299,paid
inv_000026,cus_00002,sub_00002,plan_scale,2024-10-05,2024-10,USD,325,299,paid
inv_000027,cus_00002,sub_00002,plan_scale,2024-11-03,2024-11,USD,325,299,void
inv_000028,cus_00002,sub_00002,plan_scale,2024-12-01,2024-12,USD,325,299,paid
inv_000029,cus_00002,sub_00002,plan_scale,2025-01-03,2025-01,USD,325,299,paid
inv_000030,cus_00002,sub_00002,plan_scale,2025-02-01,2025-02,USD,325,299,paid
inv_000031,cus_00002,sub_00002,plan_scale,2025-03-02,2025-03,USD,325,299,paid
inv_000032,cus_00002,sub_00002,plan_scale,2025-04-05,2025-04,USD,325,299,paid
inv_000033,cus_00002,sub_00002,plan_scale,2025-05-04,2025-05,USD,325,299,paid
inv_000034,cus_00002,sub_00002,plan_scale,2025-06-02,2025-06,USD,325,299,paid
inv_000035,cus_00002,sub_00002,plan_scale,2025-07-02,2025-07,USD,325,299,paid
inv_000036,cus_00002,sub_00002,plan_scale,2025-08-04,2025-08,USD,325,299,paid
inv_000037,cus_00002,sub_00002,plan_scale,2025-09-03,2025-09,USD,325,299,paid
inv_000038,cus_00002,sub_00002,plan_scale,2025-10-04,2025-10,USD,325,299,paid
inv_000039,cus_00002,sub_00002,plan_scale,2025-11-01,2025-11,USD,325,299,paid
inv_000040,cus_00002,sub_00002,plan_scale,2025-12-04,2025-12,USD,325,299,paid
inv_000041,cus_00002,sub_00002,plan_scale,2026-01-04,2026-01,USD,325,299,paid
inv_000042,cus_00002,sub_00002,plan_scale,2026-02-02,2026-02,USD,325,299,uncollectible
inv_000043,cus_00002,sub_00002,plan_scale,2026-03-02,2026-03,USD,325,299,paid
inv_000044,cus_00002,sub_00002,plan_scale,2026-04-01,2026-04,USD,325,299,paid
inv_000045,cus_00002,sub_00002,plan_scale,2026-05-05,2026-05,USD,325,299,paid
inv_000046,cus_00002,sub_00002,plan_scale,2026-06-03,2026-06,USD,325,299,paid
inv_000047,cus_00002,sub_00002,plan_scale,2026-07-03,2026-07,USD,325,299,paid
inv_000048,cus_00002,sub_00002,plan_scale,2026-08-01,2026-08,USD,325,299,void
inv_000049,cus_00003,sub_00003,plan_scale,2024-09-01,2024-09,EUR,299,299,paid
inv_000050,cus_00003,sub_00003,plan_scale,2024-10-05,2024-10,EUR,299,299,open
inv_000051,cus_00003,sub_00003,plan_scale,2024-11-05,2024-11,EUR,299,299,uncollectible
inv_000052,cus_00003,sub_00003,plan_scale,2024-12-01,2024-12,EUR,299,299,paid
inv_000053,cus_00003,sub_00003,plan_scale,2025-01-03,2025-01,EUR,299,299,paid
inv_000054,cus_00003,sub_00003,plan_scale,2025-02-03,2025-02,EUR,299,299,paid
inv_000055,cus_00003,sub_00003,plan_scale,2025-03-01,2025-03,EUR,299,299,paid
inv_000056,cus_00003,sub_00003,plan_scale,2025-04-02,2025-04,EUR,299,299,paid
inv_000057,cus_00003,sub_00003,plan_scale,2025-05-03,2025-05,EUR,299,299,paid
inv_000058,cus_00003,sub_00003,plan_scale,2025-06-02,2025-06,EUR,299,299,paid
inv_000059,cus_00003,sub_00003,plan_scale,2025-07-03,2025-07,EUR,299,299,uncollectible
inv_000060,cus_00003,sub_00003,plan_scale,2025-08-05,2025-08,EUR,299,299,paid
inv_000061,cus_00003,sub_00003,plan_scale,2025-09-02,2025-09,EUR,299,299,paid
inv_000062,cus_00003,sub_00003,plan_scale,2025-10-03,2025-10,EUR,299,299,paid
inv_000063,cus_00003,sub_00003,plan_scale,2025-11-01,2025-11,EUR,299,299,paid
inv_000064,cus_00003,sub_00003,plan_scale,2025-12-05,2025-12,EUR,299,299,paid
inv_000065,cus_00003,sub_00003,plan_scale,2026-01-05,2026-01,EUR,299,299,paid
inv_000066,cus_00003,sub_00003,plan_scale,2026-02-02,2026-02,EUR,299,299,paid
inv_000067,cus_00003,sub_00003,plan_scale,2026-03-03,2026-03,EUR,299,299,paid
inv_000068,cus_00003,sub_00003,plan_scale,2026-04-02,2026-04,EUR,299,299,paid
inv_000069,cus_00003,sub_00003,plan_scale,2026-05-04,2026-05,EUR,299,299,paid
inv_000070,cus_00003,sub_00003,plan_scale,2026-06-05,2026-06,EUR,299,299,paid
inv_000071,cus_00003,sub_00003,plan_scale,2026-07-04,2026-07,EUR,299,299,paid
inv_000072,cus_00003,sub_00003,plan_scale,2026-08-02,2026-08,EUR,299,299,paid
inv_000073,cus_00004,sub_00004,plan_starter,2024-09-05,2024-09,GBP,24.79,29,void
inv_000074,cus_00004,sub_00004,plan_starter,2024-10-01,2024-10,GBP,24.79,29,open
inv_000075,cus_00004,sub_00004,plan_starter,2024-11-02,2024-11,GBP,24.79,29,paid
inv_000076,cus_00004,sub_00004,plan_starter,2024-12-03,2024-12,GBP,24.79,29,paid
inv_000077,cus_00004,sub_00004,plan_starter,2025-01-02,2025-01,GBP,24.79,29,paid
inv_000078,cus_00004,sub_00004,plan_starter,2025-02-05,2025-02,GBP,24.79,29,paid
inv_000079,cus_00004,sub_00004,plan_starter,2025-03-01,2025-03,GBP,24.79,29,paid
inv_000080,cus_00004,sub_00004,plan_starter,2025-04-04,2025-04,GBP,24.79,29,paid
inv_000081,cus_00004,sub_00004,plan_starter,2025-05-04,2025-05,GBP,24.79,29,paid
inv_000082,cus_00004,sub_00004,plan_starter,2025-06-04,2025-06,GBP,24.79,29,paid
inv_000083,cus_00004,sub_00004,plan_starter,2025-07-05,2025-07,GBP,24.79,29,paid
inv_000084,cus_00004,sub_00004,plan_starter,2025-08-03,2025-08,GBP,24.79,29,uncollectible
inv_000085,cus_00004,sub_00004,plan_starter,2025-09-01,2025-09,GBP,24.79,29,paid
inv_000086,cus_00004,sub_00004,plan_starter,2025-10-03,2025-10,GBP,24.79,29,paid
inv_000087,cus_00004,sub_00004,plan_starter,2025-11-05,2025-11,GBP,24.79,29,uncollectible
inv_000088,cus_00004,sub_00004,plan_starter,2025-12-03,2025-12,GBP,24.79,29,paid
inv_000089,cus_00004,sub_00004,plan_starter,2026-01-03,2026-01,GBP,24.79,29,paid
inv_000090,cus_00004,sub_00004,plan_starter,2026-02-03,2026-02,GBP,24.79,29,paid
inv_000091,cus_00004,sub_00004,plan_starter,2026-03-03,2026-03,GBP,24.79,29,paid
inv_000092,cus_00004,sub_00004,plan_starter,2026-04-04,2026-04,GBP,24.79,29,paid
inv_000093,cus_00004,sub_00004,plan_starter,2026-05-01,2026-05,GBP,24.79,29,paid
inv_000094,cus_00004,sub_00004,plan_starter,2026-06-01,2026-06,GBP,24.79,29,paid
inv_000095,cus_00004,sub_00004,plan_starter,2026-07-04,2026-07,GBP,24.79,29,open
inv_000096,cus_00004,sub_00004,plan_starter,2026-08-04,2026-08,GBP,24.79,29,paid
inv_000097,cus_00005,sub_00005,plan_scale,2024-09-04,2024-09,EUR,299,299,paid
inv_000098,cus_00005,sub_00005,plan_scale,2024-10-03,2024-10,EUR,299,299,paid
inv_000099,cus_00005,sub_00005,plan_scale,2024-11-02,2024-11,EUR,299,299,paid
inv_000100,cus_00005,sub_00005,plan_scale,2024-12-01,2024-12,EUR,299,299,paid
inv_000101,cus_00005,sub_00005,plan_scale,2025-01-03,2025-01,EUR,299,299,paid
inv_000102,cus_00005,sub_00005,plan_scale,2025-02-05,2025-02,EUR,299,299,paid
inv_000103,cus_00005,sub_00005,plan_scale,2025-03-03,2025-03,EUR,299,299,paid
inv_000104,cus_00005,sub_00005,plan_scale,2025-04-05,2025-04,EUR,299,299,paid
inv_000105,cus_00005,sub_00005,plan_scale,2025-05-03,2025-05,EUR,299,299,paid
inv_000106,cus_00005,sub_00005,plan_scale,2025-06-01,2025-06,EUR,299,299,paid
inv_000107,cus_00005,sub_00005,plan_scale,2025-07-05,2025-07,EUR,299,299,paid
inv_000108,cus_00005,sub_00005,plan_scale,2025-08-02,2025-08,EUR,299,299,paid
inv_000109,cus_00005,sub_00005,plan_scale,2025-09-02,2025-09,EUR,299,299,paid
inv_000110,cus_00005,sub_00005,plan_scale,2025-10-04,2025-10,EUR,299,299,paid
inv_000111,cus_00005,sub_00005,plan_scale,2025-11-05,2025-11,EUR,299,299,paid
inv_000112,cus_00005,sub_00005,plan_scale,2025-12-02,2025-12,EUR,299,299,paid
inv_000113,cus_00005,sub_00005,plan_scale,2026-01-05,2026-01,EUR,299,299,paid
inv_000114,cus_00005,sub_00005,plan_scale,2026-02-03,2026-02,EUR,299,299,open
inv_000115,cus_00005,sub_00005,plan_scale,2026-03-02,2026-03,EUR,299,299,paid
inv_000116,cus_00005,sub_00005,plan_scale,2026-04-03,2026-04,EUR,299,299,paid
inv_000117,cus_00005,sub_00005,plan_scale,2026-05-02,2026-05,EUR,299,299,paid
inv_000118,cus_00005,sub_00005,plan_scale,2026-06-03,2026-06,EUR,299,299,paid
inv_000119,cus_00005,sub_00005,plan_scale,2026-07-02,2026-07,EUR,299,299,paid
inv_000120,cus_00005,sub_00005,plan_scale,2026-08-05,2026-08,EUR,299,299,paid
inv_000121,cus_00006,sub_00006,plan_growth,2024-09-05,2024-09,EUR,99,99,paid
inv_000122,cus_00006,sub_00006,plan_growth,2024-10-03,2024-10,EUR,99,99,paid
inv_000123,cus_00006,sub_00006,plan_growth,2024-11-05,2024-11,EUR,99,99,paid
inv_000124,cus_00006,sub_00006,plan_growth,2024-12-04,2024-12,EUR,99,99,paid
inv_000125,cus_00006,sub_00006,plan_growth,2025-01-04,2025-01,EUR,99,99,paid
inv_000126,cus_00006,sub_00006,plan_growth,2025-02-05,2025-02,EUR,99,99,paid
inv_000127,cus_00006,sub_00006,plan_growth,2025-03-04,2025-03,EUR,99,99,paid
inv_000128,cus_00006,sub_00006,plan_growth,2025-04-03,2025-04,EUR,99,99,paid
inv_000129,cus_00006,sub_00006,plan_growth,2025-05-04,2025-05,EUR,99,99,paid
inv_000130,cus_00006,sub_00006,plan_growth,2025-06-03,2025-06,EUR,99,99,paid
inv_000131,cus_00006,sub_00006,plan_growth,2025-07-05,2025-07,EUR,99,99,paid
inv_000132,cus_00006,sub_00006,plan_growth,2025-08-02,2025-08,EUR,99,99,paid
inv_000133,cus_00006,sub_00006,plan_growth,2025-09-04,2025-09,EUR,99,99,paid
inv_000134,cus_00006,sub_00006,plan_growth,2025-10-01,2025-10,EUR,99,99,paid
inv_000135,cus_00006,sub_00006,plan_growth,2025-11-02,2025-11,EUR,99,99,paid
inv_000136,cus_00006,sub_00006,plan_growth,2025-12-01,2025-12,EUR,99,99,paid
inv_000137,cus_00006,sub_00006,plan_growth,2026-01-04,2026-01,EUR,99,99,paid
inv_000138,cus_00006,sub_00006,plan_growth,2026-02-05,2026-02,EUR,99,99,paid
inv_000139,cus_00006,sub_00006,plan_growth,2026-03-05,2026-03,EUR,149,149,open
inv_000140,cus_00006,sub_00006,plan_growth,2026-04-03,2026-04,EUR,149,149,paid
inv_000141,cus_00006,sub_00006,plan_growth,2026-05-02,2026-05,EUR,149,149,paid
inv_000142,cus_00006,sub_00006,plan_growth,2026-06-05,2026-06,EUR,149,149,paid
inv_000143,cus_00006,sub_00006,plan_growth,2026-07-05,2026-07,EUR,149,149,paid
inv_000144,cus_00006,sub_00006,plan_growth,2026-08-01,2026-08,EUR,149,149,paid
inv_000145,cus_00007,sub_00007,plan_scale,2024-09-05,2024-09,EUR,299,299,paid
inv_000146,cus_00007,sub_00007,plan_scale,2024-10-03,2024-10,EUR,299,299,paid
inv_000147,cus_00007,sub_00007,plan_scale,2024-11-01,2024-11,EUR,299,299,paid
inv_000148,cus_00007,sub_00007,plan_scale,2024-12-04,2024-12,EUR,299,299,paid
inv_000149,cus_00007,sub_00007,plan_scale,2025-01-04,2025-01,EUR,299,299,paid
inv_000150,cus_00007,sub_00007,plan_scale,2025-02-02,2025-02,EUR,299,299,paid
inv_000151,cus_00007,sub_00007,plan_scale,2025-03-01,2025-03,EUR,299,299,paid
inv_000152,cus_00007,sub_00007,plan_scale,2025-04-02,2025-04,EUR,299,299,paid
inv_000153,cus_00007,sub_00007,plan_scale,2025-05-01,2025-05,EUR,299,299,paid
inv_000154,cus_00007,sub_00007,plan_scale,2025-06-02,2025-06,EUR,299,299,paid
inv_000155,cus_00007,sub_00007,plan_scale,2025-07-04,2025-07,EUR,299,299,paid
inv_000156,cus_00007,sub_00007,plan_scale,2025-08-05,2025-08,EUR,299,299,paid
inv_000157,cus_00007,sub_00007,plan_scale,2025-09-04,2025-09,EUR,299,299,paid
inv_000158,cus_00007,sub_00007,plan_scale,2025-10-05,2025-10,EUR,299,299,paid
inv_000159,cus_00007,sub_00007,plan_scale,2025-11-04,2025-11,EUR,299,299,paid
inv_000160,cus_00007,sub_00007,plan_scale,2025-12-01,2025-12,EUR,299,299,paid
inv_000161,cus_00007,sub_00007,plan_scale,2026-01-02,2026-01,EUR,299,299,paid
inv_000162,cus_00007,sub_00007,plan_scale,2026-02-01,2026-02,EUR,299,299,paid
inv_000163,cus_00007,sub_00007,plan_scale,2026-03-02,2026-03,EUR,299,299,paid
inv_000164,cus_00007,sub_00007,plan_scale,2026-04-02,2026-04,EUR,299,299,paid
inv_000165,cus_00007,sub_00007,plan_scale,2026-05-02,2026-05,EUR,299,299,paid
inv_000166,cus_00007,sub_00007,plan_scale,2026-06-02,2026-06,EUR,299,299,paid
inv_000167,cus_00007,sub_00007,plan_scale,2026-07-05,2026-07,EUR,299,299,paid
inv_000168,cus_00007,sub_00007,plan_scale,2026-08-05,2026-08,EUR,299,299,paid
inv_000169,cus_00008,sub_00008,plan_growth,2024-09-01,2024-09,EUR,99,99,void
inv_000170,cus_00008,sub_00008,plan_growth,2024-10-05,2024-10,EUR,99,99,paid
inv_000171,cus_00008,sub_00008,plan_growth,2024-11-05,2024-11,EUR,99,99,paid
inv_000172,cus_00008,sub_00008,plan_growth,2024-12-03,2024-12,EUR,99,99,paid
inv_000173,cus_00008,sub_00008,plan_growth,2025-01-04,2025-01,EUR,99,99,paid
inv_000174,cus_00008,sub_00008,plan_growth,2025-02-02,2025-02,EUR,99,99,paid
inv_000175,cus_00008,sub_00008,plan_growth,2025-03-03,2025-03,EUR,99,99,paid
inv_000176,cus_00008,sub_00008,plan_growth,2025-04-01,2025-04,EUR,99,99,paid
inv_000177,cus_00008,sub_00008,plan_growth,2025-05-04,2025-05,EUR,99,99,paid
inv_000178,cus_00008,sub_00008,plan_growth,2025-06-01,2025-06,EUR,99,99,paid
inv_000179,cus_00008,sub_00008,plan_growth,2025-07-05,2025-07,EUR,99,99,paid
inv_000180,cus_00008,sub_00008,plan_growth,2025-08-05,2025-08,EUR,99,99,paid
inv_000181,cus_00008,sub_00008,plan_growth,2025-09-04,2025-09,EUR,99,99,paid
inv_000182,cus_00008,sub_00008,plan_growth,2025-10-04,2025-10,EUR,99,99,paid
inv_000183,cus_00008,sub_00008,plan_growth,2025-11-02,2025-11,EUR,99,99,paid
inv_000184,cus_00008,sub_00008,plan_growth,2025-12-01,2025-12,EUR,99,99,paid
inv_000185,cus_00008,sub_00008,plan_growth,2026-01-01,2026-01,EUR,99,99,paid
inv_000186,cus_00008,sub_00008,plan_growth,2026-02-03,2026-02,EUR,99,99,paid
inv_000187,cus_00008,sub_00008,plan_growth,2026-03-04,2026-03,EUR,149,149,paid
inv_000188,cus_00008,sub_00008,plan_growth,2026-04-03,2026-04,EUR,149,149,paid
inv_000189,cus_00008,sub_00008,plan_growth,2026-05-05,2026-05,EUR,149,149,paid
inv_000190,cus_00008,sub_00008,plan_growth,2026-06-03,2026-06,EUR,149,149,paid
inv_000191,cus_00008,sub_00008,plan_growth,2026-07-03,2026-07,EUR,149,149,paid
inv_000192,cus_00008,sub_00008,plan_growth,2026-08-03,2026-08,EUR,149,149,paid
inv_000193,cus_00009,sub_00009,plan_starter,2024-09-02,2024-09,EUR,29,29,paid
inv_000194,cus_00009,sub_00009,plan_starter,2024-10-05,2024-10,EUR,29,29,paid
inv_000195,cus_00009,sub_00009,plan_starter,2024-11-05,2024-11,EUR,29,29,paid
inv_000196,cus_00009,sub_00009,plan_starter,2024-12-04,2024-12,EUR,29,29,paid
inv_000197,cus_00009,sub_00009,plan_starter,2025-01-05,2025-01,EUR,29,29,paid
inv_000198,cus_00009,sub_00009,plan_starter,2025-02-02,2025-02,EUR,29,29,paid
inv_000199,cus_00009,sub_00009,plan_starter,2025-03-03,2025-03,EUR,29,29,paid
inv_000200,cus_00009,sub_00009,plan_starter,2025-04-02,2025-04,EUR,29,29,open
inv_000201,cus_00009,sub_00009,plan_starter,2025-05-04,2025-05,EUR,29,29,paid
inv_000202,cus_00009,sub_00009,plan_starter,2025-06-05,2025-06,EUR,29,29,paid
inv_000203,cus_00009,sub_00009,plan_starter,2025-07-02,2025-07,EUR,29,29,paid
inv_000204,cus_00009,sub_00009,plan_starter,2025-08-04,2025-08,EUR,29,29,paid
inv_000205,cus_00009,sub_00009,plan_starter,2025-09-03,2025-09,EUR,29,29,paid
inv_000206,cus_00009,sub_00009,plan_starter,2025-10-01,2025-10,EUR,29,29,paid
inv_000207,cus_00009,sub_00009,plan_starter,2025-11-02,2025-11,EUR,29,29,paid
inv_000208,cus_00009,sub_00009,plan_starter,2025-12-02,2025-12,EUR,29,29,open
inv_000209,cus_00009,sub_00009,plan_starter,2026-01-05,2026-01,EUR,29,29,paid
inv_000210,cus_00009,sub_00009,plan_starter,2026-02-04,2026-02,EUR,29,29,paid
inv_000211,cus_00009,sub_00009,plan_starter,2026-03-04,2026-03,EUR,29,29,paid
inv_000212,cus_00009,sub_00009,plan_starter,2026-04-03,2026-04,EUR,29,29,paid
inv_000213,cus_00009,sub_00009,plan_starter,2026-05-02,2026-05,EUR,29,29,paid
inv_000214,cus_00009,sub_00009,plan_starter,2026-06-04,2026-06,EUR,29,29,paid
inv_000215,cus_00009,sub_00009,plan_starter,2026-07-03,2026-07,EUR,29,29,paid
inv_000216,cus_00009,sub_00009,plan_starter,2026-08-02,2026-08,EUR,29,29,paid
inv_000217,cus_00010,sub_00010,plan_growth,2024-09-05,2024-09,EUR,99,99,paid
inv_000218,cus_00010,sub_00010,plan_growth,2024-10-04,2024-10,EUR,99,99,paid
inv_000219,cus_00010,sub_00010,plan_growth,2024-11-05,2024-11,EUR,99,99,paid
inv_000220,cus_00010,sub_00010,plan_growth,2024-12-03,2024-12,EUR,99,99,paid
inv_000221,cus_00010,sub_00010,plan_growth,2025-01-01,2025-01,EUR,99,99,paid
inv_000222,cus_00010,sub_00010,plan_growth,2025-02-04,2025-02,EUR,99,99,paid
inv_000223,cus_00010,sub_00010,plan_growth,2025-03-02,2025-03,EUR,99,99,paid
inv_000224,cus_00010,sub_00010,plan_growth,2025-04-04,2025-04,EUR,99,99,paid
inv_000225,cus_00010,sub_00010,plan_growth,2025-05-05,2025-05,EUR,99,99,paid
inv_000226,cus_00010,sub_00010,plan_growth,2025-06-04,2025-06,EUR,99,99,paid
inv_000227,cus_00010,sub_00010,plan_growth,2025-07-03,2025-07,EUR,99,99,open
inv_000228,cus_00010,sub_00010,plan_growth,2025-08-01,2025-08,EUR,99,99,paid
inv_000229,cus_00010,sub_00010,plan_growth,2025-09-03,2025-09,EUR,99,99,paid
inv_000230,cus_00010,sub_00010,plan_growth,2025-10-03,2025-10,EUR,99,99,paid
inv_000231,cus_00010,sub_00010,plan_growth,2025-11-04,2025-11,EUR,99,99,paid
inv_000232,cus_00010,sub_00010,plan_growth,2025-12-05,2025-12,EUR,99,99,paid
inv_000233,cus_00010,sub_00010,plan_growth,2026-01-03,2026-01,EUR,99,99,paid
inv_000234,cus_00010,sub_00010,plan_growth,2026-02-02,2026-02,EUR,99,99,paid
inv_000235,cus_00010,sub_00010,plan_growth,2026-03-01,2026-03,EUR,149,149,paid
inv_000236,cus_00010,sub_00010,plan_growth,2026-04-05,2026-04,EUR,149,149,paid
inv_000237,cus_00010,sub_00010,plan_growth,2026-05-02,2026-05,EUR,149,149,paid
inv_000238,cus_00010,sub_00010,plan_growth,2026-06-04,2026-06,EUR,149,149,paid
inv_000239,cus_00010,sub_00010,plan_growth,2026-07-03,2026-07,EUR,149,149,paid
inv_000240,cus_00010,sub_00010,plan_growth,2026-08-04,2026-08,EUR,149,149,paid
inv_000241,cus_00011,sub_00011,plan_growth,2024-09-04,2024-09,EUR,99,99,paid
inv_000242,cus_00011,sub_00011,plan_growth,2024-10-05,2024-10,EUR,99,99,paid
inv_000243,cus_00011,sub_00011,plan_growth,2024-11-01,2024-11,EUR,99,99,paid
inv_000244,cus_00011,sub_00011,plan_growth,2024-12-01,2024-12,EUR,99,99,paid
inv_000245,cus_00011,sub_00011,plan_growth,2025-01-03,2025-01,EUR,99,99,void
inv_000246,cus_00011,sub_00011,plan_growth,2025-02-01,2025-02,EUR,99,99,paid
inv_000247,cus_00011,sub_00011,plan_growth,2025-03-01,2025-03,EUR,99,99,paid
inv_000248,cus_00011,sub_00011,plan_growth,2025-04-05,2025-04,EUR,99,99,paid
inv_000249,cus_00011,sub_00011,plan_growth,2025-05-04,2025-05,EUR,99,99,paid
inv_000250,cus_00011,sub_00011,plan_growth,2025-06-01,2025-06,EUR,99,99,paid
inv_000251,cus_00011,sub_00011,plan_growth,2025-07-02,2025-07,EUR,99,99,paid
inv_000252,cus_00011,sub_00011,plan_growth,2025-08-05,2025-08,EUR,99,99,paid
inv_000253,cus_00011,sub_00011,plan_growth,2025-09-05,2025-09,EUR,99,99,paid
inv_000254,cus_00011,sub_00011,plan_growth,2025-10-02,2025-10,EUR,99,99,paid
inv_000255,cus_00011,sub_00011,plan_growth,2025-11-02,2025-11,EUR,99,99,paid
inv_000256,cus_00011,sub_00011,plan_growth,2025-12-05,2025-12,EUR,99,99,paid
inv_000257,cus_00011,sub_00011,plan_growth,2026-01-01,2026-01,EUR,99,99,paid
inv_000258,cus_00011,sub_00011,plan_growth,2026-02-04,2026-02,EUR,99,99,paid
inv_000259,cus_00011,sub_00011,plan_growth,2026-03-03,2026-03,EUR,149,149,paid
inv_000260,cus_00011,sub_00011,plan_growth,2026-04-02,2026-04,EUR,149,149,paid
inv_000261,cus_00011,sub_00011,plan_growth,2026-05-02,2026-05,EUR,149,149,paid
inv_000262,cus_00011,sub_00011,plan_growth,2026-06-04,2026-06,EUR,149,149,paid
inv_000263,cus_00011,sub_00011,plan_growth,2026-07-05,2026-07,EUR,149,149,paid
inv_000264,cus_00011,sub_00011,plan_growth,2026-08-05,2026-08,EUR,149,149,paid
inv_000265,cus_00012,sub_00012,plan_growth,2024-09-04,2024-09,EUR,99,99,paid
inv_000266,cus_00012,sub_00012,plan_growth,2024-10-04,2024-10,EUR,99,99,paid
inv_000267,cus_00012,sub_00012,plan_growth,2024-11-04,2024-11,EUR,99,99,paid
inv_000268,cus_00012,sub_00012,plan_growth,2024-12-01,2024-12,EUR,99,99,paid
inv_000269,cus_00012,sub_00012,plan_growth,2025-01-04,2025-01,EUR,99,99,paid
inv_000270,cus_00012,sub_00012,plan_growth,2025-02-02,2025-02,EUR,99,99,paid
inv_000271,cus_00012,sub_00012,plan_growth,2025-03-05,2025-03,EUR,99,99,open
inv_000272,cus_00012,sub_00012,plan_growth,2025-04-05,2025-04,EUR,99,99,paid
inv_000273,cus_00012,sub_00012,plan_growth,2025-05-01,2025-05,EUR,99,99,paid
inv_000274,cus_00012,sub_00012,plan_growth,2025-06-04,2025-06,EUR,99,99,paid
inv_000275,cus_00012,sub_00012,plan_growth,2025-07-02,2025-07,EUR,99,99,paid
inv_000276,cus_00012,sub_00012,plan_growth,2025-08-05,2025-08,EUR,99,99,paid
inv_000277,cus_00012,sub_00012,plan_growth,2025-09-01,2025-09,EUR,99,99,paid
inv_000278,cus_00012,sub_00012,plan_growth,2025-10-03,2025-10,EUR,99,99,paid
inv_000279,cus_00012,sub_00012,plan_growth,2025-11-02,2025-11,EUR,99,99,paid
inv_000280,cus_00012,sub_00012,plan_growth,2025-12-02,2025-12,EUR,99,99,paid
inv_000281,cus_00012,sub_00012,plan_growth,2026-01-03,2026-01,EUR,99,99,paid
inv_000282,cus_00012,sub_00012,plan_growth,2026-02-02,2026-02,EUR,99,99,paid
inv_000283,cus_00012,sub_00012,plan_growth,2026-03-03,2026-03,EUR,149,149,paid
inv_000284,cus_00012,sub_00012,plan_growth,2026-04-05,2026-04,EUR,149,149,paid
inv_000285,cus_00012,sub_00012,plan_growth,2026-05-04,2026-05,EUR,149,149,paid
inv_000286,cus_00012,sub_00012,plan_growth,2026-06-01,2026-06,EUR,149,149,paid
inv_000287,cus_00012,sub_00012,plan_growth,2026-07-04,2026-07,EUR,149,149,paid
inv_000288,cus_00012,sub_00012,plan_growth,2026-08-01,2026-08,EUR,149,149,paid
inv_000289,cus_00013,sub_00013,plan_growth,2024-09-02,2024-09,EUR,99,99,paid
inv_000290,cus_00013,sub_00013,plan_growth,2024-10-05,2024-10,EUR,99,99,paid
inv_000291,cus_00013,sub_00013,plan_growth,2024-11-04,2024-11,EUR,99,99,paid
inv_000292,cus_00013,sub_00013,plan_growth,2024-12-01,2024-12,EUR,99,99,paid
inv_000293,cus_00013,sub_00013,plan_growth,2025-01-05,2025-01,EUR,99,99,paid
inv_000294,cus_00013,sub_00013,plan_growth,2025-02-02,2025-02,EUR,99,99,paid
inv_000295,cus_00013,sub_00013,plan_growth,2025-03-05,2025-03,EUR,99,99,paid
inv_000296,cus_00013,sub_00013,plan_growth,2025-04-02,2025-04,EUR,99,99,paid
inv_000297,cus_00013,sub_00013,plan_growth,2025-05-03,2025-05,EUR,99,99,paid
inv_000298,cus_00013,sub_00013,plan_growth,2025-06-05,2025-06,EUR,99,99,paid
inv_000299,cus_00013,sub_00013,plan_growth,2025-07-04,2025-07,EUR,99,99,paid
inv_000300,cus_00013,sub_00013,plan_growth,2025-08-02,2025-08,EUR,99,99,paid
inv_000301,cus_00013,sub_00013,plan_growth,2025-09-05,2025-09,EUR,99,99,paid
inv_000302,cus_00013,sub_00013,plan_growth,2025-10-01,2025-10,EUR,99,99,paid
inv_000303,cus_00013,sub_00013,plan_growth,2025-11-02,2025-11,EUR,99,99,paid
inv_000304,cus_00013,sub_00013,plan_growth,2025-12-02,2025-12,EUR,99,99,paid
inv_000305,cus_00013,sub_00013,plan_growth,2026-01-02,2026-01,EUR,99,99,paid
inv_000306,cus_00013,sub_00013,plan_growth,2026-02-02,2026-02,EUR,99,99,paid
inv_000307,cus_00013,sub_00013,plan_growth,2026-03-01,2026-03,EUR,149,149,paid
inv_000308,cus_00013,sub_00013,plan_growth,2026-04-03,2026-04,EUR,149,149,paid
inv_000309,cus_00013,sub_00013,plan_growth,2026-05-03,2026-05,EUR,149,149,paid
inv_000310,cus_00013,sub_00013,plan_growth,2026-06-04,2026-06,EUR,149,149,open
inv_000311,cus_00013,sub_00013,plan_growth,2026-07-04,2026-07,EUR,149,149,paid
inv_000312,cus_00013,sub_00013,plan_growth,2026-08-03,2026-08,EUR,149,149,paid
inv_000313,cus_00014,sub_00014,plan_starter,2024-09-01,2024-09,USD,31.52,29,void
inv_000314,cus_00014,sub_00014,plan_starter,2024-10-02,2024-10,USD,31.52,29,paid
inv_000315,cus_00014,sub_00014,plan_starter,2024-11-04,2024-11,USD,31.52,29,paid
inv_000316,cus_00014,sub_00014,plan_starter,2024-12-05,2024-12,USD,31.52,29,paid
inv_000317,cus_00014,sub_00014,plan_starter,2025-01-01,2025-01,USD,31.52,29,paid
inv_000318,cus_00014,sub_00014,plan_starter,2025-02-05,2025-02,USD,31.52,29,paid
inv_000319,cus_00014,sub_00014,plan_starter,2025-03-02,2025-03,USD,31.52,29,paid
inv_000320,cus_00014,sub_00014,plan_starter,2025-04-05,2025-04,USD,31.52,29,open
inv_000321,cus_00014,sub_00014,plan_starter,2025-05-02,2025-05,USD,31.52,29,paid
inv_000322,cus_00014,sub_00014,plan_starter,2025-06-04,2025-06,USD,31.52,29,paid
inv_000323,cus_00014,sub_00014,plan_starter,2025-07-03,2025-07,USD,31.52,29,paid
inv_000324,cus_00014,sub_00014,plan_starter,2025-08-04,2025-08,USD,31.52,29,paid
inv_000325,cus_00014,sub_00014,plan_starter,2025-09-05,2025-09,USD,31.52,29,paid
inv_000326,cus_00014,sub_00014,plan_starter,2025-10-03,2025-10,USD,31.52,29,paid
inv_000327,cus_00014,sub_00014,plan_starter,2025-11-03,2025-11,USD,31.52,29,paid
inv_000328,cus_00014,sub_00014,plan_starter,2025-12-04,2025-12,USD,31.52,29,paid
inv_000329,cus_00014,sub_00014,plan_starter,2026-01-04,2026-01,USD,31.52,29,paid
inv_000330,cus_00014,sub_00014,plan_starter,2026-02-05,2026-02,USD,31.52,29,paid
inv_000331,cus_00014,sub_00014,plan_starter,2026-03-05,2026-03,USD,31.52,29,paid
inv_000332,cus_00014,sub_00014,plan_starter,2026-04-01,2026-04,USD,31.52,29,paid
inv_000333,cus_00014,sub_00014,plan_starter,2026-05-05,2026-05,USD,31.52,29,paid
inv_000334,cus_00014,sub_00014,plan_starter,2026-06-05,2026-06,USD,31.52,29,paid
inv_000335,cus_00014,sub_00014,plan_starter,2026-07-01,2026-07,USD,31.52,29,paid
inv_000336,cus_00014,sub_00014,plan_starter,2026-08-03,2026-08,USD,31.52,29,paid
inv_000337,cus_00015,sub_00015,plan_enterprise,2024-09-01,2024-09,EUR,999,999,paid
inv_000338,cus_00015,sub_00015,plan_enterprise,2024-10-01,2024-10,EUR,999,999,paid
inv_000339,cus_00015,sub_00015,plan_enterprise,2024-11-01,2024-11,EUR,999,999,paid
inv_000340,cus_00015,sub_00015,plan_enterprise,2024-12-04,2024-12,EUR,999,999,paid
inv_000341,cus_00015,sub_00015,plan_enterprise,2025-01-04,2025-01,EUR,999,999,paid
inv_000342,cus_00015,sub_00015,plan_enterprise,2025-02-04,2025-02,EUR,999,999,open
inv_000343,cus_00015,sub_00015,plan_enterprise,2025-03-03,2025-03,EUR,999,999,paid
inv_000344,cus_00015,sub_00015,plan_enterprise,2025-04-04,2025-04,EUR,999,999,open
inv_000345,cus_00015,sub_00015,plan_enterprise,2025-05-01,2025-05,EUR,999,999,paid
inv_000346,cus_00015,sub_00015,plan_enterprise,2025-06-04,2025-06,EUR,999,999,paid
inv_000347,cus_00015,sub_00015,plan_enterprise,2025-07-02,2025-07,EUR,999,999,paid
inv_000348,cus_00015,sub_00015,plan_enterprise,2025-08-01,2025-08,EUR,999,999,paid
inv_000349,cus_00015,sub_00015,plan_enterprise,2025-09-01,2025-09,EUR,999,999,paid
inv_000350,cus_00015,sub_00015,plan_enterprise,2025-10-01,2025-10,EUR,999,999,paid
inv_000351,cus_00015,sub_00015,plan_enterprise,2025-11-01,2025-11,EUR,999,999,paid
inv_000352,cus_00015,sub_00015,plan_enterprise,2025-12-02,2025-12,EUR,999,999,paid
inv_000353,cus_00015,sub_00015,plan_enterprise,2026-01-01,2026-01,EUR,999,999,paid
inv_000354,cus_00015,sub_00015,plan_enterprise,2026-02-04,2026-02,EUR,999,999,paid
inv_000355,cus_00015,sub_00015,plan_enterprise,2026-03-01,2026-03,EUR,999,999,paid
inv_000356,cus_00015,sub_00015,plan_enterprise,2026-04-03,2026-04,EUR,999,999,paid
inv_000357,cus_00015,sub_00015,plan_enterprise,2026-05-01,2026-05,EUR,999,999,paid
inv_000358,cus_00015,sub_00015,plan_enterprise,2026-06-03,2026-06,EUR,999,999,paid
inv_000359,cus_00015,sub_00015,plan_enterprise,2026-07-02,2026-07,EUR,999,999,paid
inv_000360,cus_00015,sub_00015,plan_enterprise,2026-08-01,2026-08,EUR,999,999,paid
inv_000361,cus_00016,sub_00016,plan_growth,2024-09-01,2024-09,EUR,99,99,paid
inv_000362,cus_00016,sub_00016,plan_growth,2024-10-04,2024-10,EUR,99,99,paid
inv_000363,cus_00016,sub_00016,plan_growth,2024-11-05,2024-11,EUR,99,99,paid
inv_000364,cus_00016,sub_00016,plan_growth,2024-12-03,2024-12,EUR,99,99,paid
inv_000365,cus_00016,sub_00016,plan_growth,2025-01-03,2025-01,EUR,99,99,paid
inv_000366,cus_00016,sub_00016,plan_growth,2025-02-02,2025-02,EUR,99,99,paid
inv_000367,cus_00016,sub_00016,plan_growth,2025-03-05,2025-03,EUR,99,99,paid
inv_000368,cus_00016,sub_00016,plan_growth,2025-04-02,2025-04,EUR,99,99,paid
inv_000369,cus_00016,sub_00016,plan_growth,2025-05-04,2025-05,EUR,99,99,paid
inv_000370,cus_00016,sub_00016,plan_growth,2025-06-01,2025-06,EUR,99,99,open
inv_000371,cus_00016,sub_00016,plan_growth,2025-07-02,2025-07,EUR,99,99,paid
inv_000372,cus_00016,sub_00016,plan_growth,2025-08-02,2025-08,EUR,99,99,paid
inv_000373,cus_00016,sub_00016,plan_growth,2025-09-03,2025-09,EUR,99,99,paid
inv_000374,cus_00016,sub_00016,plan_growth,2025-10-04,2025-10,EUR,99,99,paid
inv_000375,cus_00016,sub_00016,plan_growth,2025-11-01,2025-11,EUR,99,99,paid
inv_000376,cus_00016,sub_00016,plan_growth,2025-12-04,2025-12,EUR,99,99,paid
inv_000377,cus_00016,sub_00016,plan_growth,2026-01-04,2026-01,EUR,99,99,paid
inv_000378,cus_00016,sub_00016,plan_growth,2026-02-04,2026-02,EUR,99,99,paid
inv_000379,cus_00016,sub_00016,plan_growth,2026-03-01,2026-03,EUR,149,149,open
inv_000380,cus_00016,sub_00016,plan_growth,2026-04-04,2026-04,EUR,149,149,paid
inv_000381,cus_00017,sub_00017,plan_scale,2024-09-04,2024-09,EUR,299,299,paid
inv_000382,cus_00017,sub_00017,plan_scale,2024-10-04,2024-10,EUR,299,299,paid
inv_000383,cus_00017,sub_00017,plan_scale,2024-11-05,2024-11,EUR,299,299,paid
inv_000384,cus_00017,sub_00017,plan_scale,2024-12-03,2024-12,EUR,299,299,paid
inv_000385,cus_00017,sub_00017,plan_scale,2025-01-03,2025-01,EUR,299,299,paid
inv_000386,cus_00017,sub_00017,plan_scale,2025-02-03,2025-02,EUR,299,299,paid
inv_000387,cus_00017,sub_00017,plan_scale,2025-03-04,2025-03,EUR,299,299,paid
inv_000388,cus_00017,sub_00017,plan_scale,2025-04-04,2025-04,EUR,299,299,paid
inv_000389,cus_00017,sub_00017,plan_scale,2025-05-03,2025-05,EUR,299,299,paid
inv_000390,cus_00017,sub_00017,plan_scale,2025-06-02,2025-06,EUR,299,299,paid
inv_000391,cus_00017,sub_00017,plan_scale,2025-07-04,2025-07,EUR,299,299,paid
inv_000392,cus_00017,sub_00017,plan_scale,2025-08-05,2025-08,EUR,299,299,paid
inv_000393,cus_00017,sub_00017,plan_scale,2025-09-01,2025-09,EUR,299,299,paid
inv_000394,cus_00017,sub_00017,plan_scale,2025-10-01,2025-10,EUR,299,299,paid
inv_000395,cus_00017,sub_00017,plan_scale,2025-11-02,2025-11,EUR,299,299,paid
inv_000396,cus_00017,sub_00017,plan_scale,2025-12-03,2025-12,EUR,299,299,paid
inv_000397,cus_00017,sub_00017,plan_scale,2026-01-04,2026-01,EUR,299,299,paid
inv_000398,cus_00017,sub_00017,plan_scale,2026-02-01,2026-02,EUR,299,299,paid
inv_000399,cus_00017,sub_00017,plan_scale,2026-03-05,2026-03,EUR,299,299,paid
inv_000400,cus_00017,sub_00017,plan_scale,2026-04-05,2026-04,EUR,299,299,paid
inv_000401,cus_00017,sub_00017,plan_scale,2026-05-05,2026-05,EUR,299,299,paid
inv_000402,cus_00017,sub_00017,plan_scale,2026-06-05,2026-06,EUR,299,299,paid
inv_000403,cus_00017,sub_00017,plan_scale,2026-07-02,2026-07,EUR,299,299,paid
inv_000404,cus_00017,sub_00017,plan_scale,2026-08-01,2026-08,EUR,299,299,open
inv_000405,cus_00018,sub_00018,plan_growth,2024-10-03,2024-10,GBP,84.62,99,paid
inv_000406,cus_00018,sub_00018,plan_growth,2024-11-01,2024-11,GBP,84.62,99,paid
inv_000407,cus_00018,sub_00018,plan_growth,2024-12-04,2024-12,GBP,84.62,99,paid
inv_000408,cus_00018,sub_00018,plan_growth,2025-01-04,2025-01,GBP,84.62,99,paid
inv_000409,cus_00018,sub_00018,plan_growth,2025-02-05,2025-02,GBP,84.62,99,paid
inv_000410,cus_00018,sub_00018,plan_growth,2025-03-01,2025-03,GBP,84.62,99,paid
inv_000411,cus_00018,sub_00018,plan_growth,2025-04-04,2025-04,GBP,84.62,99,paid
inv_000412,cus_00018,sub_00018,plan_growth,2025-05-05,2025-05,GBP,84.62,99,paid
inv_000413,cus_00018,sub_00018,plan_growth,2025-06-02,2025-06,GBP,84.62,99,paid
inv_000414,cus_00018,sub_00018,plan_growth,2025-07-01,2025-07,GBP,84.62,99,paid
inv_000415,cus_00018,sub_00018,plan_growth,2025-08-05,2025-08,GBP,84.62,99,paid
inv_000416,cus_00018,sub_00018,plan_growth,2025-09-01,2025-09,GBP,84.62,99,paid
inv_000417,cus_00018,sub_00018,plan_growth,2025-10-02,2025-10,GBP,84.62,99,paid
inv_000418,cus_00018,sub_00018,plan_growth,2025-11-02,2025-11,GBP,84.62,99,paid
inv_000419,cus_00018,sub_00018,plan_growth,2025-12-01,2025-12,GBP,84.62,99,paid
inv_000420,cus_00018,sub_00018,plan_growth,2026-01-03,2026-01,GBP,84.62,99,paid
inv_000421,cus_00018,sub_00018,plan_growth,2026-02-01,2026-02,GBP,84.62,99,paid
inv_000422,cus_00019,sub_00019,plan_starter,2024-10-01,2024-10,EUR,29,29,paid
inv_000423,cus_00019,sub_00019,plan_starter,2024-11-03,2024-11,EUR,29,29,uncollectible
inv_000424,cus_00019,sub_00019,plan_starter,2024-12-03,2024-12,EUR,29,29,paid
inv_000425,cus_00019,sub_00019,plan_starter,2025-01-03,2025-01,EUR,29,29,paid
inv_000426,cus_00019,sub_00019,plan_starter,2025-02-02,2025-02,EUR,29,29,paid
inv_000427,cus_00019,sub_00019,plan_starter,2025-03-01,2025-03,EUR,29,29,paid
inv_000428,cus_00019,sub_00019,plan_starter,2025-04-05,2025-04,EUR,29,29,paid
inv_000429,cus_00019,sub_00019,plan_starter,2025-05-04,2025-05,EUR,29,29,paid
inv_000430,cus_00019,sub_00019,plan_starter,2025-06-01,2025-06,EUR,29,29,paid
inv_000431,cus_00019,sub_00019,plan_starter,2025-07-02,2025-07,EUR,29,29,paid
inv_000432,cus_00019,sub_00019,plan_starter,2025-08-01,2025-08,EUR,29,29,paid
inv_000433,cus_00019,sub_00019,plan_starter,2025-09-01,2025-09,EUR,29,29,paid
inv_000434,cus_00019,sub_00019,plan_starter,2025-10-04,2025-10,EUR,29,29,paid
inv_000435,cus_00019,sub_00019,plan_starter,2025-11-04,2025-11,EUR,29,29,paid
inv_000436,cus_00019,sub_00019,plan_starter,2025-12-02,2025-12,EUR,29,29,paid
inv_000437,cus_00019,sub_00019,plan_starter,2026-01-02,2026-01,EUR,29,29,paid
inv_000438,cus_00019,sub_00019,plan_starter,2026-02-01,2026-02,EUR,29,29,paid
inv_000439,cus_00019,sub_00019,plan_starter,2026-03-02,2026-03,EUR,29,29,paid
inv_000440,cus_00019,sub_00019,plan_starter,2026-04-03,2026-04,EUR,29,29,paid
inv_000441,cus_00019,sub_00019,plan_starter,2026-05-02,2026-05,EUR,29,29,paid
inv_000442,cus_00019,sub_00019,plan_starter,2026-06-01,2026-06,EUR,29,29,paid
inv_000443,cus_00019,sub_00019,plan_starter,2026-07-03,2026-07,EUR,29,29,paid
inv_000444,cus_00019,sub_00019,plan_starter,2026-08-02,2026-08,EUR,29,29,paid
inv_000445,cus_00020,sub_00020,plan_growth,2024-10-01,2024-10,CHF,94.29,99,paid
inv_000446,cus_00020,sub_00020,plan_growth,2024-11-02,2024-11,CHF,94.29,99,paid
inv_000447,cus_00020,sub_00020,plan_growth,2024-12-01,2024-12,CHF,94.29,99,paid
inv_000448,cus_00020,sub_00020,plan_growth,2025-01-05,2025-01,CHF,94.29,99,paid
inv_000449,cus_00020,sub_00020,plan_growth,2025-02-02,2025-02,CHF,94.29,99,paid
inv_000450,cus_00020,sub_00020,plan_growth,2025-03-04,2025-03,CHF,94.29,99,paid
inv_000451,cus_00020,sub_00020,plan_growth,2025-04-02,2025-04,CHF,94.29,99,paid
inv_000452,cus_00020,sub_00020,plan_growth,2025-05-05,2025-05,CHF,94.29,99,paid
inv_000453,cus_00020,sub_00020,plan_growth,2025-06-01,2025-06,CHF,94.29,99,paid
inv_000454,cus_00020,sub_00020,plan_growth,2025-07-02,2025-07,CHF,94.29,99,paid
inv_000455,cus_00020,sub_00020,plan_growth,2025-08-03,2025-08,CHF,94.29,99,paid
inv_000456,cus_00020,sub_00020,plan_growth,2025-09-05,2025-09,CHF,94.29,99,open
inv_000457,cus_00020,sub_00020,plan_growth,2025-10-03,2025-10,CHF,94.29,99,paid
inv_000458,cus_00020,sub_00020,plan_growth,2025-11-05,2025-11,CHF,94.29,99,paid
inv_000459,cus_00020,sub_00020,plan_growth,2025-12-05,2025-12,CHF,94.29,99,paid
inv_000460,cus_00020,sub_00020,plan_growth,2026-01-01,2026-01,CHF,94.29,99,paid
inv_000461,cus_00020,sub_00020,plan_growth,2026-02-01,2026-02,CHF,94.29,99,paid
inv_000462,cus_00020,sub_00020,plan_growth,2026-03-01,2026-03,CHF,141.9,149,paid
inv_000463,cus_00020,sub_00020,plan_growth,2026-04-05,2026-04,CHF,141.9,149,paid
inv_000464,cus_00020,sub_00020,plan_growth,2026-05-03,2026-05,CHF,141.9,149,paid
inv_000465,cus_00020,sub_00020,plan_growth,2026-06-02,2026-06,CHF,141.9,149,paid
inv_000466,cus_00020,sub_00020,plan_growth,2026-07-03,2026-07,CHF,141.9,149,open
inv_000467,cus_00020,sub_00020,plan_growth,2026-08-02,2026-08,CHF,141.9,149,paid
inv_000468,cus_00021,sub_00021,plan_growth,2024-10-01,2024-10,EUR,99,99,paid
inv_000469,cus_00021,sub_00021,plan_growth,2024-11-05,2024-11,EUR,99,99,paid
inv_000470,cus_00021,sub_00021,plan_growth,2024-12-01,2024-12,EUR,99,99,paid
inv_000471,cus_00021,sub_00021,plan_growth,2025-01-03,2025-01,EUR,99,99,paid
inv_000472,cus_00021,sub_00021,plan_growth,2025-02-05,2025-02,EUR,99,99,paid
inv_000473,cus_00021,sub_00021,plan_growth,2025-03-04,2025-03,EUR,99,99,paid
inv_000474,cus_00021,sub_00021,plan_growth,2025-04-05,2025-04,EUR,99,99,paid
inv_000475,cus_00021,sub_00021,plan_growth,2025-05-03,2025-05,EUR,99,99,paid
inv_000476,cus_00021,sub_00021,plan_growth,2025-06-03,2025-06,EUR,99,99,paid
inv_000477,cus_00021,sub_00021,plan_growth,2025-07-04,2025-07,EUR,99,99,paid
inv_000478,cus_00021,sub_00021,plan_growth,2025-08-05,2025-08,EUR,99,99,paid
inv_000479,cus_00021,sub_00021,plan_growth,2025-09-04,2025-09,EUR,99,99,paid
inv_000480,cus_00021,sub_00021,plan_growth,2025-10-05,2025-10,EUR,99,99,paid
inv_000481,cus_00021,sub_00021,plan_growth,2025-11-02,2025-11,EUR,99,99,paid
inv_000482,cus_00021,sub_00021,plan_growth,2025-12-05,2025-12,EUR,99,99,paid
inv_000483,cus_00021,sub_00021,plan_growth,2026-01-02,2026-01,EUR,99,99,paid
inv_000484,cus_00021,sub_00021,plan_growth,2026-02-02,2026-02,EUR,99,99,paid
inv_000485,cus_00022,sub_00022,plan_growth,2024-10-03,2024-10,USD,107.61,99,paid
inv_000486,cus_00022,sub_00022,plan_growth,2024-11-02,2024-11,USD,107.61,99,paid
inv_000487,cus_00022,sub_00022,plan_growth,2024-12-02,2024-12,USD,107.61,99,paid
inv_000488,cus_00022,sub_00022,plan_growth,2025-01-04,2025-01,USD,107.61,99,paid
inv_000489,cus_00022,sub_00022,plan_growth,2025-02-01,2025-02,USD,107.61,99,paid
inv_000490,cus_00022,sub_00022,plan_growth,2025-03-05,2025-03,USD,107.61,99,paid
inv_000491,cus_00022,sub_00022,plan_growth,2025-04-03,2025-04,USD,107.61,99,paid
inv_000492,cus_00022,sub_00022,plan_growth,2025-05-02,2025-05,USD,107.61,99,paid
inv_000493,cus_00022,sub_00022,plan_growth,2025-06-02,2025-06,USD,107.61,99,paid
inv_000494,cus_00022,sub_00022,plan_growth,2025-07-02,2025-07,USD,107.61,99,paid
inv_000495,cus_00022,sub_00022,plan_growth,2025-08-03,2025-08,USD,107.61,99,paid
inv_000496,cus_00022,sub_00022,plan_growth,2025-09-02,2025-09,USD,107.61,99,paid
inv_000497,cus_00022,sub_00022,plan_growth,2025-10-05,2025-10,USD,107.61,99,paid
inv_000498,cus_00022,sub_00022,plan_growth,2025-11-03,2025-11,USD,107.61,99,paid
inv_000499,cus_00022,sub_00022,plan_growth,2025-12-02,2025-12,USD,107.61,99,paid
inv_000500,cus_00022,sub_00022,plan_growth,2026-01-02,2026-01,USD,107.61,99,paid
inv_000501,cus_00022,sub_00022,plan_growth,2026-02-03,2026-02,USD,107.61,99,paid
inv_000502,cus_00022,sub_00022,plan_growth,2026-03-04,2026-03,USD,161.96,149,open
inv_000503,cus_00022,sub_00022,plan_growth,2026-04-04,2026-04,USD,161.96,149,paid
inv_000504,cus_00022,sub_00022,plan_growth,2026-05-01,2026-05,USD,161.96,149,paid
inv_000505,cus_00022,sub_00022,plan_growth,2026-06-03,2026-06,USD,161.96,149,paid
inv_000506,cus_00022,sub_00022,plan_growth,2026-07-01,2026-07,USD,161.96,149,paid
inv_000507,cus_00023,sub_00023,plan_starter,2024-10-03,2024-10,EUR,29,29,paid
inv_000508,cus_00023,sub_00023,plan_starter,2024-11-04,2024-11,EUR,29,29,paid
inv_000509,cus_00023,sub_00023,plan_starter,2024-12-04,2024-12,EUR,29,29,paid
inv_000510,cus_00023,sub_00023,plan_starter,2025-01-01,2025-01,EUR,29,29,paid
inv_000511,cus_00023,sub_00023,plan_starter,2025-02-01,2025-02,EUR,29,29,paid
inv_000512,cus_00023,sub_00023,plan_starter,2025-03-03,2025-03,EUR,29,29,paid
inv_000513,cus_00023,sub_00023,plan_starter,2025-04-05,2025-04,EUR,29,29,paid
inv_000514,cus_00023,sub_00023,plan_starter,2025-05-02,2025-05,EUR,29,29,paid
inv_000515,cus_00023,sub_00023,plan_starter,2025-06-02,2025-06,EUR,29,29,paid
inv_000516,cus_00023,sub_00023,plan_starter,2025-07-02,2025-07,EUR,29,29,paid
inv_000517,cus_00023,sub_00023,plan_starter,2025-08-04,2025-08,EUR,29,29,paid
inv_000518,cus_00023,sub_00023,plan_starter,2025-09-05,2025-09,EUR,29,29,paid
inv_000519,cus_00023,sub_00023,plan_starter,2025-10-02,2025-10,EUR,29,29,paid
inv_000520,cus_00023,sub_00023,plan_starter,2025-11-03,2025-11,EUR,29,29,paid
inv_000521,cus_00023,sub_00023,plan_starter,2025-12-04,2025-12,EUR,29,29,paid
inv_000522,cus_00023,sub_00023,plan_starter,2026-01-03,2026-01,EUR,29,29,paid
inv_000523,cus_00023,sub_00023,plan_starter,2026-02-04,2026-02,EUR,29,29,paid
inv_000524,cus_00023,sub_00023,plan_starter,2026-03-01,2026-03,EUR,29,29,uncollectible
inv_000525,cus_00023,sub_00023,plan_starter,2026-04-03,2026-04,EUR,29,29,paid
inv_000526,cus_00023,sub_00023,plan_starter,2026-05-05,2026-05,EUR,29,29,paid
inv_000527,cus_00023,sub_00023,plan_starter,2026-06-04,2026-06,EUR,29,29,paid
inv_000528,cus_00023,sub_00023,plan_starter,2026-07-04,2026-07,EUR,29,29,paid
inv_000529,cus_00023,sub_00023,plan_starter,2026-08-03,2026-08,EUR,29,29,paid
inv_000530,cus_00024,sub_00024,plan_growth,2024-10-01,2024-10,EUR,99,99,paid
inv_000531,cus_00024,sub_00024,plan_growth,2024-11-04,2024-11,EUR,99,99,paid
inv_000532,cus_00024,sub_00024,plan_growth,2024-12-02,2024-12,EUR,99,99,paid
inv_000533,cus_00024,sub_00024,plan_growth,2025-01-05,2025-01,EUR,99,99,paid
inv_000534,cus_00024,sub_00024,plan_growth,2025-02-02,2025-02,EUR,99,99,paid
inv_000535,cus_00024,sub_00024,plan_growth,2025-03-03,2025-03,EUR,99,99,paid
inv_000536,cus_00024,sub_00024,plan_growth,2025-04-05,2025-04,EUR,99,99,paid
inv_000537,cus_00024,sub_00024,plan_growth,2025-05-02,2025-05,EUR,99,99,paid
inv_000538,cus_00024,sub_00024,plan_growth,2025-06-05,2025-06,EUR,99,99,paid
inv_000539,cus_00024,sub_00024,plan_growth,2025-07-03,2025-07,EUR,99,99,paid
inv_000540,cus_00024,sub_00024,plan_growth,2025-08-01,2025-08,EUR,99,99,paid
inv_000541,cus_00024,sub_00024,plan_growth,2025-09-04,2025-09,EUR,99,99,paid
inv_000542,cus_00024,sub_00024,plan_growth,2025-10-02,2025-10,EUR,99,99,paid
inv_000543,cus_00024,sub_00024,plan_growth,2025-11-01,2025-11,EUR,99,99,paid
inv_000544,cus_00024,sub_00024,plan_growth,2025-12-02,2025-12,EUR,99,99,paid
inv_000545,cus_00024,sub_00024,plan_growth,2026-01-03,2026-01,EUR,99,99,paid
inv_000546,cus_00024,sub_00024,plan_growth,2026-02-05,2026-02,EUR,99,99,paid
inv_000547,cus_00024,sub_00024,plan_growth,2026-03-01,2026-03,EUR,149,149,paid
inv_000548,cus_00024,sub_00024,plan_growth,2026-04-02,2026-04,EUR,149,149,paid
inv_000549,cus_00024,sub_00024,plan_growth,2026-05-02,2026-05,EUR,149,149,uncollectible
inv_000550,cus_00024,sub_00024,plan_growth,2026-06-02,2026-06,EUR,149,149,paid
inv_000551,cus_00024,sub_00024,plan_growth,2026-07-01,2026-07,EUR,149,149,paid
inv_000552,cus_00024,sub_00024,plan_growth,2026-08-02,2026-08,EUR,149,149,paid
inv_000553,cus_00025,sub_00025,plan_starter,2024-10-04,2024-10,EUR,29,29,paid
inv_000554,cus_00025,sub_00025,plan_starter,2024-11-01,2024-11,EUR,29,29,paid
inv_000555,cus_00025,sub_00025,plan_starter,2024-12-01,2024-12,EUR,29,29,paid
inv_000556,cus_00025,sub_00025,plan_starter,2025-01-01,2025-01,EUR,29,29,paid
inv_000557,cus_00025,sub_00025,plan_starter,2025-02-05,2025-02,EUR,29,29,paid
inv_000558,cus_00025,sub_00025,plan_starter,2025-03-02,2025-03,EUR,29,29,paid
inv_000559,cus_00025,sub_00025,plan_starter,2025-04-05,2025-04,EUR,29,29,paid
inv_000560,cus_00025,sub_00025,plan_starter,2025-05-03,2025-05,EUR,29,29,paid
inv_000561,cus_00025,sub_00025,plan_starter,2025-06-02,2025-06,EUR,29,29,paid
inv_000562,cus_00025,sub_00025,plan_starter,2025-07-04,2025-07,EUR,29,29,paid
inv_000563,cus_00025,sub_00025,plan_starter,2025-08-01,2025-08,EUR,29,29,paid
inv_000564,cus_00025,sub_00025,plan_starter,2025-09-05,2025-09,EUR,29,29,paid
inv_000565,cus_00025,sub_00025,plan_starter,2025-10-02,2025-10,EUR,29,29,paid
inv_000566,cus_00025,sub_00025,plan_starter,2025-11-05,2025-11,EUR,29,29,paid
inv_000567,cus_00025,sub_00025,plan_starter,2025-12-02,2025-12,EUR,29,29,paid
inv_000568,cus_00025,sub_00025,plan_starter,2026-01-05,2026-01,EUR,29,29,paid
inv_000569,cus_00025,sub_00025,plan_starter,2026-02-02,2026-02,EUR,29,29,void
inv_000570,cus_00025,sub_00025,plan_starter,2026-03-03,2026-03,EUR,29,29,paid
inv_000571,cus_00025,sub_00025,plan_starter,2026-04-04,2026-04,EUR,29,29,paid
inv_000572,cus_00025,sub_00025,plan_starter,2026-05-01,2026-05,EUR,29,29,paid
inv_000573,cus_00025,sub_00025,plan_starter,2026-06-01,2026-06,EUR,29,29,paid
inv_000574,cus_00025,sub_00025,plan_starter,2026-07-05,2026-07,EUR,29,29,paid
inv_000575,cus_00025,sub_00025,plan_starter,2026-08-05,2026-08,EUR,29,29,paid
inv_000576,cus_00026,sub_00026,plan_growth,2024-10-04,2024-10,EUR,99,99,paid
inv_000577,cus_00026,sub_00026,plan_growth,2024-11-05,2024-11,EUR,99,99,paid
inv_000578,cus_00026,sub_00026,plan_growth,2024-12-02,2024-12,EUR,99,99,paid
inv_000579,cus_00026,sub_00026,plan_growth,2025-01-04,2025-01,EUR,99,99,paid
inv_000580,cus_00026,sub_00026,plan_growth,2025-02-03,2025-02,EUR,99,99,paid
inv_000581,cus_00026,sub_00026,plan_growth,2025-03-03,2025-03,EUR,99,99,paid
inv_000582,cus_00026,sub_00026,plan_growth,2025-04-01,2025-04,EUR,99,99,paid
inv_000583,cus_00026,sub_00026,plan_growth,2025-05-02,2025-05,EUR,99,99,paid
inv_000584,cus_00026,sub_00026,plan_growth,2025-06-03,2025-06,EUR,99,99,paid
inv_000585,cus_00026,sub_00026,plan_growth,2025-07-05,2025-07,EUR,99,99,paid
inv_000586,cus_00027,sub_00027,plan_starter,2024-10-01,2024-10,CHF,27.62,29,paid
inv_000587,cus_00027,sub_00027,plan_starter,2024-11-05,2024-11,CHF,27.62,29,paid
inv_000588,cus_00027,sub_00027,plan_starter,2024-12-03,2024-12,CHF,27.62,29,paid
inv_000589,cus_00027,sub_00027,plan_starter,2025-01-04,2025-01,CHF,27.62,29,paid
inv_000590,cus_00027,sub_00027,plan_starter,2025-02-01,2025-02,CHF,27.62,29,paid
inv_000591,cus_00027,sub_00027,plan_starter,2025-03-03,2025-03,CHF,27.62,29,paid
inv_000592,cus_00027,sub_00027,plan_starter,2025-04-03,2025-04,CHF,27.62,29,paid
inv_000593,cus_00027,sub_00027,plan_starter,2025-05-02,2025-05,CHF,27.62,29,paid
inv_000594,cus_00027,sub_00027,plan_starter,2025-06-01,2025-06,CHF,27.62,29,paid
inv_000595,cus_00027,sub_00027,plan_starter,2025-07-05,2025-07,CHF,27.62,29,open
inv_000596,cus_00027,sub_00027,plan_starter,2025-08-01,2025-08,CHF,27.62,29,paid
inv_000597,cus_00027,sub_00027,plan_starter,2025-09-02,2025-09,CHF,27.62,29,paid
inv_000598,cus_00027,sub_00027,plan_starter,2025-10-02,2025-10,CHF,27.62,29,paid
inv_000599,cus_00027,sub_00027,plan_starter,2025-11-05,2025-11,CHF,27.62,29,paid
inv_000600,cus_00027,sub_00027,plan_starter,2025-12-01,2025-12,CHF,27.62,29,paid
inv_000601,cus_00027,sub_00027,plan_starter,2026-01-01,2026-01,CHF,27.62,29,paid
inv_000602,cus_00027,sub_00027,plan_starter,2026-02-01,2026-02,CHF,27.62,29,paid
inv_000603,cus_00027,sub_00027,plan_starter,2026-03-01,2026-03,CHF,27.62,29,paid
inv_000604,cus_00027,sub_00027,plan_starter,2026-04-02,2026-04,CHF,27.62,29,open
inv_000605,cus_00027,sub_00027,plan_starter,2026-05-04,2026-05,CHF,27.62,29,paid
inv_000606,cus_00027,sub_00027,plan_starter,2026-06-04,2026-06,CHF,27.62,29,paid
inv_000607,cus_00027,sub_00027,plan_starter,2026-07-04,2026-07,CHF,27.62,29,void
inv_000608,cus_00028,sub_00028,plan_starter,2024-10-04,2024-10,EUR,29,29,paid
inv_000609,cus_00028,sub_00028,plan_starter,2024-11-05,2024-11,EUR,29,29,paid
inv_000610,cus_00028,sub_00028,plan_starter,2024-12-01,2024-12,EUR,29,29,paid
inv_000611,cus_00028,sub_00028,plan_starter,2025-01-02,2025-01,EUR,29,29,paid
inv_000612,cus_00028,sub_00028,plan_starter,2025-02-03,2025-02,EUR,29,29,paid
inv_000613,cus_00028,sub_00028,plan_starter,2025-03-04,2025-03,EUR,29,29,paid
inv_000614,cus_00028,sub_00028,plan_starter,2025-04-01,2025-04,EUR,29,29,open
inv_000615,cus_00028,sub_00028,plan_starter,2025-05-05,2025-05,EUR,29,29,paid
inv_000616,cus_00028,sub_00028,plan_starter,2025-06-04,2025-06,EUR,29,29,open
inv_000617,cus_00029,sub_00029,plan_growth,2024-10-01,2024-10,EUR,99,99,paid
inv_000618,cus_00029,sub_00029,plan_growth,2024-11-05,2024-11,EUR,99,99,paid
inv_000619,cus_00029,sub_00029,plan_growth,2024-12-03,2024-12,EUR,99,99,paid
inv_000620,cus_00029,sub_00029,plan_growth,2025-01-01,2025-01,EUR,99,99,paid
inv_000621,cus_00029,sub_00029,plan_growth,2025-02-03,2025-02,EUR,99,99,paid
inv_000622,cus_00029,sub_00029,plan_growth,2025-03-03,2025-03,EUR,99,99,paid
inv_000623,cus_00029,sub_00029,plan_growth,2025-04-01,2025-04,EUR,99,99,paid
inv_000624,cus_00029,sub_00029,plan_growth,2025-05-04,2025-05,EUR,99,99,paid
inv_000625,cus_00029,sub_00029,plan_growth,2025-06-03,2025-06,EUR,99,99,paid
inv_000626,cus_00029,sub_00029,plan_growth,2025-07-01,2025-07,EUR,99,99,paid
inv_000627,cus_00029,sub_00029,plan_growth,2025-08-03,2025-08,EUR,99,99,paid
inv_000628,cus_00029,sub_00029,plan_growth,2025-09-02,2025-09,EUR,99,99,paid
inv_000629,cus_00029,sub_00029,plan_growth,2025-10-02,2025-10,EUR,99,99,paid
inv_000630,cus_00029,sub_00029,plan_growth,2025-11-05,2025-11,EUR,99,99,paid
inv_000631,cus_00029,sub_00029,plan_growth,2025-12-04,2025-12,EUR,99,99,paid
inv_000632,cus_00029,sub_00029,plan_growth,2026-01-03,2026-01,EUR,99,99,paid
inv_000633,cus_00029,sub_00029,plan_growth,2026-02-02,2026-02,EUR,99,99,paid
inv_000634,cus_00029,sub_00029,plan_growth,2026-03-03,2026-03,EUR,149,149,paid
inv_000635,cus_00029,sub_00029,plan_growth,2026-04-04,2026-04,EUR,149,149,paid
inv_000636,cus_00029,sub_00029,plan_growth,2026-05-05,2026-05,EUR,149,149,paid
inv_000637,cus_00029,sub_00029,plan_growth,2026-06-01,2026-06,EUR,149,149,paid
inv_000638,cus_00029,sub_00029,plan_growth,2026-07-05,2026-07,EUR,149,149,paid
inv_000639,cus_00029,sub_00029,plan_growth,2026-08-01,2026-08,EUR,149,149,paid
inv_000640,cus_00030,sub_00030,plan_scale,2024-10-04,2024-10,EUR,299,299,paid
inv_000641,cus_00030,sub_00030,plan_scale,2024-11-03,2024-11,EUR,299,299,paid
inv_000642,cus_00030,sub_00030,plan_scale,2024-12-03,2024-12,EUR,299,299,paid
inv_000643,cus_00030,sub_00030,plan_scale,2025-01-05,2025-01,EUR,299,299,paid
inv_000644,cus_00030,sub_00030,plan_scale,2025-02-02,2025-02,EUR,299,299,paid
inv_000645,cus_00030,sub_00030,plan_scale,2025-03-05,2025-03,EUR,299,299,paid
inv_000646,cus_00030,sub_00030,plan_scale,2025-04-04,2025-04,EUR,299,299,paid
inv_000647,cus_00030,sub_00030,plan_scale,2025-05-01,2025-05,EUR,299,299,open
inv_000648,cus_00030,sub_00030,plan_scale,2025-06-05,2025-06,EUR,299,299,paid
inv_000649,cus_00030,sub_00030,plan_scale,2025-07-04,2025-07,EUR,299,299,paid
inv_000650,cus_00030,sub_00030,plan_scale,2025-08-02,2025-08,EUR,299,299,paid
inv_000651,cus_00030,sub_00030,plan_scale,2025-09-01,2025-09,EUR,299,299,uncollectible
inv_000652,cus_00030,sub_00030,plan_scale,2025-10-04,2025-10,EUR,299,299,paid
inv_000653,cus_00030,sub_00030,plan_scale,2025-11-02,2025-11,EUR,299,299,paid
inv_000654,cus_00030,sub_00030,plan_scale,2025-12-02,2025-12,EUR,299,299,paid
inv_000655,cus_00030,sub_00030,plan_scale,2026-01-04,2026-01,EUR,299,299,paid
inv_000656,cus_00030,sub_00030,plan_scale,2026-02-05,2026-02,EUR,299,299,paid
inv_000657,cus_00030,sub_00030,plan_scale,2026-03-05,2026-03,EUR,299,299,paid
inv_000658,cus_00030,sub_00030,plan_scale,2026-04-04,2026-04,EUR,299,299,paid
inv_000659,cus_00030,sub_00030,plan_scale,2026-05-01,2026-05,EUR,299,299,paid
inv_000660,cus_00030,sub_00030,plan_scale,2026-06-05,2026-06,EUR,299,299,paid
inv_000661,cus_00030,sub_00030,plan_scale,2026-07-04,2026-07,EUR,299,299,paid
inv_000662,cus_00030,sub_00030,plan_scale,2026-08-01,2026-08,EUR,299,299,uncollectible
inv_000663,cus_00031,sub_00031,plan_starter,2024-10-04,2024-10,GBP,24.79,29,paid
inv_000664,cus_00031,sub_00031,plan_starter,2024-11-02,2024-11,GBP,24.79,29,paid
inv_000665,cus_00031,sub_00031,plan_starter,2024-12-01,2024-12,GBP,24.79,29,paid
inv_000666,cus_00031,sub_00031,plan_starter,2025-01-01,2025-01,GBP,24.79,29,paid
inv_000667,cus_00031,sub_00031,plan_starter,2025-02-01,2025-02,GBP,24.79,29,paid
inv_000668,cus_00031,sub_00031,plan_starter,2025-03-03,2025-03,GBP,24.79,29,uncollectible
inv_000669,cus_00031,sub_00031,plan_starter,2025-04-01,2025-04,GBP,24.79,29,open
inv_000670,cus_00031,sub_00031,plan_starter,2025-05-05,2025-05,GBP,24.79,29,paid
inv_000671,cus_00031,sub_00031,plan_starter,2025-06-02,2025-06,GBP,24.79,29,paid
inv_000672,cus_00031,sub_00031,plan_starter,2025-07-02,2025-07,GBP,24.79,29,paid
inv_000673,cus_00031,sub_00031,plan_starter,2025-08-01,2025-08,GBP,24.79,29,paid
inv_000674,cus_00031,sub_00031,plan_starter,2025-09-01,2025-09,GBP,24.79,29,paid
inv_000675,cus_00031,sub_00031,plan_starter,2025-10-03,2025-10,GBP,24.79,29,paid
inv_000676,cus_00031,sub_00031,plan_starter,2025-11-01,2025-11,GBP,24.79,29,paid
inv_000677,cus_00031,sub_00031,plan_starter,2025-12-01,2025-12,GBP,24.79,29,paid
inv_000678,cus_00031,sub_00031,plan_starter,2026-01-02,2026-01,GBP,24.79,29,open
inv_000679,cus_00031,sub_00031,plan_starter,2026-02-02,2026-02,GBP,24.79,29,paid
inv_000680,cus_00031,sub_00031,plan_starter,2026-03-01,2026-03,GBP,24.79,29,paid
inv_000681,cus_00031,sub_00031,plan_starter,2026-04-05,2026-04,GBP,24.79,29,paid
inv_000682,cus_00031,sub_00031,plan_starter,2026-05-01,2026-05,GBP,24.79,29,paid
inv_000683,cus_00031,sub_00031,plan_starter,2026-06-04,2026-06,GBP,24.79,29,paid
inv_000684,cus_00031,sub_00031,plan_starter,2026-07-02,2026-07,GBP,24.79,29,paid
inv_000685,cus_00031,sub_00031,plan_starter,2026-08-01,2026-08,GBP,24.79,29,paid
inv_000686,cus_00032,sub_00032,plan_growth,2024-10-03,2024-10,GBP,84.62,99,paid
inv_000687,cus_00032,sub_00032,plan_growth,2024-11-04,2024-11,GBP,84.62,99,paid
inv_000688,cus_00032,sub_00032,plan_growth,2024-12-02,2024-12,GBP,84.62,99,paid
inv_000689,cus_00032,sub_00032,plan_growth,2025-01-04,2025-01,GBP,84.62,99,paid
inv_000690,cus_00032,sub_00032,plan_growth,2025-02-01,2025-02,GBP,84.62,99,paid
inv_000691,cus_00032,sub_00032,plan_growth,2025-03-01,2025-03,GBP,84.62,99,paid
inv_000692,cus_00032,sub_00032,plan_growth,2025-04-04,2025-04,GBP,84.62,99,paid
inv_000693,cus_00032,sub_00032,plan_growth,2025-05-04,2025-05,GBP,84.62,99,paid
inv_000694,cus_00032,sub_00032,plan_growth,2025-06-03,2025-06,GBP,84.62,99,paid
inv_000695,cus_00032,sub_00032,plan_growth,2025-07-04,2025-07,GBP,84.62,99,paid
inv_000696,cus_00032,sub_00032,plan_growth,2025-08-02,2025-08,GBP,84.62,99,paid
inv_000697,cus_00032,sub_00032,plan_growth,2025-09-03,2025-09,GBP,84.62,99,paid
inv_000698,cus_00032,sub_00032,plan_growth,2025-10-03,2025-10,GBP,84.62,99,uncollectible
inv_000699,cus_00032,sub_00032,plan_growth,2025-11-03,2025-11,GBP,84.62,99,paid
inv_000700,cus_00032,sub_00032,plan_growth,2025-12-02,2025-12,GBP,84.62,99,paid
inv_000701,cus_00032,sub_00032,plan_growth,2026-01-01,2026-01,GBP,84.62,99,paid
inv_000702,cus_00032,sub_00032,plan_growth,2026-02-03,2026-02,GBP,84.62,99,paid
inv_000703,cus_00032,sub_00032,plan_growth,2026-03-03,2026-03,GBP,127.35,149,paid
inv_000704,cus_00032,sub_00032,plan_growth,2026-04-04,2026-04,GBP,127.35,149,paid
inv_000705,cus_00032,sub_00032,plan_growth,2026-05-04,2026-05,GBP,127.35,149,paid
inv_000706,cus_00032,sub_00032,plan_growth,2026-06-01,2026-06,GBP,127.35,149,paid
inv_000707,cus_00032,sub_00032,plan_growth,2026-07-03,2026-07,GBP,127.35,149,paid
inv_000708,cus_00032,sub_00032,plan_growth,2026-08-01,2026-08,GBP,127.35,149,paid
inv_000709,cus_00033,sub_00033,plan_growth,2024-10-04,2024-10,EUR,99,99,void
inv_000710,cus_00033,sub_00033,plan_growth,2024-11-04,2024-11,EUR,99,99,paid
inv_000711,cus_00033,sub_00033,plan_growth,2024-12-03,2024-12,EUR,99,99,paid
inv_000712,cus_00033,sub_00033,plan_growth,2025-01-03,2025-01,EUR,99,99,void
inv_000713,cus_00033,sub_00033,plan_growth,2025-02-01,2025-02,EUR,99,99,paid
inv_000714,cus_00033,sub_00033,plan_growth,2025-03-01,2025-03,EUR,99,99,paid
inv_000715,cus_00033,sub_00033,plan_growth,2025-04-03,2025-04,EUR,99,99,paid
inv_000716,cus_00033,sub_00033,plan_growth,2025-05-01,2025-05,EUR,99,99,paid
inv_000717,cus_00033,sub_00033,plan_growth,2025-06-02,2025-06,EUR,99,99,paid
inv_000718,cus_00033,sub_00033,plan_growth,2025-07-02,2025-07,EUR,99,99,paid
inv_000719,cus_00033,sub_00033,plan_growth,2025-08-05,2025-08,EUR,99,99,paid
inv_000720,cus_00033,sub_00033,plan_growth,2025-09-02,2025-09,EUR,99,99,paid
inv_000721,cus_00033,sub_00033,plan_growth,2025-10-04,2025-10,EUR,99,99,paid
inv_000722,cus_00033,sub_00033,plan_growth,2025-11-02,2025-11,EUR,99,99,paid
inv_000723,cus_00033,sub_00033,plan_growth,2025-12-03,2025-12,EUR,99,99,paid
inv_000724,cus_00033,sub_00033,plan_growth,2026-01-03,2026-01,EUR,99,99,paid
inv_000725,cus_00033,sub_00033,plan_growth,2026-02-01,2026-02,EUR,99,99,open
inv_000726,cus_00033,sub_00033,plan_growth,2026-03-03,2026-03,EUR,149,149,paid
inv_000727,cus_00033,sub_00033,plan_growth,2026-04-02,2026-04,EUR,149,149,paid
inv_000728,cus_00033,sub_00033,plan_growth,2026-05-05,2026-05,EUR,149,149,paid
inv_000729,cus_00033,sub_00033,plan_growth,2026-06-03,2026-06,EUR,149,149,paid
inv_000730,cus_00033,sub_00033,plan_growth,2026-07-01,2026-07,EUR,149,149,paid
inv_000731,cus_00033,sub_00033,plan_growth,2026-08-04,2026-08,EUR,149,149,paid
inv_000732,cus_00034,sub_00034,plan_starter,2024-11-01,2024-11,EUR,29,29,paid
inv_000733,cus_00034,sub_00034,plan_starter,2024-12-02,2024-12,EUR,29,29,paid
inv_000734,cus_00034,sub_00034,plan_starter,2025-01-02,2025-01,EUR,29,29,paid
inv_000735,cus_00034,sub_00034,plan_starter,2025-02-02,2025-02,EUR,29,29,paid
inv_000736,cus_00034,sub_00034,plan_starter,2025-03-04,2025-03,EUR,29,29,paid
inv_000737,cus_00034,sub_00034,plan_starter,2025-04-02,2025-04,EUR,29,29,paid
inv_000738,cus_00034,sub_00034,plan_starter,2025-05-02,2025-05,EUR,29,29,paid
inv_000739,cus_00034,sub_00034,plan_starter,2025-06-05,2025-06,EUR,29,29,paid
inv_000740,cus_00034,sub_00034,plan_starter,2025-07-04,2025-07,EUR,29,29,paid
inv_000741,cus_00034,sub_00034,plan_starter,2025-08-04,2025-08,EUR,29,29,paid
inv_000742,cus_00034,sub_00034,plan_starter,2025-09-03,2025-09,EUR,29,29,paid
inv_000743,cus_00034,sub_00034,plan_starter,2025-10-03,2025-10,EUR,29,29,paid
inv_000744,cus_00034,sub_00034,plan_starter,2025-11-01,2025-11,EUR,29,29,open
inv_000745,cus_00034,sub_00034,plan_starter,2025-12-01,2025-12,EUR,29,29,paid
inv_000746,cus_00034,sub_00034,plan_starter,2026-01-01,2026-01,EUR,29,29,paid
inv_000747,cus_00034,sub_00034,plan_starter,2026-02-04,2026-02,EUR,29,29,paid
inv_000748,cus_00034,sub_00034,plan_starter,2026-03-01,2026-03,EUR,29,29,paid
inv_000749,cus_00034,sub_00034,plan_starter,2026-04-03,2026-04,EUR,29,29,paid
inv_000750,cus_00034,sub_00034,plan_starter,2026-05-01,2026-05,EUR,29,29,paid
inv_000751,cus_00034,sub_00034,plan_starter,2026-06-01,2026-06,EUR,29,29,paid
inv_000752,cus_00034,sub_00034,plan_starter,2026-07-01,2026-07,EUR,29,29,paid
inv_000753,cus_00034,sub_00034,plan_starter,2026-08-05,2026-08,EUR,29,29,paid
inv_000754,cus_00035,sub_00035,plan_growth,2024-11-01,2024-11,EUR,99,99,open
inv_000755,cus_00035,sub_00035,plan_growth,2024-12-03,2024-12,EUR,99,99,paid
inv_000756,cus_00035,sub_00035,plan_growth,2025-01-03,2025-01,EUR,99,99,uncollectible
inv_000757,cus_00035,sub_00035,plan_growth,2025-02-04,2025-02,EUR,99,99,paid
inv_000758,cus_00035,sub_00035,plan_growth,2025-03-01,2025-03,EUR,99,99,paid
inv_000759,cus_00035,sub_00035,plan_growth,2025-04-03,2025-04,EUR,99,99,paid
inv_000760,cus_00035,sub_00035,plan_growth,2025-05-02,2025-05,EUR,99,99,paid
inv_000761,cus_00035,sub_00035,plan_growth,2025-06-04,2025-06,EUR,99,99,paid
inv_000762,cus_00035,sub_00035,plan_growth,2025-07-01,2025-07,EUR,99,99,paid
inv_000763,cus_00035,sub_00035,plan_growth,2025-08-02,2025-08,EUR,99,99,paid
inv_000764,cus_00035,sub_00035,plan_growth,2025-09-02,2025-09,EUR,99,99,paid
inv_000765,cus_00035,sub_00035,plan_growth,2025-10-05,2025-10,EUR,99,99,paid
inv_000766,cus_00035,sub_00035,plan_growth,2025-11-05,2025-11,EUR,99,99,paid
inv_000767,cus_00035,sub_00035,plan_growth,2025-12-01,2025-12,EUR,99,99,paid
inv_000768,cus_00035,sub_00035,plan_growth,2026-01-01,2026-01,EUR,99,99,paid
inv_000769,cus_00036,sub_00036,plan_growth,2024-11-03,2024-11,EUR,99,99,paid
inv_000770,cus_00036,sub_00036,plan_growth,2024-12-04,2024-12,EUR,99,99,paid
inv_000771,cus_00036,sub_00036,plan_growth,2025-01-01,2025-01,EUR,99,99,paid
inv_000772,cus_00036,sub_00036,plan_growth,2025-02-01,2025-02,EUR,99,99,paid
inv_000773,cus_00036,sub_00036,plan_growth,2025-03-04,2025-03,EUR,99,99,paid
inv_000774,cus_00036,sub_00036,plan_growth,2025-04-05,2025-04,EUR,99,99,paid
inv_000775,cus_00036,sub_00036,plan_growth,2025-05-01,2025-05,EUR,99,99,paid
inv_000776,cus_00036,sub_00036,plan_growth,2025-06-03,2025-06,EUR,99,99,paid
inv_000777,cus_00036,sub_00036,plan_growth,2025-07-05,2025-07,EUR,99,99,paid
inv_000778,cus_00036,sub_00036,plan_growth,2025-08-04,2025-08,EUR,99,99,paid
inv_000779,cus_00036,sub_00036,plan_growth,2025-09-02,2025-09,EUR,99,99,paid
inv_000780,cus_00036,sub_00036,plan_growth,2025-10-01,2025-10,EUR,99,99,paid
inv_000781,cus_00036,sub_00036,plan_growth,2025-11-03,2025-11,EUR,99,99,paid
inv_000782,cus_00036,sub_00036,plan_growth,2025-12-03,2025-12,EUR,99,99,paid
inv_000783,cus_00036,sub_00036,plan_growth,2026-01-05,2026-01,EUR,99,99,paid
inv_000784,cus_00036,sub_00036,plan_growth,2026-02-03,2026-02,EUR,99,99,paid
inv_000785,cus_00036,sub_00036,plan_growth,2026-03-02,2026-03,EUR,149,149,paid
inv_000786,cus_00036,sub_00036,plan_growth,2026-04-04,2026-04,EUR,149,149,paid
inv_000787,cus_00036,sub_00036,plan_growth,2026-05-03,2026-05,EUR,149,149,paid
inv_000788,cus_00036,sub_00036,plan_growth,2026-06-02,2026-06,EUR,149,149,paid
inv_000789,cus_00036,sub_00036,plan_growth,2026-07-05,2026-07,EUR,149,149,paid
inv_000790,cus_00036,sub_00036,plan_growth,2026-08-04,2026-08,EUR,149,149,paid
inv_000791,cus_00037,sub_00037,plan_scale,2024-11-05,2024-11,EUR,299,299,paid
inv_000792,cus_00037,sub_00037,plan_scale,2024-12-05,2024-12,EUR,299,299,paid
inv_000793,cus_00037,sub_00037,plan_scale,2025-01-02,2025-01,EUR,299,299,paid
inv_000794,cus_00037,sub_00037,plan_scale,2025-02-05,2025-02,EUR,299,299,paid
inv_000795,cus_00037,sub_00037,plan_scale,2025-03-02,2025-03,EUR,299,299,paid
inv_000796,cus_00037,sub_00037,plan_scale,2025-04-04,2025-04,EUR,299,299,paid
inv_000797,cus_00037,sub_00037,plan_scale,2025-05-04,2025-05,EUR,299,299,paid
inv_000798,cus_00037,sub_00037,plan_scale,2025-06-03,2025-06,EUR,299,299,paid
inv_000799,cus_00037,sub_00037,plan_scale,2025-07-01,2025-07,EUR,299,299,paid
inv_000800,cus_00037,sub_00037,plan_scale,2025-08-02,2025-08,EUR,299,299,paid
inv_000801,cus_00037,sub_00037,plan_scale,2025-09-05,2025-09,EUR,299,299,paid
inv_000802,cus_00037,sub_00037,plan_scale,2025-10-05,2025-10,EUR,299,299,paid
inv_000803,cus_00037,sub_00037,plan_scale,2025-11-03,2025-11,EUR,299,299,paid
inv_000804,cus_00037,sub_00037,plan_scale,2025-12-05,2025-12,EUR,299,299,open
inv_000805,cus_00037,sub_00037,plan_scale,2026-01-03,2026-01,EUR,299,299,paid
inv_000806,cus_00037,sub_00037,plan_scale,2026-02-03,2026-02,EUR,299,299,paid
inv_000807,cus_00037,sub_00037,plan_scale,2026-03-05,2026-03,EUR,299,299,paid
inv_000808,cus_00037,sub_00037,plan_scale,2026-04-01,2026-04,EUR,299,299,paid
inv_000809,cus_00037,sub_00037,plan_scale,2026-05-05,2026-05,EUR,299,299,paid
inv_000810,cus_00037,sub_00037,plan_scale,2026-06-04,2026-06,EUR,299,299,paid
inv_000811,cus_00037,sub_00037,plan_scale,2026-07-01,2026-07,EUR,299,299,paid
inv_000812,cus_00037,sub_00037,plan_scale,2026-08-05,2026-08,EUR,299,299,paid
inv_000813,cus_00038,sub_00038,plan_growth,2024-11-04,2024-11,EUR,99,99,paid
inv_000814,cus_00038,sub_00038,plan_growth,2024-12-04,2024-12,EUR,99,99,paid
inv_000815,cus_00038,sub_00038,plan_growth,2025-01-01,2025-01,EUR,99,99,paid
inv_000816,cus_00038,sub_00038,plan_growth,2025-02-01,2025-02,EUR,99,99,paid
inv_000817,cus_00039,sub_00039,plan_scale,2024-11-03,2024-11,EUR,299,299,paid
inv_000818,cus_00039,sub_00039,plan_scale,2024-12-03,2024-12,EUR,299,299,paid
inv_000819,cus_00039,sub_00039,plan_scale,2025-01-04,2025-01,EUR,299,299,paid
inv_000820,cus_00039,sub_00039,plan_scale,2025-02-02,2025-02,EUR,299,299,paid
inv_000821,cus_00039,sub_00039,plan_scale,2025-03-01,2025-03,EUR,299,299,paid
inv_000822,cus_00039,sub_00039,plan_scale,2025-04-04,2025-04,EUR,299,299,paid
inv_000823,cus_00039,sub_00039,plan_scale,2025-05-05,2025-05,EUR,299,299,paid
inv_000824,cus_00039,sub_00039,plan_scale,2025-06-05,2025-06,EUR,299,299,paid
inv_000825,cus_00039,sub_00039,plan_scale,2025-07-04,2025-07,EUR,299,299,paid
inv_000826,cus_00039,sub_00039,plan_scale,2025-08-02,2025-08,EUR,299,299,paid
inv_000827,cus_00039,sub_00039,plan_scale,2025-09-02,2025-09,EUR,299,299,paid
inv_000828,cus_00039,sub_00039,plan_scale,2025-10-03,2025-10,EUR,299,299,paid
inv_000829,cus_00039,sub_00039,plan_scale,2025-11-01,2025-11,EUR,299,299,paid
inv_000830,cus_00039,sub_00039,plan_scale,2025-12-02,2025-12,EUR,299,299,paid
inv_000831,cus_00039,sub_00039,plan_scale,2026-01-04,2026-01,EUR,299,299,paid
inv_000832,cus_00039,sub_00039,plan_scale,2026-02-03,2026-02,EUR,299,299,paid
inv_000833,cus_00039,sub_00039,plan_scale,2026-03-05,2026-03,EUR,299,299,paid
inv_000834,cus_00039,sub_00039,plan_scale,2026-04-05,2026-04,EUR,299,299,paid
inv_000835,cus_00039,sub_00039,plan_scale,2026-05-04,2026-05,EUR,299,299,paid
inv_000836,cus_00039,sub_00039,plan_scale,2026-06-02,2026-06,EUR,299,299,open
inv_000837,cus_00039,sub_00039,plan_scale,2026-07-04,2026-07,EUR,299,299,paid
inv_000838,cus_00039,sub_00039,plan_scale,2026-08-04,2026-08,EUR,299,299,open
inv_000839,cus_00040,sub_00040,plan_growth,2024-11-03,2024-11,CHF,94.29,99,paid
inv_000840,cus_00040,sub_00040,plan_growth,2024-12-01,2024-12,CHF,94.29,99,paid
inv_000841,cus_00040,sub_00040,plan_growth,2025-01-05,2025-01,CHF,94.29,99,paid
inv_000842,cus_00040,sub_00040,plan_growth,2025-02-01,2025-02,CHF,94.29,99,paid
inv_000843,cus_00040,sub_00040,plan_growth,2025-03-05,2025-03,CHF,94.29,99,paid
inv_000844,cus_00040,sub_00040,plan_growth,2025-04-01,2025-04,CHF,94.29,99,paid
inv_000845,cus_00040,sub_00040,plan_growth,2025-05-04,2025-05,CHF,94.29,99,paid
inv_000846,cus_00040,sub_00040,plan_growth,2025-06-05,2025-06,CHF,94.29,99,paid
inv_000847,cus_00040,sub_00040,plan_growth,2025-07-01,2025-07,CHF,94.29,99,paid
inv_000848,cus_00040,sub_00040,plan_growth,2025-08-02,2025-08,CHF,94.29,99,paid
inv_000849,cus_00040,sub_00040,plan_growth,2025-09-02,2025-09,CHF,94.29,99,paid
inv_000850,cus_00040,sub_00040,plan_growth,2025-10-05,2025-10,CHF,94.29,99,paid
inv_000851,cus_00040,sub_00040,plan_growth,2025-11-01,2025-11,CHF,94.29,99,paid
inv_000852,cus_00040,sub_00040,plan_growth,2025-12-04,2025-12,CHF,94.29,99,paid
inv_000853,cus_00040,sub_00040,plan_growth,2026-01-05,2026-01,CHF,94.29,99,paid
inv_000854,cus_00040,sub_00040,plan_growth,2026-02-01,2026-02,CHF,94.29,99,paid
inv_000855,cus_00041,sub_00041,plan_growth,2024-11-01,2024-11,EUR,99,99,paid
inv_000856,cus_00041,sub_00041,plan_growth,2024-12-05,2024-12,EUR,99,99,paid
inv_000857,cus_00041,sub_00041,plan_growth,2025-01-03,2025-01,EUR,99,99,paid
inv_000858,cus_00041,sub_00041,plan_growth,2025-02-03,2025-02,EUR,99,99,open
inv_000859,cus_00041,sub_00041,plan_growth,2025-03-03,2025-03,EUR,99,99,paid
inv_000860,cus_00041,sub_00041,plan_growth,2025-04-02,2025-04,EUR,99,99,paid
inv_000861,cus_00041,sub_00041,plan_growth,2025-05-04,2025-05,EUR,99,99,paid
inv_000862,cus_00041,sub_00041,plan_growth,2025-06-02,2025-06,EUR,99,99,uncollectible
inv_000863,cus_00041,sub_00041,plan_growth,2025-07-02,2025-07,EUR,99,99,paid
inv_000864,cus_00041,sub_00041,plan_growth,2025-08-05,2025-08,EUR,99,99,paid
inv_000865,cus_00041,sub_00041,plan_growth,2025-09-05,2025-09,EUR,99,99,void
inv_000866,cus_00041,sub_00041,plan_growth,2025-10-03,2025-10,EUR,99,99,paid
inv_000867,cus_00041,sub_00041,plan_growth,2025-11-04,2025-11,EUR,99,99,uncollectible
inv_000868,cus_00041,sub_00041,plan_growth,2025-12-01,2025-12,EUR,99,99,paid
inv_000869,cus_00041,sub_00041,plan_growth,2026-01-04,2026-01,EUR,99,99,paid
inv_000870,cus_00041,sub_00041,plan_growth,2026-02-01,2026-02,EUR,99,99,paid
inv_000871,cus_00041,sub_00041,plan_growth,2026-03-05,2026-03,EUR,149,149,paid
inv_000872,cus_00041,sub_00041,plan_growth,2026-04-02,2026-04,EUR,149,149,open
inv_000873,cus_00041,sub_00041,plan_growth,2026-05-04,2026-05,EUR,149,149,paid
inv_000874,cus_00041,sub_00041,plan_growth,2026-06-05,2026-06,EUR,149,149,paid
inv_000875,cus_00041,sub_00041,plan_growth,2026-07-05,2026-07,EUR,149,149,paid
inv_000876,cus_00041,sub_00041,plan_growth,2026-08-01,2026-08,EUR,149,149,paid
inv_000877,cus_00042,sub_00042,plan_starter,2024-11-05,2024-11,EUR,29,29,paid
inv_000878,cus_00042,sub_00042,plan_starter,2024-12-01,2024-12,EUR,29,29,paid
inv_000879,cus_00042,sub_00042,plan_starter,2025-01-01,2025-01,EUR,29,29,paid
inv_000880,cus_00042,sub_00042,plan_starter,2025-02-04,2025-02,EUR,29,29,paid
inv_000881,cus_00042,sub_00042,plan_starter,2025-03-03,2025-03,EUR,29,29,paid
inv_000882,cus_00042,sub_00042,plan_starter,2025-04-05,2025-04,EUR,29,29,paid
inv_000883,cus_00042,sub_00042,plan_starter,2025-05-02,2025-05,EUR,29,29,paid
inv_000884,cus_00042,sub_00042,plan_starter,2025-06-02,2025-06,EUR,29,29,paid
inv_000885,cus_00042,sub_00042,plan_starter,2025-07-03,2025-07,EUR,29,29,paid
inv_000886,cus_00042,sub_00042,plan_starter,2025-08-03,2025-08,EUR,29,29,open
inv_000887,cus_00042,sub_00042,plan_starter,2025-09-03,2025-09,EUR,29,29,paid
inv_000888,cus_00042,sub_00042,plan_starter,2025-10-02,2025-10,EUR,29,29,paid
inv_000889,cus_00042,sub_00042,plan_starter,2025-11-05,2025-11,EUR,29,29,paid
inv_000890,cus_00042,sub_00042,plan_starter,2025-12-04,2025-12,EUR,29,29,paid
inv_000891,cus_00042,sub_00042,plan_starter,2026-01-01,2026-01,EUR,29,29,paid
inv_000892,cus_00042,sub_00042,plan_starter,2026-02-01,2026-02,EUR,29,29,paid
inv_000893,cus_00042,sub_00042,plan_starter,2026-03-04,2026-03,EUR,29,29,uncollectible
inv_000894,cus_00042,sub_00042,plan_starter,2026-04-04,2026-04,EUR,29,29,paid
inv_000895,cus_00042,sub_00042,plan_starter,2026-05-03,2026-05,EUR,29,29,paid
inv_000896,cus_00042,sub_00042,plan_starter,2026-06-02,2026-06,EUR,29,29,paid
inv_000897,cus_00042,sub_00042,plan_starter,2026-07-04,2026-07,EUR,29,29,paid
inv_000898,cus_00042,sub_00042,plan_starter,2026-08-01,2026-08,EUR,29,29,paid
inv_000899,cus_00043,sub_00043,plan_starter,2024-11-05,2024-11,EUR,29,29,paid
inv_000900,cus_00043,sub_00043,plan_starter,2024-12-01,2024-12,EUR,29,29,open
inv_000901,cus_00043,sub_00043,plan_starter,2025-01-04,2025-01,EUR,29,29,paid
inv_000902,cus_00043,sub_00043,plan_starter,2025-02-02,2025-02,EUR,29,29,paid
inv_000903,cus_00043,sub_00043,plan_starter,2025-03-03,2025-03,EUR,29,29,paid
inv_000904,cus_00043,sub_00043,plan_starter,2025-04-04,2025-04,EUR,29,29,paid
inv_000905,cus_00043,sub_00043,plan_starter,2025-05-03,2025-05,EUR,29,29,paid
inv_000906,cus_00043,sub_00043,plan_starter,2025-06-05,2025-06,EUR,29,29,paid
inv_000907,cus_00043,sub_00043,plan_starter,2025-07-03,2025-07,EUR,29,29,paid
inv_000908,cus_00043,sub_00043,plan_starter,2025-08-02,2025-08,EUR,29,29,paid
inv_000909,cus_00043,sub_00043,plan_starter,2025-09-02,2025-09,EUR,29,29,paid
inv_000910,cus_00043,sub_00043,plan_starter,2025-10-05,2025-10,EUR,29,29,paid
inv_000911,cus_00043,sub_00043,plan_starter,2025-11-04,2025-11,EUR,29,29,paid
inv_000912,cus_00043,sub_00043,plan_starter,2025-12-02,2025-12,EUR,29,29,paid
inv_000913,cus_00043,sub_00043,plan_starter,2026-01-05,2026-01,EUR,29,29,paid
inv_000914,cus_00044,sub_00044,plan_growth,2024-11-04,2024-11,USD,107.61,99,paid
inv_000915,cus_00044,sub_00044,plan_growth,2024-12-02,2024-12,USD,107.61,99,paid
inv_000916,cus_00044,sub_00044,plan_growth,2025-01-03,2025-01,USD,107.61,99,paid
inv_000917,cus_00044,sub_00044,plan_growth,2025-02-03,2025-02,USD,107.61,99,paid
inv_000918,cus_00044,sub_00044,plan_growth,2025-03-01,2025-03,USD,107.61,99,open
inv_000919,cus_00044,sub_00044,plan_growth,2025-04-01,2025-04,USD,107.61,99,paid
inv_000920,cus_00044,sub_00044,plan_growth,2025-05-05,2025-05,USD,107.61,99,paid
inv_000921,cus_00044,sub_00044,plan_growth,2025-06-02,2025-06,USD,107.61,99,paid
inv_000922,cus_00044,sub_00044,plan_growth,2025-07-04,2025-07,USD,107.61,99,paid
inv_000923,cus_00044,sub_00044,plan_growth,2025-08-04,2025-08,USD,107.61,99,open
inv_000924,cus_00044,sub_00044,plan_growth,2025-09-04,2025-09,USD,107.61,99,uncollectible
inv_000925,cus_00044,sub_00044,plan_growth,2025-10-02,2025-10,USD,107.61,99,paid
inv_000926,cus_00044,sub_00044,plan_growth,2025-11-03,2025-11,USD,107.61,99,paid
inv_000927,cus_00044,sub_00044,plan_growth,2025-12-05,2025-12,USD,107.61,99,paid
inv_000928,cus_00044,sub_00044,plan_growth,2026-01-01,2026-01,USD,107.61,99,paid
inv_000929,cus_00044,sub_00044,plan_growth,2026-02-03,2026-02,USD,107.61,99,paid
inv_000930,cus_00044,sub_00044,plan_growth,2026-03-05,2026-03,USD,161.96,149,paid
inv_000931,cus_00044,sub_00044,plan_growth,2026-04-04,2026-04,USD,161.96,149,uncollectible
inv_000932,cus_00044,sub_00044,plan_growth,2026-05-02,2026-05,USD,161.96,149,paid
inv_000933,cus_00044,sub_00044,plan_growth,2026-06-04,2026-06,USD,161.96,149,paid
inv_000934,cus_00044,sub_00044,plan_growth,2026-07-02,2026-07,USD,161.96,149,paid
inv_000935,cus_00044,sub_00044,plan_growth,2026-08-02,2026-08,USD,161.96,149,paid
inv_000936,cus_00045,sub_00045,plan_growth,2024-11-04,2024-11,EUR,99,99,uncollectible
inv_000937,cus_00045,sub_00045,plan_growth,2024-12-01,2024-12,EUR,99,99,paid
inv_000938,cus_00045,sub_00045,plan_growth,2025-01-02,2025-01,EUR,99,99,paid
inv_000939,cus_00045,sub_00045,plan_growth,2025-02-02,2025-02,EUR,99,99,paid
inv_000940,cus_00045,sub_00045,plan_growth,2025-03-02,2025-03,EUR,99,99,open
inv_000941,cus_00045,sub_00045,plan_growth,2025-04-05,2025-04,EUR,99,99,paid
inv_000942,cus_00045,sub_00045,plan_growth,2025-05-03,2025-05,EUR,99,99,paid
inv_000943,cus_00045,sub_00045,plan_growth,2025-06-03,2025-06,EUR,99,99,void
inv_000944,cus_00045,sub_00045,plan_growth,2025-07-02,2025-07,EUR,99,99,paid
inv_000945,cus_00045,sub_00045,plan_growth,2025-08-02,2025-08,EUR,99,99,paid
inv_000946,cus_00045,sub_00045,plan_growth,2025-09-01,2025-09,EUR,99,99,paid
inv_000947,cus_00045,sub_00045,plan_growth,2025-10-04,2025-10,EUR,99,99,paid
inv_000948,cus_00045,sub_00045,plan_growth,2025-11-02,2025-11,EUR,99,99,void
inv_000949,cus_00045,sub_00045,plan_growth,2025-12-01,2025-12,EUR,99,99,paid
inv_000950,cus_00045,sub_00045,plan_growth,2026-01-05,2026-01,EUR,99,99,paid
inv_000951,cus_00045,sub_00045,plan_growth,2026-02-02,2026-02,EUR,99,99,paid
inv_000952,cus_00046,sub_00046,plan_growth,2024-11-01,2024-11,EUR,99,99,paid
inv_000953,cus_00046,sub_00046,plan_growth,2024-12-01,2024-12,EUR,99,99,paid
inv_000954,cus_00046,sub_00046,plan_growth,2025-01-02,2025-01,EUR,99,99,paid
inv_000955,cus_00047,sub_00047,plan_starter,2024-11-01,2024-11,EUR,29,29,paid
inv_000956,cus_00047,sub_00047,plan_starter,2024-12-03,2024-12,EUR,29,29,paid
inv_000957,cus_00047,sub_00047,plan_starter,2025-01-04,2025-01,EUR,29,29,paid
inv_000958,cus_00047,sub_00047,plan_starter,2025-02-05,2025-02,EUR,29,29,paid
inv_000959,cus_00048,sub_00048,plan_starter,2024-11-05,2024-11,EUR,29,29,paid
inv_000960,cus_00048,sub_00048,plan_starter,2024-12-04,2024-12,EUR,29,29,paid
inv_000961,cus_00048,sub_00048,plan_starter,2025-01-02,2025-01,EUR,29,29,paid
inv_000962,cus_00048,sub_00048,plan_starter,2025-02-02,2025-02,EUR,29,29,paid
inv_000963,cus_00048,sub_00048,plan_starter,2025-03-02,2025-03,EUR,29,29,paid
inv_000964,cus_00048,sub_00048,plan_starter,2025-04-04,2025-04,EUR,29,29,paid
inv_000965,cus_00048,sub_00048,plan_starter,2025-05-01,2025-05,EUR,29,29,paid
inv_000966,cus_00048,sub_00048,plan_starter,2025-06-04,2025-06,EUR,29,29,paid
inv_000967,cus_00048,sub_00048,plan_starter,2025-07-02,2025-07,EUR,29,29,paid
inv_000968,cus_00048,sub_00048,plan_starter,2025-08-01,2025-08,EUR,29,29,paid
inv_000969,cus_00048,sub_00048,plan_starter,2025-09-02,2025-09,EUR,29,29,paid
inv_000970,cus_00048,sub_00048,plan_starter,2025-10-05,2025-10,EUR,29,29,paid
inv_000971,cus_00048,sub_00048,plan_starter,2025-11-05,2025-11,EUR,29,29,paid
inv_000972,cus_00048,sub_00048,plan_starter,2025-12-02,2025-12,EUR,29,29,paid
inv_000973,cus_00048,sub_00048,plan_starter,2026-01-03,2026-01,EUR,29,29,paid
inv_000974,cus_00048,sub_00048,plan_starter,2026-02-02,2026-02,EUR,29,29,paid
inv_000975,cus_00049,sub_00049,plan_growth,2024-12-04,2024-12,GBP,84.62,99,paid
inv_000976,cus_00049,sub_00049,plan_growth,2025-01-01,2025-01,GBP,84.62,99,paid
inv_000977,cus_00049,sub_00049,plan_growth,2025-02-02,2025-02,GBP,84.62,99,paid
inv_000978,cus_00049,sub_00049,plan_growth,2025-03-03,2025-03,GBP,84.62,99,paid
inv_000979,cus_00049,sub_00049,plan_growth,2025-04-05,2025-04,GBP,84.62,99,paid
inv_000980,cus_00049,sub_00049,plan_growth,2025-05-03,2025-05,GBP,84.62,99,paid
inv_000981,cus_00049,sub_00049,plan_growth,2025-06-04,2025-06,GBP,84.62,99,paid
inv_000982,cus_00049,sub_00049,plan_growth,2025-07-01,2025-07,GBP,84.62,99,paid
inv_000983,cus_00049,sub_00049,plan_growth,2025-08-01,2025-08,GBP,84.62,99,paid
inv_000984,cus_00049,sub_00049,plan_growth,2025-09-05,2025-09,GBP,84.62,99,paid
inv_000985,cus_00049,sub_00049,plan_growth,2025-10-01,2025-10,GBP,84.62,99,uncollectible
inv_000986,cus_00049,sub_00049,plan_growth,2025-11-01,2025-11,GBP,84.62,99,paid
inv_000987,cus_00049,sub_00049,plan_growth,2025-12-02,2025-12,GBP,84.62,99,paid
inv_000988,cus_00049,sub_00049,plan_growth,2026-01-02,2026-01,GBP,84.62,99,paid
inv_000989,cus_00049,sub_00049,plan_growth,2026-02-02,2026-02,GBP,84.62,99,paid
inv_000990,cus_00049,sub_00049,plan_growth,2026-03-01,2026-03,GBP,127.35,149,paid
inv_000991,cus_00049,sub_00049,plan_growth,2026-04-01,2026-04,GBP,127.35,149,paid
inv_000992,cus_00049,sub_00049,plan_growth,2026-05-01,2026-05,GBP,127.35,149,paid
inv_000993,cus_00049,sub_00049,plan_growth,2026-06-05,2026-06,GBP,127.35,149,paid
inv_000994,cus_00049,sub_00049,plan_growth,2026-07-03,2026-07,GBP,127.35,149,paid
inv_000995,cus_00049,sub_00049,plan_growth,2026-08-04,2026-08,GBP,127.35,149,paid
inv_000996,cus_00050,sub_00050,plan_starter,2024-12-02,2024-12,CHF,27.62,29,paid
inv_000997,cus_00050,sub_00050,plan_starter,2025-01-02,2025-01,CHF,27.62,29,paid
inv_000998,cus_00050,sub_00050,plan_starter,2025-02-05,2025-02,CHF,27.62,29,paid
inv_000999,cus_00050,sub_00050,plan_starter,2025-03-04,2025-03,CHF,27.62,29,paid
inv_001000,cus_00050,sub_00050,plan_starter,2025-04-02,2025-04,CHF,27.62,29,paid
inv_001001,cus_00050,sub_00050,plan_starter,2025-05-02,2025-05,CHF,27.62,29,paid
inv_001002,cus_00050,sub_00050,plan_starter,2025-06-01,2025-06,CHF,27.62,29,paid
inv_001003,cus_00050,sub_00050,plan_starter,2025-07-04,2025-07,CHF,27.62,29,paid
inv_001004,cus_00050,sub_00050,plan_starter,2025-08-02,2025-08,CHF,27.62,29,paid
inv_001005,cus_00050,sub_00050,plan_starter,2025-09-01,2025-09,CHF,27.62,29,paid
inv_001006,cus_00050,sub_00050,plan_starter,2025-10-02,2025-10,CHF,27.62,29,paid
inv_001007,cus_00050,sub_00050,plan_starter,2025-11-01,2025-11,CHF,27.62,29,paid
inv_001008,cus_00050,sub_00050,plan_starter,2025-12-02,2025-12,CHF,27.62,29,void
inv_001009,cus_00050,sub_00050,plan_starter,2026-01-01,2026-01,CHF,27.62,29,paid
inv_001010,cus_00051,sub_00051,plan_growth,2024-12-01,2024-12,EUR,99,99,paid
inv_001011,cus_00051,sub_00051,plan_growth,2025-01-03,2025-01,EUR,99,99,paid
inv_001012,cus_00051,sub_00051,plan_growth,2025-02-01,2025-02,EUR,99,99,paid
inv_001013,cus_00051,sub_00051,plan_growth,2025-03-02,2025-03,EUR,99,99,paid
inv_001014,cus_00051,sub_00051,plan_growth,2025-04-03,2025-04,EUR,99,99,paid
inv_001015,cus_00051,sub_00051,plan_growth,2025-05-01,2025-05,EUR,99,99,paid
inv_001016,cus_00051,sub_00051,plan_growth,2025-06-05,2025-06,EUR,99,99,paid
inv_001017,cus_00051,sub_00051,plan_growth,2025-07-04,2025-07,EUR,99,99,paid
inv_001018,cus_00051,sub_00051,plan_growth,2025-08-05,2025-08,EUR,99,99,paid
inv_001019,cus_00051,sub_00051,plan_growth,2025-09-03,2025-09,EUR,99,99,paid
inv_001020,cus_00051,sub_00051,plan_growth,2025-10-04,2025-10,EUR,99,99,paid
inv_001021,cus_00051,sub_00051,plan_growth,2025-11-01,2025-11,EUR,99,99,paid
inv_001022,cus_00051,sub_00051,plan_growth,2025-12-05,2025-12,EUR,99,99,paid
inv_001023,cus_00051,sub_00051,plan_growth,2026-01-03,2026-01,EUR,99,99,paid
inv_001024,cus_00051,sub_00051,plan_growth,2026-02-04,2026-02,EUR,99,99,paid
inv_001025,cus_00051,sub_00051,plan_growth,2026-03-04,2026-03,EUR,149,149,paid
inv_001026,cus_00051,sub_00051,plan_growth,2026-04-05,2026-04,EUR,149,149,paid
inv_001027,cus_00051,sub_00051,plan_growth,2026-05-04,2026-05,EUR,149,149,paid
inv_001028,cus_00051,sub_00051,plan_growth,2026-06-02,2026-06,EUR,149,149,paid
inv_001029,cus_00051,sub_00051,plan_growth,2026-07-01,2026-07,EUR,149,149,paid
inv_001030,cus_00051,sub_00051,plan_growth,2026-08-03,2026-08,EUR,149,149,paid
inv_001031,cus_00052,sub_00052,plan_growth,2024-12-02,2024-12,EUR,99,99,paid
inv_001032,cus_00052,sub_00052,plan_growth,2025-01-03,2025-01,EUR,99,99,paid
inv_001033,cus_00052,sub_00052,plan_growth,2025-02-05,2025-02,EUR,99,99,paid
inv_001034,cus_00053,sub_00053,plan_growth,2024-12-04,2024-12,EUR,99,99,paid
inv_001035,cus_00054,sub_00054,plan_scale,2024-12-03,2024-12,USD,325,299,paid
inv_001036,cus_00054,sub_00054,plan_scale,2025-01-02,2025-01,USD,325,299,paid
inv_001037,cus_00054,sub_00054,plan_scale,2025-02-01,2025-02,USD,325,299,paid
inv_001038,cus_00054,sub_00054,plan_scale,2025-03-02,2025-03,USD,325,299,paid
inv_001039,cus_00054,sub_00054,plan_scale,2025-04-04,2025-04,USD,325,299,paid
inv_001040,cus_00054,sub_00054,plan_scale,2025-05-02,2025-05,USD,325,299,paid
inv_001041,cus_00054,sub_00054,plan_scale,2025-06-05,2025-06,USD,325,299,paid
inv_001042,cus_00054,sub_00054,plan_scale,2025-07-05,2025-07,USD,325,299,paid
inv_001043,cus_00054,sub_00054,plan_scale,2025-08-02,2025-08,USD,325,299,paid
inv_001044,cus_00054,sub_00054,plan_scale,2025-09-04,2025-09,USD,325,299,paid
inv_001045,cus_00054,sub_00054,plan_scale,2025-10-04,2025-10,USD,325,299,paid
inv_001046,cus_00054,sub_00054,plan_scale,2025-11-01,2025-11,USD,325,299,paid
inv_001047,cus_00054,sub_00054,plan_scale,2025-12-01,2025-12,USD,325,299,paid
inv_001048,cus_00054,sub_00054,plan_scale,2026-01-05,2026-01,USD,325,299,paid
inv_001049,cus_00054,sub_00054,plan_scale,2026-02-02,2026-02,USD,325,299,paid
inv_001050,cus_00054,sub_00054,plan_scale,2026-03-01,2026-03,USD,325,299,open
inv_001051,cus_00054,sub_00054,plan_scale,2026-04-01,2026-04,USD,325,299,paid
inv_001052,cus_00054,sub_00054,plan_scale,2026-05-05,2026-05,USD,325,299,paid
inv_001053,cus_00054,sub_00054,plan_scale,2026-06-04,2026-06,USD,325,299,paid
inv_001054,cus_00054,sub_00054,plan_scale,2026-07-05,2026-07,USD,325,299,paid
inv_001055,cus_00054,sub_00054,plan_scale,2026-08-03,2026-08,USD,325,299,paid
inv_001056,cus_00055,sub_00055,plan_growth,2024-12-02,2024-12,EUR,99,99,paid
inv_001057,cus_00055,sub_00055,plan_growth,2025-01-03,2025-01,EUR,99,99,paid
inv_001058,cus_00055,sub_00055,plan_growth,2025-02-02,2025-02,EUR,99,99,paid
inv_001059,cus_00055,sub_00055,plan_growth,2025-03-03,2025-03,EUR,99,99,paid
inv_001060,cus_00055,sub_00055,plan_growth,2025-04-04,2025-04,EUR,99,99,paid
inv_001061,cus_00055,sub_00055,plan_growth,2025-05-02,2025-05,EUR,99,99,paid
inv_001062,cus_00055,sub_00055,plan_growth,2025-06-05,2025-06,EUR,99,99,paid
inv_001063,cus_00055,sub_00055,plan_growth,2025-07-02,2025-07,EUR,99,99,paid
inv_001064,cus_00056,sub_00056,plan_growth,2024-12-04,2024-12,EUR,99,99,paid
inv_001065,cus_00056,sub_00056,plan_growth,2025-01-05,2025-01,EUR,99,99,paid
inv_001066,cus_00056,sub_00056,plan_growth,2025-02-02,2025-02,EUR,99,99,paid
inv_001067,cus_00056,sub_00056,plan_growth,2025-03-01,2025-03,EUR,99,99,paid
inv_001068,cus_00056,sub_00056,plan_growth,2025-04-04,2025-04,EUR,99,99,paid
inv_001069,cus_00056,sub_00056,plan_growth,2025-05-01,2025-05,EUR,99,99,paid
inv_001070,cus_00056,sub_00056,plan_growth,2025-06-04,2025-06,EUR,99,99,paid
inv_001071,cus_00056,sub_00056,plan_growth,2025-07-05,2025-07,EUR,99,99,paid
inv_001072,cus_00056,sub_00056,plan_growth,2025-08-01,2025-08,EUR,99,99,paid
inv_001073,cus_00056,sub_00056,plan_growth,2025-09-05,2025-09,EUR,99,99,paid
inv_001074,cus_00056,sub_00056,plan_growth,2025-10-01,2025-10,EUR,99,99,paid
inv_001075,cus_00056,sub_00056,plan_growth,2025-11-03,2025-11,EUR,99,99,paid
inv_001076,cus_00056,sub_00056,plan_growth,2025-12-01,2025-12,EUR,99,99,paid
inv_001077,cus_00056,sub_00056,plan_growth,2026-01-04,2026-01,EUR,99,99,void
inv_001078,cus_00056,sub_00056,plan_growth,2026-02-04,2026-02,EUR,99,99,paid
inv_001079,cus_00056,sub_00056,plan_growth,2026-03-03,2026-03,EUR,149,149,paid
inv_001080,cus_00057,sub_00057,plan_growth,2024-12-03,2024-12,EUR,99,99,paid
inv_001081,cus_00057,sub_00057,plan_growth,2025-01-02,2025-01,EUR,99,99,paid
inv_001082,cus_00057,sub_00057,plan_growth,2025-02-03,2025-02,EUR,99,99,open
inv_001083,cus_00057,sub_00057,plan_growth,2025-03-01,2025-03,EUR,99,99,paid
inv_001084,cus_00057,sub_00057,plan_growth,2025-04-03,2025-04,EUR,99,99,paid
inv_001085,cus_00057,sub_00057,plan_growth,2025-05-04,2025-05,EUR,99,99,uncollectible
inv_001086,cus_00057,sub_00057,plan_growth,2025-06-05,2025-06,EUR,99,99,paid
inv_001087,cus_00057,sub_00057,plan_growth,2025-07-02,2025-07,EUR,99,99,paid
inv_001088,cus_00057,sub_00057,plan_growth,2025-08-02,2025-08,EUR,99,99,paid
inv_001089,cus_00057,sub_00057,plan_growth,2025-09-04,2025-09,EUR,99,99,paid
inv_001090,cus_00057,sub_00057,plan_growth,2025-10-01,2025-10,EUR,99,99,paid
inv_001091,cus_00057,sub_00057,plan_growth,2025-11-01,2025-11,EUR,99,99,paid
inv_001092,cus_00057,sub_00057,plan_growth,2025-12-04,2025-12,EUR,99,99,paid
inv_001093,cus_00057,sub_00057,plan_growth,2026-01-01,2026-01,EUR,99,99,paid
inv_001094,cus_00057,sub_00057,plan_growth,2026-02-04,2026-02,EUR,99,99,paid
inv_001095,cus_00057,sub_00057,plan_growth,2026-03-05,2026-03,EUR,149,149,paid
inv_001096,cus_00057,sub_00057,plan_growth,2026-04-02,2026-04,EUR,149,149,uncollectible
inv_001097,cus_00057,sub_00057,plan_growth,2026-05-04,2026-05,EUR,149,149,void
inv_001098,cus_00057,sub_00057,plan_growth,2026-06-02,2026-06,EUR,149,149,paid
inv_001099,cus_00057,sub_00057,plan_growth,2026-07-05,2026-07,EUR,149,149,paid
inv_001100,cus_00057,sub_00057,plan_growth,2026-08-05,2026-08,EUR,149,149,paid
inv_001101,cus_00058,sub_00058,plan_scale,2024-12-05,2024-12,EUR,299,299,paid
inv_001102,cus_00058,sub_00058,plan_scale,2025-01-05,2025-01,EUR,299,299,paid
inv_001103,cus_00058,sub_00058,plan_scale,2025-02-01,2025-02,EUR,299,299,paid
inv_001104,cus_00058,sub_00058,plan_scale,2025-03-01,2025-03,EUR,299,299,paid
inv_001105,cus_00058,sub_00058,plan_scale,2025-04-04,2025-04,EUR,299,299,paid
inv_001106,cus_00058,sub_00058,plan_scale,2025-05-02,2025-05,EUR,299,299,paid
inv_001107,cus_00058,sub_00058,plan_scale,2025-06-05,2025-06,EUR,299,299,paid
inv_001108,cus_00058,sub_00058,plan_scale,2025-07-01,2025-07,EUR,299,299,paid
inv_001109,cus_00058,sub_00058,plan_scale,2025-08-04,2025-08,EUR,299,299,paid
inv_001110,cus_00058,sub_00058,plan_scale,2025-09-01,2025-09,EUR,299,299,paid
inv_001111,cus_00058,sub_00058,plan_scale,2025-10-03,2025-10,EUR,299,299,paid
inv_001112,cus_00058,sub_00058,plan_scale,2025-11-02,2025-11,EUR,299,299,paid
inv_001113,cus_00058,sub_00058,plan_scale,2025-12-05,2025-12,EUR,299,299,paid
inv_001114,cus_00058,sub_00058,plan_scale,2026-01-03,2026-01,EUR,299,299,paid
inv_001115,cus_00058,sub_00058,plan_scale,2026-02-05,2026-02,EUR,299,299,paid
inv_001116,cus_00058,sub_00058,plan_scale,2026-03-01,2026-03,EUR,299,299,paid
inv_001117,cus_00058,sub_00058,plan_scale,2026-04-04,2026-04,EUR,299,299,paid
inv_001118,cus_00058,sub_00058,plan_scale,2026-05-01,2026-05,EUR,299,299,paid
inv_001119,cus_00058,sub_00058,plan_scale,2026-06-02,2026-06,EUR,299,299,paid
inv_001120,cus_00058,sub_00058,plan_scale,2026-07-03,2026-07,EUR,299,299,paid
inv_001121,cus_00058,sub_00058,plan_scale,2026-08-01,2026-08,EUR,299,299,paid
inv_001122,cus_00059,sub_00059,plan_starter,2024-12-03,2024-12,EUR,29,29,paid
inv_001123,cus_00059,sub_00059,plan_starter,2025-01-02,2025-01,EUR,29,29,paid
inv_001124,cus_00059,sub_00059,plan_starter,2025-02-04,2025-02,EUR,29,29,paid
inv_001125,cus_00059,sub_00059,plan_starter,2025-03-02,2025-03,EUR,29,29,paid
inv_001126,cus_00059,sub_00059,plan_starter,2025-04-04,2025-04,EUR,29,29,paid
inv_001127,cus_00059,sub_00059,plan_starter,2025-05-02,2025-05,EUR,29,29,paid
inv_001128,cus_00059,sub_00059,plan_starter,2025-06-03,2025-06,EUR,29,29,paid
inv_001129,cus_00059,sub_00059,plan_starter,2025-07-04,2025-07,EUR,29,29,paid
inv_001130,cus_00059,sub_00059,plan_starter,2025-08-02,2025-08,EUR,29,29,paid
inv_001131,cus_00059,sub_00059,plan_starter,2025-09-04,2025-09,EUR,29,29,paid
inv_001132,cus_00059,sub_00059,plan_starter,2025-10-05,2025-10,EUR,29,29,paid
inv_001133,cus_00059,sub_00059,plan_starter,2025-11-04,2025-11,EUR,29,29,paid
inv_001134,cus_00059,sub_00059,plan_starter,2025-12-02,2025-12,EUR,29,29,paid
inv_001135,cus_00059,sub_00059,plan_starter,2026-01-03,2026-01,EUR,29,29,paid
inv_001136,cus_00059,sub_00059,plan_starter,2026-02-05,2026-02,EUR,29,29,paid
inv_001137,cus_00059,sub_00059,plan_starter,2026-03-05,2026-03,EUR,29,29,paid
inv_001138,cus_00059,sub_00059,plan_starter,2026-04-02,2026-04,EUR,29,29,paid
inv_001139,cus_00059,sub_00059,plan_starter,2026-05-05,2026-05,EUR,29,29,paid
inv_001140,cus_00059,sub_00059,plan_starter,2026-06-04,2026-06,EUR,29,29,paid
inv_001141,cus_00059,sub_00059,plan_starter,2026-07-03,2026-07,EUR,29,29,paid
inv_001142,cus_00059,sub_00059,plan_starter,2026-08-01,2026-08,EUR,29,29,uncollectible
inv_001143,cus_00060,sub_00060,plan_growth,2024-12-03,2024-12,GBP,84.62,99,open
inv_001144,cus_00060,sub_00060,plan_growth,2025-01-01,2025-01,GBP,84.62,99,paid
inv_001145,cus_00061,sub_00061,plan_growth,2024-12-05,2024-12,GBP,84.62,99,paid
inv_001146,cus_00061,sub_00061,plan_growth,2025-01-02,2025-01,GBP,84.62,99,paid
inv_001147,cus_00061,sub_00061,plan_growth,2025-02-01,2025-02,GBP,84.62,99,paid
inv_001148,cus_00061,sub_00061,plan_growth,2025-03-04,2025-03,GBP,84.62,99,paid
inv_001149,cus_00061,sub_00061,plan_growth,2025-04-02,2025-04,GBP,84.62,99,paid
inv_001150,cus_00061,sub_00061,plan_growth,2025-05-04,2025-05,GBP,84.62,99,paid
inv_001151,cus_00061,sub_00061,plan_growth,2025-06-04,2025-06,GBP,84.62,99,paid
inv_001152,cus_00061,sub_00061,plan_growth,2025-07-05,2025-07,GBP,84.62,99,paid
inv_001153,cus_00061,sub_00061,plan_growth,2025-08-01,2025-08,GBP,84.62,99,paid
inv_001154,cus_00061,sub_00061,plan_growth,2025-09-02,2025-09,GBP,84.62,99,void
inv_001155,cus_00061,sub_00061,plan_growth,2025-10-01,2025-10,GBP,84.62,99,paid
inv_001156,cus_00061,sub_00061,plan_growth,2025-11-02,2025-11,GBP,84.62,99,paid
inv_001157,cus_00061,sub_00061,plan_growth,2025-12-04,2025-12,GBP,84.62,99,paid
inv_001158,cus_00061,sub_00061,plan_growth,2026-01-02,2026-01,GBP,84.62,99,paid
inv_001159,cus_00061,sub_00061,plan_growth,2026-02-05,2026-02,GBP,84.62,99,open
inv_001160,cus_00061,sub_00061,plan_growth,2026-03-01,2026-03,GBP,127.35,149,paid
inv_001161,cus_00061,sub_00061,plan_growth,2026-04-02,2026-04,GBP,127.35,149,paid
inv_001162,cus_00061,sub_00061,plan_growth,2026-05-05,2026-05,GBP,127.35,149,paid
inv_001163,cus_00061,sub_00061,plan_growth,2026-06-01,2026-06,GBP,127.35,149,paid
inv_001164,cus_00061,sub_00061,plan_growth,2026-07-04,2026-07,GBP,127.35,149,paid
inv_001165,cus_00061,sub_00061,plan_growth,2026-08-03,2026-08,GBP,127.35,149,paid
inv_001166,cus_00062,sub_00062,plan_growth,2024-12-01,2024-12,EUR,99,99,paid
inv_001167,cus_00062,sub_00062,plan_growth,2025-01-02,2025-01,EUR,99,99,paid
inv_001168,cus_00062,sub_00062,plan_growth,2025-02-05,2025-02,EUR,99,99,paid
inv_001169,cus_00063,sub_00063,plan_growth,2024-12-03,2024-12,EUR,99,99,paid
inv_001170,cus_00063,sub_00063,plan_growth,2025-01-03,2025-01,EUR,99,99,paid
inv_001171,cus_00063,sub_00063,plan_growth,2025-02-03,2025-02,EUR,99,99,paid
inv_001172,cus_00063,sub_00063,plan_growth,2025-03-05,2025-03,EUR,99,99,paid
inv_001173,cus_00063,sub_00063,plan_growth,2025-04-03,2025-04,EUR,99,99,paid
inv_001174,cus_00063,sub_00063,plan_growth,2025-05-05,2025-05,EUR,99,99,paid
inv_001175,cus_00063,sub_00063,plan_growth,2025-06-04,2025-06,EUR,99,99,paid
inv_001176,cus_00063,sub_00063,plan_growth,2025-07-04,2025-07,EUR,99,99,paid
inv_001177,cus_00063,sub_00063,plan_growth,2025-08-02,2025-08,EUR,99,99,paid
inv_001178,cus_00063,sub_00063,plan_growth,2025-09-05,2025-09,EUR,99,99,paid
inv_001179,cus_00063,sub_00063,plan_growth,2025-10-01,2025-10,EUR,99,99,paid
inv_001180,cus_00063,sub_00063,plan_growth,2025-11-01,2025-11,EUR,99,99,paid
inv_001181,cus_00063,sub_00063,plan_growth,2025-12-04,2025-12,EUR,99,99,paid
inv_001182,cus_00063,sub_00063,plan_growth,2026-01-04,2026-01,EUR,99,99,paid
inv_001183,cus_00063,sub_00063,plan_growth,2026-02-03,2026-02,EUR,99,99,paid
inv_001184,cus_00063,sub_00063,plan_growth,2026-03-02,2026-03,EUR,149,149,paid
inv_001185,cus_00063,sub_00063,plan_growth,2026-04-03,2026-04,EUR,149,149,paid
inv_001186,cus_00063,sub_00063,plan_growth,2026-05-04,2026-05,EUR,149,149,paid
inv_001187,cus_00063,sub_00063,plan_growth,2026-06-03,2026-06,EUR,149,149,paid
inv_001188,cus_00063,sub_00063,plan_growth,2026-07-05,2026-07,EUR,149,149,paid
inv_001189,cus_00064,sub_00064,plan_growth,2024-12-03,2024-12,EUR,99,99,paid
inv_001190,cus_00064,sub_00064,plan_growth,2025-01-03,2025-01,EUR,99,99,paid
inv_001191,cus_00064,sub_00064,plan_growth,2025-02-03,2025-02,EUR,99,99,paid
inv_001192,cus_00064,sub_00064,plan_growth,2025-03-02,2025-03,EUR,99,99,paid
inv_001193,cus_00064,sub_00064,plan_growth,2025-04-03,2025-04,EUR,99,99,open
inv_001194,cus_00064,sub_00064,plan_growth,2025-05-02,2025-05,EUR,99,99,paid
inv_001195,cus_00064,sub_00064,plan_growth,2025-06-01,2025-06,EUR,99,99,paid
inv_001196,cus_00064,sub_00064,plan_growth,2025-07-02,2025-07,EUR,99,99,paid
inv_001197,cus_00064,sub_00064,plan_growth,2025-08-02,2025-08,EUR,99,99,paid
inv_001198,cus_00064,sub_00064,plan_growth,2025-09-01,2025-09,EUR,99,99,paid
inv_001199,cus_00064,sub_00064,plan_growth,2025-10-05,2025-10,EUR,99,99,paid
inv_001200,cus_00064,sub_00064,plan_growth,2025-11-01,2025-11,EUR,99,99,paid
inv_001201,cus_00064,sub_00064,plan_growth,2025-12-05,2025-12,EUR,99,99,paid
inv_001202,cus_00065,sub_00065,plan_growth,2024-12-04,2024-12,EUR,99,99,paid
inv_001203,cus_00065,sub_00065,plan_growth,2025-01-03,2025-01,EUR,99,99,paid
inv_001204,cus_00065,sub_00065,plan_growth,2025-02-05,2025-02,EUR,99,99,paid
inv_001205,cus_00065,sub_00065,plan_growth,2025-03-03,2025-03,EUR,99,99,void
inv_001206,cus_00065,sub_00065,plan_growth,2025-04-05,2025-04,EUR,99,99,paid
inv_001207,cus_00065,sub_00065,plan_growth,2025-05-01,2025-05,EUR,99,99,paid
inv_001208,cus_00065,sub_00065,plan_growth,2025-06-02,2025-06,EUR,99,99,paid
inv_001209,cus_00065,sub_00065,plan_growth,2025-07-02,2025-07,EUR,99,99,paid
inv_001210,cus_00065,sub_00065,plan_growth,2025-08-03,2025-08,EUR,99,99,paid
inv_001211,cus_00065,sub_00065,plan_growth,2025-09-03,2025-09,EUR,99,99,paid
inv_001212,cus_00065,sub_00065,plan_growth,2025-10-01,2025-10,EUR,99,99,paid
inv_001213,cus_00065,sub_00065,plan_growth,2025-11-01,2025-11,EUR,99,99,paid
inv_001214,cus_00065,sub_00065,plan_growth,2025-12-05,2025-12,EUR,99,99,paid
inv_001215,cus_00065,sub_00065,plan_growth,2026-01-05,2026-01,EUR,99,99,paid
inv_001216,cus_00065,sub_00065,plan_growth,2026-02-01,2026-02,EUR,99,99,paid
inv_001217,cus_00065,sub_00065,plan_growth,2026-03-05,2026-03,EUR,149,149,paid
inv_001218,cus_00065,sub_00065,plan_growth,2026-04-02,2026-04,EUR,149,149,paid
inv_001219,cus_00065,sub_00065,plan_growth,2026-05-03,2026-05,EUR,149,149,paid
inv_001220,cus_00065,sub_00065,plan_growth,2026-06-01,2026-06,EUR,149,149,paid
inv_001221,cus_00065,sub_00065,plan_growth,2026-07-05,2026-07,EUR,149,149,paid
inv_001222,cus_00065,sub_00065,plan_growth,2026-08-04,2026-08,EUR,149,149,paid
inv_001223,cus_00066,sub_00066,plan_growth,2024-12-05,2024-12,EUR,99,99,paid
inv_001224,cus_00066,sub_00066,plan_growth,2025-01-01,2025-01,EUR,99,99,paid
inv_001225,cus_00066,sub_00066,plan_growth,2025-02-04,2025-02,EUR,99,99,paid
inv_001226,cus_00066,sub_00066,plan_growth,2025-03-01,2025-03,EUR,99,99,paid
inv_001227,cus_00066,sub_00066,plan_growth,2025-04-04,2025-04,EUR,99,99,paid
inv_001228,cus_00066,sub_00066,plan_growth,2025-05-01,2025-05,EUR,99,99,paid
inv_001229,cus_00066,sub_00066,plan_growth,2025-06-03,2025-06,EUR,99,99,paid
inv_001230,cus_00066,sub_00066,plan_growth,2025-07-01,2025-07,EUR,99,99,paid
inv_001231,cus_00066,sub_00066,plan_growth,2025-08-05,2025-08,EUR,99,99,void
inv_001232,cus_00066,sub_00066,plan_growth,2025-09-02,2025-09,EUR,99,99,paid
inv_001233,cus_00066,sub_00066,plan_growth,2025-10-05,2025-10,EUR,99,99,paid
inv_001234,cus_00066,sub_00066,plan_growth,2025-11-03,2025-11,EUR,99,99,paid
inv_001235,cus_00066,sub_00066,plan_growth,2025-12-03,2025-12,EUR,99,99,paid
inv_001236,cus_00066,sub_00066,plan_growth,2026-01-02,2026-01,EUR,99,99,paid
inv_001237,cus_00066,sub_00066,plan_growth,2026-02-03,2026-02,EUR,99,99,paid
inv_001238,cus_00066,sub_00066,plan_growth,2026-03-03,2026-03,EUR,149,149,paid
inv_001239,cus_00066,sub_00066,plan_growth,2026-04-05,2026-04,EUR,149,149,paid
inv_001240,cus_00066,sub_00066,plan_growth,2026-05-03,2026-05,EUR,149,149,paid
inv_001241,cus_00066,sub_00066,plan_growth,2026-06-03,2026-06,EUR,149,149,paid
inv_001242,cus_00066,sub_00066,plan_growth,2026-07-04,2026-07,EUR,149,149,paid
inv_001243,cus_00066,sub_00066,plan_growth,2026-08-03,2026-08,EUR,149,149,uncollectible
inv_001244,cus_00067,sub_00067,plan_starter,2025-01-02,2025-01,USD,31.52,29,paid
inv_001245,cus_00067,sub_00067,plan_starter,2025-02-01,2025-02,USD,31.52,29,open
inv_001246,cus_00067,sub_00067,plan_starter,2025-03-03,2025-03,USD,31.52,29,paid
inv_001247,cus_00067,sub_00067,plan_starter,2025-04-02,2025-04,USD,31.52,29,paid
inv_001248,cus_00067,sub_00067,plan_starter,2025-05-01,2025-05,USD,31.52,29,paid
inv_001249,cus_00067,sub_00067,plan_starter,2025-06-03,2025-06,USD,31.52,29,paid
inv_001250,cus_00067,sub_00067,plan_starter,2025-07-03,2025-07,USD,31.52,29,paid
inv_001251,cus_00067,sub_00067,plan_starter,2025-08-03,2025-08,USD,31.52,29,paid
inv_001252,cus_00067,sub_00067,plan_starter,2025-09-05,2025-09,USD,31.52,29,paid
inv_001253,cus_00067,sub_00067,plan_starter,2025-10-05,2025-10,USD,31.52,29,paid
inv_001254,cus_00067,sub_00067,plan_starter,2025-11-05,2025-11,USD,31.52,29,paid
inv_001255,cus_00067,sub_00067,plan_starter,2025-12-03,2025-12,USD,31.52,29,paid
inv_001256,cus_00067,sub_00067,plan_starter,2026-01-02,2026-01,USD,31.52,29,paid
inv_001257,cus_00067,sub_00067,plan_starter,2026-02-02,2026-02,USD,31.52,29,paid
inv_001258,cus_00068,sub_00068,plan_starter,2025-01-02,2025-01,GBP,24.79,29,paid
inv_001259,cus_00068,sub_00068,plan_starter,2025-02-02,2025-02,GBP,24.79,29,paid
inv_001260,cus_00068,sub_00068,plan_starter,2025-03-01,2025-03,GBP,24.79,29,paid
inv_001261,cus_00068,sub_00068,plan_starter,2025-04-02,2025-04,GBP,24.79,29,paid
inv_001262,cus_00068,sub_00068,plan_starter,2025-05-02,2025-05,GBP,24.79,29,paid
inv_001263,cus_00068,sub_00068,plan_starter,2025-06-03,2025-06,GBP,24.79,29,paid
inv_001264,cus_00068,sub_00068,plan_starter,2025-07-03,2025-07,GBP,24.79,29,paid
inv_001265,cus_00068,sub_00068,plan_starter,2025-08-03,2025-08,GBP,24.79,29,paid
inv_001266,cus_00068,sub_00068,plan_starter,2025-09-03,2025-09,GBP,24.79,29,void
inv_001267,cus_00068,sub_00068,plan_starter,2025-10-05,2025-10,GBP,24.79,29,paid
inv_001268,cus_00068,sub_00068,plan_starter,2025-11-04,2025-11,GBP,24.79,29,paid
inv_001269,cus_00068,sub_00068,plan_starter,2025-12-02,2025-12,GBP,24.79,29,paid
inv_001270,cus_00068,sub_00068,plan_starter,2026-01-02,2026-01,GBP,24.79,29,paid
inv_001271,cus_00068,sub_00068,plan_starter,2026-02-05,2026-02,GBP,24.79,29,paid
inv_001272,cus_00068,sub_00068,plan_starter,2026-03-04,2026-03,GBP,24.79,29,paid
inv_001273,cus_00068,sub_00068,plan_starter,2026-04-02,2026-04,GBP,24.79,29,paid
inv_001274,cus_00068,sub_00068,plan_starter,2026-05-02,2026-05,GBP,24.79,29,paid
inv_001275,cus_00068,sub_00068,plan_starter,2026-06-04,2026-06,GBP,24.79,29,paid
inv_001276,cus_00068,sub_00068,plan_starter,2026-07-01,2026-07,GBP,24.79,29,paid
inv_001277,cus_00068,sub_00068,plan_starter,2026-08-02,2026-08,GBP,24.79,29,paid
inv_001278,cus_00069,sub_00069,plan_growth,2025-01-02,2025-01,USD,107.61,99,paid
inv_001279,cus_00069,sub_00069,plan_growth,2025-02-01,2025-02,USD,107.61,99,paid
inv_001280,cus_00069,sub_00069,plan_growth,2025-03-01,2025-03,USD,107.61,99,paid
inv_001281,cus_00069,sub_00069,plan_growth,2025-04-04,2025-04,USD,107.61,99,paid
inv_001282,cus_00070,sub_00070,plan_starter,2025-01-03,2025-01,EUR,29,29,paid
inv_001283,cus_00070,sub_00070,plan_starter,2025-02-05,2025-02,EUR,29,29,paid
inv_001284,cus_00070,sub_00070,plan_starter,2025-03-05,2025-03,EUR,29,29,paid
inv_001285,cus_00070,sub_00070,plan_starter,2025-04-04,2025-04,EUR,29,29,paid
inv_001286,cus_00070,sub_00070,plan_starter,2025-05-05,2025-05,EUR,29,29,paid
inv_001287,cus_00070,sub_00070,plan_starter,2025-06-01,2025-06,EUR,29,29,paid
inv_001288,cus_00070,sub_00070,plan_starter,2025-07-05,2025-07,EUR,29,29,paid
inv_001289,cus_00070,sub_00070,plan_starter,2025-08-05,2025-08,EUR,29,29,paid
inv_001290,cus_00070,sub_00070,plan_starter,2025-09-03,2025-09,EUR,29,29,paid
inv_001291,cus_00070,sub_00070,plan_starter,2025-10-02,2025-10,EUR,29,29,paid
inv_001292,cus_00070,sub_00070,plan_starter,2025-11-01,2025-11,EUR,29,29,open
inv_001293,cus_00070,sub_00070,plan_starter,2025-12-02,2025-12,EUR,29,29,paid
inv_001294,cus_00070,sub_00070,plan_starter,2026-01-05,2026-01,EUR,29,29,paid
inv_001295,cus_00070,sub_00070,plan_starter,2026-02-02,2026-02,EUR,29,29,paid
inv_001296,cus_00070,sub_00070,plan_starter,2026-03-04,2026-03,EUR,29,29,paid
inv_001297,cus_00070,sub_00070,plan_starter,2026-04-04,2026-04,EUR,29,29,paid
inv_001298,cus_00070,sub_00070,plan_starter,2026-05-03,2026-05,EUR,29,29,paid
inv_001299,cus_00070,sub_00070,plan_starter,2026-06-02,2026-06,EUR,29,29,paid
inv_001300,cus_00070,sub_00070,plan_starter,2026-07-01,2026-07,EUR,29,29,paid
inv_001301,cus_00070,sub_00070,plan_starter,2026-08-04,2026-08,EUR,29,29,paid
inv_001302,cus_00071,sub_00071,plan_starter,2025-01-02,2025-01,EUR,29,29,paid
inv_001303,cus_00071,sub_00071,plan_starter,2025-02-05,2025-02,EUR,29,29,paid
inv_001304,cus_00071,sub_00071,plan_starter,2025-03-04,2025-03,EUR,29,29,paid
inv_001305,cus_00071,sub_00071,plan_starter,2025-04-03,2025-04,EUR,29,29,paid
inv_001306,cus_00071,sub_00071,plan_starter,2025-05-03,2025-05,EUR,29,29,paid
inv_001307,cus_00071,sub_00071,plan_starter,2025-06-01,2025-06,EUR,29,29,paid
inv_001308,cus_00071,sub_00071,plan_starter,2025-07-01,2025-07,EUR,29,29,paid
inv_001309,cus_00071,sub_00071,plan_starter,2025-08-03,2025-08,EUR,29,29,paid
inv_001310,cus_00071,sub_00071,plan_starter,2025-09-05,2025-09,EUR,29,29,paid
inv_001311,cus_00071,sub_00071,plan_starter,2025-10-02,2025-10,EUR,29,29,paid
inv_001312,cus_00071,sub_00071,plan_starter,2025-11-04,2025-11,EUR,29,29,paid
inv_001313,cus_00071,sub_00071,plan_starter,2025-12-05,2025-12,EUR,29,29,uncollectible
inv_001314,cus_00071,sub_00071,plan_starter,2026-01-05,2026-01,EUR,29,29,paid
inv_001315,cus_00071,sub_00071,plan_starter,2026-02-01,2026-02,EUR,29,29,paid
inv_001316,cus_00071,sub_00071,plan_starter,2026-03-02,2026-03,EUR,29,29,paid
inv_001317,cus_00071,sub_00071,plan_starter,2026-04-05,2026-04,EUR,29,29,paid
inv_001318,cus_00071,sub_00071,plan_starter,2026-05-04,2026-05,EUR,29,29,paid
inv_001319,cus_00071,sub_00071,plan_starter,2026-06-05,2026-06,EUR,29,29,uncollectible
inv_001320,cus_00071,sub_00071,plan_starter,2026-07-05,2026-07,EUR,29,29,paid
inv_001321,cus_00071,sub_00071,plan_starter,2026-08-05,2026-08,EUR,29,29,paid
inv_001322,cus_00072,sub_00072,plan_starter,2025-01-03,2025-01,GBP,24.79,29,paid
inv_001323,cus_00072,sub_00072,plan_starter,2025-02-02,2025-02,GBP,24.79,29,paid
inv_001324,cus_00072,sub_00072,plan_starter,2025-03-01,2025-03,GBP,24.79,29,paid
inv_001325,cus_00072,sub_00072,plan_starter,2025-04-05,2025-04,GBP,24.79,29,paid
inv_001326,cus_00072,sub_00072,plan_starter,2025-05-05,2025-05,GBP,24.79,29,paid
inv_001327,cus_00072,sub_00072,plan_starter,2025-06-03,2025-06,GBP,24.79,29,paid
inv_001328,cus_00072,sub_00072,plan_starter,2025-07-01,2025-07,GBP,24.79,29,paid
inv_001329,cus_00072,sub_00072,plan_starter,2025-08-03,2025-08,GBP,24.79,29,paid
inv_001330,cus_00072,sub_00072,plan_starter,2025-09-01,2025-09,GBP,24.79,29,paid
inv_001331,cus_00072,sub_00072,plan_starter,2025-10-02,2025-10,GBP,24.79,29,paid
inv_001332,cus_00072,sub_00072,plan_starter,2025-11-02,2025-11,GBP,24.79,29,paid
inv_001333,cus_00072,sub_00072,plan_starter,2025-12-03,2025-12,GBP,24.79,29,paid
inv_001334,cus_00072,sub_00072,plan_starter,2026-01-02,2026-01,GBP,24.79,29,paid
inv_001335,cus_00072,sub_00072,plan_starter,2026-02-01,2026-02,GBP,24.79,29,paid
inv_001336,cus_00072,sub_00072,plan_starter,2026-03-04,2026-03,GBP,24.79,29,paid
inv_001337,cus_00072,sub_00072,plan_starter,2026-04-04,2026-04,GBP,24.79,29,paid
inv_001338,cus_00072,sub_00072,plan_starter,2026-05-05,2026-05,GBP,24.79,29,paid
inv_001339,cus_00072,sub_00072,plan_starter,2026-06-02,2026-06,GBP,24.79,29,open
inv_001340,cus_00073,sub_00073,plan_starter,2025-01-01,2025-01,EUR,29,29,paid
inv_001341,cus_00073,sub_00073,plan_starter,2025-02-02,2025-02,EUR,29,29,paid
inv_001342,cus_00073,sub_00073,plan_starter,2025-03-02,2025-03,EUR,29,29,paid
inv_001343,cus_00073,sub_00073,plan_starter,2025-04-02,2025-04,EUR,29,29,paid
inv_001344,cus_00073,sub_00073,plan_starter,2025-05-03,2025-05,EUR,29,29,paid
inv_001345,cus_00073,sub_00073,plan_starter,2025-06-01,2025-06,EUR,29,29,paid
inv_001346,cus_00073,sub_00073,plan_starter,2025-07-05,2025-07,EUR,29,29,paid
inv_001347,cus_00073,sub_00073,plan_starter,2025-08-04,2025-08,EUR,29,29,paid
inv_001348,cus_00073,sub_00073,plan_starter,2025-09-04,2025-09,EUR,29,29,paid
inv_001349,cus_00073,sub_00073,plan_starter,2025-10-05,2025-10,EUR,29,29,paid
inv_001350,cus_00073,sub_00073,plan_starter,2025-11-04,2025-11,EUR,29,29,paid
inv_001351,cus_00073,sub_00073,plan_starter,2025-12-01,2025-12,EUR,29,29,paid
inv_001352,cus_00073,sub_00073,plan_starter,2026-01-05,2026-01,EUR,29,29,paid
inv_001353,cus_00073,sub_00073,plan_starter,2026-02-04,2026-02,EUR,29,29,paid
inv_001354,cus_00073,sub_00073,plan_starter,2026-03-05,2026-03,EUR,29,29,paid
inv_001355,cus_00073,sub_00073,plan_starter,2026-04-02,2026-04,EUR,29,29,paid
inv_001356,cus_00073,sub_00073,plan_starter,2026-05-03,2026-05,EUR,29,29,void
inv_001357,cus_00073,sub_00073,plan_starter,2026-06-04,2026-06,EUR,29,29,paid
inv_001358,cus_00073,sub_00073,plan_starter,2026-07-05,2026-07,EUR,29,29,paid
inv_001359,cus_00073,sub_00073,plan_starter,2026-08-02,2026-08,EUR,29,29,paid
inv_001360,cus_00074,sub_00074,plan_growth,2025-01-04,2025-01,GBP,84.62,99,paid
inv_001361,cus_00074,sub_00074,plan_growth,2025-02-04,2025-02,GBP,84.62,99,paid
inv_001362,cus_00074,sub_00074,plan_growth,2025-03-03,2025-03,GBP,84.62,99,paid
inv_001363,cus_00074,sub_00074,plan_growth,2025-04-03,2025-04,GBP,84.62,99,paid
inv_001364,cus_00074,sub_00074,plan_growth,2025-05-05,2025-05,GBP,84.62,99,paid
inv_001365,cus_00074,sub_00074,plan_growth,2025-06-01,2025-06,GBP,84.62,99,paid
inv_001366,cus_00074,sub_00074,plan_growth,2025-07-02,2025-07,GBP,84.62,99,paid
inv_001367,cus_00074,sub_00074,plan_growth,2025-08-01,2025-08,GBP,84.62,99,paid
inv_001368,cus_00074,sub_00074,plan_growth,2025-09-02,2025-09,GBP,84.62,99,paid
inv_001369,cus_00074,sub_00074,plan_growth,2025-10-04,2025-10,GBP,84.62,99,paid
inv_001370,cus_00074,sub_00074,plan_growth,2025-11-01,2025-11,GBP,84.62,99,paid
inv_001371,cus_00074,sub_00074,plan_growth,2025-12-03,2025-12,GBP,84.62,99,void
inv_001372,cus_00074,sub_00074,plan_growth,2026-01-03,2026-01,GBP,84.62,99,paid
inv_001373,cus_00074,sub_00074,plan_growth,2026-02-04,2026-02,GBP,84.62,99,paid
inv_001374,cus_00074,sub_00074,plan_growth,2026-03-04,2026-03,GBP,127.35,149,paid
inv_001375,cus_00074,sub_00074,plan_growth,2026-04-04,2026-04,GBP,127.35,149,paid
inv_001376,cus_00074,sub_00074,plan_growth,2026-05-01,2026-05,GBP,127.35,149,paid
inv_001377,cus_00074,sub_00074,plan_growth,2026-06-04,2026-06,GBP,127.35,149,paid
inv_001378,cus_00074,sub_00074,plan_growth,2026-07-02,2026-07,GBP,127.35,149,paid
inv_001379,cus_00074,sub_00074,plan_growth,2026-08-03,2026-08,GBP,127.35,149,paid
inv_001380,cus_00075,sub_00075,plan_growth,2025-01-03,2025-01,EUR,99,99,paid
inv_001381,cus_00075,sub_00075,plan_growth,2025-02-05,2025-02,EUR,99,99,paid
inv_001382,cus_00075,sub_00075,plan_growth,2025-03-02,2025-03,EUR,99,99,paid
inv_001383,cus_00075,sub_00075,plan_growth,2025-04-05,2025-04,EUR,99,99,paid
inv_001384,cus_00075,sub_00075,plan_growth,2025-05-02,2025-05,EUR,99,99,paid
inv_001385,cus_00075,sub_00075,plan_growth,2025-06-02,2025-06,EUR,99,99,paid
inv_001386,cus_00075,sub_00075,plan_growth,2025-07-01,2025-07,EUR,99,99,paid
inv_001387,cus_00075,sub_00075,plan_growth,2025-08-02,2025-08,EUR,99,99,paid
inv_001388,cus_00075,sub_00075,plan_growth,2025-09-05,2025-09,EUR,99,99,paid
inv_001389,cus_00075,sub_00075,plan_growth,2025-10-01,2025-10,EUR,99,99,paid
inv_001390,cus_00075,sub_00075,plan_growth,2025-11-05,2025-11,EUR,99,99,paid
inv_001391,cus_00075,sub_00075,plan_growth,2025-12-03,2025-12,EUR,99,99,paid
inv_001392,cus_00075,sub_00075,plan_growth,2026-01-03,2026-01,EUR,99,99,paid
inv_001393,cus_00075,sub_00075,plan_growth,2026-02-04,2026-02,EUR,99,99,open
inv_001394,cus_00076,sub_00076,plan_starter,2025-01-04,2025-01,GBP,24.79,29,paid
inv_001395,cus_00076,sub_00076,plan_starter,2025-02-04,2025-02,GBP,24.79,29,paid
inv_001396,cus_00076,sub_00076,plan_starter,2025-03-05,2025-03,GBP,24.79,29,paid
inv_001397,cus_00076,sub_00076,plan_starter,2025-04-04,2025-04,GBP,24.79,29,paid
inv_001398,cus_00076,sub_00076,plan_starter,2025-05-04,2025-05,GBP,24.79,29,paid
inv_001399,cus_00076,sub_00076,plan_starter,2025-06-04,2025-06,GBP,24.79,29,paid
inv_001400,cus_00076,sub_00076,plan_starter,2025-07-04,2025-07,GBP,24.79,29,paid
inv_001401,cus_00076,sub_00076,plan_starter,2025-08-04,2025-08,GBP,24.79,29,paid
inv_001402,cus_00076,sub_00076,plan_starter,2025-09-02,2025-09,GBP,24.79,29,paid
inv_001403,cus_00076,sub_00076,plan_starter,2025-10-05,2025-10,GBP,24.79,29,paid
inv_001404,cus_00076,sub_00076,plan_starter,2025-11-03,2025-11,GBP,24.79,29,paid
inv_001405,cus_00076,sub_00076,plan_starter,2025-12-02,2025-12,GBP,24.79,29,paid
inv_001406,cus_00076,sub_00076,plan_starter,2026-01-05,2026-01,GBP,24.79,29,paid
inv_001407,cus_00076,sub_00076,plan_starter,2026-02-01,2026-02,GBP,24.79,29,paid
inv_001408,cus_00076,sub_00076,plan_starter,2026-03-03,2026-03,GBP,24.79,29,paid
inv_001409,cus_00076,sub_00076,plan_starter,2026-04-02,2026-04,GBP,24.79,29,paid
inv_001410,cus_00076,sub_00076,plan_starter,2026-05-03,2026-05,GBP,24.79,29,paid
inv_001411,cus_00076,sub_00076,plan_starter,2026-06-05,2026-06,GBP,24.79,29,paid
inv_001412,cus_00076,sub_00076,plan_starter,2026-07-02,2026-07,GBP,24.79,29,paid
inv_001413,cus_00076,sub_00076,plan_starter,2026-08-03,2026-08,GBP,24.79,29,paid
inv_001414,cus_00077,sub_00077,plan_starter,2025-01-01,2025-01,EUR,29,29,paid
inv_001415,cus_00077,sub_00077,plan_starter,2025-02-01,2025-02,EUR,29,29,paid
inv_001416,cus_00077,sub_00077,plan_starter,2025-03-01,2025-03,EUR,29,29,paid
inv_001417,cus_00077,sub_00077,plan_starter,2025-04-01,2025-04,EUR,29,29,paid
inv_001418,cus_00077,sub_00077,plan_starter,2025-05-01,2025-05,EUR,29,29,paid
inv_001419,cus_00077,sub_00077,plan_starter,2025-06-02,2025-06,EUR,29,29,paid
inv_001420,cus_00077,sub_00077,plan_starter,2025-07-03,2025-07,EUR,29,29,paid
inv_001421,cus_00077,sub_00077,plan_starter,2025-08-01,2025-08,EUR,29,29,paid
inv_001422,cus_00077,sub_00077,plan_starter,2025-09-04,2025-09,EUR,29,29,paid
inv_001423,cus_00077,sub_00077,plan_starter,2025-10-03,2025-10,EUR,29,29,paid
inv_001424,cus_00077,sub_00077,plan_starter,2025-11-02,2025-11,EUR,29,29,paid
inv_001425,cus_00077,sub_00077,plan_starter,2025-12-02,2025-12,EUR,29,29,paid
inv_001426,cus_00077,sub_00077,plan_starter,2026-01-03,2026-01,EUR,29,29,paid
inv_001427,cus_00077,sub_00077,plan_starter,2026-02-03,2026-02,EUR,29,29,paid
inv_001428,cus_00077,sub_00077,plan_starter,2026-03-05,2026-03,EUR,29,29,paid
inv_001429,cus_00077,sub_00077,plan_starter,2026-04-03,2026-04,EUR,29,29,paid
inv_001430,cus_00077,sub_00077,plan_starter,2026-05-04,2026-05,EUR,29,29,paid
inv_001431,cus_00077,sub_00077,plan_starter,2026-06-05,2026-06,EUR,29,29,paid
inv_001432,cus_00077,sub_00077,plan_starter,2026-07-03,2026-07,EUR,29,29,paid
inv_001433,cus_00077,sub_00077,plan_starter,2026-08-04,2026-08,EUR,29,29,paid
inv_001434,cus_00078,sub_00078,plan_growth,2025-01-05,2025-01,EUR,99,99,paid
inv_001435,cus_00078,sub_00078,plan_growth,2025-02-05,2025-02,EUR,99,99,paid
inv_001436,cus_00078,sub_00078,plan_growth,2025-03-05,2025-03,EUR,99,99,paid
inv_001437,cus_00078,sub_00078,plan_growth,2025-04-03,2025-04,EUR,99,99,paid
inv_001438,cus_00078,sub_00078,plan_growth,2025-05-03,2025-05,EUR,99,99,void
inv_001439,cus_00078,sub_00078,plan_growth,2025-06-02,2025-06,EUR,99,99,paid
inv_001440,cus_00078,sub_00078,plan_growth,2025-07-04,2025-07,EUR,99,99,paid
inv_001441,cus_00078,sub_00078,plan_growth,2025-08-02,2025-08,EUR,99,99,paid
inv_001442,cus_00078,sub_00078,plan_growth,2025-09-05,2025-09,EUR,99,99,paid
inv_001443,cus_00078,sub_00078,plan_growth,2025-10-01,2025-10,EUR,99,99,paid
inv_001444,cus_00078,sub_00078,plan_growth,2025-11-01,2025-11,EUR,99,99,paid
inv_001445,cus_00078,sub_00078,plan_growth,2025-12-05,2025-12,EUR,99,99,paid
inv_001446,cus_00078,sub_00078,plan_growth,2026-01-01,2026-01,EUR,99,99,paid
inv_001447,cus_00078,sub_00078,plan_growth,2026-02-04,2026-02,EUR,99,99,uncollectible
inv_001448,cus_00078,sub_00078,plan_growth,2026-03-03,2026-03,EUR,149,149,paid
inv_001449,cus_00078,sub_00078,plan_growth,2026-04-01,2026-04,EUR,149,149,paid
inv_001450,cus_00078,sub_00078,plan_growth,2026-05-05,2026-05,EUR,149,149,paid
inv_001451,cus_00078,sub_00078,plan_growth,2026-06-02,2026-06,EUR,149,149,paid
inv_001452,cus_00078,sub_00078,plan_growth,2026-07-04,2026-07,EUR,149,149,paid
inv_001453,cus_00078,sub_00078,plan_growth,2026-08-02,2026-08,EUR,149,149,paid
inv_001454,cus_00079,sub_00079,plan_growth,2025-01-04,2025-01,EUR,99,99,paid
inv_001455,cus_00079,sub_00079,plan_growth,2025-02-05,2025-02,EUR,99,99,open
inv_001456,cus_00079,sub_00079,plan_growth,2025-03-01,2025-03,EUR,99,99,paid
inv_001457,cus_00079,sub_00079,plan_growth,2025-04-03,2025-04,EUR,99,99,paid
inv_001458,cus_00079,sub_00079,plan_growth,2025-05-01,2025-05,EUR,99,99,paid
inv_001459,cus_00079,sub_00079,plan_growth,2025-06-02,2025-06,EUR,99,99,paid
inv_001460,cus_00079,sub_00079,plan_growth,2025-07-02,2025-07,EUR,99,99,paid
inv_001461,cus_00079,sub_00079,plan_growth,2025-08-04,2025-08,EUR,99,99,paid
inv_001462,cus_00079,sub_00079,plan_growth,2025-09-04,2025-09,EUR,99,99,paid
inv_001463,cus_00079,sub_00079,plan_growth,2025-10-03,2025-10,EUR,99,99,paid
inv_001464,cus_00079,sub_00079,plan_growth,2025-11-03,2025-11,EUR,99,99,paid
inv_001465,cus_00079,sub_00079,plan_growth,2025-12-03,2025-12,EUR,99,99,paid
inv_001466,cus_00079,sub_00079,plan_growth,2026-01-01,2026-01,EUR,99,99,paid
inv_001467,cus_00079,sub_00079,plan_growth,2026-02-01,2026-02,EUR,99,99,paid
inv_001468,cus_00079,sub_00079,plan_growth,2026-03-05,2026-03,EUR,149,149,paid
inv_001469,cus_00079,sub_00079,plan_growth,2026-04-05,2026-04,EUR,149,149,paid
inv_001470,cus_00079,sub_00079,plan_growth,2026-05-01,2026-05,EUR,149,149,paid
inv_001471,cus_00079,sub_00079,plan_growth,2026-06-03,2026-06,EUR,149,149,paid
inv_001472,cus_00079,sub_00079,plan_growth,2026-07-02,2026-07,EUR,149,149,paid
inv_001473,cus_00079,sub_00079,plan_growth,2026-08-05,2026-08,EUR,149,149,paid
inv_001474,cus_00080,sub_00080,plan_growth,2025-01-02,2025-01,EUR,99,99,paid
inv_001475,cus_00080,sub_00080,plan_growth,2025-02-03,2025-02,EUR,99,99,paid
inv_001476,cus_00080,sub_00080,plan_growth,2025-03-01,2025-03,EUR,99,99,paid
inv_001477,cus_00080,sub_00080,plan_growth,2025-04-01,2025-04,EUR,99,99,paid
inv_001478,cus_00080,sub_00080,plan_growth,2025-05-01,2025-05,EUR,99,99,void
inv_001479,cus_00081,sub_00081,plan_scale,2025-01-02,2025-01,EUR,299,299,paid
inv_001480,cus_00081,sub_00081,plan_scale,2025-02-03,2025-02,EUR,299,299,paid
inv_001481,cus_00081,sub_00081,plan_scale,2025-03-03,2025-03,EUR,299,299,paid
inv_001482,cus_00081,sub_00081,plan_scale,2025-04-02,2025-04,EUR,299,299,paid
inv_001483,cus_00081,sub_00081,plan_scale,2025-05-04,2025-05,EUR,299,299,paid
inv_001484,cus_00081,sub_00081,plan_scale,2025-06-05,2025-06,EUR,299,299,open
inv_001485,cus_00082,sub_00082,plan_scale,2025-01-04,2025-01,USD,325,299,paid
inv_001486,cus_00082,sub_00082,plan_scale,2025-02-04,2025-02,USD,325,299,paid
inv_001487,cus_00082,sub_00082,plan_scale,2025-03-02,2025-03,USD,325,299,paid
inv_001488,cus_00082,sub_00082,plan_scale,2025-04-01,2025-04,USD,325,299,paid
inv_001489,cus_00082,sub_00082,plan_scale,2025-05-02,2025-05,USD,325,299,paid
inv_001490,cus_00082,sub_00082,plan_scale,2025-06-03,2025-06,USD,325,299,paid
inv_001491,cus_00082,sub_00082,plan_scale,2025-07-03,2025-07,USD,325,299,paid
inv_001492,cus_00082,sub_00082,plan_scale,2025-08-05,2025-08,USD,325,299,paid
inv_001493,cus_00082,sub_00082,plan_scale,2025-09-03,2025-09,USD,325,299,paid
inv_001494,cus_00082,sub_00082,plan_scale,2025-10-04,2025-10,USD,325,299,paid
inv_001495,cus_00082,sub_00082,plan_scale,2025-11-03,2025-11,USD,325,299,paid
inv_001496,cus_00082,sub_00082,plan_scale,2025-12-05,2025-12,USD,325,299,paid
inv_001497,cus_00082,sub_00082,plan_scale,2026-01-01,2026-01,USD,325,299,paid
inv_001498,cus_00082,sub_00082,plan_scale,2026-02-03,2026-02,USD,325,299,paid
inv_001499,cus_00082,sub_00082,plan_scale,2026-03-03,2026-03,USD,325,299,paid
inv_001500,cus_00082,sub_00082,plan_scale,2026-04-03,2026-04,USD,325,299,paid
inv_001501,cus_00082,sub_00082,plan_scale,2026-05-04,2026-05,USD,325,299,paid
inv_001502,cus_00082,sub_00082,plan_scale,2026-06-02,2026-06,USD,325,299,paid
inv_001503,cus_00082,sub_00082,plan_scale,2026-07-03,2026-07,USD,325,299,paid
inv_001504,cus_00082,sub_00082,plan_scale,2026-08-01,2026-08,USD,325,299,paid
inv_001505,cus_00083,sub_00083,plan_growth,2025-01-04,2025-01,GBP,84.62,99,paid
inv_001506,cus_00083,sub_00083,plan_growth,2025-02-03,2025-02,GBP,84.62,99,paid
inv_001507,cus_00083,sub_00083,plan_growth,2025-03-05,2025-03,GBP,84.62,99,paid
inv_001508,cus_00083,sub_00083,plan_growth,2025-04-02,2025-04,GBP,84.62,99,paid
inv_001509,cus_00083,sub_00083,plan_growth,2025-05-03,2025-05,GBP,84.62,99,paid
inv_001510,cus_00083,sub_00083,plan_growth,2025-06-03,2025-06,GBP,84.62,99,paid
inv_001511,cus_00083,sub_00083,plan_growth,2025-07-01,2025-07,GBP,84.62,99,paid
inv_001512,cus_00083,sub_00083,plan_growth,2025-08-02,2025-08,GBP,84.62,99,open
inv_001513,cus_00083,sub_00083,plan_growth,2025-09-01,2025-09,GBP,84.62,99,paid
inv_001514,cus_00083,sub_00083,plan_growth,2025-10-02,2025-10,GBP,84.62,99,paid
inv_001515,cus_00083,sub_00083,plan_growth,2025-11-01,2025-11,GBP,84.62,99,paid
inv_001516,cus_00083,sub_00083,plan_growth,2025-12-02,2025-12,GBP,84.62,99,paid
inv_001517,cus_00083,sub_00083,plan_growth,2026-01-03,2026-01,GBP,84.62,99,paid
inv_001518,cus_00083,sub_00083,plan_growth,2026-02-03,2026-02,GBP,84.62,99,paid
inv_001519,cus_00083,sub_00083,plan_growth,2026-03-05,2026-03,GBP,127.35,149,paid
inv_001520,cus_00083,sub_00083,plan_growth,2026-04-01,2026-04,GBP,127.35,149,paid
inv_001521,cus_00083,sub_00083,plan_growth,2026-05-02,2026-05,GBP,127.35,149,paid
inv_001522,cus_00083,sub_00083,plan_growth,2026-06-05,2026-06,GBP,127.35,149,paid
inv_001523,cus_00083,sub_00083,plan_growth,2026-07-01,2026-07,GBP,127.35,149,paid
inv_001524,cus_00083,sub_00083,plan_growth,2026-08-02,2026-08,GBP,127.35,149,paid
inv_001525,cus_00084,sub_00084,plan_growth,2025-01-03,2025-01,EUR,99,99,paid
inv_001526,cus_00084,sub_00084,plan_growth,2025-02-04,2025-02,EUR,99,99,paid
inv_001527,cus_00084,sub_00084,plan_growth,2025-03-04,2025-03,EUR,99,99,paid
inv_001528,cus_00084,sub_00084,plan_growth,2025-04-04,2025-04,EUR,99,99,paid
inv_001529,cus_00084,sub_00084,plan_growth,2025-05-03,2025-05,EUR,99,99,paid
inv_001530,cus_00084,sub_00084,plan_growth,2025-06-03,2025-06,EUR,99,99,paid
inv_001531,cus_00084,sub_00084,plan_growth,2025-07-02,2025-07,EUR,99,99,paid
inv_001532,cus_00084,sub_00084,plan_growth,2025-08-05,2025-08,EUR,99,99,paid
inv_001533,cus_00084,sub_00084,plan_growth,2025-09-04,2025-09,EUR,99,99,paid
inv_001534,cus_00084,sub_00084,plan_growth,2025-10-02,2025-10,EUR,99,99,paid
inv_001535,cus_00084,sub_00084,plan_growth,2025-11-02,2025-11,EUR,99,99,paid
inv_001536,cus_00084,sub_00084,plan_growth,2025-12-03,2025-12,EUR,99,99,paid
inv_001537,cus_00084,sub_00084,plan_growth,2026-01-04,2026-01,EUR,99,99,paid
inv_001538,cus_00084,sub_00084,plan_growth,2026-02-01,2026-02,EUR,99,99,paid
inv_001539,cus_00084,sub_00084,plan_growth,2026-03-05,2026-03,EUR,149,149,paid
inv_001540,cus_00085,sub_00085,plan_scale,2025-01-01,2025-01,USD,325,299,paid
inv_001541,cus_00085,sub_00085,plan_scale,2025-02-01,2025-02,USD,325,299,paid
inv_001542,cus_00085,sub_00085,plan_scale,2025-03-04,2025-03,USD,325,299,paid
inv_001543,cus_00085,sub_00085,plan_scale,2025-04-04,2025-04,USD,325,299,paid
inv_001544,cus_00085,sub_00085,plan_scale,2025-05-03,2025-05,USD,325,299,paid
inv_001545,cus_00085,sub_00085,plan_scale,2025-06-02,2025-06,USD,325,299,paid
inv_001546,cus_00085,sub_00085,plan_scale,2025-07-04,2025-07,USD,325,299,paid
inv_001547,cus_00085,sub_00085,plan_scale,2025-08-03,2025-08,USD,325,299,paid
inv_001548,cus_00086,sub_00086,plan_growth,2025-01-04,2025-01,EUR,99,99,paid
inv_001549,cus_00086,sub_00086,plan_growth,2025-02-01,2025-02,EUR,99,99,paid
inv_001550,cus_00086,sub_00086,plan_growth,2025-03-04,2025-03,EUR,99,99,paid
inv_001551,cus_00086,sub_00086,plan_growth,2025-04-03,2025-04,EUR,99,99,paid
inv_001552,cus_00086,sub_00086,plan_growth,2025-05-01,2025-05,EUR,99,99,paid
inv_001553,cus_00086,sub_00086,plan_growth,2025-06-04,2025-06,EUR,99,99,paid
inv_001554,cus_00086,sub_00086,plan_growth,2025-07-02,2025-07,EUR,99,99,uncollectible
inv_001555,cus_00086,sub_00086,plan_growth,2025-08-01,2025-08,EUR,99,99,paid
inv_001556,cus_00086,sub_00086,plan_growth,2025-09-04,2025-09,EUR,99,99,paid
inv_001557,cus_00086,sub_00086,plan_growth,2025-10-03,2025-10,EUR,99,99,paid
inv_001558,cus_00086,sub_00086,plan_growth,2025-11-02,2025-11,EUR,99,99,paid
inv_001559,cus_00086,sub_00086,plan_growth,2025-12-02,2025-12,EUR,99,99,paid
inv_001560,cus_00086,sub_00086,plan_growth,2026-01-03,2026-01,EUR,99,99,paid
inv_001561,cus_00086,sub_00086,plan_growth,2026-02-01,2026-02,EUR,99,99,paid
inv_001562,cus_00086,sub_00086,plan_growth,2026-03-05,2026-03,EUR,149,149,paid
inv_001563,cus_00086,sub_00086,plan_growth,2026-04-03,2026-04,EUR,149,149,paid
inv_001564,cus_00086,sub_00086,plan_growth,2026-05-04,2026-05,EUR,149,149,paid
inv_001565,cus_00086,sub_00086,plan_growth,2026-06-05,2026-06,EUR,149,149,paid
inv_001566,cus_00086,sub_00086,plan_growth,2026-07-03,2026-07,EUR,149,149,paid
inv_001567,cus_00086,sub_00086,plan_growth,2026-08-04,2026-08,EUR,149,149,paid
inv_001568,cus_00087,sub_00087,plan_starter,2025-02-01,2025-02,CHF,27.62,29,paid
inv_001569,cus_00087,sub_00087,plan_starter,2025-03-05,2025-03,CHF,27.62,29,paid
inv_001570,cus_00087,sub_00087,plan_starter,2025-04-03,2025-04,CHF,27.62,29,paid
inv_001571,cus_00087,sub_00087,plan_starter,2025-05-05,2025-05,CHF,27.62,29,paid
inv_001572,cus_00087,sub_00087,plan_starter,2025-06-01,2025-06,CHF,27.62,29,paid
inv_001573,cus_00087,sub_00087,plan_starter,2025-07-03,2025-07,CHF,27.62,29,paid
inv_001574,cus_00087,sub_00087,plan_starter,2025-08-03,2025-08,CHF,27.62,29,paid
inv_001575,cus_00087,sub_00087,plan_starter,2025-09-03,2025-09,CHF,27.62,29,paid
inv_001576,cus_00087,sub_00087,plan_starter,2025-10-04,2025-10,CHF,27.62,29,paid
inv_001577,cus_00087,sub_00087,plan_starter,2025-11-04,2025-11,CHF,27.62,29,paid
inv_001578,cus_00087,sub_00087,plan_starter,2025-12-04,2025-12,CHF,27.62,29,paid
inv_001579,cus_00087,sub_00087,plan_starter,2026-01-03,2026-01,CHF,27.62,29,paid
inv_001580,cus_00087,sub_00087,plan_starter,2026-02-05,2026-02,CHF,27.62,29,paid
inv_001581,cus_00087,sub_00087,plan_starter,2026-03-02,2026-03,CHF,27.62,29,paid
inv_001582,cus_00087,sub_00087,plan_starter,2026-04-03,2026-04,CHF,27.62,29,paid
inv_001583,cus_00087,sub_00087,plan_starter,2026-05-01,2026-05,CHF,27.62,29,paid
inv_001584,cus_00087,sub_00087,plan_starter,2026-06-03,2026-06,CHF,27.62,29,paid
inv_001585,cus_00087,sub_00087,plan_starter,2026-07-03,2026-07,CHF,27.62,29,paid
inv_001586,cus_00088,sub_00088,plan_growth,2025-02-02,2025-02,EUR,99,99,paid
inv_001587,cus_00088,sub_00088,plan_growth,2025-03-03,2025-03,EUR,99,99,paid
inv_001588,cus_00088,sub_00088,plan_growth,2025-04-05,2025-04,EUR,99,99,paid
inv_001589,cus_00088,sub_00088,plan_growth,2025-05-01,2025-05,EUR,99,99,paid
inv_001590,cus_00088,sub_00088,plan_growth,2025-06-04,2025-06,EUR,99,99,paid
inv_001591,cus_00088,sub_00088,plan_growth,2025-07-04,2025-07,EUR,99,99,paid
inv_001592,cus_00088,sub_00088,plan_growth,2025-08-02,2025-08,EUR,99,99,paid
inv_001593,cus_00088,sub_00088,plan_growth,2025-09-01,2025-09,EUR,99,99,uncollectible
inv_001594,cus_00088,sub_00088,plan_growth,2025-10-05,2025-10,EUR,99,99,paid
inv_001595,cus_00088,sub_00088,plan_growth,2025-11-05,2025-11,EUR,99,99,paid
inv_001596,cus_00088,sub_00088,plan_growth,2025-12-03,2025-12,EUR,99,99,paid
inv_001597,cus_00088,sub_00088,plan_growth,2026-01-04,2026-01,EUR,99,99,open
inv_001598,cus_00088,sub_00088,plan_growth,2026-02-04,2026-02,EUR,99,99,paid
inv_001599,cus_00088,sub_00088,plan_growth,2026-03-05,2026-03,EUR,149,149,paid
inv_001600,cus_00088,sub_00088,plan_growth,2026-04-04,2026-04,EUR,149,149,paid
inv_001601,cus_00088,sub_00088,plan_growth,2026-05-03,2026-05,EUR,149,149,paid
inv_001602,cus_00088,sub_00088,plan_growth,2026-06-02,2026-06,EUR,149,149,paid
inv_001603,cus_00088,sub_00088,plan_growth,2026-07-01,2026-07,EUR,149,149,paid
inv_001604,cus_00088,sub_00088,plan_growth,2026-08-02,2026-08,EUR,149,149,paid
inv_001605,cus_00089,sub_00089,plan_starter,2025-02-02,2025-02,EUR,29,29,paid
inv_001606,cus_00089,sub_00089,plan_starter,2025-03-04,2025-03,EUR,29,29,paid
inv_001607,cus_00089,sub_00089,plan_starter,2025-04-01,2025-04,EUR,29,29,paid
inv_001608,cus_00089,sub_00089,plan_starter,2025-05-01,2025-05,EUR,29,29,paid
inv_001609,cus_00089,sub_00089,plan_starter,2025-06-03,2025-06,EUR,29,29,paid
inv_001610,cus_00089,sub_00089,plan_starter,2025-07-05,2025-07,EUR,29,29,paid
inv_001611,cus_00089,sub_00089,plan_starter,2025-08-04,2025-08,EUR,29,29,paid
inv_001612,cus_00089,sub_00089,plan_starter,2025-09-01,2025-09,EUR,29,29,paid
inv_001613,cus_00089,sub_00089,plan_starter,2025-10-01,2025-10,EUR,29,29,paid
inv_001614,cus_00089,sub_00089,plan_starter,2025-11-03,2025-11,EUR,29,29,paid
inv_001615,cus_00089,sub_00089,plan_starter,2025-12-03,2025-12,EUR,29,29,paid
inv_001616,cus_00089,sub_00089,plan_starter,2026-01-01,2026-01,EUR,29,29,paid
inv_001617,cus_00089,sub_00089,plan_starter,2026-02-03,2026-02,EUR,29,29,paid
inv_001618,cus_00089,sub_00089,plan_starter,2026-03-02,2026-03,EUR,29,29,paid
inv_001619,cus_00089,sub_00089,plan_starter,2026-04-05,2026-04,EUR,29,29,paid
inv_001620,cus_00089,sub_00089,plan_starter,2026-05-05,2026-05,EUR,29,29,paid
inv_001621,cus_00089,sub_00089,plan_starter,2026-06-03,2026-06,EUR,29,29,paid
inv_001622,cus_00089,sub_00089,plan_starter,2026-07-05,2026-07,EUR,29,29,paid
inv_001623,cus_00089,sub_00089,plan_starter,2026-08-05,2026-08,EUR,29,29,paid
inv_001624,cus_00090,sub_00090,plan_scale,2025-02-02,2025-02,EUR,299,299,paid
inv_001625,cus_00090,sub_00090,plan_scale,2025-03-02,2025-03,EUR,299,299,paid
inv_001626,cus_00090,sub_00090,plan_scale,2025-04-03,2025-04,EUR,299,299,paid
inv_001627,cus_00090,sub_00090,plan_scale,2025-05-03,2025-05,EUR,299,299,void
inv_001628,cus_00090,sub_00090,plan_scale,2025-06-03,2025-06,EUR,299,299,paid
inv_001629,cus_00090,sub_00090,plan_scale,2025-07-02,2025-07,EUR,299,299,paid
inv_001630,cus_00090,sub_00090,plan_scale,2025-08-04,2025-08,EUR,299,299,uncollectible
inv_001631,cus_00090,sub_00090,plan_scale,2025-09-01,2025-09,EUR,299,299,paid
inv_001632,cus_00090,sub_00090,plan_scale,2025-10-01,2025-10,EUR,299,299,paid
inv_001633,cus_00090,sub_00090,plan_scale,2025-11-03,2025-11,EUR,299,299,paid
inv_001634,cus_00090,sub_00090,plan_scale,2025-12-04,2025-12,EUR,299,299,paid
inv_001635,cus_00090,sub_00090,plan_scale,2026-01-05,2026-01,EUR,299,299,paid
inv_001636,cus_00090,sub_00090,plan_scale,2026-02-03,2026-02,EUR,299,299,paid
inv_001637,cus_00090,sub_00090,plan_scale,2026-03-04,2026-03,EUR,299,299,paid
inv_001638,cus_00090,sub_00090,plan_scale,2026-04-01,2026-04,EUR,299,299,paid
inv_001639,cus_00090,sub_00090,plan_scale,2026-05-03,2026-05,EUR,299,299,paid
inv_001640,cus_00090,sub_00090,plan_scale,2026-06-02,2026-06,EUR,299,299,paid
inv_001641,cus_00090,sub_00090,plan_scale,2026-07-04,2026-07,EUR,299,299,paid
inv_001642,cus_00090,sub_00090,plan_scale,2026-08-03,2026-08,EUR,299,299,paid
inv_001643,cus_00091,sub_00091,plan_growth,2025-02-01,2025-02,USD,107.61,99,paid
inv_001644,cus_00091,sub_00091,plan_growth,2025-03-05,2025-03,USD,107.61,99,paid
inv_001645,cus_00091,sub_00091,plan_growth,2025-04-05,2025-04,USD,107.61,99,paid
inv_001646,cus_00092,sub_00092,plan_starter,2025-02-05,2025-02,EUR,29,29,paid
inv_001647,cus_00092,sub_00092,plan_starter,2025-03-03,2025-03,EUR,29,29,paid
inv_001648,cus_00092,sub_00092,plan_starter,2025-04-04,2025-04,EUR,29,29,paid
inv_001649,cus_00092,sub_00092,plan_starter,2025-05-03,2025-05,EUR,29,29,paid
inv_001650,cus_00092,sub_00092,plan_starter,2025-06-03,2025-06,EUR,29,29,paid
inv_001651,cus_00092,sub_00092,plan_starter,2025-07-04,2025-07,EUR,29,29,paid
inv_001652,cus_00092,sub_00092,plan_starter,2025-08-02,2025-08,EUR,29,29,paid
inv_001653,cus_00092,sub_00092,plan_starter,2025-09-03,2025-09,EUR,29,29,uncollectible
inv_001654,cus_00092,sub_00092,plan_starter,2025-10-05,2025-10,EUR,29,29,paid
inv_001655,cus_00092,sub_00092,plan_starter,2025-11-04,2025-11,EUR,29,29,paid
inv_001656,cus_00092,sub_00092,plan_starter,2025-12-04,2025-12,EUR,29,29,paid
inv_001657,cus_00092,sub_00092,plan_starter,2026-01-05,2026-01,EUR,29,29,paid
inv_001658,cus_00092,sub_00092,plan_starter,2026-02-03,2026-02,EUR,29,29,paid
inv_001659,cus_00092,sub_00092,plan_starter,2026-03-04,2026-03,EUR,29,29,paid
inv_001660,cus_00092,sub_00092,plan_starter,2026-04-05,2026-04,EUR,29,29,paid
inv_001661,cus_00092,sub_00092,plan_starter,2026-05-04,2026-05,EUR,29,29,paid
inv_001662,cus_00092,sub_00092,plan_starter,2026-06-02,2026-06,EUR,29,29,paid
inv_001663,cus_00092,sub_00092,plan_starter,2026-07-04,2026-07,EUR,29,29,paid
inv_001664,cus_00092,sub_00092,plan_starter,2026-08-02,2026-08,EUR,29,29,paid
inv_001665,cus_00093,sub_00093,plan_growth,2025-02-05,2025-02,EUR,99,99,paid
inv_001666,cus_00093,sub_00093,plan_growth,2025-03-04,2025-03,EUR,99,99,open
inv_001667,cus_00093,sub_00093,plan_growth,2025-04-02,2025-04,EUR,99,99,paid
inv_001668,cus_00093,sub_00093,plan_growth,2025-05-01,2025-05,EUR,99,99,paid
inv_001669,cus_00093,sub_00093,plan_growth,2025-06-01,2025-06,EUR,99,99,paid
inv_001670,cus_00093,sub_00093,plan_growth,2025-07-05,2025-07,EUR,99,99,paid
inv_001671,cus_00093,sub_00093,plan_growth,2025-08-05,2025-08,EUR,99,99,paid
inv_001672,cus_00093,sub_00093,plan_growth,2025-09-03,2025-09,EUR,99,99,paid
inv_001673,cus_00093,sub_00093,plan_growth,2025-10-04,2025-10,EUR,99,99,uncollectible
inv_001674,cus_00093,sub_00093,plan_growth,2025-11-02,2025-11,EUR,99,99,paid
inv_001675,cus_00093,sub_00093,plan_growth,2025-12-03,2025-12,EUR,99,99,paid
inv_001676,cus_00093,sub_00093,plan_growth,2026-01-04,2026-01,EUR,99,99,paid
inv_001677,cus_00093,sub_00093,plan_growth,2026-02-03,2026-02,EUR,99,99,paid
inv_001678,cus_00093,sub_00093,plan_growth,2026-03-05,2026-03,EUR,149,149,paid
inv_001679,cus_00093,sub_00093,plan_growth,2026-04-05,2026-04,EUR,149,149,paid
inv_001680,cus_00093,sub_00093,plan_growth,2026-05-04,2026-05,EUR,149,149,paid
inv_001681,cus_00093,sub_00093,plan_growth,2026-06-05,2026-06,EUR,149,149,paid
inv_001682,cus_00093,sub_00093,plan_growth,2026-07-04,2026-07,EUR,149,149,paid
inv_001683,cus_00093,sub_00093,plan_growth,2026-08-01,2026-08,EUR,149,149,paid
inv_001684,cus_00094,sub_00094,plan_starter,2025-02-01,2025-02,EUR,29,29,paid
inv_001685,cus_00094,sub_00094,plan_starter,2025-03-04,2025-03,EUR,29,29,paid
inv_001686,cus_00094,sub_00094,plan_starter,2025-04-01,2025-04,EUR,29,29,paid
inv_001687,cus_00094,sub_00094,plan_starter,2025-05-04,2025-05,EUR,29,29,paid
inv_001688,cus_00094,sub_00094,plan_starter,2025-06-04,2025-06,EUR,29,29,paid
inv_001689,cus_00094,sub_00094,plan_starter,2025-07-04,2025-07,EUR,29,29,paid
inv_001690,cus_00094,sub_00094,plan_starter,2025-08-01,2025-08,EUR,29,29,paid
inv_001691,cus_00094,sub_00094,plan_starter,2025-09-03,2025-09,EUR,29,29,paid
inv_001692,cus_00094,sub_00094,plan_starter,2025-10-02,2025-10,EUR,29,29,paid
inv_001693,cus_00094,sub_00094,plan_starter,2025-11-05,2025-11,EUR,29,29,paid
inv_001694,cus_00094,sub_00094,plan_starter,2025-12-02,2025-12,EUR,29,29,paid
inv_001695,cus_00094,sub_00094,plan_starter,2026-01-04,2026-01,EUR,29,29,paid
inv_001696,cus_00094,sub_00094,plan_starter,2026-02-03,2026-02,EUR,29,29,paid
inv_001697,cus_00094,sub_00094,plan_starter,2026-03-03,2026-03,EUR,29,29,paid
inv_001698,cus_00094,sub_00094,plan_starter,2026-04-02,2026-04,EUR,29,29,paid
inv_001699,cus_00094,sub_00094,plan_starter,2026-05-01,2026-05,EUR,29,29,paid
inv_001700,cus_00094,sub_00094,plan_starter,2026-06-03,2026-06,EUR,29,29,paid
inv_001701,cus_00094,sub_00094,plan_starter,2026-07-01,2026-07,EUR,29,29,paid
inv_001702,cus_00094,sub_00094,plan_starter,2026-08-01,2026-08,EUR,29,29,paid
inv_001703,cus_00095,sub_00095,plan_growth,2025-02-05,2025-02,EUR,99,99,uncollectible
inv_001704,cus_00095,sub_00095,plan_growth,2025-03-05,2025-03,EUR,99,99,paid
inv_001705,cus_00095,sub_00095,plan_growth,2025-04-01,2025-04,EUR,99,99,open
inv_001706,cus_00095,sub_00095,plan_growth,2025-05-04,2025-05,EUR,99,99,paid
inv_001707,cus_00095,sub_00095,plan_growth,2025-06-05,2025-06,EUR,99,99,paid
inv_001708,cus_00095,sub_00095,plan_growth,2025-07-01,2025-07,EUR,99,99,paid
inv_001709,cus_00095,sub_00095,plan_growth,2025-08-05,2025-08,EUR,99,99,paid
inv_001710,cus_00095,sub_00095,plan_growth,2025-09-04,2025-09,EUR,99,99,paid
inv_001711,cus_00095,sub_00095,plan_growth,2025-10-04,2025-10,EUR,99,99,paid
inv_001712,cus_00095,sub_00095,plan_growth,2025-11-04,2025-11,EUR,99,99,paid
inv_001713,cus_00095,sub_00095,plan_growth,2025-12-04,2025-12,EUR,99,99,paid
inv_001714,cus_00095,sub_00095,plan_growth,2026-01-04,2026-01,EUR,99,99,paid
inv_001715,cus_00095,sub_00095,plan_growth,2026-02-01,2026-02,EUR,99,99,paid
inv_001716,cus_00095,sub_00095,plan_growth,2026-03-04,2026-03,EUR,149,149,paid
inv_001717,cus_00095,sub_00095,plan_growth,2026-04-01,2026-04,EUR,149,149,paid
inv_001718,cus_00095,sub_00095,plan_growth,2026-05-02,2026-05,EUR,149,149,paid
inv_001719,cus_00095,sub_00095,plan_growth,2026-06-01,2026-06,EUR,149,149,paid
inv_001720,cus_00095,sub_00095,plan_growth,2026-07-04,2026-07,EUR,149,149,paid
inv_001721,cus_00095,sub_00095,plan_growth,2026-08-01,2026-08,EUR,149,149,paid
inv_001722,cus_00096,sub_00096,plan_growth,2025-02-01,2025-02,CHF,94.29,99,open
inv_001723,cus_00096,sub_00096,plan_growth,2025-03-03,2025-03,CHF,94.29,99,paid
inv_001724,cus_00096,sub_00096,plan_growth,2025-04-05,2025-04,CHF,94.29,99,paid
inv_001725,cus_00096,sub_00096,plan_growth,2025-05-05,2025-05,CHF,94.29,99,paid
inv_001726,cus_00096,sub_00096,plan_growth,2025-06-02,2025-06,CHF,94.29,99,paid
inv_001727,cus_00096,sub_00096,plan_growth,2025-07-05,2025-07,CHF,94.29,99,paid
inv_001728,cus_00096,sub_00096,plan_growth,2025-08-03,2025-08,CHF,94.29,99,paid
inv_001729,cus_00096,sub_00096,plan_growth,2025-09-01,2025-09,CHF,94.29,99,paid
inv_001730,cus_00096,sub_00096,plan_growth,2025-10-04,2025-10,CHF,94.29,99,paid
inv_001731,cus_00096,sub_00096,plan_growth,2025-11-03,2025-11,CHF,94.29,99,paid
inv_001732,cus_00096,sub_00096,plan_growth,2025-12-02,2025-12,CHF,94.29,99,paid
inv_001733,cus_00096,sub_00096,plan_growth,2026-01-05,2026-01,CHF,94.29,99,paid
inv_001734,cus_00096,sub_00096,plan_growth,2026-02-05,2026-02,CHF,94.29,99,paid
inv_001735,cus_00096,sub_00096,plan_growth,2026-03-04,2026-03,CHF,141.9,149,paid
inv_001736,cus_00096,sub_00096,plan_growth,2026-04-03,2026-04,CHF,141.9,149,paid
inv_001737,cus_00096,sub_00096,plan_growth,2026-05-01,2026-05,CHF,141.9,149,paid
inv_001738,cus_00096,sub_00096,plan_growth,2026-06-05,2026-06,CHF,141.9,149,paid
inv_001739,cus_00096,sub_00096,plan_growth,2026-07-02,2026-07,CHF,141.9,149,paid
inv_001740,cus_00096,sub_00096,plan_growth,2026-08-04,2026-08,CHF,141.9,149,paid
inv_001741,cus_00097,sub_00097,plan_scale,2025-02-01,2025-02,EUR,299,299,uncollectible
inv_001742,cus_00097,sub_00097,plan_scale,2025-03-01,2025-03,EUR,299,299,paid
inv_001743,cus_00097,sub_00097,plan_scale,2025-04-05,2025-04,EUR,299,299,paid
inv_001744,cus_00097,sub_00097,plan_scale,2025-05-03,2025-05,EUR,299,299,paid
inv_001745,cus_00097,sub_00097,plan_scale,2025-06-01,2025-06,EUR,299,299,paid
inv_001746,cus_00097,sub_00097,plan_scale,2025-07-05,2025-07,EUR,299,299,paid
inv_001747,cus_00097,sub_00097,plan_scale,2025-08-02,2025-08,EUR,299,299,paid
inv_001748,cus_00097,sub_00097,plan_scale,2025-09-01,2025-09,EUR,299,299,paid
inv_001749,cus_00097,sub_00097,plan_scale,2025-10-04,2025-10,EUR,299,299,paid
inv_001750,cus_00097,sub_00097,plan_scale,2025-11-01,2025-11,EUR,299,299,paid
inv_001751,cus_00097,sub_00097,plan_scale,2025-12-02,2025-12,EUR,299,299,paid
inv_001752,cus_00097,sub_00097,plan_scale,2026-01-05,2026-01,EUR,299,299,paid
inv_001753,cus_00097,sub_00097,plan_scale,2026-02-01,2026-02,EUR,299,299,paid
inv_001754,cus_00097,sub_00097,plan_scale,2026-03-02,2026-03,EUR,299,299,paid
inv_001755,cus_00097,sub_00097,plan_scale,2026-04-04,2026-04,EUR,299,299,paid
inv_001756,cus_00097,sub_00097,plan_scale,2026-05-03,2026-05,EUR,299,299,paid
inv_001757,cus_00097,sub_00097,plan_scale,2026-06-05,2026-06,EUR,299,299,paid
inv_001758,cus_00097,sub_00097,plan_scale,2026-07-05,2026-07,EUR,299,299,paid
inv_001759,cus_00097,sub_00097,plan_scale,2026-08-01,2026-08,EUR,299,299,paid
inv_001760,cus_00098,sub_00098,plan_growth,2025-02-01,2025-02,GBP,84.62,99,paid
inv_001761,cus_00098,sub_00098,plan_growth,2025-03-04,2025-03,GBP,84.62,99,paid
inv_001762,cus_00098,sub_00098,plan_growth,2025-04-02,2025-04,GBP,84.62,99,paid
inv_001763,cus_00098,sub_00098,plan_growth,2025-05-01,2025-05,GBP,84.62,99,paid
inv_001764,cus_00098,sub_00098,plan_growth,2025-06-02,2025-06,GBP,84.62,99,paid
inv_001765,cus_00098,sub_00098,plan_growth,2025-07-01,2025-07,GBP,84.62,99,paid
inv_001766,cus_00098,sub_00098,plan_growth,2025-08-03,2025-08,GBP,84.62,99,paid
inv_001767,cus_00098,sub_00098,plan_growth,2025-09-02,2025-09,GBP,84.62,99,paid
inv_001768,cus_00098,sub_00098,plan_growth,2025-10-02,2025-10,GBP,84.62,99,paid
inv_001769,cus_00098,sub_00098,plan_growth,2025-11-05,2025-11,GBP,84.62,99,paid
inv_001770,cus_00098,sub_00098,plan_growth,2025-12-02,2025-12,GBP,84.62,99,paid
inv_001771,cus_00098,sub_00098,plan_growth,2026-01-03,2026-01,GBP,84.62,99,paid
inv_001772,cus_00098,sub_00098,plan_growth,2026-02-04,2026-02,GBP,84.62,99,paid
inv_001773,cus_00098,sub_00098,plan_growth,2026-03-05,2026-03,GBP,127.35,149,paid
inv_001774,cus_00098,sub_00098,plan_growth,2026-04-02,2026-04,GBP,127.35,149,paid
inv_001775,cus_00098,sub_00098,plan_growth,2026-05-01,2026-05,GBP,127.35,149,paid
inv_001776,cus_00098,sub_00098,plan_growth,2026-06-02,2026-06,GBP,127.35,149,void
inv_001777,cus_00098,sub_00098,plan_growth,2026-07-04,2026-07,GBP,127.35,149,paid
inv_001778,cus_00098,sub_00098,plan_growth,2026-08-01,2026-08,GBP,127.35,149,uncollectible
inv_001779,cus_00099,sub_00099,plan_growth,2025-02-02,2025-02,EUR,99,99,paid
inv_001780,cus_00099,sub_00099,plan_growth,2025-03-04,2025-03,EUR,99,99,paid
inv_001781,cus_00099,sub_00099,plan_growth,2025-04-01,2025-04,EUR,99,99,paid
inv_001782,cus_00099,sub_00099,plan_growth,2025-05-01,2025-05,EUR,99,99,paid
inv_001783,cus_00099,sub_00099,plan_growth,2025-06-04,2025-06,EUR,99,99,paid
inv_001784,cus_00099,sub_00099,plan_growth,2025-07-04,2025-07,EUR,99,99,paid
inv_001785,cus_00099,sub_00099,plan_growth,2025-08-05,2025-08,EUR,99,99,paid
inv_001786,cus_00099,sub_00099,plan_growth,2025-09-02,2025-09,EUR,99,99,paid
inv_001787,cus_00099,sub_00099,plan_growth,2025-10-02,2025-10,EUR,99,99,paid
inv_001788,cus_00099,sub_00099,plan_growth,2025-11-02,2025-11,EUR,99,99,paid
inv_001789,cus_00099,sub_00099,plan_growth,2025-12-03,2025-12,EUR,99,99,paid
inv_001790,cus_00099,sub_00099,plan_growth,2026-01-01,2026-01,EUR,99,99,paid
inv_001791,cus_00099,sub_00099,plan_growth,2026-02-04,2026-02,EUR,99,99,open
inv_001792,cus_00099,sub_00099,plan_growth,2026-03-04,2026-03,EUR,149,149,paid
inv_001793,cus_00099,sub_00099,plan_growth,2026-04-03,2026-04,EUR,149,149,paid
inv_001794,cus_00099,sub_00099,plan_growth,2026-05-04,2026-05,EUR,149,149,paid
inv_001795,cus_00099,sub_00099,plan_growth,2026-06-05,2026-06,EUR,149,149,paid
inv_001796,cus_00099,sub_00099,plan_growth,2026-07-04,2026-07,EUR,149,149,paid
inv_001797,cus_00099,sub_00099,plan_growth,2026-08-01,2026-08,EUR,149,149,paid
inv_001798,cus_00100,sub_00100,plan_enterprise,2025-02-03,2025-02,EUR,999,999,paid
inv_001799,cus_00100,sub_00100,plan_enterprise,2025-03-01,2025-03,EUR,999,999,paid
inv_001800,cus_00100,sub_00100,plan_enterprise,2025-04-01,2025-04,EUR,999,999,paid
inv_001801,cus_00100,sub_00100,plan_enterprise,2025-05-04,2025-05,EUR,999,999,paid
inv_001802,cus_00100,sub_00100,plan_enterprise,2025-06-04,2025-06,EUR,999,999,paid
inv_001803,cus_00100,sub_00100,plan_enterprise,2025-07-05,2025-07,EUR,999,999,uncollectible
inv_001804,cus_00100,sub_00100,plan_enterprise,2025-08-03,2025-08,EUR,999,999,paid
inv_001805,cus_00100,sub_00100,plan_enterprise,2025-09-05,2025-09,EUR,999,999,paid
inv_001806,cus_00100,sub_00100,plan_enterprise,2025-10-01,2025-10,EUR,999,999,paid
inv_001807,cus_00100,sub_00100,plan_enterprise,2025-11-05,2025-11,EUR,999,999,paid
inv_001808,cus_00100,sub_00100,plan_enterprise,2025-12-04,2025-12,EUR,999,999,paid
inv_001809,cus_00100,sub_00100,plan_enterprise,2026-01-01,2026-01,EUR,999,999,open
inv_001810,cus_00100,sub_00100,plan_enterprise,2026-02-01,2026-02,EUR,999,999,paid
inv_001811,cus_00100,sub_00100,plan_enterprise,2026-03-04,2026-03,EUR,999,999,paid
inv_001812,cus_00100,sub_00100,plan_enterprise,2026-04-04,2026-04,EUR,999,999,paid
inv_001813,cus_00100,sub_00100,plan_enterprise,2026-05-01,2026-05,EUR,999,999,paid
inv_001814,cus_00100,sub_00100,plan_enterprise,2026-06-04,2026-06,EUR,999,999,paid
inv_001815,cus_00100,sub_00100,plan_enterprise,2026-07-02,2026-07,EUR,999,999,paid
inv_001816,cus_00100,sub_00100,plan_enterprise,2026-08-05,2026-08,EUR,999,999,paid
inv_001817,cus_00101,sub_00101,plan_enterprise,2025-02-03,2025-02,USD,1085.87,999,paid
inv_001818,cus_00101,sub_00101,plan_enterprise,2025-03-04,2025-03,USD,1085.87,999,paid
inv_001819,cus_00101,sub_00101,plan_enterprise,2025-04-01,2025-04,USD,1085.87,999,paid
inv_001820,cus_00101,sub_00101,plan_enterprise,2025-05-02,2025-05,USD,1085.87,999,paid
inv_001821,cus_00101,sub_00101,plan_enterprise,2025-06-05,2025-06,USD,1085.87,999,paid
inv_001822,cus_00101,sub_00101,plan_enterprise,2025-07-05,2025-07,USD,1085.87,999,paid
inv_001823,cus_00101,sub_00101,plan_enterprise,2025-08-03,2025-08,USD,1085.87,999,paid
inv_001824,cus_00101,sub_00101,plan_enterprise,2025-09-02,2025-09,USD,1085.87,999,paid
inv_001825,cus_00101,sub_00101,plan_enterprise,2025-10-03,2025-10,USD,1085.87,999,paid
inv_001826,cus_00101,sub_00101,plan_enterprise,2025-11-02,2025-11,USD,1085.87,999,paid
inv_001827,cus_00101,sub_00101,plan_enterprise,2025-12-01,2025-12,USD,1085.87,999,paid
inv_001828,cus_00101,sub_00101,plan_enterprise,2026-01-02,2026-01,USD,1085.87,999,paid
inv_001829,cus_00101,sub_00101,plan_enterprise,2026-02-03,2026-02,USD,1085.87,999,paid
inv_001830,cus_00101,sub_00101,plan_enterprise,2026-03-02,2026-03,USD,1085.87,999,paid
inv_001831,cus_00101,sub_00101,plan_enterprise,2026-04-04,2026-04,USD,1085.87,999,paid
inv_001832,cus_00101,sub_00101,plan_enterprise,2026-05-02,2026-05,USD,1085.87,999,paid
inv_001833,cus_00101,sub_00101,plan_enterprise,2026-06-04,2026-06,USD,1085.87,999,paid
inv_001834,cus_00101,sub_00101,plan_enterprise,2026-07-05,2026-07,USD,1085.87,999,paid
inv_001835,cus_00101,sub_00101,plan_enterprise,2026-08-02,2026-08,USD,1085.87,999,paid
inv_001836,cus_00102,sub_00102,plan_starter,2025-02-02,2025-02,GBP,24.79,29,paid
inv_001837,cus_00102,sub_00102,plan_starter,2025-03-03,2025-03,GBP,24.79,29,paid
inv_001838,cus_00102,sub_00102,plan_starter,2025-04-04,2025-04,GBP,24.79,29,paid
inv_001839,cus_00102,sub_00102,plan_starter,2025-05-05,2025-05,GBP,24.79,29,paid
inv_001840,cus_00102,sub_00102,plan_starter,2025-06-03,2025-06,GBP,24.79,29,paid
inv_001841,cus_00102,sub_00102,plan_starter,2025-07-02,2025-07,GBP,24.79,29,paid
inv_001842,cus_00102,sub_00102,plan_starter,2025-08-05,2025-08,GBP,24.79,29,paid
inv_001843,cus_00102,sub_00102,plan_starter,2025-09-03,2025-09,GBP,24.79,29,paid
inv_001844,cus_00102,sub_00102,plan_starter,2025-10-03,2025-10,GBP,24.79,29,paid
inv_001845,cus_00102,sub_00102,plan_starter,2025-11-05,2025-11,GBP,24.79,29,paid
inv_001846,cus_00102,sub_00102,plan_starter,2025-12-01,2025-12,GBP,24.79,29,paid
inv_001847,cus_00102,sub_00102,plan_starter,2026-01-01,2026-01,GBP,24.79,29,paid
inv_001848,cus_00102,sub_00102,plan_starter,2026-02-01,2026-02,GBP,24.79,29,paid
inv_001849,cus_00102,sub_00102,plan_starter,2026-03-05,2026-03,GBP,24.79,29,paid
inv_001850,cus_00102,sub_00102,plan_starter,2026-04-01,2026-04,GBP,24.79,29,paid
inv_001851,cus_00102,sub_00102,plan_starter,2026-05-03,2026-05,GBP,24.79,29,paid
inv_001852,cus_00102,sub_00102,plan_starter,2026-06-02,2026-06,GBP,24.79,29,paid
inv_001853,cus_00102,sub_00102,plan_starter,2026-07-04,2026-07,GBP,24.79,29,paid
inv_001854,cus_00102,sub_00102,plan_starter,2026-08-04,2026-08,GBP,24.79,29,paid
inv_001855,cus_00103,sub_00103,plan_starter,2025-02-02,2025-02,EUR,29,29,paid
inv_001856,cus_00103,sub_00103,plan_starter,2025-03-01,2025-03,EUR,29,29,paid
inv_001857,cus_00103,sub_00103,plan_starter,2025-04-05,2025-04,EUR,29,29,paid
inv_001858,cus_00103,sub_00103,plan_starter,2025-05-01,2025-05,EUR,29,29,paid
inv_001859,cus_00103,sub_00103,plan_starter,2025-06-01,2025-06,EUR,29,29,paid
inv_001860,cus_00103,sub_00103,plan_starter,2025-07-04,2025-07,EUR,29,29,paid
inv_001861,cus_00103,sub_00103,plan_starter,2025-08-02,2025-08,EUR,29,29,paid
inv_001862,cus_00103,sub_00103,plan_starter,2025-09-04,2025-09,EUR,29,29,paid
inv_001863,cus_00103,sub_00103,plan_starter,2025-10-04,2025-10,EUR,29,29,paid
inv_001864,cus_00103,sub_00103,plan_starter,2025-11-01,2025-11,EUR,29,29,paid
inv_001865,cus_00103,sub_00103,plan_starter,2025-12-04,2025-12,EUR,29,29,paid
inv_001866,cus_00103,sub_00103,plan_starter,2026-01-02,2026-01,EUR,29,29,paid
inv_001867,cus_00103,sub_00103,plan_starter,2026-02-01,2026-02,EUR,29,29,paid
inv_001868,cus_00103,sub_00103,plan_starter,2026-03-02,2026-03,EUR,29,29,paid
inv_001869,cus_00103,sub_00103,plan_starter,2026-04-02,2026-04,EUR,29,29,open
inv_001870,cus_00103,sub_00103,plan_starter,2026-05-05,2026-05,EUR,29,29,paid
inv_001871,cus_00103,sub_00103,plan_starter,2026-06-04,2026-06,EUR,29,29,paid
inv_001872,cus_00103,sub_00103,plan_starter,2026-07-01,2026-07,EUR,29,29,uncollectible
inv_001873,cus_00103,sub_00103,plan_starter,2026-08-05,2026-08,EUR,29,29,paid
inv_001874,cus_00104,sub_00104,plan_growth,2025-02-04,2025-02,EUR,99,99,paid
inv_001875,cus_00104,sub_00104,plan_growth,2025-03-03,2025-03,EUR,99,99,paid
inv_001876,cus_00104,sub_00104,plan_growth,2025-04-01,2025-04,EUR,99,99,paid
inv_001877,cus_00104,sub_00104,plan_growth,2025-05-05,2025-05,EUR,99,99,paid
inv_001878,cus_00104,sub_00104,plan_growth,2025-06-01,2025-06,EUR,99,99,paid
inv_001879,cus_00104,sub_00104,plan_growth,2025-07-04,2025-07,EUR,99,99,paid
inv_001880,cus_00104,sub_00104,plan_growth,2025-08-02,2025-08,EUR,99,99,paid
inv_001881,cus_00104,sub_00104,plan_growth,2025-09-02,2025-09,EUR,99,99,paid
inv_001882,cus_00104,sub_00104,plan_growth,2025-10-05,2025-10,EUR,99,99,paid
inv_001883,cus_00104,sub_00104,plan_growth,2025-11-02,2025-11,EUR,99,99,paid
inv_001884,cus_00104,sub_00104,plan_growth,2025-12-05,2025-12,EUR,99,99,paid
inv_001885,cus_00104,sub_00104,plan_growth,2026-01-02,2026-01,EUR,99,99,paid
inv_001886,cus_00104,sub_00104,plan_growth,2026-02-02,2026-02,EUR,99,99,paid
inv_001887,cus_00104,sub_00104,plan_growth,2026-03-05,2026-03,EUR,149,149,paid
inv_001888,cus_00104,sub_00104,plan_growth,2026-04-04,2026-04,EUR,149,149,paid
inv_001889,cus_00104,sub_00104,plan_growth,2026-05-01,2026-05,EUR,149,149,paid
inv_001890,cus_00104,sub_00104,plan_growth,2026-06-05,2026-06,EUR,149,149,paid
inv_001891,cus_00104,sub_00104,plan_growth,2026-07-05,2026-07,EUR,149,149,paid
inv_001892,cus_00104,sub_00104,plan_growth,2026-08-01,2026-08,EUR,149,149,open
inv_001893,cus_00105,sub_00105,plan_scale,2025-02-04,2025-02,EUR,299,299,paid
inv_001894,cus_00105,sub_00105,plan_scale,2025-03-02,2025-03,EUR,299,299,paid
inv_001895,cus_00105,sub_00105,plan_scale,2025-04-02,2025-04,EUR,299,299,paid
inv_001896,cus_00105,sub_00105,plan_scale,2025-05-01,2025-05,EUR,299,299,paid
inv_001897,cus_00105,sub_00105,plan_scale,2025-06-02,2025-06,EUR,299,299,paid
inv_001898,cus_00105,sub_00105,plan_scale,2025-07-04,2025-07,EUR,299,299,paid
inv_001899,cus_00105,sub_00105,plan_scale,2025-08-03,2025-08,EUR,299,299,paid
inv_001900,cus_00105,sub_00105,plan_scale,2025-09-02,2025-09,EUR,299,299,paid
inv_001901,cus_00105,sub_00105,plan_scale,2025-10-01,2025-10,EUR,299,299,paid
inv_001902,cus_00105,sub_00105,plan_scale,2025-11-03,2025-11,EUR,299,299,paid
inv_001903,cus_00105,sub_00105,plan_scale,2025-12-05,2025-12,EUR,299,299,paid
inv_001904,cus_00105,sub_00105,plan_scale,2026-01-02,2026-01,EUR,299,299,void
inv_001905,cus_00105,sub_00105,plan_scale,2026-02-02,2026-02,EUR,299,299,paid
inv_001906,cus_00105,sub_00105,plan_scale,2026-03-03,2026-03,EUR,299,299,paid
inv_001907,cus_00105,sub_00105,plan_scale,2026-04-02,2026-04,EUR,299,299,paid
inv_001908,cus_00105,sub_00105,plan_scale,2026-05-04,2026-05,EUR,299,299,paid
inv_001909,cus_00105,sub_00105,plan_scale,2026-06-05,2026-06,EUR,299,299,paid
inv_001910,cus_00105,sub_00105,plan_scale,2026-07-04,2026-07,EUR,299,299,paid
inv_001911,cus_00105,sub_00105,plan_scale,2026-08-02,2026-08,EUR,299,299,paid
inv_001912,cus_00106,sub_00106,plan_growth,2025-02-05,2025-02,USD,107.61,99,paid
inv_001913,cus_00106,sub_00106,plan_growth,2025-03-04,2025-03,USD,107.61,99,paid
inv_001914,cus_00106,sub_00106,plan_growth,2025-04-04,2025-04,USD,107.61,99,paid
inv_001915,cus_00106,sub_00106,plan_growth,2025-05-03,2025-05,USD,107.61,99,paid
inv_001916,cus_00106,sub_00106,plan_growth,2025-06-03,2025-06,USD,107.61,99,paid
inv_001917,cus_00106,sub_00106,plan_growth,2025-07-03,2025-07,USD,107.61,99,paid
inv_001918,cus_00106,sub_00106,plan_growth,2025-08-04,2025-08,USD,107.61,99,paid
inv_001919,cus_00106,sub_00106,plan_growth,2025-09-02,2025-09,USD,107.61,99,open
inv_001920,cus_00106,sub_00106,plan_growth,2025-10-02,2025-10,USD,107.61,99,paid
inv_001921,cus_00106,sub_00106,plan_growth,2025-11-04,2025-11,USD,107.61,99,paid
inv_001922,cus_00106,sub_00106,plan_growth,2025-12-01,2025-12,USD,107.61,99,paid
inv_001923,cus_00106,sub_00106,plan_growth,2026-01-04,2026-01,USD,107.61,99,paid
inv_001924,cus_00106,sub_00106,plan_growth,2026-02-03,2026-02,USD,107.61,99,paid
inv_001925,cus_00106,sub_00106,plan_growth,2026-03-02,2026-03,USD,161.96,149,paid
inv_001926,cus_00106,sub_00106,plan_growth,2026-04-05,2026-04,USD,161.96,149,paid
inv_001927,cus_00106,sub_00106,plan_growth,2026-05-04,2026-05,USD,161.96,149,paid
inv_001928,cus_00106,sub_00106,plan_growth,2026-06-01,2026-06,USD,161.96,149,paid
inv_001929,cus_00106,sub_00106,plan_growth,2026-07-04,2026-07,USD,161.96,149,paid
inv_001930,cus_00106,sub_00106,plan_growth,2026-08-04,2026-08,USD,161.96,149,paid
inv_001931,cus_00107,sub_00107,plan_growth,2025-03-04,2025-03,EUR,99,99,paid
inv_001932,cus_00107,sub_00107,plan_growth,2025-04-05,2025-04,EUR,99,99,paid
inv_001933,cus_00107,sub_00107,plan_growth,2025-05-02,2025-05,EUR,99,99,paid
inv_001934,cus_00107,sub_00107,plan_growth,2025-06-04,2025-06,EUR,99,99,paid
inv_001935,cus_00107,sub_00107,plan_growth,2025-07-04,2025-07,EUR,99,99,paid
inv_001936,cus_00107,sub_00107,plan_growth,2025-08-04,2025-08,EUR,99,99,paid
inv_001937,cus_00107,sub_00107,plan_growth,2025-09-05,2025-09,EUR,99,99,paid
inv_001938,cus_00107,sub_00107,plan_growth,2025-10-05,2025-10,EUR,99,99,paid
inv_001939,cus_00107,sub_00107,plan_growth,2025-11-01,2025-11,EUR,99,99,paid
inv_001940,cus_00107,sub_00107,plan_growth,2025-12-03,2025-12,EUR,99,99,paid
inv_001941,cus_00107,sub_00107,plan_growth,2026-01-01,2026-01,EUR,99,99,open
inv_001942,cus_00107,sub_00107,plan_growth,2026-02-04,2026-02,EUR,99,99,open
inv_001943,cus_00108,sub_00108,plan_starter,2025-03-03,2025-03,EUR,29,29,paid
inv_001944,cus_00108,sub_00108,plan_starter,2025-04-02,2025-04,EUR,29,29,paid
inv_001945,cus_00108,sub_00108,plan_starter,2025-05-02,2025-05,EUR,29,29,paid
inv_001946,cus_00108,sub_00108,plan_starter,2025-06-01,2025-06,EUR,29,29,open
inv_001947,cus_00108,sub_00108,plan_starter,2025-07-03,2025-07,EUR,29,29,paid
inv_001948,cus_00108,sub_00108,plan_starter,2025-08-01,2025-08,EUR,29,29,paid
inv_001949,cus_00108,sub_00108,plan_starter,2025-09-05,2025-09,EUR,29,29,paid
inv_001950,cus_00108,sub_00108,plan_starter,2025-10-03,2025-10,EUR,29,29,paid
inv_001951,cus_00108,sub_00108,plan_starter,2025-11-03,2025-11,EUR,29,29,paid
inv_001952,cus_00108,sub_00108,plan_starter,2025-12-03,2025-12,EUR,29,29,paid
inv_001953,cus_00108,sub_00108,plan_starter,2026-01-05,2026-01,EUR,29,29,paid
inv_001954,cus_00108,sub_00108,plan_starter,2026-02-02,2026-02,EUR,29,29,paid
inv_001955,cus_00108,sub_00108,plan_starter,2026-03-05,2026-03,EUR,29,29,paid
inv_001956,cus_00108,sub_00108,plan_starter,2026-04-02,2026-04,EUR,29,29,paid
inv_001957,cus_00108,sub_00108,plan_starter,2026-05-05,2026-05,EUR,29,29,paid
inv_001958,cus_00108,sub_00108,plan_starter,2026-06-05,2026-06,EUR,29,29,paid
inv_001959,cus_00109,sub_00109,plan_starter,2025-03-02,2025-03,EUR,29,29,paid
inv_001960,cus_00109,sub_00109,plan_starter,2025-04-02,2025-04,EUR,29,29,paid
inv_001961,cus_00109,sub_00109,plan_starter,2025-05-05,2025-05,EUR,29,29,paid
inv_001962,cus_00109,sub_00109,plan_starter,2025-06-04,2025-06,EUR,29,29,paid
inv_001963,cus_00109,sub_00109,plan_starter,2025-07-01,2025-07,EUR,29,29,paid
inv_001964,cus_00109,sub_00109,plan_starter,2025-08-01,2025-08,EUR,29,29,paid
inv_001965,cus_00109,sub_00109,plan_starter,2025-09-03,2025-09,EUR,29,29,paid
inv_001966,cus_00109,sub_00109,plan_starter,2025-10-03,2025-10,EUR,29,29,paid
inv_001967,cus_00109,sub_00109,plan_starter,2025-11-02,2025-11,EUR,29,29,paid
inv_001968,cus_00109,sub_00109,plan_starter,2025-12-02,2025-12,EUR,29,29,paid
inv_001969,cus_00109,sub_00109,plan_starter,2026-01-01,2026-01,EUR,29,29,paid
inv_001970,cus_00109,sub_00109,plan_starter,2026-02-03,2026-02,EUR,29,29,paid
inv_001971,cus_00109,sub_00109,plan_starter,2026-03-04,2026-03,EUR,29,29,paid
inv_001972,cus_00109,sub_00109,plan_starter,2026-04-04,2026-04,EUR,29,29,paid
inv_001973,cus_00109,sub_00109,plan_starter,2026-05-05,2026-05,EUR,29,29,paid
inv_001974,cus_00109,sub_00109,plan_starter,2026-06-03,2026-06,EUR,29,29,paid
inv_001975,cus_00109,sub_00109,plan_starter,2026-07-05,2026-07,EUR,29,29,paid
inv_001976,cus_00109,sub_00109,plan_starter,2026-08-04,2026-08,EUR,29,29,paid
inv_001977,cus_00110,sub_00110,plan_growth,2025-03-01,2025-03,EUR,99,99,paid
inv_001978,cus_00110,sub_00110,plan_growth,2025-04-04,2025-04,EUR,99,99,paid
inv_001979,cus_00110,sub_00110,plan_growth,2025-05-01,2025-05,EUR,99,99,paid
inv_001980,cus_00110,sub_00110,plan_growth,2025-06-04,2025-06,EUR,99,99,paid
inv_001981,cus_00110,sub_00110,plan_growth,2025-07-02,2025-07,EUR,99,99,paid
inv_001982,cus_00110,sub_00110,plan_growth,2025-08-04,2025-08,EUR,99,99,paid
inv_001983,cus_00110,sub_00110,plan_growth,2025-09-04,2025-09,EUR,99,99,paid
inv_001984,cus_00110,sub_00110,plan_growth,2025-10-03,2025-10,EUR,99,99,paid
inv_001985,cus_00110,sub_00110,plan_growth,2025-11-01,2025-11,EUR,99,99,paid
inv_001986,cus_00110,sub_00110,plan_growth,2025-12-04,2025-12,EUR,99,99,paid
inv_001987,cus_00110,sub_00110,plan_growth,2026-01-03,2026-01,EUR,99,99,paid
inv_001988,cus_00110,sub_00110,plan_growth,2026-02-04,2026-02,EUR,99,99,paid
inv_001989,cus_00110,sub_00110,plan_growth,2026-03-05,2026-03,EUR,149,149,paid
inv_001990,cus_00110,sub_00110,plan_growth,2026-04-01,2026-04,EUR,149,149,paid
inv_001991,cus_00110,sub_00110,plan_growth,2026-05-01,2026-05,EUR,149,149,paid
inv_001992,cus_00110,sub_00110,plan_growth,2026-06-01,2026-06,EUR,149,149,paid
inv_001993,cus_00110,sub_00110,plan_growth,2026-07-04,2026-07,EUR,149,149,paid
inv_001994,cus_00110,sub_00110,plan_growth,2026-08-02,2026-08,EUR,149,149,paid
inv_001995,cus_00111,sub_00111,plan_growth,2025-03-05,2025-03,EUR,99,99,paid
inv_001996,cus_00111,sub_00111,plan_growth,2025-04-02,2025-04,EUR,99,99,paid
inv_001997,cus_00111,sub_00111,plan_growth,2025-05-03,2025-05,EUR,99,99,paid
inv_001998,cus_00111,sub_00111,plan_growth,2025-06-02,2025-06,EUR,99,99,paid
inv_001999,cus_00111,sub_00111,plan_growth,2025-07-01,2025-07,EUR,99,99,paid
inv_002000,cus_00111,sub_00111,plan_growth,2025-08-05,2025-08,EUR,99,99,paid
inv_002001,cus_00111,sub_00111,plan_growth,2025-09-02,2025-09,EUR,99,99,paid
inv_002002,cus_00111,sub_00111,plan_growth,2025-10-02,2025-10,EUR,99,99,paid
inv_002003,cus_00111,sub_00111,plan_growth,2025-11-04,2025-11,EUR,99,99,paid
inv_002004,cus_00111,sub_00111,plan_growth,2025-12-05,2025-12,EUR,99,99,paid
inv_002005,cus_00111,sub_00111,plan_growth,2026-01-01,2026-01,EUR,99,99,paid
inv_002006,cus_00111,sub_00111,plan_growth,2026-02-04,2026-02,EUR,99,99,uncollectible
inv_002007,cus_00112,sub_00112,plan_scale,2025-03-05,2025-03,EUR,299,299,paid
inv_002008,cus_00112,sub_00112,plan_scale,2025-04-02,2025-04,EUR,299,299,paid
inv_002009,cus_00112,sub_00112,plan_scale,2025-05-02,2025-05,EUR,299,299,paid
inv_002010,cus_00112,sub_00112,plan_scale,2025-06-04,2025-06,EUR,299,299,paid
inv_002011,cus_00112,sub_00112,plan_scale,2025-07-01,2025-07,EUR,299,299,paid
inv_002012,cus_00112,sub_00112,plan_scale,2025-08-01,2025-08,EUR,299,299,paid
inv_002013,cus_00112,sub_00112,plan_scale,2025-09-04,2025-09,EUR,299,299,paid
inv_002014,cus_00112,sub_00112,plan_scale,2025-10-02,2025-10,EUR,299,299,paid
inv_002015,cus_00112,sub_00112,plan_scale,2025-11-05,2025-11,EUR,299,299,paid
inv_002016,cus_00112,sub_00112,plan_scale,2025-12-05,2025-12,EUR,299,299,paid
inv_002017,cus_00112,sub_00112,plan_scale,2026-01-03,2026-01,EUR,299,299,paid
inv_002018,cus_00112,sub_00112,plan_scale,2026-02-05,2026-02,EUR,299,299,paid
inv_002019,cus_00112,sub_00112,plan_scale,2026-03-04,2026-03,EUR,299,299,paid
inv_002020,cus_00112,sub_00112,plan_scale,2026-04-01,2026-04,EUR,299,299,paid
inv_002021,cus_00112,sub_00112,plan_scale,2026-05-05,2026-05,EUR,299,299,void
inv_002022,cus_00112,sub_00112,plan_scale,2026-06-05,2026-06,EUR,299,299,open
inv_002023,cus_00112,sub_00112,plan_scale,2026-07-03,2026-07,EUR,299,299,paid
inv_002024,cus_00112,sub_00112,plan_scale,2026-08-01,2026-08,EUR,299,299,paid
inv_002025,cus_00113,sub_00113,plan_enterprise,2025-03-05,2025-03,USD,1085.87,999,paid
inv_002026,cus_00113,sub_00113,plan_enterprise,2025-04-05,2025-04,USD,1085.87,999,paid
inv_002027,cus_00113,sub_00113,plan_enterprise,2025-05-01,2025-05,USD,1085.87,999,paid
inv_002028,cus_00113,sub_00113,plan_enterprise,2025-06-01,2025-06,USD,1085.87,999,paid
inv_002029,cus_00113,sub_00113,plan_enterprise,2025-07-04,2025-07,USD,1085.87,999,paid
inv_002030,cus_00113,sub_00113,plan_enterprise,2025-08-05,2025-08,USD,1085.87,999,paid
inv_002031,cus_00113,sub_00113,plan_enterprise,2025-09-02,2025-09,USD,1085.87,999,paid
inv_002032,cus_00113,sub_00113,plan_enterprise,2025-10-03,2025-10,USD,1085.87,999,paid
inv_002033,cus_00113,sub_00113,plan_enterprise,2025-11-04,2025-11,USD,1085.87,999,paid
inv_002034,cus_00113,sub_00113,plan_enterprise,2025-12-05,2025-12,USD,1085.87,999,paid
inv_002035,cus_00113,sub_00113,plan_enterprise,2026-01-03,2026-01,USD,1085.87,999,paid
inv_002036,cus_00113,sub_00113,plan_enterprise,2026-02-02,2026-02,USD,1085.87,999,paid
inv_002037,cus_00113,sub_00113,plan_enterprise,2026-03-02,2026-03,USD,1085.87,999,paid
inv_002038,cus_00113,sub_00113,plan_enterprise,2026-04-04,2026-04,USD,1085.87,999,paid
inv_002039,cus_00113,sub_00113,plan_enterprise,2026-05-05,2026-05,USD,1085.87,999,paid
inv_002040,cus_00113,sub_00113,plan_enterprise,2026-06-03,2026-06,USD,1085.87,999,paid
inv_002041,cus_00113,sub_00113,plan_enterprise,2026-07-02,2026-07,USD,1085.87,999,paid
inv_002042,cus_00113,sub_00113,plan_enterprise,2026-08-03,2026-08,USD,1085.87,999,paid
inv_002043,cus_00114,sub_00114,plan_growth,2025-03-03,2025-03,GBP,84.62,99,paid
inv_002044,cus_00114,sub_00114,plan_growth,2025-04-01,2025-04,GBP,84.62,99,paid
inv_002045,cus_00114,sub_00114,plan_growth,2025-05-01,2025-05,GBP,84.62,99,uncollectible
inv_002046,cus_00114,sub_00114,plan_growth,2025-06-03,2025-06,GBP,84.62,99,paid
inv_002047,cus_00114,sub_00114,plan_growth,2025-07-04,2025-07,GBP,84.62,99,paid
inv_002048,cus_00114,sub_00114,plan_growth,2025-08-01,2025-08,GBP,84.62,99,paid
inv_002049,cus_00114,sub_00114,plan_growth,2025-09-05,2025-09,GBP,84.62,99,paid
inv_002050,cus_00114,sub_00114,plan_growth,2025-10-03,2025-10,GBP,84.62,99,paid
inv_002051,cus_00114,sub_00114,plan_growth,2025-11-03,2025-11,GBP,84.62,99,paid
inv_002052,cus_00114,sub_00114,plan_growth,2025-12-04,2025-12,GBP,84.62,99,paid
inv_002053,cus_00114,sub_00114,plan_growth,2026-01-04,2026-01,GBP,84.62,99,paid
inv_002054,cus_00114,sub_00114,plan_growth,2026-02-02,2026-02,GBP,84.62,99,paid
inv_002055,cus_00114,sub_00114,plan_growth,2026-03-03,2026-03,GBP,127.35,149,paid
inv_002056,cus_00114,sub_00114,plan_growth,2026-04-03,2026-04,GBP,127.35,149,paid
inv_002057,cus_00114,sub_00114,plan_growth,2026-05-05,2026-05,GBP,127.35,149,paid
inv_002058,cus_00114,sub_00114,plan_growth,2026-06-02,2026-06,GBP,127.35,149,paid
inv_002059,cus_00114,sub_00114,plan_growth,2026-07-05,2026-07,GBP,127.35,149,paid
inv_002060,cus_00114,sub_00114,plan_growth,2026-08-02,2026-08,GBP,127.35,149,paid
inv_002061,cus_00115,sub_00115,plan_enterprise,2025-03-02,2025-03,EUR,999,999,paid
inv_002062,cus_00115,sub_00115,plan_enterprise,2025-04-03,2025-04,EUR,999,999,paid
inv_002063,cus_00115,sub_00115,plan_enterprise,2025-05-02,2025-05,EUR,999,999,paid
inv_002064,cus_00115,sub_00115,plan_enterprise,2025-06-02,2025-06,EUR,999,999,paid
inv_002065,cus_00115,sub_00115,plan_enterprise,2025-07-04,2025-07,EUR,999,999,paid
inv_002066,cus_00115,sub_00115,plan_enterprise,2025-08-03,2025-08,EUR,999,999,paid
inv_002067,cus_00115,sub_00115,plan_enterprise,2025-09-02,2025-09,EUR,999,999,paid
inv_002068,cus_00115,sub_00115,plan_enterprise,2025-10-01,2025-10,EUR,999,999,paid
inv_002069,cus_00115,sub_00115,plan_enterprise,2025-11-04,2025-11,EUR,999,999,open
inv_002070,cus_00115,sub_00115,plan_enterprise,2025-12-04,2025-12,EUR,999,999,paid
inv_002071,cus_00115,sub_00115,plan_enterprise,2026-01-04,2026-01,EUR,999,999,paid
inv_002072,cus_00115,sub_00115,plan_enterprise,2026-02-03,2026-02,EUR,999,999,paid
inv_002073,cus_00115,sub_00115,plan_enterprise,2026-03-05,2026-03,EUR,999,999,paid
inv_002074,cus_00115,sub_00115,plan_enterprise,2026-04-04,2026-04,EUR,999,999,paid
inv_002075,cus_00115,sub_00115,plan_enterprise,2026-05-01,2026-05,EUR,999,999,paid
inv_002076,cus_00115,sub_00115,plan_enterprise,2026-06-01,2026-06,EUR,999,999,paid
inv_002077,cus_00115,sub_00115,plan_enterprise,2026-07-04,2026-07,EUR,999,999,paid
inv_002078,cus_00115,sub_00115,plan_enterprise,2026-08-05,2026-08,EUR,999,999,paid
inv_002079,cus_00116,sub_00116,plan_starter,2025-03-02,2025-03,EUR,29,29,paid
inv_002080,cus_00116,sub_00116,plan_starter,2025-04-04,2025-04,EUR,29,29,paid
inv_002081,cus_00116,sub_00116,plan_starter,2025-05-03,2025-05,EUR,29,29,paid
inv_002082,cus_00116,sub_00116,plan_starter,2025-06-03,2025-06,EUR,29,29,paid
inv_002083,cus_00116,sub_00116,plan_starter,2025-07-05,2025-07,EUR,29,29,paid
inv_002084,cus_00116,sub_00116,plan_starter,2025-08-01,2025-08,EUR,29,29,paid
inv_002085,cus_00116,sub_00116,plan_starter,2025-09-02,2025-09,EUR,29,29,paid
inv_002086,cus_00116,sub_00116,plan_starter,2025-10-04,2025-10,EUR,29,29,paid
inv_002087,cus_00116,sub_00116,plan_starter,2025-11-03,2025-11,EUR,29,29,paid
inv_002088,cus_00116,sub_00116,plan_starter,2025-12-04,2025-12,EUR,29,29,paid
inv_002089,cus_00116,sub_00116,plan_starter,2026-01-01,2026-01,EUR,29,29,paid
inv_002090,cus_00116,sub_00116,plan_starter,2026-02-05,2026-02,EUR,29,29,paid
inv_002091,cus_00116,sub_00116,plan_starter,2026-03-03,2026-03,EUR,29,29,paid
inv_002092,cus_00116,sub_00116,plan_starter,2026-04-02,2026-04,EUR,29,29,paid
inv_002093,cus_00116,sub_00116,plan_starter,2026-05-02,2026-05,EUR,29,29,paid
inv_002094,cus_00116,sub_00116,plan_starter,2026-06-02,2026-06,EUR,29,29,paid
inv_002095,cus_00116,sub_00116,plan_starter,2026-07-03,2026-07,EUR,29,29,paid
inv_002096,cus_00116,sub_00116,plan_starter,2026-08-01,2026-08,EUR,29,29,paid
inv_002097,cus_00117,sub_00117,plan_growth,2025-03-01,2025-03,EUR,99,99,paid
inv_002098,cus_00117,sub_00117,plan_growth,2025-04-04,2025-04,EUR,99,99,paid
inv_002099,cus_00117,sub_00117,plan_growth,2025-05-01,2025-05,EUR,99,99,paid
inv_002100,cus_00117,sub_00117,plan_growth,2025-06-01,2025-06,EUR,99,99,paid
inv_002101,cus_00117,sub_00117,plan_growth,2025-07-04,2025-07,EUR,99,99,paid
inv_002102,cus_00117,sub_00117,plan_growth,2025-08-03,2025-08,EUR,99,99,paid
inv_002103,cus_00117,sub_00117,plan_growth,2025-09-03,2025-09,EUR,99,99,paid
inv_002104,cus_00117,sub_00117,plan_growth,2025-10-05,2025-10,EUR,99,99,paid
inv_002105,cus_00117,sub_00117,plan_growth,2025-11-04,2025-11,EUR,99,99,paid
inv_002106,cus_00117,sub_00117,plan_growth,2025-12-02,2025-12,EUR,99,99,paid
inv_002107,cus_00117,sub_00117,plan_growth,2026-01-03,2026-01,EUR,99,99,paid
inv_002108,cus_00117,sub_00117,plan_growth,2026-02-02,2026-02,EUR,99,99,paid
inv_002109,cus_00117,sub_00117,plan_growth,2026-03-03,2026-03,EUR,149,149,paid
inv_002110,cus_00117,sub_00117,plan_growth,2026-04-02,2026-04,EUR,149,149,paid
inv_002111,cus_00117,sub_00117,plan_growth,2026-05-05,2026-05,EUR,149,149,paid
inv_002112,cus_00117,sub_00117,plan_growth,2026-06-01,2026-06,EUR,149,149,paid
inv_002113,cus_00117,sub_00117,plan_growth,2026-07-05,2026-07,EUR,149,149,paid
inv_002114,cus_00117,sub_00117,plan_growth,2026-08-03,2026-08,EUR,149,149,paid
inv_002115,cus_00118,sub_00118,plan_growth,2025-03-03,2025-03,EUR,99,99,paid
inv_002116,cus_00118,sub_00118,plan_growth,2025-04-01,2025-04,EUR,99,99,paid
inv_002117,cus_00118,sub_00118,plan_growth,2025-05-05,2025-05,EUR,99,99,paid
inv_002118,cus_00118,sub_00118,plan_growth,2025-06-01,2025-06,EUR,99,99,paid
inv_002119,cus_00118,sub_00118,plan_growth,2025-07-02,2025-07,EUR,99,99,paid
inv_002120,cus_00118,sub_00118,plan_growth,2025-08-04,2025-08,EUR,99,99,paid
inv_002121,cus_00118,sub_00118,plan_growth,2025-09-03,2025-09,EUR,99,99,paid
inv_002122,cus_00118,sub_00118,plan_growth,2025-10-04,2025-10,EUR,99,99,open
inv_002123,cus_00118,sub_00118,plan_growth,2025-11-01,2025-11,EUR,99,99,uncollectible
inv_002124,cus_00118,sub_00118,plan_growth,2025-12-04,2025-12,EUR,99,99,paid
inv_002125,cus_00118,sub_00118,plan_growth,2026-01-04,2026-01,EUR,99,99,paid
inv_002126,cus_00118,sub_00118,plan_growth,2026-02-03,2026-02,EUR,99,99,paid
inv_002127,cus_00118,sub_00118,plan_growth,2026-03-05,2026-03,EUR,149,149,paid
inv_002128,cus_00118,sub_00118,plan_growth,2026-04-02,2026-04,EUR,149,149,paid
inv_002129,cus_00118,sub_00118,plan_growth,2026-05-01,2026-05,EUR,149,149,paid
inv_002130,cus_00118,sub_00118,plan_growth,2026-06-04,2026-06,EUR,149,149,paid
inv_002131,cus_00118,sub_00118,plan_growth,2026-07-02,2026-07,EUR,149,149,paid
inv_002132,cus_00118,sub_00118,plan_growth,2026-08-01,2026-08,EUR,149,149,paid
inv_002133,cus_00119,sub_00119,plan_scale,2025-03-03,2025-03,EUR,299,299,paid
inv_002134,cus_00119,sub_00119,plan_scale,2025-04-01,2025-04,EUR,299,299,paid
inv_002135,cus_00119,sub_00119,plan_scale,2025-05-01,2025-05,EUR,299,299,paid
inv_002136,cus_00119,sub_00119,plan_scale,2025-06-05,2025-06,EUR,299,299,paid
inv_002137,cus_00119,sub_00119,plan_scale,2025-07-02,2025-07,EUR,299,299,paid
inv_002138,cus_00119,sub_00119,plan_scale,2025-08-01,2025-08,EUR,299,299,paid
inv_002139,cus_00119,sub_00119,plan_scale,2025-09-02,2025-09,EUR,299,299,paid
inv_002140,cus_00119,sub_00119,plan_scale,2025-10-01,2025-10,EUR,299,299,paid
inv_002141,cus_00120,sub_00120,plan_starter,2025-03-02,2025-03,EUR,29,29,paid
inv_002142,cus_00120,sub_00120,plan_starter,2025-04-04,2025-04,EUR,29,29,paid
inv_002143,cus_00120,sub_00120,plan_starter,2025-05-03,2025-05,EUR,29,29,open
inv_002144,cus_00120,sub_00120,plan_starter,2025-06-04,2025-06,EUR,29,29,paid
inv_002145,cus_00120,sub_00120,plan_starter,2025-07-04,2025-07,EUR,29,29,paid
inv_002146,cus_00120,sub_00120,plan_starter,2025-08-01,2025-08,EUR,29,29,paid
inv_002147,cus_00120,sub_00120,plan_starter,2025-09-01,2025-09,EUR,29,29,paid
inv_002148,cus_00120,sub_00120,plan_starter,2025-10-03,2025-10,EUR,29,29,paid
inv_002149,cus_00120,sub_00120,plan_starter,2025-11-01,2025-11,EUR,29,29,paid
inv_002150,cus_00120,sub_00120,plan_starter,2025-12-05,2025-12,EUR,29,29,paid
inv_002151,cus_00120,sub_00120,plan_starter,2026-01-02,2026-01,EUR,29,29,paid
inv_002152,cus_00120,sub_00120,plan_starter,2026-02-02,2026-02,EUR,29,29,paid
inv_002153,cus_00120,sub_00120,plan_starter,2026-03-02,2026-03,EUR,29,29,paid
inv_002154,cus_00120,sub_00120,plan_starter,2026-04-02,2026-04,EUR,29,29,paid
inv_002155,cus_00120,sub_00120,plan_starter,2026-05-05,2026-05,EUR,29,29,paid
inv_002156,cus_00120,sub_00120,plan_starter,2026-06-04,2026-06,EUR,29,29,paid
inv_002157,cus_00120,sub_00120,plan_starter,2026-07-03,2026-07,EUR,29,29,paid
inv_002158,cus_00120,sub_00120,plan_starter,2026-08-04,2026-08,EUR,29,29,paid
inv_002159,cus_00121,sub_00121,plan_growth,2025-03-03,2025-03,EUR,99,99,paid
inv_002160,cus_00121,sub_00121,plan_growth,2025-04-02,2025-04,EUR,99,99,paid
inv_002161,cus_00121,sub_00121,plan_growth,2025-05-02,2025-05,EUR,99,99,paid
inv_002162,cus_00121,sub_00121,plan_growth,2025-06-03,2025-06,EUR,99,99,paid
inv_002163,cus_00121,sub_00121,plan_growth,2025-07-03,2025-07,EUR,99,99,paid
inv_002164,cus_00121,sub_00121,plan_growth,2025-08-04,2025-08,EUR,99,99,paid
inv_002165,cus_00121,sub_00121,plan_growth,2025-09-02,2025-09,EUR,99,99,paid
inv_002166,cus_00121,sub_00121,plan_growth,2025-10-03,2025-10,EUR,99,99,paid
inv_002167,cus_00121,sub_00121,plan_growth,2025-11-05,2025-11,EUR,99,99,paid
inv_002168,cus_00121,sub_00121,plan_growth,2025-12-02,2025-12,EUR,99,99,paid
inv_002169,cus_00121,sub_00121,plan_growth,2026-01-05,2026-01,EUR,99,99,open
inv_002170,cus_00121,sub_00121,plan_growth,2026-02-01,2026-02,EUR,99,99,paid
inv_002171,cus_00122,sub_00122,plan_scale,2025-03-05,2025-03,EUR,299,299,paid
inv_002172,cus_00122,sub_00122,plan_scale,2025-04-02,2025-04,EUR,299,299,paid
inv_002173,cus_00122,sub_00122,plan_scale,2025-05-03,2025-05,EUR,299,299,paid
inv_002174,cus_00122,sub_00122,plan_scale,2025-06-05,2025-06,EUR,299,299,open
inv_002175,cus_00122,sub_00122,plan_scale,2025-07-05,2025-07,EUR,299,299,paid
inv_002176,cus_00122,sub_00122,plan_scale,2025-08-02,2025-08,EUR,299,299,paid
inv_002177,cus_00122,sub_00122,plan_scale,2025-09-04,2025-09,EUR,299,299,paid
inv_002178,cus_00122,sub_00122,plan_scale,2025-10-04,2025-10,EUR,299,299,paid
inv_002179,cus_00122,sub_00122,plan_scale,2025-11-05,2025-11,EUR,299,299,paid
inv_002180,cus_00122,sub_00122,plan_scale,2025-12-03,2025-12,EUR,299,299,paid
inv_002181,cus_00122,sub_00122,plan_scale,2026-01-01,2026-01,EUR,299,299,paid
inv_002182,cus_00122,sub_00122,plan_scale,2026-02-01,2026-02,EUR,299,299,paid
inv_002183,cus_00122,sub_00122,plan_scale,2026-03-01,2026-03,EUR,299,299,paid
inv_002184,cus_00122,sub_00122,plan_scale,2026-04-04,2026-04,EUR,299,299,paid
inv_002185,cus_00122,sub_00122,plan_scale,2026-05-01,2026-05,EUR,299,299,paid
inv_002186,cus_00122,sub_00122,plan_scale,2026-06-03,2026-06,EUR,299,299,paid
inv_002187,cus_00122,sub_00122,plan_scale,2026-07-02,2026-07,EUR,299,299,paid
inv_002188,cus_00122,sub_00122,plan_scale,2026-08-03,2026-08,EUR,299,299,paid
inv_002189,cus_00123,sub_00123,plan_growth,2025-03-04,2025-03,EUR,99,99,paid
inv_002190,cus_00123,sub_00123,plan_growth,2025-04-01,2025-04,EUR,99,99,open
inv_002191,cus_00123,sub_00123,plan_growth,2025-05-03,2025-05,EUR,99,99,paid
inv_002192,cus_00123,sub_00123,plan_growth,2025-06-02,2025-06,EUR,99,99,paid
inv_002193,cus_00123,sub_00123,plan_growth,2025-07-02,2025-07,EUR,99,99,paid
inv_002194,cus_00123,sub_00123,plan_growth,2025-08-01,2025-08,EUR,99,99,paid
inv_002195,cus_00123,sub_00123,plan_growth,2025-09-02,2025-09,EUR,99,99,paid
inv_002196,cus_00123,sub_00123,plan_growth,2025-10-02,2025-10,EUR,99,99,paid
inv_002197,cus_00123,sub_00123,plan_growth,2025-11-04,2025-11,EUR,99,99,paid
inv_002198,cus_00123,sub_00123,plan_growth,2025-12-01,2025-12,EUR,99,99,paid
inv_002199,cus_00123,sub_00123,plan_growth,2026-01-02,2026-01,EUR,99,99,paid
inv_002200,cus_00123,sub_00123,plan_growth,2026-02-05,2026-02,EUR,99,99,paid
inv_002201,cus_00123,sub_00123,plan_growth,2026-03-03,2026-03,EUR,149,149,paid
inv_002202,cus_00123,sub_00123,plan_growth,2026-04-01,2026-04,EUR,149,149,paid
inv_002203,cus_00123,sub_00123,plan_growth,2026-05-02,2026-05,EUR,149,149,uncollectible
inv_002204,cus_00123,sub_00123,plan_growth,2026-06-01,2026-06,EUR,149,149,paid
inv_002205,cus_00123,sub_00123,plan_growth,2026-07-01,2026-07,EUR,149,149,paid
inv_002206,cus_00123,sub_00123,plan_growth,2026-08-01,2026-08,EUR,149,149,paid
inv_002207,cus_00124,sub_00124,plan_scale,2025-03-01,2025-03,EUR,299,299,paid
inv_002208,cus_00124,sub_00124,plan_scale,2025-04-05,2025-04,EUR,299,299,paid
inv_002209,cus_00124,sub_00124,plan_scale,2025-05-01,2025-05,EUR,299,299,paid
inv_002210,cus_00124,sub_00124,plan_scale,2025-06-04,2025-06,EUR,299,299,paid
inv_002211,cus_00124,sub_00124,plan_scale,2025-07-05,2025-07,EUR,299,299,paid
inv_002212,cus_00124,sub_00124,plan_scale,2025-08-02,2025-08,EUR,299,299,paid
inv_002213,cus_00124,sub_00124,plan_scale,2025-09-01,2025-09,EUR,299,299,paid
inv_002214,cus_00124,sub_00124,plan_scale,2025-10-02,2025-10,EUR,299,299,paid
inv_002215,cus_00124,sub_00124,plan_scale,2025-11-02,2025-11,EUR,299,299,paid
inv_002216,cus_00124,sub_00124,plan_scale,2025-12-04,2025-12,EUR,299,299,paid
inv_002217,cus_00124,sub_00124,plan_scale,2026-01-03,2026-01,EUR,299,299,paid
inv_002218,cus_00124,sub_00124,plan_scale,2026-02-03,2026-02,EUR,299,299,paid
inv_002219,cus_00124,sub_00124,plan_scale,2026-03-01,2026-03,EUR,299,299,paid
inv_002220,cus_00124,sub_00124,plan_scale,2026-04-02,2026-04,EUR,299,299,paid
inv_002221,cus_00124,sub_00124,plan_scale,2026-05-04,2026-05,EUR,299,299,paid
inv_002222,cus_00124,sub_00124,plan_scale,2026-06-04,2026-06,EUR,299,299,open
inv_002223,cus_00124,sub_00124,plan_scale,2026-07-01,2026-07,EUR,299,299,paid
inv_002224,cus_00124,sub_00124,plan_scale,2026-08-04,2026-08,EUR,299,299,open
inv_002225,cus_00125,sub_00125,plan_starter,2025-03-02,2025-03,GBP,24.79,29,paid
inv_002226,cus_00125,sub_00125,plan_starter,2025-04-04,2025-04,GBP,24.79,29,paid
inv_002227,cus_00125,sub_00125,plan_starter,2025-05-01,2025-05,GBP,24.79,29,paid
inv_002228,cus_00125,sub_00125,plan_starter,2025-06-02,2025-06,GBP,24.79,29,paid
inv_002229,cus_00125,sub_00125,plan_starter,2025-07-05,2025-07,GBP,24.79,29,paid
inv_002230,cus_00125,sub_00125,plan_starter,2025-08-03,2025-08,GBP,24.79,29,paid
inv_002231,cus_00126,sub_00126,plan_growth,2025-03-01,2025-03,EUR,99,99,paid
inv_002232,cus_00126,sub_00126,plan_growth,2025-04-02,2025-04,EUR,99,99,paid
inv_002233,cus_00126,sub_00126,plan_growth,2025-05-02,2025-05,EUR,99,99,paid
inv_002234,cus_00126,sub_00126,plan_growth,2025-06-02,2025-06,EUR,99,99,paid
inv_002235,cus_00126,sub_00126,plan_growth,2025-07-01,2025-07,EUR,99,99,paid
inv_002236,cus_00126,sub_00126,plan_growth,2025-08-02,2025-08,EUR,99,99,paid
inv_002237,cus_00126,sub_00126,plan_growth,2025-09-01,2025-09,EUR,99,99,paid
inv_002238,cus_00126,sub_00126,plan_growth,2025-10-04,2025-10,EUR,99,99,paid
inv_002239,cus_00126,sub_00126,plan_growth,2025-11-04,2025-11,EUR,99,99,paid
inv_002240,cus_00126,sub_00126,plan_growth,2025-12-05,2025-12,EUR,99,99,paid
inv_002241,cus_00126,sub_00126,plan_growth,2026-01-04,2026-01,EUR,99,99,paid
inv_002242,cus_00126,sub_00126,plan_growth,2026-02-02,2026-02,EUR,99,99,paid
inv_002243,cus_00126,sub_00126,plan_growth,2026-03-03,2026-03,EUR,149,149,paid
inv_002244,cus_00126,sub_00126,plan_growth,2026-04-04,2026-04,EUR,149,149,paid
inv_002245,cus_00126,sub_00126,plan_growth,2026-05-03,2026-05,EUR,149,149,paid
inv_002246,cus_00126,sub_00126,plan_growth,2026-06-02,2026-06,EUR,149,149,paid
inv_002247,cus_00126,sub_00126,plan_growth,2026-07-02,2026-07,EUR,149,149,paid
inv_002248,cus_00126,sub_00126,plan_growth,2026-08-03,2026-08,EUR,149,149,paid
inv_002249,cus_00127,sub_00127,plan_scale,2025-03-05,2025-03,EUR,299,299,paid
inv_002250,cus_00127,sub_00127,plan_scale,2025-04-03,2025-04,EUR,299,299,paid
inv_002251,cus_00127,sub_00127,plan_scale,2025-05-02,2025-05,EUR,299,299,paid
inv_002252,cus_00127,sub_00127,plan_scale,2025-06-02,2025-06,EUR,299,299,paid
inv_002253,cus_00127,sub_00127,plan_scale,2025-07-04,2025-07,EUR,299,299,paid
inv_002254,cus_00127,sub_00127,plan_scale,2025-08-03,2025-08,EUR,299,299,paid
inv_002255,cus_00127,sub_00127,plan_scale,2025-09-03,2025-09,EUR,299,299,paid
inv_002256,cus_00127,sub_00127,plan_scale,2025-10-02,2025-10,EUR,299,299,paid
inv_002257,cus_00127,sub_00127,plan_scale,2025-11-03,2025-11,EUR,299,299,paid
inv_002258,cus_00127,sub_00127,plan_scale,2025-12-03,2025-12,EUR,299,299,paid
inv_002259,cus_00127,sub_00127,plan_scale,2026-01-01,2026-01,EUR,299,299,paid
inv_002260,cus_00127,sub_00127,plan_scale,2026-02-04,2026-02,EUR,299,299,paid
inv_002261,cus_00127,sub_00127,plan_scale,2026-03-02,2026-03,EUR,299,299,paid
inv_002262,cus_00127,sub_00127,plan_scale,2026-04-03,2026-04,EUR,299,299,paid
inv_002263,cus_00127,sub_00127,plan_scale,2026-05-05,2026-05,EUR,299,299,paid
inv_002264,cus_00127,sub_00127,plan_scale,2026-06-02,2026-06,EUR,299,299,paid
inv_002265,cus_00127,sub_00127,plan_scale,2026-07-02,2026-07,EUR,299,299,paid
inv_002266,cus_00127,sub_00127,plan_scale,2026-08-02,2026-08,EUR,299,299,paid
inv_002267,cus_00128,sub_00128,plan_growth,2025-03-02,2025-03,USD,107.61,99,paid
inv_002268,cus_00128,sub_00128,plan_growth,2025-04-05,2025-04,USD,107.61,99,paid
inv_002269,cus_00128,sub_00128,plan_growth,2025-05-05,2025-05,USD,107.61,99,paid
inv_002270,cus_00128,sub_00128,plan_growth,2025-06-04,2025-06,USD,107.61,99,paid
inv_002271,cus_00128,sub_00128,plan_growth,2025-07-04,2025-07,USD,107.61,99,paid
inv_002272,cus_00128,sub_00128,plan_growth,2025-08-02,2025-08,USD,107.61,99,paid
inv_002273,cus_00128,sub_00128,plan_growth,2025-09-01,2025-09,USD,107.61,99,paid
inv_002274,cus_00128,sub_00128,plan_growth,2025-10-01,2025-10,USD,107.61,99,paid
inv_002275,cus_00128,sub_00128,plan_growth,2025-11-03,2025-11,USD,107.61,99,paid
inv_002276,cus_00128,sub_00128,plan_growth,2025-12-02,2025-12,USD,107.61,99,paid
inv_002277,cus_00128,sub_00128,plan_growth,2026-01-02,2026-01,USD,107.61,99,paid
inv_002278,cus_00128,sub_00128,plan_growth,2026-02-03,2026-02,USD,107.61,99,paid
inv_002279,cus_00128,sub_00128,plan_growth,2026-03-03,2026-03,USD,161.96,149,paid
inv_002280,cus_00128,sub_00128,plan_growth,2026-04-01,2026-04,USD,161.96,149,paid
inv_002281,cus_00128,sub_00128,plan_growth,2026-05-05,2026-05,USD,161.96,149,paid
inv_002282,cus_00128,sub_00128,plan_growth,2026-06-04,2026-06,USD,161.96,149,paid
inv_002283,cus_00128,sub_00128,plan_growth,2026-07-05,2026-07,USD,161.96,149,paid
inv_002284,cus_00128,sub_00128,plan_growth,2026-08-03,2026-08,USD,161.96,149,paid
inv_002285,cus_00129,sub_00129,plan_starter,2025-03-05,2025-03,EUR,29,29,paid
inv_002286,cus_00129,sub_00129,plan_starter,2025-04-04,2025-04,EUR,29,29,paid
inv_002287,cus_00129,sub_00129,plan_starter,2025-05-03,2025-05,EUR,29,29,paid
inv_002288,cus_00129,sub_00129,plan_starter,2025-06-04,2025-06,EUR,29,29,paid
inv_002289,cus_00129,sub_00129,plan_starter,2025-07-02,2025-07,EUR,29,29,paid
inv_002290,cus_00129,sub_00129,plan_starter,2025-08-04,2025-08,EUR,29,29,paid
inv_002291,cus_00129,sub_00129,plan_starter,2025-09-04,2025-09,EUR,29,29,paid
inv_002292,cus_00129,sub_00129,plan_starter,2025-10-03,2025-10,EUR,29,29,paid
inv_002293,cus_00129,sub_00129,plan_starter,2025-11-05,2025-11,EUR,29,29,paid
inv_002294,cus_00129,sub_00129,plan_starter,2025-12-05,2025-12,EUR,29,29,paid
inv_002295,cus_00129,sub_00129,plan_starter,2026-01-02,2026-01,EUR,29,29,paid
inv_002296,cus_00129,sub_00129,plan_starter,2026-02-01,2026-02,EUR,29,29,paid
inv_002297,cus_00129,sub_00129,plan_starter,2026-03-05,2026-03,EUR,29,29,paid
inv_002298,cus_00129,sub_00129,plan_starter,2026-04-03,2026-04,EUR,29,29,paid
inv_002299,cus_00129,sub_00129,plan_starter,2026-05-04,2026-05,EUR,29,29,paid
inv_002300,cus_00129,sub_00129,plan_starter,2026-06-02,2026-06,EUR,29,29,paid
inv_002301,cus_00129,sub_00129,plan_starter,2026-07-01,2026-07,EUR,29,29,paid
inv_002302,cus_00129,sub_00129,plan_starter,2026-08-05,2026-08,EUR,29,29,paid
inv_002303,cus_00130,sub_00130,plan_scale,2025-03-03,2025-03,EUR,299,299,open
inv_002304,cus_00130,sub_00130,plan_scale,2025-04-04,2025-04,EUR,299,299,uncollectible
inv_002305,cus_00130,sub_00130,plan_scale,2025-05-03,2025-05,EUR,299,299,paid
inv_002306,cus_00130,sub_00130,plan_scale,2025-06-05,2025-06,EUR,299,299,paid
inv_002307,cus_00130,sub_00130,plan_scale,2025-07-04,2025-07,EUR,299,299,paid
inv_002308,cus_00130,sub_00130,plan_scale,2025-08-05,2025-08,EUR,299,299,paid
inv_002309,cus_00130,sub_00130,plan_scale,2025-09-05,2025-09,EUR,299,299,paid
inv_002310,cus_00130,sub_00130,plan_scale,2025-10-04,2025-10,EUR,299,299,paid
inv_002311,cus_00130,sub_00130,plan_scale,2025-11-03,2025-11,EUR,299,299,paid
inv_002312,cus_00130,sub_00130,plan_scale,2025-12-04,2025-12,EUR,299,299,paid
inv_002313,cus_00130,sub_00130,plan_scale,2026-01-02,2026-01,EUR,299,299,paid
inv_002314,cus_00130,sub_00130,plan_scale,2026-02-03,2026-02,EUR,299,299,paid
inv_002315,cus_00130,sub_00130,plan_scale,2026-03-04,2026-03,EUR,299,299,paid
inv_002316,cus_00130,sub_00130,plan_scale,2026-04-01,2026-04,EUR,299,299,paid
inv_002317,cus_00130,sub_00130,plan_scale,2026-05-04,2026-05,EUR,299,299,paid
inv_002318,cus_00130,sub_00130,plan_scale,2026-06-01,2026-06,EUR,299,299,paid
inv_002319,cus_00130,sub_00130,plan_scale,2026-07-02,2026-07,EUR,299,299,paid
inv_002320,cus_00130,sub_00130,plan_scale,2026-08-04,2026-08,EUR,299,299,paid
inv_002321,cus_00131,sub_00131,plan_growth,2025-03-04,2025-03,GBP,84.62,99,paid
inv_002322,cus_00132,sub_00132,plan_growth,2025-04-01,2025-04,GBP,84.62,99,paid
inv_002323,cus_00132,sub_00132,plan_growth,2025-05-01,2025-05,GBP,84.62,99,paid
inv_002324,cus_00132,sub_00132,plan_growth,2025-06-04,2025-06,GBP,84.62,99,paid
inv_002325,cus_00132,sub_00132,plan_growth,2025-07-02,2025-07,GBP,84.62,99,paid
inv_002326,cus_00132,sub_00132,plan_growth,2025-08-05,2025-08,GBP,84.62,99,paid
inv_002327,cus_00132,sub_00132,plan_growth,2025-09-03,2025-09,GBP,84.62,99,uncollectible
inv_002328,cus_00132,sub_00132,plan_growth,2025-10-02,2025-10,GBP,84.62,99,paid
inv_002329,cus_00132,sub_00132,plan_growth,2025-11-02,2025-11,GBP,84.62,99,paid
inv_002330,cus_00132,sub_00132,plan_growth,2025-12-03,2025-12,GBP,84.62,99,paid
inv_002331,cus_00132,sub_00132,plan_growth,2026-01-03,2026-01,GBP,84.62,99,paid
inv_002332,cus_00132,sub_00132,plan_growth,2026-02-05,2026-02,GBP,84.62,99,paid
inv_002333,cus_00132,sub_00132,plan_growth,2026-03-05,2026-03,GBP,127.35,149,paid
inv_002334,cus_00132,sub_00132,plan_growth,2026-04-03,2026-04,GBP,127.35,149,paid
inv_002335,cus_00132,sub_00132,plan_growth,2026-05-02,2026-05,GBP,127.35,149,paid
inv_002336,cus_00132,sub_00132,plan_growth,2026-06-05,2026-06,GBP,127.35,149,uncollectible
inv_002337,cus_00132,sub_00132,plan_growth,2026-07-01,2026-07,GBP,127.35,149,paid
inv_002338,cus_00132,sub_00132,plan_growth,2026-08-05,2026-08,GBP,127.35,149,paid
inv_002339,cus_00133,sub_00133,plan_starter,2025-04-03,2025-04,SEK,329.55,29,paid
inv_002340,cus_00133,sub_00133,plan_starter,2025-05-04,2025-05,SEK,329.55,29,paid
inv_002341,cus_00133,sub_00133,plan_starter,2025-06-02,2025-06,SEK,329.55,29,paid
inv_002342,cus_00133,sub_00133,plan_starter,2025-07-02,2025-07,SEK,329.55,29,paid
inv_002343,cus_00133,sub_00133,plan_starter,2025-08-05,2025-08,SEK,329.55,29,paid
inv_002344,cus_00133,sub_00133,plan_starter,2025-09-01,2025-09,SEK,329.55,29,paid
inv_002345,cus_00133,sub_00133,plan_starter,2025-10-05,2025-10,SEK,329.55,29,paid
inv_002346,cus_00133,sub_00133,plan_starter,2025-11-03,2025-11,SEK,329.55,29,paid
inv_002347,cus_00133,sub_00133,plan_starter,2025-12-05,2025-12,SEK,329.55,29,paid
inv_002348,cus_00133,sub_00133,plan_starter,2026-01-02,2026-01,SEK,329.55,29,paid
inv_002349,cus_00133,sub_00133,plan_starter,2026-02-04,2026-02,SEK,329.55,29,paid
inv_002350,cus_00133,sub_00133,plan_starter,2026-03-01,2026-03,SEK,329.55,29,paid
inv_002351,cus_00133,sub_00133,plan_starter,2026-04-04,2026-04,SEK,329.55,29,paid
inv_002352,cus_00133,sub_00133,plan_starter,2026-05-02,2026-05,SEK,329.55,29,paid
inv_002353,cus_00133,sub_00133,plan_starter,2026-06-05,2026-06,SEK,329.55,29,paid
inv_002354,cus_00133,sub_00133,plan_starter,2026-07-02,2026-07,SEK,329.55,29,paid
inv_002355,cus_00133,sub_00133,plan_starter,2026-08-03,2026-08,SEK,329.55,29,paid
inv_002356,cus_00134,sub_00134,plan_starter,2025-04-04,2025-04,CHF,27.62,29,paid
inv_002357,cus_00134,sub_00134,plan_starter,2025-05-03,2025-05,CHF,27.62,29,paid
inv_002358,cus_00134,sub_00134,plan_starter,2025-06-02,2025-06,CHF,27.62,29,paid
inv_002359,cus_00134,sub_00134,plan_starter,2025-07-04,2025-07,CHF,27.62,29,paid
inv_002360,cus_00134,sub_00134,plan_starter,2025-08-03,2025-08,CHF,27.62,29,paid
inv_002361,cus_00134,sub_00134,plan_starter,2025-09-05,2025-09,CHF,27.62,29,paid
inv_002362,cus_00134,sub_00134,plan_starter,2025-10-05,2025-10,CHF,27.62,29,paid
inv_002363,cus_00134,sub_00134,plan_starter,2025-11-03,2025-11,CHF,27.62,29,paid
inv_002364,cus_00134,sub_00134,plan_starter,2025-12-01,2025-12,CHF,27.62,29,paid
inv_002365,cus_00134,sub_00134,plan_starter,2026-01-04,2026-01,CHF,27.62,29,paid
inv_002366,cus_00134,sub_00134,plan_starter,2026-02-04,2026-02,CHF,27.62,29,paid
inv_002367,cus_00134,sub_00134,plan_starter,2026-03-05,2026-03,CHF,27.62,29,paid
inv_002368,cus_00134,sub_00134,plan_starter,2026-04-05,2026-04,CHF,27.62,29,open
inv_002369,cus_00134,sub_00134,plan_starter,2026-05-05,2026-05,CHF,27.62,29,paid
inv_002370,cus_00134,sub_00134,plan_starter,2026-06-03,2026-06,CHF,27.62,29,paid
inv_002371,cus_00134,sub_00134,plan_starter,2026-07-03,2026-07,CHF,27.62,29,paid
inv_002372,cus_00134,sub_00134,plan_starter,2026-08-05,2026-08,CHF,27.62,29,paid
inv_002373,cus_00135,sub_00135,plan_growth,2025-04-01,2025-04,EUR,99,99,paid
inv_002374,cus_00135,sub_00135,plan_growth,2025-05-03,2025-05,EUR,99,99,paid
inv_002375,cus_00135,sub_00135,plan_growth,2025-06-01,2025-06,EUR,99,99,paid
inv_002376,cus_00135,sub_00135,plan_growth,2025-07-01,2025-07,EUR,99,99,paid
inv_002377,cus_00135,sub_00135,plan_growth,2025-08-03,2025-08,EUR,99,99,paid
inv_002378,cus_00135,sub_00135,plan_growth,2025-09-02,2025-09,EUR,99,99,paid
inv_002379,cus_00135,sub_00135,plan_growth,2025-10-05,2025-10,EUR,99,99,paid
inv_002380,cus_00135,sub_00135,plan_growth,2025-11-03,2025-11,EUR,99,99,paid
inv_002381,cus_00135,sub_00135,plan_growth,2025-12-03,2025-12,EUR,99,99,paid
inv_002382,cus_00135,sub_00135,plan_growth,2026-01-03,2026-01,EUR,99,99,paid
inv_002383,cus_00135,sub_00135,plan_growth,2026-02-01,2026-02,EUR,99,99,paid
inv_002384,cus_00135,sub_00135,plan_growth,2026-03-01,2026-03,EUR,149,149,paid
inv_002385,cus_00135,sub_00135,plan_growth,2026-04-04,2026-04,EUR,149,149,paid
inv_002386,cus_00135,sub_00135,plan_growth,2026-05-01,2026-05,EUR,149,149,paid
inv_002387,cus_00135,sub_00135,plan_growth,2026-06-02,2026-06,EUR,149,149,paid
inv_002388,cus_00135,sub_00135,plan_growth,2026-07-02,2026-07,EUR,149,149,paid
inv_002389,cus_00135,sub_00135,plan_growth,2026-08-04,2026-08,EUR,149,149,paid
inv_002390,cus_00136,sub_00136,plan_growth,2025-04-02,2025-04,EUR,99,99,paid
inv_002391,cus_00136,sub_00136,plan_growth,2025-05-01,2025-05,EUR,99,99,paid
inv_002392,cus_00136,sub_00136,plan_growth,2025-06-03,2025-06,EUR,99,99,paid
inv_002393,cus_00136,sub_00136,plan_growth,2025-07-05,2025-07,EUR,99,99,paid
inv_002394,cus_00136,sub_00136,plan_growth,2025-08-04,2025-08,EUR,99,99,paid
inv_002395,cus_00136,sub_00136,plan_growth,2025-09-04,2025-09,EUR,99,99,paid
inv_002396,cus_00136,sub_00136,plan_growth,2025-10-03,2025-10,EUR,99,99,paid
inv_002397,cus_00136,sub_00136,plan_growth,2025-11-02,2025-11,EUR,99,99,paid
inv_002398,cus_00136,sub_00136,plan_growth,2025-12-03,2025-12,EUR,99,99,uncollectible
inv_002399,cus_00136,sub_00136,plan_growth,2026-01-03,2026-01,EUR,99,99,paid
inv_002400,cus_00136,sub_00136,plan_growth,2026-02-04,2026-02,EUR,99,99,paid
inv_002401,cus_00136,sub_00136,plan_growth,2026-03-03,2026-03,EUR,149,149,paid
inv_002402,cus_00136,sub_00136,plan_growth,2026-04-05,2026-04,EUR,149,149,paid
inv_002403,cus_00136,sub_00136,plan_growth,2026-05-04,2026-05,EUR,149,149,paid
inv_002404,cus_00136,sub_00136,plan_growth,2026-06-03,2026-06,EUR,149,149,paid
inv_002405,cus_00136,sub_00136,plan_growth,2026-07-04,2026-07,EUR,149,149,paid
inv_002406,cus_00136,sub_00136,plan_growth,2026-08-02,2026-08,EUR,149,149,open
inv_002407,cus_00137,sub_00137,plan_starter,2025-04-05,2025-04,EUR,29,29,paid
inv_002408,cus_00137,sub_00137,plan_starter,2025-05-02,2025-05,EUR,29,29,paid
inv_002409,cus_00137,sub_00137,plan_starter,2025-06-03,2025-06,EUR,29,29,paid
inv_002410,cus_00137,sub_00137,plan_starter,2025-07-01,2025-07,EUR,29,29,paid
inv_002411,cus_00138,sub_00138,plan_growth,2025-04-02,2025-04,EUR,99,99,paid
inv_002412,cus_00138,sub_00138,plan_growth,2025-05-05,2025-05,EUR,99,99,paid
inv_002413,cus_00138,sub_00138,plan_growth,2025-06-02,2025-06,EUR,99,99,paid
inv_002414,cus_00138,sub_00138,plan_growth,2025-07-04,2025-07,EUR,99,99,uncollectible
inv_002415,cus_00138,sub_00138,plan_growth,2025-08-02,2025-08,EUR,99,99,paid
inv_002416,cus_00138,sub_00138,plan_growth,2025-09-02,2025-09,EUR,99,99,paid
inv_002417,cus_00138,sub_00138,plan_growth,2025-10-01,2025-10,EUR,99,99,paid
inv_002418,cus_00138,sub_00138,plan_growth,2025-11-05,2025-11,EUR,99,99,paid
inv_002419,cus_00138,sub_00138,plan_growth,2025-12-04,2025-12,EUR,99,99,paid
inv_002420,cus_00138,sub_00138,plan_growth,2026-01-04,2026-01,EUR,99,99,paid
inv_002421,cus_00138,sub_00138,plan_growth,2026-02-04,2026-02,EUR,99,99,paid
inv_002422,cus_00138,sub_00138,plan_growth,2026-03-03,2026-03,EUR,149,149,paid
inv_002423,cus_00138,sub_00138,plan_growth,2026-04-01,2026-04,EUR,149,149,paid
inv_002424,cus_00138,sub_00138,plan_growth,2026-05-05,2026-05,EUR,149,149,paid
inv_002425,cus_00138,sub_00138,plan_growth,2026-06-05,2026-06,EUR,149,149,paid
inv_002426,cus_00138,sub_00138,plan_growth,2026-07-03,2026-07,EUR,149,149,paid
inv_002427,cus_00138,sub_00138,plan_growth,2026-08-04,2026-08,EUR,149,149,paid
inv_002428,cus_00139,sub_00139,plan_growth,2025-04-05,2025-04,USD,107.61,99,paid
inv_002429,cus_00139,sub_00139,plan_growth,2025-05-03,2025-05,USD,107.61,99,paid
inv_002430,cus_00139,sub_00139,plan_growth,2025-06-03,2025-06,USD,107.61,99,paid
inv_002431,cus_00139,sub_00139,plan_growth,2025-07-04,2025-07,USD,107.61,99,paid
inv_002432,cus_00139,sub_00139,plan_growth,2025-08-03,2025-08,USD,107.61,99,paid
inv_002433,cus_00139,sub_00139,plan_growth,2025-09-05,2025-09,USD,107.61,99,paid
inv_002434,cus_00139,sub_00139,plan_growth,2025-10-04,2025-10,USD,107.61,99,paid
inv_002435,cus_00139,sub_00139,plan_growth,2025-11-03,2025-11,USD,107.61,99,paid
inv_002436,cus_00139,sub_00139,plan_growth,2025-12-04,2025-12,USD,107.61,99,paid
inv_002437,cus_00139,sub_00139,plan_growth,2026-01-04,2026-01,USD,107.61,99,paid
inv_002438,cus_00139,sub_00139,plan_growth,2026-02-04,2026-02,USD,107.61,99,paid
inv_002439,cus_00139,sub_00139,plan_growth,2026-03-04,2026-03,USD,161.96,149,paid
inv_002440,cus_00140,sub_00140,plan_growth,2025-04-05,2025-04,USD,107.61,99,paid
inv_002441,cus_00140,sub_00140,plan_growth,2025-05-01,2025-05,USD,107.61,99,paid
inv_002442,cus_00140,sub_00140,plan_growth,2025-06-01,2025-06,USD,107.61,99,paid
inv_002443,cus_00140,sub_00140,plan_growth,2025-07-03,2025-07,USD,107.61,99,paid
inv_002444,cus_00140,sub_00140,plan_growth,2025-08-03,2025-08,USD,107.61,99,paid
inv_002445,cus_00140,sub_00140,plan_growth,2025-09-03,2025-09,USD,107.61,99,paid
inv_002446,cus_00140,sub_00140,plan_growth,2025-10-03,2025-10,USD,107.61,99,paid
inv_002447,cus_00140,sub_00140,plan_growth,2025-11-03,2025-11,USD,107.61,99,paid
inv_002448,cus_00140,sub_00140,plan_growth,2025-12-05,2025-12,USD,107.61,99,paid
inv_002449,cus_00140,sub_00140,plan_growth,2026-01-05,2026-01,USD,107.61,99,paid
inv_002450,cus_00140,sub_00140,plan_growth,2026-02-04,2026-02,USD,107.61,99,paid
inv_002451,cus_00141,sub_00141,plan_growth,2025-04-03,2025-04,GBP,84.62,99,void
inv_002452,cus_00141,sub_00141,plan_growth,2025-05-01,2025-05,GBP,84.62,99,paid
inv_002453,cus_00141,sub_00141,plan_growth,2025-06-03,2025-06,GBP,84.62,99,paid
inv_002454,cus_00141,sub_00141,plan_growth,2025-07-04,2025-07,GBP,84.62,99,paid
inv_002455,cus_00141,sub_00141,plan_growth,2025-08-04,2025-08,GBP,84.62,99,paid
inv_002456,cus_00141,sub_00141,plan_growth,2025-09-01,2025-09,GBP,84.62,99,paid
inv_002457,cus_00141,sub_00141,plan_growth,2025-10-02,2025-10,GBP,84.62,99,paid
inv_002458,cus_00141,sub_00141,plan_growth,2025-11-03,2025-11,GBP,84.62,99,paid
inv_002459,cus_00141,sub_00141,plan_growth,2025-12-05,2025-12,GBP,84.62,99,paid
inv_002460,cus_00141,sub_00141,plan_growth,2026-01-02,2026-01,GBP,84.62,99,paid
inv_002461,cus_00141,sub_00141,plan_growth,2026-02-01,2026-02,GBP,84.62,99,paid
inv_002462,cus_00141,sub_00141,plan_growth,2026-03-03,2026-03,GBP,127.35,149,paid
inv_002463,cus_00141,sub_00141,plan_growth,2026-04-02,2026-04,GBP,127.35,149,void
inv_002464,cus_00141,sub_00141,plan_growth,2026-05-03,2026-05,GBP,127.35,149,paid
inv_002465,cus_00141,sub_00141,plan_growth,2026-06-03,2026-06,GBP,127.35,149,paid
inv_002466,cus_00141,sub_00141,plan_growth,2026-07-02,2026-07,GBP,127.35,149,paid
inv_002467,cus_00141,sub_00141,plan_growth,2026-08-04,2026-08,GBP,127.35,149,paid
inv_002468,cus_00142,sub_00142,plan_growth,2025-04-03,2025-04,EUR,99,99,paid
inv_002469,cus_00142,sub_00142,plan_growth,2025-05-05,2025-05,EUR,99,99,paid
inv_002470,cus_00142,sub_00142,plan_growth,2025-06-05,2025-06,EUR,99,99,paid
inv_002471,cus_00142,sub_00142,plan_growth,2025-07-05,2025-07,EUR,99,99,paid
inv_002472,cus_00142,sub_00142,plan_growth,2025-08-03,2025-08,EUR,99,99,paid
inv_002473,cus_00142,sub_00142,plan_growth,2025-09-02,2025-09,EUR,99,99,paid
inv_002474,cus_00142,sub_00142,plan_growth,2025-10-05,2025-10,EUR,99,99,paid
inv_002475,cus_00142,sub_00142,plan_growth,2025-11-01,2025-11,EUR,99,99,paid
inv_002476,cus_00142,sub_00142,plan_growth,2025-12-01,2025-12,EUR,99,99,paid
inv_002477,cus_00142,sub_00142,plan_growth,2026-01-05,2026-01,EUR,99,99,paid
inv_002478,cus_00142,sub_00142,plan_growth,2026-02-05,2026-02,EUR,99,99,paid
inv_002479,cus_00142,sub_00142,plan_growth,2026-03-02,2026-03,EUR,149,149,paid
inv_002480,cus_00142,sub_00142,plan_growth,2026-04-04,2026-04,EUR,149,149,void
inv_002481,cus_00143,sub_00143,plan_growth,2025-04-05,2025-04,EUR,99,99,paid
inv_002482,cus_00143,sub_00143,plan_growth,2025-05-04,2025-05,EUR,99,99,paid
inv_002483,cus_00143,sub_00143,plan_growth,2025-06-03,2025-06,EUR,99,99,paid
inv_002484,cus_00143,sub_00143,plan_growth,2025-07-04,2025-07,EUR,99,99,paid
inv_002485,cus_00143,sub_00143,plan_growth,2025-08-04,2025-08,EUR,99,99,paid
inv_002486,cus_00143,sub_00143,plan_growth,2025-09-04,2025-09,EUR,99,99,paid
inv_002487,cus_00143,sub_00143,plan_growth,2025-10-02,2025-10,EUR,99,99,paid
inv_002488,cus_00143,sub_00143,plan_growth,2025-11-04,2025-11,EUR,99,99,paid
inv_002489,cus_00143,sub_00143,plan_growth,2025-12-03,2025-12,EUR,99,99,paid
inv_002490,cus_00143,sub_00143,plan_growth,2026-01-02,2026-01,EUR,99,99,paid
inv_002491,cus_00143,sub_00143,plan_growth,2026-02-02,2026-02,EUR,99,99,paid
inv_002492,cus_00143,sub_00143,plan_growth,2026-03-05,2026-03,EUR,149,149,paid
inv_002493,cus_00143,sub_00143,plan_growth,2026-04-04,2026-04,EUR,149,149,paid
inv_002494,cus_00143,sub_00143,plan_growth,2026-05-01,2026-05,EUR,149,149,paid
inv_002495,cus_00143,sub_00143,plan_growth,2026-06-05,2026-06,EUR,149,149,paid
inv_002496,cus_00143,sub_00143,plan_growth,2026-07-03,2026-07,EUR,149,149,open
inv_002497,cus_00143,sub_00143,plan_growth,2026-08-05,2026-08,EUR,149,149,paid
inv_002498,cus_00144,sub_00144,plan_starter,2025-04-04,2025-04,EUR,29,29,open
inv_002499,cus_00144,sub_00144,plan_starter,2025-05-03,2025-05,EUR,29,29,paid
inv_002500,cus_00144,sub_00144,plan_starter,2025-06-04,2025-06,EUR,29,29,paid
inv_002501,cus_00144,sub_00144,plan_starter,2025-07-03,2025-07,EUR,29,29,paid
inv_002502,cus_00144,sub_00144,plan_starter,2025-08-04,2025-08,EUR,29,29,paid
inv_002503,cus_00144,sub_00144,plan_starter,2025-09-03,2025-09,EUR,29,29,paid
inv_002504,cus_00145,sub_00145,plan_scale,2025-04-01,2025-04,EUR,299,299,paid
inv_002505,cus_00145,sub_00145,plan_scale,2025-05-02,2025-05,EUR,299,299,paid
inv_002506,cus_00145,sub_00145,plan_scale,2025-06-01,2025-06,EUR,299,299,paid
inv_002507,cus_00145,sub_00145,plan_scale,2025-07-02,2025-07,EUR,299,299,paid
inv_002508,cus_00145,sub_00145,plan_scale,2025-08-04,2025-08,EUR,299,299,paid
inv_002509,cus_00145,sub_00145,plan_scale,2025-09-04,2025-09,EUR,299,299,paid
inv_002510,cus_00145,sub_00145,plan_scale,2025-10-05,2025-10,EUR,299,299,paid
inv_002511,cus_00145,sub_00145,plan_scale,2025-11-02,2025-11,EUR,299,299,paid
inv_002512,cus_00145,sub_00145,plan_scale,2025-12-04,2025-12,EUR,299,299,paid
inv_002513,cus_00145,sub_00145,plan_scale,2026-01-04,2026-01,EUR,299,299,uncollectible
inv_002514,cus_00145,sub_00145,plan_scale,2026-02-02,2026-02,EUR,299,299,paid
inv_002515,cus_00145,sub_00145,plan_scale,2026-03-05,2026-03,EUR,299,299,paid
inv_002516,cus_00145,sub_00145,plan_scale,2026-04-01,2026-04,EUR,299,299,paid
inv_002517,cus_00145,sub_00145,plan_scale,2026-05-03,2026-05,EUR,299,299,paid
inv_002518,cus_00145,sub_00145,plan_scale,2026-06-05,2026-06,EUR,299,299,paid
inv_002519,cus_00145,sub_00145,plan_scale,2026-07-01,2026-07,EUR,299,299,paid
inv_002520,cus_00145,sub_00145,plan_scale,2026-08-01,2026-08,EUR,299,299,paid
inv_002521,cus_00146,sub_00146,plan_scale,2025-04-02,2025-04,EUR,299,299,paid
inv_002522,cus_00146,sub_00146,plan_scale,2025-05-03,2025-05,EUR,299,299,paid
inv_002523,cus_00146,sub_00146,plan_scale,2025-06-03,2025-06,EUR,299,299,paid
inv_002524,cus_00146,sub_00146,plan_scale,2025-07-03,2025-07,EUR,299,299,paid
inv_002525,cus_00146,sub_00146,plan_scale,2025-08-04,2025-08,EUR,299,299,paid
inv_002526,cus_00146,sub_00146,plan_scale,2025-09-02,2025-09,EUR,299,299,paid
inv_002527,cus_00146,sub_00146,plan_scale,2025-10-04,2025-10,EUR,299,299,paid
inv_002528,cus_00146,sub_00146,plan_scale,2025-11-05,2025-11,EUR,299,299,paid
inv_002529,cus_00146,sub_00146,plan_scale,2025-12-05,2025-12,EUR,299,299,paid
inv_002530,cus_00146,sub_00146,plan_scale,2026-01-01,2026-01,EUR,299,299,paid
inv_002531,cus_00146,sub_00146,plan_scale,2026-02-04,2026-02,EUR,299,299,paid
inv_002532,cus_00146,sub_00146,plan_scale,2026-03-01,2026-03,EUR,299,299,paid
inv_002533,cus_00146,sub_00146,plan_scale,2026-04-05,2026-04,EUR,299,299,paid
inv_002534,cus_00146,sub_00146,plan_scale,2026-05-03,2026-05,EUR,299,299,paid
inv_002535,cus_00146,sub_00146,plan_scale,2026-06-04,2026-06,EUR,299,299,paid
inv_002536,cus_00146,sub_00146,plan_scale,2026-07-03,2026-07,EUR,299,299,paid
inv_002537,cus_00146,sub_00146,plan_scale,2026-08-05,2026-08,EUR,299,299,paid
inv_002538,cus_00147,sub_00147,plan_starter,2025-04-03,2025-04,USD,31.52,29,paid
inv_002539,cus_00147,sub_00147,plan_starter,2025-05-04,2025-05,USD,31.52,29,paid
inv_002540,cus_00147,sub_00147,plan_starter,2025-06-02,2025-06,USD,31.52,29,paid
inv_002541,cus_00147,sub_00147,plan_starter,2025-07-04,2025-07,USD,31.52,29,paid
inv_002542,cus_00147,sub_00147,plan_starter,2025-08-03,2025-08,USD,31.52,29,paid
inv_002543,cus_00147,sub_00147,plan_starter,2025-09-04,2025-09,USD,31.52,29,paid
inv_002544,cus_00148,sub_00148,plan_enterprise,2025-04-01,2025-04,USD,1085.87,999,paid
inv_002545,cus_00148,sub_00148,plan_enterprise,2025-05-01,2025-05,USD,1085.87,999,open
inv_002546,cus_00148,sub_00148,plan_enterprise,2025-06-02,2025-06,USD,1085.87,999,paid
inv_002547,cus_00148,sub_00148,plan_enterprise,2025-07-04,2025-07,USD,1085.87,999,paid
inv_002548,cus_00148,sub_00148,plan_enterprise,2025-08-01,2025-08,USD,1085.87,999,open
inv_002549,cus_00148,sub_00148,plan_enterprise,2025-09-01,2025-09,USD,1085.87,999,paid
inv_002550,cus_00148,sub_00148,plan_enterprise,2025-10-03,2025-10,USD,1085.87,999,paid
inv_002551,cus_00148,sub_00148,plan_enterprise,2025-11-04,2025-11,USD,1085.87,999,paid
inv_002552,cus_00148,sub_00148,plan_enterprise,2025-12-05,2025-12,USD,1085.87,999,paid
inv_002553,cus_00148,sub_00148,plan_enterprise,2026-01-02,2026-01,USD,1085.87,999,open
inv_002554,cus_00148,sub_00148,plan_enterprise,2026-02-03,2026-02,USD,1085.87,999,paid
inv_002555,cus_00148,sub_00148,plan_enterprise,2026-03-01,2026-03,USD,1085.87,999,paid
inv_002556,cus_00148,sub_00148,plan_enterprise,2026-04-02,2026-04,USD,1085.87,999,paid
inv_002557,cus_00148,sub_00148,plan_enterprise,2026-05-03,2026-05,USD,1085.87,999,paid
inv_002558,cus_00148,sub_00148,plan_enterprise,2026-06-04,2026-06,USD,1085.87,999,paid
inv_002559,cus_00148,sub_00148,plan_enterprise,2026-07-01,2026-07,USD,1085.87,999,paid
inv_002560,cus_00148,sub_00148,plan_enterprise,2026-08-01,2026-08,USD,1085.87,999,paid
inv_002561,cus_00149,sub_00149,plan_starter,2025-04-02,2025-04,EUR,29,29,paid
inv_002562,cus_00149,sub_00149,plan_starter,2025-05-03,2025-05,EUR,29,29,paid
inv_002563,cus_00149,sub_00149,plan_starter,2025-06-05,2025-06,EUR,29,29,paid
inv_002564,cus_00150,sub_00150,plan_starter,2025-04-02,2025-04,EUR,29,29,paid
inv_002565,cus_00150,sub_00150,plan_starter,2025-05-05,2025-05,EUR,29,29,uncollectible
inv_002566,cus_00150,sub_00150,plan_starter,2025-06-05,2025-06,EUR,29,29,paid
inv_002567,cus_00150,sub_00150,plan_starter,2025-07-02,2025-07,EUR,29,29,paid
inv_002568,cus_00150,sub_00150,plan_starter,2025-08-02,2025-08,EUR,29,29,paid
inv_002569,cus_00150,sub_00150,plan_starter,2025-09-02,2025-09,EUR,29,29,paid
inv_002570,cus_00150,sub_00150,plan_starter,2025-10-02,2025-10,EUR,29,29,paid
inv_002571,cus_00150,sub_00150,plan_starter,2025-11-01,2025-11,EUR,29,29,paid
inv_002572,cus_00150,sub_00150,plan_starter,2025-12-04,2025-12,EUR,29,29,paid
inv_002573,cus_00150,sub_00150,plan_starter,2026-01-03,2026-01,EUR,29,29,paid
inv_002574,cus_00150,sub_00150,plan_starter,2026-02-05,2026-02,EUR,29,29,paid
inv_002575,cus_00150,sub_00150,plan_starter,2026-03-05,2026-03,EUR,29,29,paid
inv_002576,cus_00150,sub_00150,plan_starter,2026-04-02,2026-04,EUR,29,29,open
inv_002577,cus_00150,sub_00150,plan_starter,2026-05-02,2026-05,EUR,29,29,paid
inv_002578,cus_00150,sub_00150,plan_starter,2026-06-03,2026-06,EUR,29,29,paid
inv_002579,cus_00150,sub_00150,plan_starter,2026-07-05,2026-07,EUR,29,29,paid
inv_002580,cus_00150,sub_00150,plan_starter,2026-08-03,2026-08,EUR,29,29,paid
inv_002581,cus_00151,sub_00151,plan_growth,2025-04-05,2025-04,EUR,99,99,paid
inv_002582,cus_00151,sub_00151,plan_growth,2025-05-01,2025-05,EUR,99,99,paid
inv_002583,cus_00151,sub_00151,plan_growth,2025-06-03,2025-06,EUR,99,99,uncollectible
inv_002584,cus_00151,sub_00151,plan_growth,2025-07-02,2025-07,EUR,99,99,paid
inv_002585,cus_00151,sub_00151,plan_growth,2025-08-04,2025-08,EUR,99,99,paid
inv_002586,cus_00151,sub_00151,plan_growth,2025-09-03,2025-09,EUR,99,99,paid
inv_002587,cus_00152,sub_00152,plan_scale,2025-04-05,2025-04,USD,325,299,paid
inv_002588,cus_00152,sub_00152,plan_scale,2025-05-03,2025-05,USD,325,299,paid
inv_002589,cus_00152,sub_00152,plan_scale,2025-06-01,2025-06,USD,325,299,paid
inv_002590,cus_00152,sub_00152,plan_scale,2025-07-04,2025-07,USD,325,299,paid
inv_002591,cus_00152,sub_00152,plan_scale,2025-08-03,2025-08,USD,325,299,paid
inv_002592,cus_00152,sub_00152,plan_scale,2025-09-03,2025-09,USD,325,299,paid
inv_002593,cus_00152,sub_00152,plan_scale,2025-10-03,2025-10,USD,325,299,paid
inv_002594,cus_00152,sub_00152,plan_scale,2025-11-05,2025-11,USD,325,299,paid
inv_002595,cus_00152,sub_00152,plan_scale,2025-12-01,2025-12,USD,325,299,paid
inv_002596,cus_00152,sub_00152,plan_scale,2026-01-02,2026-01,USD,325,299,paid
inv_002597,cus_00152,sub_00152,plan_scale,2026-02-03,2026-02,USD,325,299,paid
inv_002598,cus_00152,sub_00152,plan_scale,2026-03-04,2026-03,USD,325,299,paid
inv_002599,cus_00152,sub_00152,plan_scale,2026-04-03,2026-04,USD,325,299,paid
inv_002600,cus_00152,sub_00152,plan_scale,2026-05-04,2026-05,USD,325,299,paid
inv_002601,cus_00152,sub_00152,plan_scale,2026-06-04,2026-06,USD,325,299,paid
inv_002602,cus_00152,sub_00152,plan_scale,2026-07-05,2026-07,USD,325,299,paid
inv_002603,cus_00152,sub_00152,plan_scale,2026-08-05,2026-08,USD,325,299,uncollectible
inv_002604,cus_00153,sub_00153,plan_enterprise,2025-04-03,2025-04,EUR,999,999,paid
inv_002605,cus_00153,sub_00153,plan_enterprise,2025-05-04,2025-05,EUR,999,999,paid
inv_002606,cus_00153,sub_00153,plan_enterprise,2025-06-03,2025-06,EUR,999,999,open
inv_002607,cus_00153,sub_00153,plan_enterprise,2025-07-04,2025-07,EUR,999,999,paid
inv_002608,cus_00153,sub_00153,plan_enterprise,2025-08-04,2025-08,EUR,999,999,paid
inv_002609,cus_00153,sub_00153,plan_enterprise,2025-09-05,2025-09,EUR,999,999,paid
inv_002610,cus_00153,sub_00153,plan_enterprise,2025-10-05,2025-10,EUR,999,999,paid
inv_002611,cus_00153,sub_00153,plan_enterprise,2025-11-04,2025-11,EUR,999,999,paid
inv_002612,cus_00153,sub_00153,plan_enterprise,2025-12-05,2025-12,EUR,999,999,paid
inv_002613,cus_00153,sub_00153,plan_enterprise,2026-01-04,2026-01,EUR,999,999,paid
inv_002614,cus_00153,sub_00153,plan_enterprise,2026-02-03,2026-02,EUR,999,999,paid
inv_002615,cus_00153,sub_00153,plan_enterprise,2026-03-03,2026-03,EUR,999,999,paid
inv_002616,cus_00153,sub_00153,plan_enterprise,2026-04-02,2026-04,EUR,999,999,paid
inv_002617,cus_00153,sub_00153,plan_enterprise,2026-05-02,2026-05,EUR,999,999,paid
inv_002618,cus_00153,sub_00153,plan_enterprise,2026-06-03,2026-06,EUR,999,999,paid
inv_002619,cus_00153,sub_00153,plan_enterprise,2026-07-05,2026-07,EUR,999,999,paid
inv_002620,cus_00153,sub_00153,plan_enterprise,2026-08-02,2026-08,EUR,999,999,paid
inv_002621,cus_00154,sub_00154,plan_scale,2025-04-02,2025-04,CHF,284.76,299,paid
inv_002622,cus_00154,sub_00154,plan_scale,2025-05-05,2025-05,CHF,284.76,299,paid
inv_002623,cus_00154,sub_00154,plan_scale,2025-06-04,2025-06,CHF,284.76,299,paid
inv_002624,cus_00154,sub_00154,plan_scale,2025-07-01,2025-07,CHF,284.76,299,paid
inv_002625,cus_00154,sub_00154,plan_scale,2025-08-02,2025-08,CHF,284.76,299,open
inv_002626,cus_00154,sub_00154,plan_scale,2025-09-01,2025-09,CHF,284.76,299,paid
inv_002627,cus_00154,sub_00154,plan_scale,2025-10-04,2025-10,CHF,284.76,299,paid
inv_002628,cus_00154,sub_00154,plan_scale,2025-11-01,2025-11,CHF,284.76,299,paid
inv_002629,cus_00154,sub_00154,plan_scale,2025-12-01,2025-12,CHF,284.76,299,paid
inv_002630,cus_00154,sub_00154,plan_scale,2026-01-02,2026-01,CHF,284.76,299,paid
inv_002631,cus_00154,sub_00154,plan_scale,2026-02-02,2026-02,CHF,284.76,299,paid
inv_002632,cus_00154,sub_00154,plan_scale,2026-03-05,2026-03,CHF,284.76,299,paid
inv_002633,cus_00154,sub_00154,plan_scale,2026-04-04,2026-04,CHF,284.76,299,paid
inv_002634,cus_00154,sub_00154,plan_scale,2026-05-03,2026-05,CHF,284.76,299,paid
inv_002635,cus_00154,sub_00154,plan_scale,2026-06-01,2026-06,CHF,284.76,299,paid
inv_002636,cus_00154,sub_00154,plan_scale,2026-07-03,2026-07,CHF,284.76,299,paid
inv_002637,cus_00154,sub_00154,plan_scale,2026-08-04,2026-08,CHF,284.76,299,paid
inv_002638,cus_00155,sub_00155,plan_starter,2025-04-04,2025-04,EUR,29,29,paid
inv_002639,cus_00155,sub_00155,plan_starter,2025-05-02,2025-05,EUR,29,29,paid
inv_002640,cus_00155,sub_00155,plan_starter,2025-06-01,2025-06,EUR,29,29,paid
inv_002641,cus_00155,sub_00155,plan_starter,2025-07-05,2025-07,EUR,29,29,paid
inv_002642,cus_00155,sub_00155,plan_starter,2025-08-02,2025-08,EUR,29,29,paid
inv_002643,cus_00155,sub_00155,plan_starter,2025-09-02,2025-09,EUR,29,29,paid
inv_002644,cus_00155,sub_00155,plan_starter,2025-10-04,2025-10,EUR,29,29,paid
inv_002645,cus_00155,sub_00155,plan_starter,2025-11-01,2025-11,EUR,29,29,paid
inv_002646,cus_00155,sub_00155,plan_starter,2025-12-04,2025-12,EUR,29,29,paid
inv_002647,cus_00155,sub_00155,plan_starter,2026-01-01,2026-01,EUR,29,29,paid
inv_002648,cus_00155,sub_00155,plan_starter,2026-02-01,2026-02,EUR,29,29,paid
inv_002649,cus_00155,sub_00155,plan_starter,2026-03-01,2026-03,EUR,29,29,paid
inv_002650,cus_00155,sub_00155,plan_starter,2026-04-03,2026-04,EUR,29,29,paid
inv_002651,cus_00155,sub_00155,plan_starter,2026-05-01,2026-05,EUR,29,29,paid
inv_002652,cus_00155,sub_00155,plan_starter,2026-06-01,2026-06,EUR,29,29,paid
inv_002653,cus_00155,sub_00155,plan_starter,2026-07-01,2026-07,EUR,29,29,void
inv_002654,cus_00155,sub_00155,plan_starter,2026-08-03,2026-08,EUR,29,29,paid
inv_002655,cus_00156,sub_00156,plan_starter,2025-04-03,2025-04,EUR,29,29,paid
inv_002656,cus_00156,sub_00156,plan_starter,2025-05-02,2025-05,EUR,29,29,paid
inv_002657,cus_00156,sub_00156,plan_starter,2025-06-01,2025-06,EUR,29,29,uncollectible
inv_002658,cus_00156,sub_00156,plan_starter,2025-07-04,2025-07,EUR,29,29,paid
inv_002659,cus_00156,sub_00156,plan_starter,2025-08-04,2025-08,EUR,29,29,paid
inv_002660,cus_00156,sub_00156,plan_starter,2025-09-01,2025-09,EUR,29,29,paid
inv_002661,cus_00156,sub_00156,plan_starter,2025-10-05,2025-10,EUR,29,29,open
inv_002662,cus_00156,sub_00156,plan_starter,2025-11-04,2025-11,EUR,29,29,paid
inv_002663,cus_00156,sub_00156,plan_starter,2025-12-03,2025-12,EUR,29,29,paid
inv_002664,cus_00156,sub_00156,plan_starter,2026-01-03,2026-01,EUR,29,29,paid
inv_002665,cus_00156,sub_00156,plan_starter,2026-02-01,2026-02,EUR,29,29,paid
inv_002666,cus_00156,sub_00156,plan_starter,2026-03-02,2026-03,EUR,29,29,paid
inv_002667,cus_00156,sub_00156,plan_starter,2026-04-05,2026-04,EUR,29,29,paid
inv_002668,cus_00156,sub_00156,plan_starter,2026-05-05,2026-05,EUR,29,29,paid
inv_002669,cus_00156,sub_00156,plan_starter,2026-06-01,2026-06,EUR,29,29,paid
inv_002670,cus_00156,sub_00156,plan_starter,2026-07-02,2026-07,EUR,29,29,paid
inv_002671,cus_00156,sub_00156,plan_starter,2026-08-01,2026-08,EUR,29,29,paid
inv_002672,cus_00157,sub_00157,plan_scale,2025-05-03,2025-05,EUR,299,299,paid
inv_002673,cus_00157,sub_00157,plan_scale,2025-06-04,2025-06,EUR,299,299,paid
inv_002674,cus_00157,sub_00157,plan_scale,2025-07-05,2025-07,EUR,299,299,paid
inv_002675,cus_00157,sub_00157,plan_scale,2025-08-03,2025-08,EUR,299,299,paid
inv_002676,cus_00157,sub_00157,plan_scale,2025-09-02,2025-09,EUR,299,299,paid
inv_002677,cus_00157,sub_00157,plan_scale,2025-10-03,2025-10,EUR,299,299,paid
inv_002678,cus_00157,sub_00157,plan_scale,2025-11-04,2025-11,EUR,299,299,paid
inv_002679,cus_00157,sub_00157,plan_scale,2025-12-01,2025-12,EUR,299,299,paid
inv_002680,cus_00157,sub_00157,plan_scale,2026-01-01,2026-01,EUR,299,299,paid
inv_002681,cus_00157,sub_00157,plan_scale,2026-02-02,2026-02,EUR,299,299,paid
inv_002682,cus_00157,sub_00157,plan_scale,2026-03-01,2026-03,EUR,299,299,paid
inv_002683,cus_00157,sub_00157,plan_scale,2026-04-02,2026-04,EUR,299,299,paid
inv_002684,cus_00157,sub_00157,plan_scale,2026-05-03,2026-05,EUR,299,299,paid
inv_002685,cus_00157,sub_00157,plan_scale,2026-06-05,2026-06,EUR,299,299,paid
inv_002686,cus_00157,sub_00157,plan_scale,2026-07-03,2026-07,EUR,299,299,paid
inv_002687,cus_00157,sub_00157,plan_scale,2026-08-03,2026-08,EUR,299,299,paid
inv_002688,cus_00158,sub_00158,plan_scale,2025-05-02,2025-05,EUR,299,299,paid
inv_002689,cus_00158,sub_00158,plan_scale,2025-06-03,2025-06,EUR,299,299,paid
inv_002690,cus_00158,sub_00158,plan_scale,2025-07-04,2025-07,EUR,299,299,paid
inv_002691,cus_00158,sub_00158,plan_scale,2025-08-01,2025-08,EUR,299,299,paid
inv_002692,cus_00158,sub_00158,plan_scale,2025-09-02,2025-09,EUR,299,299,paid
inv_002693,cus_00158,sub_00158,plan_scale,2025-10-03,2025-10,EUR,299,299,paid
inv_002694,cus_00158,sub_00158,plan_scale,2025-11-05,2025-11,EUR,299,299,paid
inv_002695,cus_00158,sub_00158,plan_scale,2025-12-04,2025-12,EUR,299,299,paid
inv_002696,cus_00159,sub_00159,plan_enterprise,2025-05-05,2025-05,GBP,853.85,999,uncollectible
inv_002697,cus_00159,sub_00159,plan_enterprise,2025-06-04,2025-06,GBP,853.85,999,paid
inv_002698,cus_00159,sub_00159,plan_enterprise,2025-07-03,2025-07,GBP,853.85,999,paid
inv_002699,cus_00159,sub_00159,plan_enterprise,2025-08-02,2025-08,GBP,853.85,999,paid
inv_002700,cus_00159,sub_00159,plan_enterprise,2025-09-04,2025-09,GBP,853.85,999,paid
inv_002701,cus_00159,sub_00159,plan_enterprise,2025-10-05,2025-10,GBP,853.85,999,paid
inv_002702,cus_00159,sub_00159,plan_enterprise,2025-11-05,2025-11,GBP,853.85,999,paid
inv_002703,cus_00159,sub_00159,plan_enterprise,2025-12-05,2025-12,GBP,853.85,999,paid
inv_002704,cus_00159,sub_00159,plan_enterprise,2026-01-02,2026-01,GBP,853.85,999,paid
inv_002705,cus_00159,sub_00159,plan_enterprise,2026-02-03,2026-02,GBP,853.85,999,paid
inv_002706,cus_00159,sub_00159,plan_enterprise,2026-03-04,2026-03,GBP,853.85,999,paid
inv_002707,cus_00159,sub_00159,plan_enterprise,2026-04-02,2026-04,GBP,853.85,999,paid
inv_002708,cus_00159,sub_00159,plan_enterprise,2026-05-02,2026-05,GBP,853.85,999,paid
inv_002709,cus_00159,sub_00159,plan_enterprise,2026-06-03,2026-06,GBP,853.85,999,paid
inv_002710,cus_00159,sub_00159,plan_enterprise,2026-07-05,2026-07,GBP,853.85,999,paid
inv_002711,cus_00159,sub_00159,plan_enterprise,2026-08-02,2026-08,GBP,853.85,999,paid
inv_002712,cus_00160,sub_00160,plan_scale,2025-05-04,2025-05,USD,325,299,paid
inv_002713,cus_00160,sub_00160,plan_scale,2025-06-03,2025-06,USD,325,299,paid
inv_002714,cus_00160,sub_00160,plan_scale,2025-07-03,2025-07,USD,325,299,paid
inv_002715,cus_00160,sub_00160,plan_scale,2025-08-05,2025-08,USD,325,299,paid
inv_002716,cus_00160,sub_00160,plan_scale,2025-09-01,2025-09,USD,325,299,paid
inv_002717,cus_00160,sub_00160,plan_scale,2025-10-01,2025-10,USD,325,299,paid
inv_002718,cus_00160,sub_00160,plan_scale,2025-11-05,2025-11,USD,325,299,paid
inv_002719,cus_00160,sub_00160,plan_scale,2025-12-04,2025-12,USD,325,299,paid
inv_002720,cus_00160,sub_00160,plan_scale,2026-01-05,2026-01,USD,325,299,paid
inv_002721,cus_00160,sub_00160,plan_scale,2026-02-04,2026-02,USD,325,299,paid
inv_002722,cus_00160,sub_00160,plan_scale,2026-03-03,2026-03,USD,325,299,paid
inv_002723,cus_00160,sub_00160,plan_scale,2026-04-04,2026-04,USD,325,299,paid
inv_002724,cus_00160,sub_00160,plan_scale,2026-05-05,2026-05,USD,325,299,paid
inv_002725,cus_00160,sub_00160,plan_scale,2026-06-04,2026-06,USD,325,299,paid
inv_002726,cus_00160,sub_00160,plan_scale,2026-07-01,2026-07,USD,325,299,paid
inv_002727,cus_00160,sub_00160,plan_scale,2026-08-03,2026-08,USD,325,299,paid
inv_002728,cus_00161,sub_00161,plan_growth,2025-05-03,2025-05,EUR,99,99,paid
inv_002729,cus_00161,sub_00161,plan_growth,2025-06-02,2025-06,EUR,99,99,paid
inv_002730,cus_00161,sub_00161,plan_growth,2025-07-01,2025-07,EUR,99,99,paid
inv_002731,cus_00161,sub_00161,plan_growth,2025-08-03,2025-08,EUR,99,99,open
inv_002732,cus_00161,sub_00161,plan_growth,2025-09-04,2025-09,EUR,99,99,paid
inv_002733,cus_00161,sub_00161,plan_growth,2025-10-01,2025-10,EUR,99,99,paid
inv_002734,cus_00161,sub_00161,plan_growth,2025-11-04,2025-11,EUR,99,99,paid
inv_002735,cus_00161,sub_00161,plan_growth,2025-12-04,2025-12,EUR,99,99,paid
inv_002736,cus_00161,sub_00161,plan_growth,2026-01-02,2026-01,EUR,99,99,paid
inv_002737,cus_00161,sub_00161,plan_growth,2026-02-04,2026-02,EUR,99,99,paid
inv_002738,cus_00161,sub_00161,plan_growth,2026-03-02,2026-03,EUR,149,149,paid
inv_002739,cus_00161,sub_00161,plan_growth,2026-04-03,2026-04,EUR,149,149,paid
inv_002740,cus_00161,sub_00161,plan_growth,2026-05-05,2026-05,EUR,149,149,paid
inv_002741,cus_00161,sub_00161,plan_growth,2026-06-01,2026-06,EUR,149,149,paid
inv_002742,cus_00161,sub_00161,plan_growth,2026-07-04,2026-07,EUR,149,149,paid
inv_002743,cus_00161,sub_00161,plan_growth,2026-08-05,2026-08,EUR,149,149,paid
inv_002744,cus_00162,sub_00162,plan_starter,2025-05-04,2025-05,EUR,29,29,paid
inv_002745,cus_00162,sub_00162,plan_starter,2025-06-03,2025-06,EUR,29,29,paid
inv_002746,cus_00162,sub_00162,plan_starter,2025-07-04,2025-07,EUR,29,29,paid
inv_002747,cus_00162,sub_00162,plan_starter,2025-08-03,2025-08,EUR,29,29,paid
inv_002748,cus_00162,sub_00162,plan_starter,2025-09-05,2025-09,EUR,29,29,paid
inv_002749,cus_00162,sub_00162,plan_starter,2025-10-03,2025-10,EUR,29,29,paid
inv_002750,cus_00162,sub_00162,plan_starter,2025-11-04,2025-11,EUR,29,29,paid
inv_002751,cus_00162,sub_00162,plan_starter,2025-12-03,2025-12,EUR,29,29,paid
inv_002752,cus_00162,sub_00162,plan_starter,2026-01-03,2026-01,EUR,29,29,open
inv_002753,cus_00162,sub_00162,plan_starter,2026-02-05,2026-02,EUR,29,29,void
inv_002754,cus_00162,sub_00162,plan_starter,2026-03-02,2026-03,EUR,29,29,paid
inv_002755,cus_00162,sub_00162,plan_starter,2026-04-01,2026-04,EUR,29,29,paid
inv_002756,cus_00162,sub_00162,plan_starter,2026-05-04,2026-05,EUR,29,29,paid
inv_002757,cus_00162,sub_00162,plan_starter,2026-06-05,2026-06,EUR,29,29,void
inv_002758,cus_00162,sub_00162,plan_starter,2026-07-01,2026-07,EUR,29,29,paid
inv_002759,cus_00162,sub_00162,plan_starter,2026-08-02,2026-08,EUR,29,29,paid
inv_002760,cus_00163,sub_00163,plan_growth,2025-05-04,2025-05,EUR,99,99,paid
inv_002761,cus_00163,sub_00163,plan_growth,2025-06-01,2025-06,EUR,99,99,paid
inv_002762,cus_00163,sub_00163,plan_growth,2025-07-02,2025-07,EUR,99,99,paid
inv_002763,cus_00163,sub_00163,plan_growth,2025-08-04,2025-08,EUR,99,99,paid
inv_002764,cus_00163,sub_00163,plan_growth,2025-09-05,2025-09,EUR,99,99,paid
inv_002765,cus_00163,sub_00163,plan_growth,2025-10-01,2025-10,EUR,99,99,paid
inv_002766,cus_00163,sub_00163,plan_growth,2025-11-02,2025-11,EUR,99,99,paid
inv_002767,cus_00163,sub_00163,plan_growth,2025-12-02,2025-12,EUR,99,99,paid
inv_002768,cus_00163,sub_00163,plan_growth,2026-01-04,2026-01,EUR,99,99,paid
inv_002769,cus_00163,sub_00163,plan_growth,2026-02-04,2026-02,EUR,99,99,paid
inv_002770,cus_00163,sub_00163,plan_growth,2026-03-01,2026-03,EUR,149,149,paid
inv_002771,cus_00163,sub_00163,plan_growth,2026-04-03,2026-04,EUR,149,149,paid
inv_002772,cus_00163,sub_00163,plan_growth,2026-05-03,2026-05,EUR,149,149,paid
inv_002773,cus_00163,sub_00163,plan_growth,2026-06-02,2026-06,EUR,149,149,open
inv_002774,cus_00163,sub_00163,plan_growth,2026-07-05,2026-07,EUR,149,149,paid
inv_002775,cus_00163,sub_00163,plan_growth,2026-08-01,2026-08,EUR,149,149,paid
inv_002776,cus_00164,sub_00164,plan_scale,2025-05-02,2025-05,EUR,299,299,paid
inv_002777,cus_00164,sub_00164,plan_scale,2025-06-02,2025-06,EUR,299,299,paid
inv_002778,cus_00164,sub_00164,plan_scale,2025-07-02,2025-07,EUR,299,299,paid
inv_002779,cus_00164,sub_00164,plan_scale,2025-08-03,2025-08,EUR,299,299,paid
inv_002780,cus_00164,sub_00164,plan_scale,2025-09-03,2025-09,EUR,299,299,paid
inv_002781,cus_00164,sub_00164,plan_scale,2025-10-02,2025-10,EUR,299,299,open
inv_002782,cus_00164,sub_00164,plan_scale,2025-11-01,2025-11,EUR,299,299,paid
inv_002783,cus_00164,sub_00164,plan_scale,2025-12-02,2025-12,EUR,299,299,paid
inv_002784,cus_00164,sub_00164,plan_scale,2026-01-05,2026-01,EUR,299,299,open
inv_002785,cus_00164,sub_00164,plan_scale,2026-02-03,2026-02,EUR,299,299,paid
inv_002786,cus_00164,sub_00164,plan_scale,2026-03-01,2026-03,EUR,299,299,paid
inv_002787,cus_00164,sub_00164,plan_scale,2026-04-01,2026-04,EUR,299,299,open
inv_002788,cus_00164,sub_00164,plan_scale,2026-05-01,2026-05,EUR,299,299,paid
inv_002789,cus_00164,sub_00164,plan_scale,2026-06-05,2026-06,EUR,299,299,paid
inv_002790,cus_00164,sub_00164,plan_scale,2026-07-05,2026-07,EUR,299,299,open
inv_002791,cus_00164,sub_00164,plan_scale,2026-08-02,2026-08,EUR,299,299,paid
inv_002792,cus_00165,sub_00165,plan_enterprise,2025-05-02,2025-05,CHF,951.43,999,paid
inv_002793,cus_00165,sub_00165,plan_enterprise,2025-06-02,2025-06,CHF,951.43,999,paid
inv_002794,cus_00165,sub_00165,plan_enterprise,2025-07-01,2025-07,CHF,951.43,999,paid
inv_002795,cus_00165,sub_00165,plan_enterprise,2025-08-03,2025-08,CHF,951.43,999,paid
inv_002796,cus_00165,sub_00165,plan_enterprise,2025-09-04,2025-09,CHF,951.43,999,paid
inv_002797,cus_00165,sub_00165,plan_enterprise,2025-10-05,2025-10,CHF,951.43,999,paid
inv_002798,cus_00165,sub_00165,plan_enterprise,2025-11-01,2025-11,CHF,951.43,999,uncollectible
inv_002799,cus_00165,sub_00165,plan_enterprise,2025-12-01,2025-12,CHF,951.43,999,paid
inv_002800,cus_00165,sub_00165,plan_enterprise,2026-01-03,2026-01,CHF,951.43,999,uncollectible
inv_002801,cus_00165,sub_00165,plan_enterprise,2026-02-02,2026-02,CHF,951.43,999,uncollectible
inv_002802,cus_00165,sub_00165,plan_enterprise,2026-03-04,2026-03,CHF,951.43,999,paid
inv_002803,cus_00165,sub_00165,plan_enterprise,2026-04-03,2026-04,CHF,951.43,999,paid
inv_002804,cus_00165,sub_00165,plan_enterprise,2026-05-05,2026-05,CHF,951.43,999,paid
inv_002805,cus_00165,sub_00165,plan_enterprise,2026-06-03,2026-06,CHF,951.43,999,paid
inv_002806,cus_00165,sub_00165,plan_enterprise,2026-07-03,2026-07,CHF,951.43,999,paid
inv_002807,cus_00166,sub_00166,plan_starter,2025-05-01,2025-05,EUR,29,29,paid
inv_002808,cus_00166,sub_00166,plan_starter,2025-06-01,2025-06,EUR,29,29,paid
inv_002809,cus_00166,sub_00166,plan_starter,2025-07-04,2025-07,EUR,29,29,paid
inv_002810,cus_00166,sub_00166,plan_starter,2025-08-05,2025-08,EUR,29,29,paid
inv_002811,cus_00166,sub_00166,plan_starter,2025-09-02,2025-09,EUR,29,29,paid
inv_002812,cus_00166,sub_00166,plan_starter,2025-10-04,2025-10,EUR,29,29,paid
inv_002813,cus_00166,sub_00166,plan_starter,2025-11-03,2025-11,EUR,29,29,paid
inv_002814,cus_00166,sub_00166,plan_starter,2025-12-02,2025-12,EUR,29,29,paid
inv_002815,cus_00166,sub_00166,plan_starter,2026-01-03,2026-01,EUR,29,29,uncollectible
inv_002816,cus_00166,sub_00166,plan_starter,2026-02-05,2026-02,EUR,29,29,paid
inv_002817,cus_00166,sub_00166,plan_starter,2026-03-04,2026-03,EUR,29,29,paid
inv_002818,cus_00166,sub_00166,plan_starter,2026-04-05,2026-04,EUR,29,29,paid
inv_002819,cus_00166,sub_00166,plan_starter,2026-05-02,2026-05,EUR,29,29,paid
inv_002820,cus_00166,sub_00166,plan_starter,2026-06-05,2026-06,EUR,29,29,paid
inv_002821,cus_00166,sub_00166,plan_starter,2026-07-05,2026-07,EUR,29,29,paid
inv_002822,cus_00166,sub_00166,plan_starter,2026-08-02,2026-08,EUR,29,29,void
inv_002823,cus_00167,sub_00167,plan_starter,2025-05-03,2025-05,EUR,29,29,paid
inv_002824,cus_00167,sub_00167,plan_starter,2025-06-05,2025-06,EUR,29,29,paid
inv_002825,cus_00167,sub_00167,plan_starter,2025-07-03,2025-07,EUR,29,29,paid
inv_002826,cus_00167,sub_00167,plan_starter,2025-08-03,2025-08,EUR,29,29,paid
inv_002827,cus_00167,sub_00167,plan_starter,2025-09-01,2025-09,EUR,29,29,paid
inv_002828,cus_00167,sub_00167,plan_starter,2025-10-04,2025-10,EUR,29,29,paid
inv_002829,cus_00167,sub_00167,plan_starter,2025-11-01,2025-11,EUR,29,29,paid
inv_002830,cus_00167,sub_00167,plan_starter,2025-12-01,2025-12,EUR,29,29,paid
inv_002831,cus_00167,sub_00167,plan_starter,2026-01-05,2026-01,EUR,29,29,paid
inv_002832,cus_00167,sub_00167,plan_starter,2026-02-02,2026-02,EUR,29,29,paid
inv_002833,cus_00167,sub_00167,plan_starter,2026-03-03,2026-03,EUR,29,29,paid
inv_002834,cus_00167,sub_00167,plan_starter,2026-04-03,2026-04,EUR,29,29,paid
inv_002835,cus_00167,sub_00167,plan_starter,2026-05-03,2026-05,EUR,29,29,paid
inv_002836,cus_00167,sub_00167,plan_starter,2026-06-05,2026-06,EUR,29,29,paid
inv_002837,cus_00167,sub_00167,plan_starter,2026-07-04,2026-07,EUR,29,29,paid
inv_002838,cus_00167,sub_00167,plan_starter,2026-08-02,2026-08,EUR,29,29,paid
inv_002839,cus_00168,sub_00168,plan_growth,2025-05-03,2025-05,USD,107.61,99,paid
inv_002840,cus_00168,sub_00168,plan_growth,2025-06-04,2025-06,USD,107.61,99,open
inv_002841,cus_00168,sub_00168,plan_growth,2025-07-02,2025-07,USD,107.61,99,paid
inv_002842,cus_00168,sub_00168,plan_growth,2025-08-01,2025-08,USD,107.61,99,paid
inv_002843,cus_00168,sub_00168,plan_growth,2025-09-04,2025-09,USD,107.61,99,paid
inv_002844,cus_00168,sub_00168,plan_growth,2025-10-03,2025-10,USD,107.61,99,paid
inv_002845,cus_00168,sub_00168,plan_growth,2025-11-05,2025-11,USD,107.61,99,paid
inv_002846,cus_00168,sub_00168,plan_growth,2025-12-04,2025-12,USD,107.61,99,paid
inv_002847,cus_00168,sub_00168,plan_growth,2026-01-04,2026-01,USD,107.61,99,paid
inv_002848,cus_00169,sub_00169,plan_growth,2025-05-05,2025-05,CHF,94.29,99,paid
inv_002849,cus_00169,sub_00169,plan_growth,2025-06-05,2025-06,CHF,94.29,99,paid
inv_002850,cus_00169,sub_00169,plan_growth,2025-07-02,2025-07,CHF,94.29,99,paid
inv_002851,cus_00169,sub_00169,plan_growth,2025-08-03,2025-08,CHF,94.29,99,paid
inv_002852,cus_00169,sub_00169,plan_growth,2025-09-02,2025-09,CHF,94.29,99,open
inv_002853,cus_00169,sub_00169,plan_growth,2025-10-04,2025-10,CHF,94.29,99,paid
inv_002854,cus_00169,sub_00169,plan_growth,2025-11-03,2025-11,CHF,94.29,99,paid
inv_002855,cus_00169,sub_00169,plan_growth,2025-12-02,2025-12,CHF,94.29,99,paid
inv_002856,cus_00169,sub_00169,plan_growth,2026-01-01,2026-01,CHF,94.29,99,paid
inv_002857,cus_00169,sub_00169,plan_growth,2026-02-02,2026-02,CHF,94.29,99,paid
inv_002858,cus_00170,sub_00170,plan_scale,2025-05-01,2025-05,EUR,299,299,paid
inv_002859,cus_00170,sub_00170,plan_scale,2025-06-04,2025-06,EUR,299,299,paid
inv_002860,cus_00170,sub_00170,plan_scale,2025-07-01,2025-07,EUR,299,299,paid
inv_002861,cus_00170,sub_00170,plan_scale,2025-08-02,2025-08,EUR,299,299,paid
inv_002862,cus_00170,sub_00170,plan_scale,2025-09-05,2025-09,EUR,299,299,paid
inv_002863,cus_00171,sub_00171,plan_scale,2025-05-05,2025-05,EUR,299,299,paid
inv_002864,cus_00171,sub_00171,plan_scale,2025-06-02,2025-06,EUR,299,299,paid
inv_002865,cus_00171,sub_00171,plan_scale,2025-07-03,2025-07,EUR,299,299,paid
inv_002866,cus_00171,sub_00171,plan_scale,2025-08-03,2025-08,EUR,299,299,paid
inv_002867,cus_00171,sub_00171,plan_scale,2025-09-05,2025-09,EUR,299,299,paid
inv_002868,cus_00171,sub_00171,plan_scale,2025-10-01,2025-10,EUR,299,299,paid
inv_002869,cus_00171,sub_00171,plan_scale,2025-11-02,2025-11,EUR,299,299,paid
inv_002870,cus_00171,sub_00171,plan_scale,2025-12-02,2025-12,EUR,299,299,paid
inv_002871,cus_00171,sub_00171,plan_scale,2026-01-03,2026-01,EUR,299,299,paid
inv_002872,cus_00171,sub_00171,plan_scale,2026-02-02,2026-02,EUR,299,299,paid
inv_002873,cus_00171,sub_00171,plan_scale,2026-03-04,2026-03,EUR,299,299,paid
inv_002874,cus_00171,sub_00171,plan_scale,2026-04-03,2026-04,EUR,299,299,paid
inv_002875,cus_00171,sub_00171,plan_scale,2026-05-04,2026-05,EUR,299,299,paid
inv_002876,cus_00171,sub_00171,plan_scale,2026-06-01,2026-06,EUR,299,299,paid
inv_002877,cus_00171,sub_00171,plan_scale,2026-07-02,2026-07,EUR,299,299,paid
inv_002878,cus_00171,sub_00171,plan_scale,2026-08-04,2026-08,EUR,299,299,open
inv_002879,cus_00172,sub_00172,plan_growth,2025-05-02,2025-05,SEK,1125,99,uncollectible
inv_002880,cus_00172,sub_00172,plan_growth,2025-06-02,2025-06,SEK,1125,99,paid
inv_002881,cus_00173,sub_00173,plan_growth,2025-05-03,2025-05,CHF,94.29,99,paid
inv_002882,cus_00173,sub_00173,plan_growth,2025-06-05,2025-06,CHF,94.29,99,paid
inv_002883,cus_00173,sub_00173,plan_growth,2025-07-04,2025-07,CHF,94.29,99,paid
inv_002884,cus_00173,sub_00173,plan_growth,2025-08-03,2025-08,CHF,94.29,99,paid
inv_002885,cus_00173,sub_00173,plan_growth,2025-09-04,2025-09,CHF,94.29,99,paid
inv_002886,cus_00173,sub_00173,plan_growth,2025-10-01,2025-10,CHF,94.29,99,paid
inv_002887,cus_00173,sub_00173,plan_growth,2025-11-05,2025-11,CHF,94.29,99,paid
inv_002888,cus_00173,sub_00173,plan_growth,2025-12-03,2025-12,CHF,94.29,99,paid
inv_002889,cus_00174,sub_00174,plan_growth,2025-05-05,2025-05,EUR,99,99,paid
inv_002890,cus_00174,sub_00174,plan_growth,2025-06-02,2025-06,EUR,99,99,paid
inv_002891,cus_00174,sub_00174,plan_growth,2025-07-04,2025-07,EUR,99,99,paid
inv_002892,cus_00174,sub_00174,plan_growth,2025-08-01,2025-08,EUR,99,99,paid
inv_002893,cus_00174,sub_00174,plan_growth,2025-09-03,2025-09,EUR,99,99,paid
inv_002894,cus_00174,sub_00174,plan_growth,2025-10-03,2025-10,EUR,99,99,paid
inv_002895,cus_00174,sub_00174,plan_growth,2025-11-02,2025-11,EUR,99,99,paid
inv_002896,cus_00174,sub_00174,plan_growth,2025-12-03,2025-12,EUR,99,99,paid
inv_002897,cus_00174,sub_00174,plan_growth,2026-01-03,2026-01,EUR,99,99,paid
inv_002898,cus_00174,sub_00174,plan_growth,2026-02-05,2026-02,EUR,99,99,paid
inv_002899,cus_00174,sub_00174,plan_growth,2026-03-05,2026-03,EUR,149,149,paid
inv_002900,cus_00174,sub_00174,plan_growth,2026-04-01,2026-04,EUR,149,149,paid
inv_002901,cus_00174,sub_00174,plan_growth,2026-05-03,2026-05,EUR,149,149,paid
inv_002902,cus_00174,sub_00174,plan_growth,2026-06-01,2026-06,EUR,149,149,paid
inv_002903,cus_00174,sub_00174,plan_growth,2026-07-02,2026-07,EUR,149,149,paid
inv_002904,cus_00174,sub_00174,plan_growth,2026-08-04,2026-08,EUR,149,149,paid
inv_002905,cus_00175,sub_00175,plan_growth,2025-05-02,2025-05,USD,107.61,99,paid
inv_002906,cus_00175,sub_00175,plan_growth,2025-06-04,2025-06,USD,107.61,99,paid
inv_002907,cus_00175,sub_00175,plan_growth,2025-07-01,2025-07,USD,107.61,99,open
inv_002908,cus_00175,sub_00175,plan_growth,2025-08-01,2025-08,USD,107.61,99,paid
inv_002909,cus_00175,sub_00175,plan_growth,2025-09-01,2025-09,USD,107.61,99,paid
inv_002910,cus_00175,sub_00175,plan_growth,2025-10-03,2025-10,USD,107.61,99,paid
inv_002911,cus_00175,sub_00175,plan_growth,2025-11-03,2025-11,USD,107.61,99,paid
inv_002912,cus_00175,sub_00175,plan_growth,2025-12-01,2025-12,USD,107.61,99,paid
inv_002913,cus_00175,sub_00175,plan_growth,2026-01-02,2026-01,USD,107.61,99,paid
inv_002914,cus_00175,sub_00175,plan_growth,2026-02-04,2026-02,USD,107.61,99,paid
inv_002915,cus_00175,sub_00175,plan_growth,2026-03-02,2026-03,USD,161.96,149,paid
inv_002916,cus_00175,sub_00175,plan_growth,2026-04-04,2026-04,USD,161.96,149,paid
inv_002917,cus_00175,sub_00175,plan_growth,2026-05-05,2026-05,USD,161.96,149,paid
inv_002918,cus_00175,sub_00175,plan_growth,2026-06-03,2026-06,USD,161.96,149,uncollectible
inv_002919,cus_00175,sub_00175,plan_growth,2026-07-03,2026-07,USD,161.96,149,paid
inv_002920,cus_00175,sub_00175,plan_growth,2026-08-01,2026-08,USD,161.96,149,paid
inv_002921,cus_00176,sub_00176,plan_starter,2025-05-04,2025-05,EUR,29,29,paid
inv_002922,cus_00176,sub_00176,plan_starter,2025-06-02,2025-06,EUR,29,29,paid
inv_002923,cus_00176,sub_00176,plan_starter,2025-07-01,2025-07,EUR,29,29,paid
inv_002924,cus_00176,sub_00176,plan_starter,2025-08-04,2025-08,EUR,29,29,paid
inv_002925,cus_00176,sub_00176,plan_starter,2025-09-01,2025-09,EUR,29,29,paid
inv_002926,cus_00176,sub_00176,plan_starter,2025-10-02,2025-10,EUR,29,29,paid
inv_002927,cus_00176,sub_00176,plan_starter,2025-11-05,2025-11,EUR,29,29,paid
inv_002928,cus_00176,sub_00176,plan_starter,2025-12-03,2025-12,EUR,29,29,uncollectible
inv_002929,cus_00176,sub_00176,plan_starter,2026-01-03,2026-01,EUR,29,29,paid
inv_002930,cus_00176,sub_00176,plan_starter,2026-02-02,2026-02,EUR,29,29,open
inv_002931,cus_00176,sub_00176,plan_starter,2026-03-01,2026-03,EUR,29,29,paid
inv_002932,cus_00176,sub_00176,plan_starter,2026-04-05,2026-04,EUR,29,29,paid
inv_002933,cus_00176,sub_00176,plan_starter,2026-05-04,2026-05,EUR,29,29,paid
inv_002934,cus_00176,sub_00176,plan_starter,2026-06-02,2026-06,EUR,29,29,paid
inv_002935,cus_00176,sub_00176,plan_starter,2026-07-02,2026-07,EUR,29,29,paid
inv_002936,cus_00176,sub_00176,plan_starter,2026-08-03,2026-08,EUR,29,29,paid
inv_002937,cus_00177,sub_00177,plan_starter,2025-05-04,2025-05,EUR,29,29,paid
inv_002938,cus_00177,sub_00177,plan_starter,2025-06-05,2025-06,EUR,29,29,paid
inv_002939,cus_00177,sub_00177,plan_starter,2025-07-01,2025-07,EUR,29,29,paid
inv_002940,cus_00177,sub_00177,plan_starter,2025-08-04,2025-08,EUR,29,29,paid
inv_002941,cus_00177,sub_00177,plan_starter,2025-09-01,2025-09,EUR,29,29,paid
inv_002942,cus_00177,sub_00177,plan_starter,2025-10-01,2025-10,EUR,29,29,paid
inv_002943,cus_00178,sub_00178,plan_growth,2025-05-04,2025-05,EUR,99,99,paid
inv_002944,cus_00178,sub_00178,plan_growth,2025-06-02,2025-06,EUR,99,99,paid
inv_002945,cus_00178,sub_00178,plan_growth,2025-07-05,2025-07,EUR,99,99,paid
inv_002946,cus_00178,sub_00178,plan_growth,2025-08-04,2025-08,EUR,99,99,paid
inv_002947,cus_00178,sub_00178,plan_growth,2025-09-03,2025-09,EUR,99,99,paid
inv_002948,cus_00178,sub_00178,plan_growth,2025-10-05,2025-10,EUR,99,99,paid
inv_002949,cus_00178,sub_00178,plan_growth,2025-11-01,2025-11,EUR,99,99,paid
inv_002950,cus_00178,sub_00178,plan_growth,2025-12-05,2025-12,EUR,99,99,paid
inv_002951,cus_00178,sub_00178,plan_growth,2026-01-03,2026-01,EUR,99,99,paid
inv_002952,cus_00178,sub_00178,plan_growth,2026-02-04,2026-02,EUR,99,99,paid
inv_002953,cus_00179,sub_00179,plan_growth,2025-05-03,2025-05,EUR,99,99,paid
inv_002954,cus_00179,sub_00179,plan_growth,2025-06-01,2025-06,EUR,99,99,paid
inv_002955,cus_00179,sub_00179,plan_growth,2025-07-04,2025-07,EUR,99,99,paid
inv_002956,cus_00179,sub_00179,plan_growth,2025-08-04,2025-08,EUR,99,99,paid
inv_002957,cus_00179,sub_00179,plan_growth,2025-09-05,2025-09,EUR,99,99,paid
inv_002958,cus_00179,sub_00179,plan_growth,2025-10-02,2025-10,EUR,99,99,paid
inv_002959,cus_00179,sub_00179,plan_growth,2025-11-01,2025-11,EUR,99,99,paid
inv_002960,cus_00179,sub_00179,plan_growth,2025-12-01,2025-12,EUR,99,99,paid
inv_002961,cus_00179,sub_00179,plan_growth,2026-01-04,2026-01,EUR,99,99,paid
inv_002962,cus_00179,sub_00179,plan_growth,2026-02-04,2026-02,EUR,99,99,paid
inv_002963,cus_00179,sub_00179,plan_growth,2026-03-01,2026-03,EUR,149,149,paid
inv_002964,cus_00179,sub_00179,plan_growth,2026-04-01,2026-04,EUR,149,149,paid
inv_002965,cus_00179,sub_00179,plan_growth,2026-05-05,2026-05,EUR,149,149,uncollectible
inv_002966,cus_00179,sub_00179,plan_growth,2026-06-03,2026-06,EUR,149,149,paid
inv_002967,cus_00179,sub_00179,plan_growth,2026-07-02,2026-07,EUR,149,149,paid
inv_002968,cus_00179,sub_00179,plan_growth,2026-08-02,2026-08,EUR,149,149,paid
inv_002969,cus_00180,sub_00180,plan_starter,2025-06-02,2025-06,EUR,29,29,paid
inv_002970,cus_00180,sub_00180,plan_starter,2025-07-03,2025-07,EUR,29,29,paid
inv_002971,cus_00180,sub_00180,plan_starter,2025-08-01,2025-08,EUR,29,29,paid
inv_002972,cus_00180,sub_00180,plan_starter,2025-09-04,2025-09,EUR,29,29,paid
inv_002973,cus_00180,sub_00180,plan_starter,2025-10-04,2025-10,EUR,29,29,paid
inv_002974,cus_00180,sub_00180,plan_starter,2025-11-03,2025-11,EUR,29,29,paid
inv_002975,cus_00180,sub_00180,plan_starter,2025-12-04,2025-12,EUR,29,29,paid
inv_002976,cus_00180,sub_00180,plan_starter,2026-01-02,2026-01,EUR,29,29,paid
inv_002977,cus_00180,sub_00180,plan_starter,2026-02-05,2026-02,EUR,29,29,paid
inv_002978,cus_00180,sub_00180,plan_starter,2026-03-05,2026-03,EUR,29,29,paid
inv_002979,cus_00181,sub_00181,plan_growth,2025-06-03,2025-06,EUR,99,99,paid
inv_002980,cus_00181,sub_00181,plan_growth,2025-07-01,2025-07,EUR,99,99,paid
inv_002981,cus_00181,sub_00181,plan_growth,2025-08-05,2025-08,EUR,99,99,paid
inv_002982,cus_00181,sub_00181,plan_growth,2025-09-02,2025-09,EUR,99,99,paid
inv_002983,cus_00181,sub_00181,plan_growth,2025-10-03,2025-10,EUR,99,99,paid
inv_002984,cus_00181,sub_00181,plan_growth,2025-11-01,2025-11,EUR,99,99,paid
inv_002985,cus_00181,sub_00181,plan_growth,2025-12-05,2025-12,EUR,99,99,paid
inv_002986,cus_00181,sub_00181,plan_growth,2026-01-05,2026-01,EUR,99,99,paid
inv_002987,cus_00181,sub_00181,plan_growth,2026-02-03,2026-02,EUR,99,99,paid
inv_002988,cus_00181,sub_00181,plan_growth,2026-03-02,2026-03,EUR,149,149,open
inv_002989,cus_00181,sub_00181,plan_growth,2026-04-03,2026-04,EUR,149,149,paid
inv_002990,cus_00181,sub_00181,plan_growth,2026-05-02,2026-05,EUR,149,149,paid
inv_002991,cus_00181,sub_00181,plan_growth,2026-06-03,2026-06,EUR,149,149,paid
inv_002992,cus_00181,sub_00181,plan_growth,2026-07-03,2026-07,EUR,149,149,paid
inv_002993,cus_00181,sub_00181,plan_growth,2026-08-01,2026-08,EUR,149,149,paid
inv_002994,cus_00182,sub_00182,plan_starter,2025-06-03,2025-06,EUR,29,29,paid
inv_002995,cus_00182,sub_00182,plan_starter,2025-07-01,2025-07,EUR,29,29,paid
inv_002996,cus_00182,sub_00182,plan_starter,2025-08-05,2025-08,EUR,29,29,uncollectible
inv_002997,cus_00182,sub_00182,plan_starter,2025-09-02,2025-09,EUR,29,29,paid
inv_002998,cus_00182,sub_00182,plan_starter,2025-10-05,2025-10,EUR,29,29,paid
inv_002999,cus_00182,sub_00182,plan_starter,2025-11-02,2025-11,EUR,29,29,paid
inv_003000,cus_00182,sub_00182,plan_starter,2025-12-04,2025-12,EUR,29,29,paid
inv_003001,cus_00182,sub_00182,plan_starter,2026-01-03,2026-01,EUR,29,29,paid
inv_003002,cus_00182,sub_00182,plan_starter,2026-02-04,2026-02,EUR,29,29,paid
inv_003003,cus_00182,sub_00182,plan_starter,2026-03-04,2026-03,EUR,29,29,paid
inv_003004,cus_00182,sub_00182,plan_starter,2026-04-04,2026-04,EUR,29,29,paid
inv_003005,cus_00182,sub_00182,plan_starter,2026-05-03,2026-05,EUR,29,29,paid
inv_003006,cus_00182,sub_00182,plan_starter,2026-06-04,2026-06,EUR,29,29,paid
inv_003007,cus_00182,sub_00182,plan_starter,2026-07-02,2026-07,EUR,29,29,paid
inv_003008,cus_00182,sub_00182,plan_starter,2026-08-05,2026-08,EUR,29,29,paid
inv_003009,cus_00183,sub_00183,plan_growth,2025-06-03,2025-06,EUR,99,99,paid
inv_003010,cus_00183,sub_00183,plan_growth,2025-07-03,2025-07,EUR,99,99,paid
inv_003011,cus_00183,sub_00183,plan_growth,2025-08-03,2025-08,EUR,99,99,paid
inv_003012,cus_00183,sub_00183,plan_growth,2025-09-02,2025-09,EUR,99,99,paid
inv_003013,cus_00183,sub_00183,plan_growth,2025-10-04,2025-10,EUR,99,99,paid
inv_003014,cus_00183,sub_00183,plan_growth,2025-11-01,2025-11,EUR,99,99,paid
inv_003015,cus_00183,sub_00183,plan_growth,2025-12-01,2025-12,EUR,99,99,paid
inv_003016,cus_00183,sub_00183,plan_growth,2026-01-04,2026-01,EUR,99,99,paid
inv_003017,cus_00183,sub_00183,plan_growth,2026-02-05,2026-02,EUR,99,99,paid
inv_003018,cus_00184,sub_00184,plan_starter,2025-06-05,2025-06,EUR,29,29,paid
inv_003019,cus_00184,sub_00184,plan_starter,2025-07-02,2025-07,EUR,29,29,paid
inv_003020,cus_00184,sub_00184,plan_starter,2025-08-05,2025-08,EUR,29,29,paid
inv_003021,cus_00184,sub_00184,plan_starter,2025-09-02,2025-09,EUR,29,29,paid
inv_003022,cus_00184,sub_00184,plan_starter,2025-10-01,2025-10,EUR,29,29,paid
inv_003023,cus_00184,sub_00184,plan_starter,2025-11-05,2025-11,EUR,29,29,paid
inv_003024,cus_00184,sub_00184,plan_starter,2025-12-01,2025-12,EUR,29,29,paid
inv_003025,cus_00184,sub_00184,plan_starter,2026-01-05,2026-01,EUR,29,29,paid
inv_003026,cus_00184,sub_00184,plan_starter,2026-02-01,2026-02,EUR,29,29,paid
inv_003027,cus_00184,sub_00184,plan_starter,2026-03-02,2026-03,EUR,29,29,paid
inv_003028,cus_00184,sub_00184,plan_starter,2026-04-03,2026-04,EUR,29,29,paid
inv_003029,cus_00184,sub_00184,plan_starter,2026-05-02,2026-05,EUR,29,29,paid
inv_003030,cus_00184,sub_00184,plan_starter,2026-06-03,2026-06,EUR,29,29,paid
inv_003031,cus_00184,sub_00184,plan_starter,2026-07-05,2026-07,EUR,29,29,paid
inv_003032,cus_00184,sub_00184,plan_starter,2026-08-01,2026-08,EUR,29,29,paid
inv_003033,cus_00185,sub_00185,plan_growth,2025-06-03,2025-06,EUR,99,99,paid
inv_003034,cus_00185,sub_00185,plan_growth,2025-07-05,2025-07,EUR,99,99,paid
inv_003035,cus_00185,sub_00185,plan_growth,2025-08-01,2025-08,EUR,99,99,paid
inv_003036,cus_00185,sub_00185,plan_growth,2025-09-02,2025-09,EUR,99,99,paid
inv_003037,cus_00185,sub_00185,plan_growth,2025-10-04,2025-10,EUR,99,99,paid
inv_003038,cus_00185,sub_00185,plan_growth,2025-11-05,2025-11,EUR,99,99,paid
inv_003039,cus_00185,sub_00185,plan_growth,2025-12-03,2025-12,EUR,99,99,paid
inv_003040,cus_00185,sub_00185,plan_growth,2026-01-05,2026-01,EUR,99,99,paid
inv_003041,cus_00185,sub_00185,plan_growth,2026-02-02,2026-02,EUR,99,99,paid
inv_003042,cus_00185,sub_00185,plan_growth,2026-03-03,2026-03,EUR,149,149,paid
inv_003043,cus_00185,sub_00185,plan_growth,2026-04-05,2026-04,EUR,149,149,paid
inv_003044,cus_00185,sub_00185,plan_growth,2026-05-04,2026-05,EUR,149,149,paid
inv_003045,cus_00185,sub_00185,plan_growth,2026-06-05,2026-06,EUR,149,149,paid
inv_003046,cus_00185,sub_00185,plan_growth,2026-07-05,2026-07,EUR,149,149,open
inv_003047,cus_00185,sub_00185,plan_growth,2026-08-04,2026-08,EUR,149,149,paid
inv_003048,cus_00186,sub_00186,plan_starter,2025-06-03,2025-06,EUR,29,29,paid
inv_003049,cus_00186,sub_00186,plan_starter,2025-07-03,2025-07,EUR,29,29,paid
inv_003050,cus_00186,sub_00186,plan_starter,2025-08-04,2025-08,EUR,29,29,paid
inv_003051,cus_00186,sub_00186,plan_starter,2025-09-03,2025-09,EUR,29,29,paid
inv_003052,cus_00186,sub_00186,plan_starter,2025-10-03,2025-10,EUR,29,29,paid
inv_003053,cus_00186,sub_00186,plan_starter,2025-11-05,2025-11,EUR,29,29,paid
inv_003054,cus_00186,sub_00186,plan_starter,2025-12-05,2025-12,EUR,29,29,paid
inv_003055,cus_00186,sub_00186,plan_starter,2026-01-01,2026-01,EUR,29,29,paid
inv_003056,cus_00186,sub_00186,plan_starter,2026-02-04,2026-02,EUR,29,29,paid
inv_003057,cus_00186,sub_00186,plan_starter,2026-03-02,2026-03,EUR,29,29,paid
inv_003058,cus_00186,sub_00186,plan_starter,2026-04-02,2026-04,EUR,29,29,paid
inv_003059,cus_00186,sub_00186,plan_starter,2026-05-05,2026-05,EUR,29,29,paid
inv_003060,cus_00187,sub_00187,plan_growth,2025-06-02,2025-06,EUR,99,99,paid
inv_003061,cus_00187,sub_00187,plan_growth,2025-07-05,2025-07,EUR,99,99,paid
inv_003062,cus_00187,sub_00187,plan_growth,2025-08-03,2025-08,EUR,99,99,paid
inv_003063,cus_00187,sub_00187,plan_growth,2025-09-05,2025-09,EUR,99,99,paid
inv_003064,cus_00187,sub_00187,plan_growth,2025-10-05,2025-10,EUR,99,99,paid
inv_003065,cus_00187,sub_00187,plan_growth,2025-11-01,2025-11,EUR,99,99,paid
inv_003066,cus_00187,sub_00187,plan_growth,2025-12-04,2025-12,EUR,99,99,paid
inv_003067,cus_00187,sub_00187,plan_growth,2026-01-01,2026-01,EUR,99,99,paid
inv_003068,cus_00187,sub_00187,plan_growth,2026-02-02,2026-02,EUR,99,99,paid
inv_003069,cus_00187,sub_00187,plan_growth,2026-03-01,2026-03,EUR,149,149,paid
inv_003070,cus_00187,sub_00187,plan_growth,2026-04-03,2026-04,EUR,149,149,paid
inv_003071,cus_00187,sub_00187,plan_growth,2026-05-01,2026-05,EUR,149,149,paid
inv_003072,cus_00187,sub_00187,plan_growth,2026-06-03,2026-06,EUR,149,149,paid
inv_003073,cus_00187,sub_00187,plan_growth,2026-07-01,2026-07,EUR,149,149,paid
inv_003074,cus_00187,sub_00187,plan_growth,2026-08-01,2026-08,EUR,149,149,paid
inv_003075,cus_00188,sub_00188,plan_growth,2025-06-02,2025-06,EUR,99,99,paid
inv_003076,cus_00188,sub_00188,plan_growth,2025-07-01,2025-07,EUR,99,99,paid
inv_003077,cus_00188,sub_00188,plan_growth,2025-08-03,2025-08,EUR,99,99,paid
inv_003078,cus_00188,sub_00188,plan_growth,2025-09-04,2025-09,EUR,99,99,paid
inv_003079,cus_00188,sub_00188,plan_growth,2025-10-03,2025-10,EUR,99,99,paid
inv_003080,cus_00188,sub_00188,plan_growth,2025-11-01,2025-11,EUR,99,99,paid
inv_003081,cus_00188,sub_00188,plan_growth,2025-12-05,2025-12,EUR,99,99,paid
inv_003082,cus_00188,sub_00188,plan_growth,2026-01-02,2026-01,EUR,99,99,paid
inv_003083,cus_00188,sub_00188,plan_growth,2026-02-01,2026-02,EUR,99,99,paid
inv_003084,cus_00188,sub_00188,plan_growth,2026-03-04,2026-03,EUR,149,149,paid
inv_003085,cus_00188,sub_00188,plan_growth,2026-04-05,2026-04,EUR,149,149,paid
inv_003086,cus_00188,sub_00188,plan_growth,2026-05-03,2026-05,EUR,149,149,open
inv_003087,cus_00188,sub_00188,plan_growth,2026-06-04,2026-06,EUR,149,149,paid
inv_003088,cus_00188,sub_00188,plan_growth,2026-07-02,2026-07,EUR,149,149,paid
inv_003089,cus_00188,sub_00188,plan_growth,2026-08-05,2026-08,EUR,149,149,paid
inv_003090,cus_00189,sub_00189,plan_growth,2025-06-02,2025-06,EUR,99,99,paid
inv_003091,cus_00189,sub_00189,plan_growth,2025-07-04,2025-07,EUR,99,99,paid
inv_003092,cus_00189,sub_00189,plan_growth,2025-08-05,2025-08,EUR,99,99,paid
inv_003093,cus_00189,sub_00189,plan_growth,2025-09-02,2025-09,EUR,99,99,paid
inv_003094,cus_00189,sub_00189,plan_growth,2025-10-01,2025-10,EUR,99,99,paid
inv_003095,cus_00189,sub_00189,plan_growth,2025-11-01,2025-11,EUR,99,99,paid
inv_003096,cus_00189,sub_00189,plan_growth,2025-12-02,2025-12,EUR,99,99,paid
inv_003097,cus_00189,sub_00189,plan_growth,2026-01-01,2026-01,EUR,99,99,paid
inv_003098,cus_00189,sub_00189,plan_growth,2026-02-02,2026-02,EUR,99,99,paid
inv_003099,cus_00190,sub_00190,plan_growth,2025-06-02,2025-06,EUR,99,99,paid
inv_003100,cus_00190,sub_00190,plan_growth,2025-07-03,2025-07,EUR,99,99,paid
inv_003101,cus_00190,sub_00190,plan_growth,2025-08-04,2025-08,EUR,99,99,paid
inv_003102,cus_00190,sub_00190,plan_growth,2025-09-02,2025-09,EUR,99,99,paid
inv_003103,cus_00190,sub_00190,plan_growth,2025-10-02,2025-10,EUR,99,99,paid
inv_003104,cus_00190,sub_00190,plan_growth,2025-11-02,2025-11,EUR,99,99,paid
inv_003105,cus_00190,sub_00190,plan_growth,2025-12-05,2025-12,EUR,99,99,paid
inv_003106,cus_00190,sub_00190,plan_growth,2026-01-04,2026-01,EUR,99,99,paid
inv_003107,cus_00190,sub_00190,plan_growth,2026-02-05,2026-02,EUR,99,99,paid
inv_003108,cus_00190,sub_00190,plan_growth,2026-03-02,2026-03,EUR,149,149,paid
inv_003109,cus_00191,sub_00191,plan_starter,2025-06-02,2025-06,EUR,29,29,open
inv_003110,cus_00191,sub_00191,plan_starter,2025-07-04,2025-07,EUR,29,29,paid
inv_003111,cus_00191,sub_00191,plan_starter,2025-08-03,2025-08,EUR,29,29,paid
inv_003112,cus_00191,sub_00191,plan_starter,2025-09-01,2025-09,EUR,29,29,paid
inv_003113,cus_00192,sub_00192,plan_growth,2025-06-05,2025-06,GBP,84.62,99,paid
inv_003114,cus_00192,sub_00192,plan_growth,2025-07-04,2025-07,GBP,84.62,99,paid
inv_003115,cus_00192,sub_00192,plan_growth,2025-08-03,2025-08,GBP,84.62,99,open
inv_003116,cus_00192,sub_00192,plan_growth,2025-09-05,2025-09,GBP,84.62,99,paid
inv_003117,cus_00192,sub_00192,plan_growth,2025-10-04,2025-10,GBP,84.62,99,paid
inv_003118,cus_00192,sub_00192,plan_growth,2025-11-03,2025-11,GBP,84.62,99,paid
inv_003119,cus_00192,sub_00192,plan_growth,2025-12-01,2025-12,GBP,84.62,99,paid
inv_003120,cus_00192,sub_00192,plan_growth,2026-01-04,2026-01,GBP,84.62,99,paid
inv_003121,cus_00192,sub_00192,plan_growth,2026-02-02,2026-02,GBP,84.62,99,open
inv_003122,cus_00193,sub_00193,plan_starter,2025-06-02,2025-06,GBP,24.79,29,paid
inv_003123,cus_00193,sub_00193,plan_starter,2025-07-03,2025-07,GBP,24.79,29,paid
inv_003124,cus_00193,sub_00193,plan_starter,2025-08-01,2025-08,GBP,24.79,29,paid
inv_003125,cus_00193,sub_00193,plan_starter,2025-09-04,2025-09,GBP,24.79,29,paid
inv_003126,cus_00193,sub_00193,plan_starter,2025-10-05,2025-10,GBP,24.79,29,paid
inv_003127,cus_00193,sub_00193,plan_starter,2025-11-04,2025-11,GBP,24.79,29,paid
inv_003128,cus_00193,sub_00193,plan_starter,2025-12-02,2025-12,GBP,24.79,29,paid
inv_003129,cus_00193,sub_00193,plan_starter,2026-01-02,2026-01,GBP,24.79,29,paid
inv_003130,cus_00193,sub_00193,plan_starter,2026-02-04,2026-02,GBP,24.79,29,uncollectible
inv_003131,cus_00193,sub_00193,plan_starter,2026-03-05,2026-03,GBP,24.79,29,paid
inv_003132,cus_00193,sub_00193,plan_starter,2026-04-02,2026-04,GBP,24.79,29,paid
inv_003133,cus_00193,sub_00193,plan_starter,2026-05-05,2026-05,GBP,24.79,29,paid
inv_003134,cus_00193,sub_00193,plan_starter,2026-06-02,2026-06,GBP,24.79,29,paid
inv_003135,cus_00193,sub_00193,plan_starter,2026-07-05,2026-07,GBP,24.79,29,paid
inv_003136,cus_00193,sub_00193,plan_starter,2026-08-03,2026-08,GBP,24.79,29,paid
inv_003137,cus_00194,sub_00194,plan_starter,2025-06-01,2025-06,EUR,29,29,paid
inv_003138,cus_00194,sub_00194,plan_starter,2025-07-02,2025-07,EUR,29,29,paid
inv_003139,cus_00195,sub_00195,plan_enterprise,2025-06-03,2025-06,EUR,999,999,paid
inv_003140,cus_00195,sub_00195,plan_enterprise,2025-07-01,2025-07,EUR,999,999,paid
inv_003141,cus_00195,sub_00195,plan_enterprise,2025-08-05,2025-08,EUR,999,999,paid
inv_003142,cus_00195,sub_00195,plan_enterprise,2025-09-01,2025-09,EUR,999,999,paid
inv_003143,cus_00195,sub_00195,plan_enterprise,2025-10-03,2025-10,EUR,999,999,paid
inv_003144,cus_00195,sub_00195,plan_enterprise,2025-11-02,2025-11,EUR,999,999,void
inv_003145,cus_00195,sub_00195,plan_enterprise,2025-12-02,2025-12,EUR,999,999,void
inv_003146,cus_00195,sub_00195,plan_enterprise,2026-01-04,2026-01,EUR,999,999,paid
inv_003147,cus_00195,sub_00195,plan_enterprise,2026-02-03,2026-02,EUR,999,999,paid
inv_003148,cus_00195,sub_00195,plan_enterprise,2026-03-01,2026-03,EUR,999,999,paid
inv_003149,cus_00195,sub_00195,plan_enterprise,2026-04-03,2026-04,EUR,999,999,paid
inv_003150,cus_00195,sub_00195,plan_enterprise,2026-05-04,2026-05,EUR,999,999,paid
inv_003151,cus_00195,sub_00195,plan_enterprise,2026-06-02,2026-06,EUR,999,999,paid
inv_003152,cus_00195,sub_00195,plan_enterprise,2026-07-05,2026-07,EUR,999,999,open
inv_003153,cus_00195,sub_00195,plan_enterprise,2026-08-03,2026-08,EUR,999,999,paid
inv_003154,cus_00196,sub_00196,plan_starter,2025-06-01,2025-06,EUR,29,29,paid
inv_003155,cus_00196,sub_00196,plan_starter,2025-07-01,2025-07,EUR,29,29,paid
inv_003156,cus_00196,sub_00196,plan_starter,2025-08-03,2025-08,EUR,29,29,paid
inv_003157,cus_00196,sub_00196,plan_starter,2025-09-02,2025-09,EUR,29,29,paid
inv_003158,cus_00196,sub_00196,plan_starter,2025-10-02,2025-10,EUR,29,29,paid
inv_003159,cus_00196,sub_00196,plan_starter,2025-11-02,2025-11,EUR,29,29,paid
inv_003160,cus_00196,sub_00196,plan_starter,2025-12-02,2025-12,EUR,29,29,paid
inv_003161,cus_00196,sub_00196,plan_starter,2026-01-01,2026-01,EUR,29,29,open
inv_003162,cus_00196,sub_00196,plan_starter,2026-02-05,2026-02,EUR,29,29,paid
inv_003163,cus_00196,sub_00196,plan_starter,2026-03-01,2026-03,EUR,29,29,paid
inv_003164,cus_00196,sub_00196,plan_starter,2026-04-03,2026-04,EUR,29,29,paid
inv_003165,cus_00196,sub_00196,plan_starter,2026-05-01,2026-05,EUR,29,29,paid
inv_003166,cus_00196,sub_00196,plan_starter,2026-06-01,2026-06,EUR,29,29,paid
inv_003167,cus_00196,sub_00196,plan_starter,2026-07-05,2026-07,EUR,29,29,paid
inv_003168,cus_00196,sub_00196,plan_starter,2026-08-04,2026-08,EUR,29,29,paid
inv_003169,cus_00197,sub_00197,plan_growth,2025-06-05,2025-06,USD,107.61,99,paid
inv_003170,cus_00197,sub_00197,plan_growth,2025-07-03,2025-07,USD,107.61,99,paid
inv_003171,cus_00197,sub_00197,plan_growth,2025-08-05,2025-08,USD,107.61,99,paid
inv_003172,cus_00197,sub_00197,plan_growth,2025-09-04,2025-09,USD,107.61,99,paid
inv_003173,cus_00197,sub_00197,plan_growth,2025-10-02,2025-10,USD,107.61,99,paid
inv_003174,cus_00197,sub_00197,plan_growth,2025-11-05,2025-11,USD,107.61,99,paid
inv_003175,cus_00197,sub_00197,plan_growth,2025-12-05,2025-12,USD,107.61,99,paid
inv_003176,cus_00197,sub_00197,plan_growth,2026-01-01,2026-01,USD,107.61,99,paid
inv_003177,cus_00197,sub_00197,plan_growth,2026-02-04,2026-02,USD,107.61,99,paid
inv_003178,cus_00197,sub_00197,plan_growth,2026-03-04,2026-03,USD,161.96,149,paid
inv_003179,cus_00197,sub_00197,plan_growth,2026-04-05,2026-04,USD,161.96,149,paid
inv_003180,cus_00197,sub_00197,plan_growth,2026-05-03,2026-05,USD,161.96,149,paid
inv_003181,cus_00197,sub_00197,plan_growth,2026-06-03,2026-06,USD,161.96,149,paid
inv_003182,cus_00197,sub_00197,plan_growth,2026-07-02,2026-07,USD,161.96,149,paid
inv_003183,cus_00197,sub_00197,plan_growth,2026-08-02,2026-08,USD,161.96,149,paid
inv_003184,cus_00198,sub_00198,plan_growth,2025-06-04,2025-06,EUR,99,99,paid
inv_003185,cus_00198,sub_00198,plan_growth,2025-07-03,2025-07,EUR,99,99,paid
inv_003186,cus_00198,sub_00198,plan_growth,2025-08-01,2025-08,EUR,99,99,paid
inv_003187,cus_00198,sub_00198,plan_growth,2025-09-02,2025-09,EUR,99,99,paid
inv_003188,cus_00198,sub_00198,plan_growth,2025-10-02,2025-10,EUR,99,99,paid
inv_003189,cus_00198,sub_00198,plan_growth,2025-11-02,2025-11,EUR,99,99,paid
inv_003190,cus_00198,sub_00198,plan_growth,2025-12-02,2025-12,EUR,99,99,paid
inv_003191,cus_00198,sub_00198,plan_growth,2026-01-02,2026-01,EUR,99,99,paid
inv_003192,cus_00198,sub_00198,plan_growth,2026-02-02,2026-02,EUR,99,99,paid
inv_003193,cus_00199,sub_00199,plan_starter,2025-06-01,2025-06,EUR,29,29,paid
inv_003194,cus_00199,sub_00199,plan_starter,2025-07-01,2025-07,EUR,29,29,paid
inv_003195,cus_00199,sub_00199,plan_starter,2025-08-05,2025-08,EUR,29,29,paid
inv_003196,cus_00199,sub_00199,plan_starter,2025-09-05,2025-09,EUR,29,29,paid
inv_003197,cus_00199,sub_00199,plan_starter,2025-10-04,2025-10,EUR,29,29,open
inv_003198,cus_00199,sub_00199,plan_starter,2025-11-04,2025-11,EUR,29,29,paid
inv_003199,cus_00199,sub_00199,plan_starter,2025-12-03,2025-12,EUR,29,29,paid
inv_003200,cus_00199,sub_00199,plan_starter,2026-01-01,2026-01,EUR,29,29,void
inv_003201,cus_00199,sub_00199,plan_starter,2026-02-03,2026-02,EUR,29,29,paid
inv_003202,cus_00199,sub_00199,plan_starter,2026-03-03,2026-03,EUR,29,29,paid
inv_003203,cus_00199,sub_00199,plan_starter,2026-04-04,2026-04,EUR,29,29,paid
inv_003204,cus_00199,sub_00199,plan_starter,2026-05-01,2026-05,EUR,29,29,paid
inv_003205,cus_00199,sub_00199,plan_starter,2026-06-02,2026-06,EUR,29,29,paid
inv_003206,cus_00199,sub_00199,plan_starter,2026-07-01,2026-07,EUR,29,29,open
inv_003207,cus_00199,sub_00199,plan_starter,2026-08-03,2026-08,EUR,29,29,paid
inv_003208,cus_00200,sub_00200,plan_starter,2025-06-05,2025-06,GBP,24.79,29,paid
inv_003209,cus_00200,sub_00200,plan_starter,2025-07-02,2025-07,GBP,24.79,29,paid
inv_003210,cus_00200,sub_00200,plan_starter,2025-08-05,2025-08,GBP,24.79,29,paid
inv_003211,cus_00200,sub_00200,plan_starter,2025-09-02,2025-09,GBP,24.79,29,paid
inv_003212,cus_00200,sub_00200,plan_starter,2025-10-01,2025-10,GBP,24.79,29,paid
inv_003213,cus_00200,sub_00200,plan_starter,2025-11-01,2025-11,GBP,24.79,29,paid
inv_003214,cus_00200,sub_00200,plan_starter,2025-12-03,2025-12,GBP,24.79,29,paid
inv_003215,cus_00200,sub_00200,plan_starter,2026-01-01,2026-01,GBP,24.79,29,paid
inv_003216,cus_00200,sub_00200,plan_starter,2026-02-02,2026-02,GBP,24.79,29,paid
inv_003217,cus_00200,sub_00200,plan_starter,2026-03-05,2026-03,GBP,24.79,29,paid
inv_003218,cus_00200,sub_00200,plan_starter,2026-04-05,2026-04,GBP,24.79,29,paid
inv_003219,cus_00200,sub_00200,plan_starter,2026-05-04,2026-05,GBP,24.79,29,paid
inv_003220,cus_00200,sub_00200,plan_starter,2026-06-04,2026-06,GBP,24.79,29,paid
inv_003221,cus_00200,sub_00200,plan_starter,2026-07-02,2026-07,GBP,24.79,29,paid
inv_003222,cus_00200,sub_00200,plan_starter,2026-08-04,2026-08,GBP,24.79,29,paid
inv_003223,cus_00201,sub_00201,plan_growth,2025-06-02,2025-06,GBP,84.62,99,paid
inv_003224,cus_00201,sub_00201,plan_growth,2025-07-03,2025-07,GBP,84.62,99,paid
inv_003225,cus_00201,sub_00201,plan_growth,2025-08-03,2025-08,GBP,84.62,99,paid
inv_003226,cus_00201,sub_00201,plan_growth,2025-09-01,2025-09,GBP,84.62,99,paid
inv_003227,cus_00201,sub_00201,plan_growth,2025-10-05,2025-10,GBP,84.62,99,paid
inv_003228,cus_00201,sub_00201,plan_growth,2025-11-01,2025-11,GBP,84.62,99,open
inv_003229,cus_00201,sub_00201,plan_growth,2025-12-05,2025-12,GBP,84.62,99,paid
inv_003230,cus_00201,sub_00201,plan_growth,2026-01-02,2026-01,GBP,84.62,99,paid
inv_003231,cus_00201,sub_00201,plan_growth,2026-02-02,2026-02,GBP,84.62,99,paid
inv_003232,cus_00201,sub_00201,plan_growth,2026-03-02,2026-03,GBP,127.35,149,paid
inv_003233,cus_00201,sub_00201,plan_growth,2026-04-01,2026-04,GBP,127.35,149,paid
inv_003234,cus_00201,sub_00201,plan_growth,2026-05-02,2026-05,GBP,127.35,149,paid
inv_003235,cus_00201,sub_00201,plan_growth,2026-06-04,2026-06,GBP,127.35,149,paid
inv_003236,cus_00201,sub_00201,plan_growth,2026-07-03,2026-07,GBP,127.35,149,paid
inv_003237,cus_00201,sub_00201,plan_growth,2026-08-01,2026-08,GBP,127.35,149,paid
inv_003238,cus_00202,sub_00202,plan_starter,2025-06-05,2025-06,EUR,29,29,paid
inv_003239,cus_00202,sub_00202,plan_starter,2025-07-01,2025-07,EUR,29,29,paid
inv_003240,cus_00202,sub_00202,plan_starter,2025-08-03,2025-08,EUR,29,29,paid
inv_003241,cus_00202,sub_00202,plan_starter,2025-09-03,2025-09,EUR,29,29,paid
inv_003242,cus_00202,sub_00202,plan_starter,2025-10-05,2025-10,EUR,29,29,paid
inv_003243,cus_00202,sub_00202,plan_starter,2025-11-04,2025-11,EUR,29,29,paid
inv_003244,cus_00202,sub_00202,plan_starter,2025-12-02,2025-12,EUR,29,29,paid
inv_003245,cus_00202,sub_00202,plan_starter,2026-01-01,2026-01,EUR,29,29,paid
inv_003246,cus_00202,sub_00202,plan_starter,2026-02-03,2026-02,EUR,29,29,paid
inv_003247,cus_00202,sub_00202,plan_starter,2026-03-01,2026-03,EUR,29,29,paid
inv_003248,cus_00202,sub_00202,plan_starter,2026-04-04,2026-04,EUR,29,29,paid
inv_003249,cus_00202,sub_00202,plan_starter,2026-05-04,2026-05,EUR,29,29,paid
inv_003250,cus_00202,sub_00202,plan_starter,2026-06-02,2026-06,EUR,29,29,paid
inv_003251,cus_00202,sub_00202,plan_starter,2026-07-04,2026-07,EUR,29,29,paid
inv_003252,cus_00202,sub_00202,plan_starter,2026-08-02,2026-08,EUR,29,29,uncollectible
inv_003253,cus_00203,sub_00203,plan_growth,2025-06-02,2025-06,USD,107.61,99,paid
inv_003254,cus_00203,sub_00203,plan_growth,2025-07-01,2025-07,USD,107.61,99,paid
inv_003255,cus_00203,sub_00203,plan_growth,2025-08-01,2025-08,USD,107.61,99,paid
inv_003256,cus_00203,sub_00203,plan_growth,2025-09-03,2025-09,USD,107.61,99,open
inv_003257,cus_00203,sub_00203,plan_growth,2025-10-01,2025-10,USD,107.61,99,paid
inv_003258,cus_00203,sub_00203,plan_growth,2025-11-05,2025-11,USD,107.61,99,paid
inv_003259,cus_00203,sub_00203,plan_growth,2025-12-03,2025-12,USD,107.61,99,paid
inv_003260,cus_00203,sub_00203,plan_growth,2026-01-01,2026-01,USD,107.61,99,paid
inv_003261,cus_00203,sub_00203,plan_growth,2026-02-01,2026-02,USD,107.61,99,paid
inv_003262,cus_00204,sub_00204,plan_starter,2025-06-02,2025-06,GBP,24.79,29,paid
inv_003263,cus_00204,sub_00204,plan_starter,2025-07-05,2025-07,GBP,24.79,29,paid
inv_003264,cus_00204,sub_00204,plan_starter,2025-08-04,2025-08,GBP,24.79,29,paid
inv_003265,cus_00204,sub_00204,plan_starter,2025-09-02,2025-09,GBP,24.79,29,paid
inv_003266,cus_00204,sub_00204,plan_starter,2025-10-05,2025-10,GBP,24.79,29,paid
inv_003267,cus_00204,sub_00204,plan_starter,2025-11-03,2025-11,GBP,24.79,29,paid
inv_003268,cus_00204,sub_00204,plan_starter,2025-12-01,2025-12,GBP,24.79,29,void
inv_003269,cus_00204,sub_00204,plan_starter,2026-01-01,2026-01,GBP,24.79,29,paid
inv_003270,cus_00204,sub_00204,plan_starter,2026-02-01,2026-02,GBP,24.79,29,paid
inv_003271,cus_00204,sub_00204,plan_starter,2026-03-03,2026-03,GBP,24.79,29,paid
inv_003272,cus_00204,sub_00204,plan_starter,2026-04-03,2026-04,GBP,24.79,29,paid
inv_003273,cus_00204,sub_00204,plan_starter,2026-05-02,2026-05,GBP,24.79,29,paid
inv_003274,cus_00204,sub_00204,plan_starter,2026-06-02,2026-06,GBP,24.79,29,paid
inv_003275,cus_00204,sub_00204,plan_starter,2026-07-05,2026-07,GBP,24.79,29,paid
inv_003276,cus_00204,sub_00204,plan_starter,2026-08-01,2026-08,GBP,24.79,29,uncollectible
inv_003277,cus_00205,sub_00205,plan_growth,2025-07-05,2025-07,EUR,99,99,paid
inv_003278,cus_00205,sub_00205,plan_growth,2025-08-01,2025-08,EUR,99,99,paid
inv_003279,cus_00205,sub_00205,plan_growth,2025-09-03,2025-09,EUR,99,99,paid
inv_003280,cus_00205,sub_00205,plan_growth,2025-10-01,2025-10,EUR,99,99,paid
inv_003281,cus_00205,sub_00205,plan_growth,2025-11-01,2025-11,EUR,99,99,paid
inv_003282,cus_00205,sub_00205,plan_growth,2025-12-01,2025-12,EUR,99,99,paid
inv_003283,cus_00205,sub_00205,plan_growth,2026-01-02,2026-01,EUR,99,99,paid
inv_003284,cus_00205,sub_00205,plan_growth,2026-02-01,2026-02,EUR,99,99,paid
inv_003285,cus_00205,sub_00205,plan_growth,2026-03-03,2026-03,EUR,149,149,paid
inv_003286,cus_00205,sub_00205,plan_growth,2026-04-05,2026-04,EUR,149,149,paid
inv_003287,cus_00205,sub_00205,plan_growth,2026-05-04,2026-05,EUR,149,149,paid
inv_003288,cus_00205,sub_00205,plan_growth,2026-06-04,2026-06,EUR,149,149,paid
inv_003289,cus_00205,sub_00205,plan_growth,2026-07-04,2026-07,EUR,149,149,paid
inv_003290,cus_00205,sub_00205,plan_growth,2026-08-02,2026-08,EUR,149,149,paid
inv_003291,cus_00206,sub_00206,plan_growth,2025-07-04,2025-07,EUR,99,99,paid
inv_003292,cus_00206,sub_00206,plan_growth,2025-08-05,2025-08,EUR,99,99,paid
inv_003293,cus_00206,sub_00206,plan_growth,2025-09-04,2025-09,EUR,99,99,uncollectible
inv_003294,cus_00206,sub_00206,plan_growth,2025-10-01,2025-10,EUR,99,99,paid
inv_003295,cus_00206,sub_00206,plan_growth,2025-11-04,2025-11,EUR,99,99,paid
inv_003296,cus_00206,sub_00206,plan_growth,2025-12-01,2025-12,EUR,99,99,paid
inv_003297,cus_00206,sub_00206,plan_growth,2026-01-02,2026-01,EUR,99,99,paid
inv_003298,cus_00206,sub_00206,plan_growth,2026-02-04,2026-02,EUR,99,99,paid
inv_003299,cus_00206,sub_00206,plan_growth,2026-03-05,2026-03,EUR,149,149,paid
inv_003300,cus_00206,sub_00206,plan_growth,2026-04-02,2026-04,EUR,149,149,paid
inv_003301,cus_00206,sub_00206,plan_growth,2026-05-04,2026-05,EUR,149,149,paid
inv_003302,cus_00206,sub_00206,plan_growth,2026-06-01,2026-06,EUR,149,149,paid
inv_003303,cus_00206,sub_00206,plan_growth,2026-07-03,2026-07,EUR,149,149,paid
inv_003304,cus_00206,sub_00206,plan_growth,2026-08-04,2026-08,EUR,149,149,paid
inv_003305,cus_00207,sub_00207,plan_scale,2025-07-01,2025-07,EUR,299,299,paid
inv_003306,cus_00207,sub_00207,plan_scale,2025-08-05,2025-08,EUR,299,299,paid
inv_003307,cus_00207,sub_00207,plan_scale,2025-09-04,2025-09,EUR,299,299,paid
inv_003308,cus_00207,sub_00207,plan_scale,2025-10-05,2025-10,EUR,299,299,paid
inv_003309,cus_00207,sub_00207,plan_scale,2025-11-01,2025-11,EUR,299,299,paid
inv_003310,cus_00207,sub_00207,plan_scale,2025-12-05,2025-12,EUR,299,299,paid
inv_003311,cus_00207,sub_00207,plan_scale,2026-01-04,2026-01,EUR,299,299,paid
inv_003312,cus_00207,sub_00207,plan_scale,2026-02-05,2026-02,EUR,299,299,paid
inv_003313,cus_00207,sub_00207,plan_scale,2026-03-04,2026-03,EUR,299,299,paid
inv_003314,cus_00207,sub_00207,plan_scale,2026-04-04,2026-04,EUR,299,299,paid
inv_003315,cus_00207,sub_00207,plan_scale,2026-05-01,2026-05,EUR,299,299,paid
inv_003316,cus_00207,sub_00207,plan_scale,2026-06-03,2026-06,EUR,299,299,paid
inv_003317,cus_00207,sub_00207,plan_scale,2026-07-04,2026-07,EUR,299,299,paid
inv_003318,cus_00207,sub_00207,plan_scale,2026-08-01,2026-08,EUR,299,299,paid
inv_003319,cus_00208,sub_00208,plan_scale,2025-07-02,2025-07,EUR,299,299,paid
inv_003320,cus_00208,sub_00208,plan_scale,2025-08-01,2025-08,EUR,299,299,paid
inv_003321,cus_00208,sub_00208,plan_scale,2025-09-03,2025-09,EUR,299,299,paid
inv_003322,cus_00208,sub_00208,plan_scale,2025-10-05,2025-10,EUR,299,299,paid
inv_003323,cus_00208,sub_00208,plan_scale,2025-11-02,2025-11,EUR,299,299,paid
inv_003324,cus_00208,sub_00208,plan_scale,2025-12-01,2025-12,EUR,299,299,void
inv_003325,cus_00208,sub_00208,plan_scale,2026-01-04,2026-01,EUR,299,299,paid
inv_003326,cus_00208,sub_00208,plan_scale,2026-02-01,2026-02,EUR,299,299,paid
inv_003327,cus_00208,sub_00208,plan_scale,2026-03-01,2026-03,EUR,299,299,paid
inv_003328,cus_00208,sub_00208,plan_scale,2026-04-04,2026-04,EUR,299,299,paid
inv_003329,cus_00208,sub_00208,plan_scale,2026-05-05,2026-05,EUR,299,299,paid
inv_003330,cus_00208,sub_00208,plan_scale,2026-06-02,2026-06,EUR,299,299,paid
inv_003331,cus_00208,sub_00208,plan_scale,2026-07-03,2026-07,EUR,299,299,paid
inv_003332,cus_00208,sub_00208,plan_scale,2026-08-05,2026-08,EUR,299,299,paid
inv_003333,cus_00209,sub_00209,plan_starter,2025-07-01,2025-07,EUR,29,29,paid
inv_003334,cus_00209,sub_00209,plan_starter,2025-08-02,2025-08,EUR,29,29,paid
inv_003335,cus_00209,sub_00209,plan_starter,2025-09-02,2025-09,EUR,29,29,paid
inv_003336,cus_00209,sub_00209,plan_starter,2025-10-05,2025-10,EUR,29,29,paid
inv_003337,cus_00209,sub_00209,plan_starter,2025-11-05,2025-11,EUR,29,29,paid
inv_003338,cus_00209,sub_00209,plan_starter,2025-12-01,2025-12,EUR,29,29,paid
inv_003339,cus_00209,sub_00209,plan_starter,2026-01-02,2026-01,EUR,29,29,paid
inv_003340,cus_00209,sub_00209,plan_starter,2026-02-04,2026-02,EUR,29,29,paid
inv_003341,cus_00209,sub_00209,plan_starter,2026-03-01,2026-03,EUR,29,29,paid
inv_003342,cus_00209,sub_00209,plan_starter,2026-04-05,2026-04,EUR,29,29,paid
inv_003343,cus_00209,sub_00209,plan_starter,2026-05-04,2026-05,EUR,29,29,paid
inv_003344,cus_00209,sub_00209,plan_starter,2026-06-02,2026-06,EUR,29,29,paid
inv_003345,cus_00209,sub_00209,plan_starter,2026-07-03,2026-07,EUR,29,29,paid
inv_003346,cus_00209,sub_00209,plan_starter,2026-08-01,2026-08,EUR,29,29,paid
inv_003347,cus_00210,sub_00210,plan_growth,2025-07-03,2025-07,CHF,94.29,99,paid
inv_003348,cus_00210,sub_00210,plan_growth,2025-08-03,2025-08,CHF,94.29,99,paid
inv_003349,cus_00210,sub_00210,plan_growth,2025-09-04,2025-09,CHF,94.29,99,paid
inv_003350,cus_00210,sub_00210,plan_growth,2025-10-02,2025-10,CHF,94.29,99,paid
inv_003351,cus_00210,sub_00210,plan_growth,2025-11-03,2025-11,CHF,94.29,99,paid
inv_003352,cus_00210,sub_00210,plan_growth,2025-12-04,2025-12,CHF,94.29,99,paid
inv_003353,cus_00210,sub_00210,plan_growth,2026-01-04,2026-01,CHF,94.29,99,paid
inv_003354,cus_00210,sub_00210,plan_growth,2026-02-04,2026-02,CHF,94.29,99,paid
inv_003355,cus_00210,sub_00210,plan_growth,2026-03-02,2026-03,CHF,141.9,149,paid
inv_003356,cus_00210,sub_00210,plan_growth,2026-04-03,2026-04,CHF,141.9,149,paid
inv_003357,cus_00210,sub_00210,plan_growth,2026-05-04,2026-05,CHF,141.9,149,paid
inv_003358,cus_00210,sub_00210,plan_growth,2026-06-03,2026-06,CHF,141.9,149,paid
inv_003359,cus_00210,sub_00210,plan_growth,2026-07-04,2026-07,CHF,141.9,149,paid
inv_003360,cus_00210,sub_00210,plan_growth,2026-08-03,2026-08,CHF,141.9,149,paid
inv_003361,cus_00211,sub_00211,plan_growth,2025-07-05,2025-07,EUR,99,99,paid
inv_003362,cus_00211,sub_00211,plan_growth,2025-08-03,2025-08,EUR,99,99,paid
inv_003363,cus_00211,sub_00211,plan_growth,2025-09-03,2025-09,EUR,99,99,paid
inv_003364,cus_00211,sub_00211,plan_growth,2025-10-03,2025-10,EUR,99,99,paid
inv_003365,cus_00211,sub_00211,plan_growth,2025-11-01,2025-11,EUR,99,99,paid
inv_003366,cus_00212,sub_00212,plan_starter,2025-07-03,2025-07,EUR,29,29,paid
inv_003367,cus_00212,sub_00212,plan_starter,2025-08-02,2025-08,EUR,29,29,paid
inv_003368,cus_00212,sub_00212,plan_starter,2025-09-02,2025-09,EUR,29,29,paid
inv_003369,cus_00212,sub_00212,plan_starter,2025-10-03,2025-10,EUR,29,29,paid
inv_003370,cus_00212,sub_00212,plan_starter,2025-11-05,2025-11,EUR,29,29,paid
inv_003371,cus_00212,sub_00212,plan_starter,2025-12-03,2025-12,EUR,29,29,paid
inv_003372,cus_00212,sub_00212,plan_starter,2026-01-01,2026-01,EUR,29,29,paid
inv_003373,cus_00212,sub_00212,plan_starter,2026-02-02,2026-02,EUR,29,29,paid
inv_003374,cus_00212,sub_00212,plan_starter,2026-03-01,2026-03,EUR,29,29,paid
inv_003375,cus_00212,sub_00212,plan_starter,2026-04-01,2026-04,EUR,29,29,paid
inv_003376,cus_00212,sub_00212,plan_starter,2026-05-02,2026-05,EUR,29,29,open
inv_003377,cus_00212,sub_00212,plan_starter,2026-06-02,2026-06,EUR,29,29,paid
inv_003378,cus_00212,sub_00212,plan_starter,2026-07-04,2026-07,EUR,29,29,paid
inv_003379,cus_00212,sub_00212,plan_starter,2026-08-04,2026-08,EUR,29,29,paid
inv_003380,cus_00213,sub_00213,plan_starter,2025-07-05,2025-07,SEK,329.55,29,paid
inv_003381,cus_00213,sub_00213,plan_starter,2025-08-04,2025-08,SEK,329.55,29,paid
inv_003382,cus_00213,sub_00213,plan_starter,2025-09-01,2025-09,SEK,329.55,29,paid
inv_003383,cus_00213,sub_00213,plan_starter,2025-10-04,2025-10,SEK,329.55,29,paid
inv_003384,cus_00213,sub_00213,plan_starter,2025-11-04,2025-11,SEK,329.55,29,paid
inv_003385,cus_00213,sub_00213,plan_starter,2025-12-04,2025-12,SEK,329.55,29,paid
inv_003386,cus_00213,sub_00213,plan_starter,2026-01-01,2026-01,SEK,329.55,29,paid
inv_003387,cus_00213,sub_00213,plan_starter,2026-02-01,2026-02,SEK,329.55,29,paid
inv_003388,cus_00213,sub_00213,plan_starter,2026-03-02,2026-03,SEK,329.55,29,paid
inv_003389,cus_00213,sub_00213,plan_starter,2026-04-04,2026-04,SEK,329.55,29,paid
inv_003390,cus_00213,sub_00213,plan_starter,2026-05-04,2026-05,SEK,329.55,29,paid
inv_003391,cus_00213,sub_00213,plan_starter,2026-06-01,2026-06,SEK,329.55,29,open
inv_003392,cus_00213,sub_00213,plan_starter,2026-07-01,2026-07,SEK,329.55,29,open
inv_003393,cus_00213,sub_00213,plan_starter,2026-08-04,2026-08,SEK,329.55,29,paid
inv_003394,cus_00214,sub_00214,plan_growth,2025-07-01,2025-07,EUR,99,99,paid
inv_003395,cus_00214,sub_00214,plan_growth,2025-08-05,2025-08,EUR,99,99,paid
inv_003396,cus_00214,sub_00214,plan_growth,2025-09-05,2025-09,EUR,99,99,paid
inv_003397,cus_00214,sub_00214,plan_growth,2025-10-01,2025-10,EUR,99,99,paid
inv_003398,cus_00214,sub_00214,plan_growth,2025-11-02,2025-11,EUR,99,99,paid
inv_003399,cus_00214,sub_00214,plan_growth,2025-12-05,2025-12,EUR,99,99,paid
inv_003400,cus_00214,sub_00214,plan_growth,2026-01-04,2026-01,EUR,99,99,paid
inv_003401,cus_00214,sub_00214,plan_growth,2026-02-04,2026-02,EUR,99,99,paid
inv_003402,cus_00215,sub_00215,plan_scale,2025-07-02,2025-07,EUR,299,299,paid
inv_003403,cus_00215,sub_00215,plan_scale,2025-08-01,2025-08,EUR,299,299,paid
inv_003404,cus_00215,sub_00215,plan_scale,2025-09-01,2025-09,EUR,299,299,paid
inv_003405,cus_00215,sub_00215,plan_scale,2025-10-05,2025-10,EUR,299,299,paid
inv_003406,cus_00215,sub_00215,plan_scale,2025-11-04,2025-11,EUR,299,299,paid
inv_003407,cus_00215,sub_00215,plan_scale,2025-12-05,2025-12,EUR,299,299,paid
inv_003408,cus_00215,sub_00215,plan_scale,2026-01-02,2026-01,EUR,299,299,uncollectible
inv_003409,cus_00215,sub_00215,plan_scale,2026-02-01,2026-02,EUR,299,299,paid
inv_003410,cus_00215,sub_00215,plan_scale,2026-03-02,2026-03,EUR,299,299,paid
inv_003411,cus_00215,sub_00215,plan_scale,2026-04-03,2026-04,EUR,299,299,paid
inv_003412,cus_00215,sub_00215,plan_scale,2026-05-02,2026-05,EUR,299,299,paid
inv_003413,cus_00215,sub_00215,plan_scale,2026-06-01,2026-06,EUR,299,299,uncollectible
inv_003414,cus_00215,sub_00215,plan_scale,2026-07-02,2026-07,EUR,299,299,paid
inv_003415,cus_00215,sub_00215,plan_scale,2026-08-05,2026-08,EUR,299,299,paid
inv_003416,cus_00216,sub_00216,plan_starter,2025-07-03,2025-07,EUR,29,29,paid
inv_003417,cus_00216,sub_00216,plan_starter,2025-08-03,2025-08,EUR,29,29,paid
inv_003418,cus_00216,sub_00216,plan_starter,2025-09-02,2025-09,EUR,29,29,paid
inv_003419,cus_00216,sub_00216,plan_starter,2025-10-03,2025-10,EUR,29,29,paid
inv_003420,cus_00216,sub_00216,plan_starter,2025-11-03,2025-11,EUR,29,29,paid
inv_003421,cus_00216,sub_00216,plan_starter,2025-12-01,2025-12,EUR,29,29,paid
inv_003422,cus_00216,sub_00216,plan_starter,2026-01-04,2026-01,EUR,29,29,paid
inv_003423,cus_00216,sub_00216,plan_starter,2026-02-01,2026-02,EUR,29,29,paid
inv_003424,cus_00216,sub_00216,plan_starter,2026-03-02,2026-03,EUR,29,29,paid
inv_003425,cus_00216,sub_00216,plan_starter,2026-04-04,2026-04,EUR,29,29,paid
inv_003426,cus_00216,sub_00216,plan_starter,2026-05-04,2026-05,EUR,29,29,paid
inv_003427,cus_00216,sub_00216,plan_starter,2026-06-03,2026-06,EUR,29,29,paid
inv_003428,cus_00216,sub_00216,plan_starter,2026-07-03,2026-07,EUR,29,29,paid
inv_003429,cus_00216,sub_00216,plan_starter,2026-08-03,2026-08,EUR,29,29,paid
inv_003430,cus_00217,sub_00217,plan_growth,2025-07-01,2025-07,EUR,99,99,paid
inv_003431,cus_00217,sub_00217,plan_growth,2025-08-03,2025-08,EUR,99,99,paid
inv_003432,cus_00217,sub_00217,plan_growth,2025-09-04,2025-09,EUR,99,99,paid
inv_003433,cus_00217,sub_00217,plan_growth,2025-10-03,2025-10,EUR,99,99,paid
inv_003434,cus_00217,sub_00217,plan_growth,2025-11-02,2025-11,EUR,99,99,paid
inv_003435,cus_00217,sub_00217,plan_growth,2025-12-02,2025-12,EUR,99,99,paid
inv_003436,cus_00217,sub_00217,plan_growth,2026-01-03,2026-01,EUR,99,99,paid
inv_003437,cus_00218,sub_00218,plan_growth,2025-07-03,2025-07,EUR,99,99,paid
inv_003438,cus_00218,sub_00218,plan_growth,2025-08-03,2025-08,EUR,99,99,paid
inv_003439,cus_00218,sub_00218,plan_growth,2025-09-01,2025-09,EUR,99,99,paid
inv_003440,cus_00218,sub_00218,plan_growth,2025-10-05,2025-10,EUR,99,99,paid
inv_003441,cus_00218,sub_00218,plan_growth,2025-11-02,2025-11,EUR,99,99,paid
inv_003442,cus_00218,sub_00218,plan_growth,2025-12-02,2025-12,EUR,99,99,paid
inv_003443,cus_00218,sub_00218,plan_growth,2026-01-05,2026-01,EUR,99,99,paid
inv_003444,cus_00218,sub_00218,plan_growth,2026-02-03,2026-02,EUR,99,99,paid
inv_003445,cus_00218,sub_00218,plan_growth,2026-03-02,2026-03,EUR,149,149,paid
inv_003446,cus_00218,sub_00218,plan_growth,2026-04-02,2026-04,EUR,149,149,paid
inv_003447,cus_00219,sub_00219,plan_enterprise,2025-07-03,2025-07,GBP,853.85,999,paid
inv_003448,cus_00219,sub_00219,plan_enterprise,2025-08-04,2025-08,GBP,853.85,999,paid
inv_003449,cus_00219,sub_00219,plan_enterprise,2025-09-04,2025-09,GBP,853.85,999,paid
inv_003450,cus_00219,sub_00219,plan_enterprise,2025-10-03,2025-10,GBP,853.85,999,paid
inv_003451,cus_00219,sub_00219,plan_enterprise,2025-11-05,2025-11,GBP,853.85,999,paid
inv_003452,cus_00219,sub_00219,plan_enterprise,2025-12-01,2025-12,GBP,853.85,999,paid
inv_003453,cus_00219,sub_00219,plan_enterprise,2026-01-04,2026-01,GBP,853.85,999,paid
inv_003454,cus_00219,sub_00219,plan_enterprise,2026-02-05,2026-02,GBP,853.85,999,paid
inv_003455,cus_00219,sub_00219,plan_enterprise,2026-03-04,2026-03,GBP,853.85,999,paid
inv_003456,cus_00219,sub_00219,plan_enterprise,2026-04-05,2026-04,GBP,853.85,999,paid
inv_003457,cus_00219,sub_00219,plan_enterprise,2026-05-01,2026-05,GBP,853.85,999,paid
inv_003458,cus_00219,sub_00219,plan_enterprise,2026-06-01,2026-06,GBP,853.85,999,paid
inv_003459,cus_00219,sub_00219,plan_enterprise,2026-07-04,2026-07,GBP,853.85,999,paid
inv_003460,cus_00219,sub_00219,plan_enterprise,2026-08-04,2026-08,GBP,853.85,999,paid
inv_003461,cus_00220,sub_00220,plan_growth,2025-07-03,2025-07,EUR,99,99,paid
inv_003462,cus_00220,sub_00220,plan_growth,2025-08-02,2025-08,EUR,99,99,paid
inv_003463,cus_00220,sub_00220,plan_growth,2025-09-02,2025-09,EUR,99,99,paid
inv_003464,cus_00220,sub_00220,plan_growth,2025-10-02,2025-10,EUR,99,99,paid
inv_003465,cus_00220,sub_00220,plan_growth,2025-11-01,2025-11,EUR,99,99,paid
inv_003466,cus_00220,sub_00220,plan_growth,2025-12-02,2025-12,EUR,99,99,paid
inv_003467,cus_00220,sub_00220,plan_growth,2026-01-03,2026-01,EUR,99,99,paid
inv_003468,cus_00220,sub_00220,plan_growth,2026-02-01,2026-02,EUR,99,99,paid
inv_003469,cus_00220,sub_00220,plan_growth,2026-03-04,2026-03,EUR,149,149,paid
inv_003470,cus_00220,sub_00220,plan_growth,2026-04-01,2026-04,EUR,149,149,paid
inv_003471,cus_00220,sub_00220,plan_growth,2026-05-04,2026-05,EUR,149,149,paid
inv_003472,cus_00220,sub_00220,plan_growth,2026-06-05,2026-06,EUR,149,149,open
inv_003473,cus_00220,sub_00220,plan_growth,2026-07-02,2026-07,EUR,149,149,paid
inv_003474,cus_00220,sub_00220,plan_growth,2026-08-03,2026-08,EUR,149,149,void
inv_003475,cus_00221,sub_00221,plan_growth,2025-07-02,2025-07,EUR,99,99,paid
inv_003476,cus_00221,sub_00221,plan_growth,2025-08-02,2025-08,EUR,99,99,paid
inv_003477,cus_00221,sub_00221,plan_growth,2025-09-03,2025-09,EUR,99,99,paid
inv_003478,cus_00221,sub_00221,plan_growth,2025-10-01,2025-10,EUR,99,99,paid
inv_003479,cus_00221,sub_00221,plan_growth,2025-11-03,2025-11,EUR,99,99,paid
inv_003480,cus_00221,sub_00221,plan_growth,2025-12-03,2025-12,EUR,99,99,paid
inv_003481,cus_00221,sub_00221,plan_growth,2026-01-01,2026-01,EUR,99,99,paid
inv_003482,cus_00221,sub_00221,plan_growth,2026-02-05,2026-02,EUR,99,99,paid
inv_003483,cus_00221,sub_00221,plan_growth,2026-03-02,2026-03,EUR,149,149,paid
inv_003484,cus_00221,sub_00221,plan_growth,2026-04-04,2026-04,EUR,149,149,paid
inv_003485,cus_00221,sub_00221,plan_growth,2026-05-04,2026-05,EUR,149,149,paid
inv_003486,cus_00221,sub_00221,plan_growth,2026-06-02,2026-06,EUR,149,149,paid
inv_003487,cus_00221,sub_00221,plan_growth,2026-07-05,2026-07,EUR,149,149,paid
inv_003488,cus_00221,sub_00221,plan_growth,2026-08-05,2026-08,EUR,149,149,paid
inv_003489,cus_00222,sub_00222,plan_growth,2025-07-01,2025-07,EUR,99,99,paid
inv_003490,cus_00222,sub_00222,plan_growth,2025-08-03,2025-08,EUR,99,99,paid
inv_003491,cus_00222,sub_00222,plan_growth,2025-09-04,2025-09,EUR,99,99,paid
inv_003492,cus_00222,sub_00222,plan_growth,2025-10-04,2025-10,EUR,99,99,paid
inv_003493,cus_00222,sub_00222,plan_growth,2025-11-05,2025-11,EUR,99,99,paid
inv_003494,cus_00222,sub_00222,plan_growth,2025-12-01,2025-12,EUR,99,99,paid
inv_003495,cus_00222,sub_00222,plan_growth,2026-01-03,2026-01,EUR,99,99,paid
inv_003496,cus_00222,sub_00222,plan_growth,2026-02-05,2026-02,EUR,99,99,paid
inv_003497,cus_00222,sub_00222,plan_growth,2026-03-04,2026-03,EUR,149,149,paid
inv_003498,cus_00222,sub_00222,plan_growth,2026-04-05,2026-04,EUR,149,149,paid
inv_003499,cus_00222,sub_00222,plan_growth,2026-05-04,2026-05,EUR,149,149,paid
inv_003500,cus_00222,sub_00222,plan_growth,2026-06-04,2026-06,EUR,149,149,paid
inv_003501,cus_00223,sub_00223,plan_starter,2025-07-04,2025-07,CHF,27.62,29,paid
inv_003502,cus_00223,sub_00223,plan_starter,2025-08-05,2025-08,CHF,27.62,29,paid
inv_003503,cus_00223,sub_00223,plan_starter,2025-09-02,2025-09,CHF,27.62,29,void
inv_003504,cus_00223,sub_00223,plan_starter,2025-10-03,2025-10,CHF,27.62,29,open
inv_003505,cus_00223,sub_00223,plan_starter,2025-11-01,2025-11,CHF,27.62,29,paid
inv_003506,cus_00223,sub_00223,plan_starter,2025-12-04,2025-12,CHF,27.62,29,paid
inv_003507,cus_00223,sub_00223,plan_starter,2026-01-05,2026-01,CHF,27.62,29,paid
inv_003508,cus_00223,sub_00223,plan_starter,2026-02-05,2026-02,CHF,27.62,29,paid
inv_003509,cus_00223,sub_00223,plan_starter,2026-03-02,2026-03,CHF,27.62,29,paid
inv_003510,cus_00223,sub_00223,plan_starter,2026-04-04,2026-04,CHF,27.62,29,open
inv_003511,cus_00223,sub_00223,plan_starter,2026-05-03,2026-05,CHF,27.62,29,paid
inv_003512,cus_00223,sub_00223,plan_starter,2026-06-03,2026-06,CHF,27.62,29,paid
inv_003513,cus_00223,sub_00223,plan_starter,2026-07-04,2026-07,CHF,27.62,29,paid
inv_003514,cus_00223,sub_00223,plan_starter,2026-08-02,2026-08,CHF,27.62,29,paid
inv_003515,cus_00224,sub_00224,plan_growth,2025-07-05,2025-07,EUR,99,99,paid
inv_003516,cus_00224,sub_00224,plan_growth,2025-08-04,2025-08,EUR,99,99,paid
inv_003517,cus_00224,sub_00224,plan_growth,2025-09-04,2025-09,EUR,99,99,paid
inv_003518,cus_00224,sub_00224,plan_growth,2025-10-01,2025-10,EUR,99,99,paid
inv_003519,cus_00224,sub_00224,plan_growth,2025-11-03,2025-11,EUR,99,99,paid
inv_003520,cus_00224,sub_00224,plan_growth,2025-12-05,2025-12,EUR,99,99,paid
inv_003521,cus_00224,sub_00224,plan_growth,2026-01-03,2026-01,EUR,99,99,paid
inv_003522,cus_00224,sub_00224,plan_growth,2026-02-04,2026-02,EUR,99,99,paid
inv_003523,cus_00225,sub_00225,plan_scale,2025-07-03,2025-07,EUR,299,299,paid
inv_003524,cus_00225,sub_00225,plan_scale,2025-08-03,2025-08,EUR,299,299,paid
inv_003525,cus_00225,sub_00225,plan_scale,2025-09-05,2025-09,EUR,299,299,paid
inv_003526,cus_00225,sub_00225,plan_scale,2025-10-04,2025-10,EUR,299,299,paid
inv_003527,cus_00225,sub_00225,plan_scale,2025-11-05,2025-11,EUR,299,299,paid
inv_003528,cus_00225,sub_00225,plan_scale,2025-12-05,2025-12,EUR,299,299,paid
inv_003529,cus_00225,sub_00225,plan_scale,2026-01-04,2026-01,EUR,299,299,uncollectible
inv_003530,cus_00225,sub_00225,plan_scale,2026-02-04,2026-02,EUR,299,299,open
inv_003531,cus_00225,sub_00225,plan_scale,2026-03-04,2026-03,EUR,299,299,paid
inv_003532,cus_00225,sub_00225,plan_scale,2026-04-02,2026-04,EUR,299,299,paid
inv_003533,cus_00225,sub_00225,plan_scale,2026-05-04,2026-05,EUR,299,299,paid
inv_003534,cus_00225,sub_00225,plan_scale,2026-06-03,2026-06,EUR,299,299,paid
inv_003535,cus_00225,sub_00225,plan_scale,2026-07-02,2026-07,EUR,299,299,paid
inv_003536,cus_00225,sub_00225,plan_scale,2026-08-02,2026-08,EUR,299,299,void
inv_003537,cus_00226,sub_00226,plan_starter,2025-07-01,2025-07,EUR,29,29,paid
inv_003538,cus_00226,sub_00226,plan_starter,2025-08-04,2025-08,EUR,29,29,paid
inv_003539,cus_00226,sub_00226,plan_starter,2025-09-03,2025-09,EUR,29,29,paid
inv_003540,cus_00226,sub_00226,plan_starter,2025-10-04,2025-10,EUR,29,29,uncollectible
inv_003541,cus_00226,sub_00226,plan_starter,2025-11-05,2025-11,EUR,29,29,paid
inv_003542,cus_00226,sub_00226,plan_starter,2025-12-05,2025-12,EUR,29,29,paid
inv_003543,cus_00226,sub_00226,plan_starter,2026-01-02,2026-01,EUR,29,29,paid
inv_003544,cus_00226,sub_00226,plan_starter,2026-02-01,2026-02,EUR,29,29,paid
inv_003545,cus_00226,sub_00226,plan_starter,2026-03-04,2026-03,EUR,29,29,paid
inv_003546,cus_00226,sub_00226,plan_starter,2026-04-01,2026-04,EUR,29,29,paid
inv_003547,cus_00226,sub_00226,plan_starter,2026-05-02,2026-05,EUR,29,29,open
inv_003548,cus_00226,sub_00226,plan_starter,2026-06-03,2026-06,EUR,29,29,paid
inv_003549,cus_00226,sub_00226,plan_starter,2026-07-05,2026-07,EUR,29,29,paid
inv_003550,cus_00226,sub_00226,plan_starter,2026-08-05,2026-08,EUR,29,29,paid
inv_003551,cus_00227,sub_00227,plan_growth,2025-07-03,2025-07,EUR,99,99,uncollectible
inv_003552,cus_00227,sub_00227,plan_growth,2025-08-03,2025-08,EUR,99,99,paid
inv_003553,cus_00227,sub_00227,plan_growth,2025-09-02,2025-09,EUR,99,99,paid
inv_003554,cus_00227,sub_00227,plan_growth,2025-10-02,2025-10,EUR,99,99,paid
inv_003555,cus_00227,sub_00227,plan_growth,2025-11-04,2025-11,EUR,99,99,paid
inv_003556,cus_00227,sub_00227,plan_growth,2025-12-05,2025-12,EUR,99,99,paid
inv_003557,cus_00227,sub_00227,plan_growth,2026-01-05,2026-01,EUR,99,99,paid
inv_003558,cus_00227,sub_00227,plan_growth,2026-02-03,2026-02,EUR,99,99,paid
inv_003559,cus_00227,sub_00227,plan_growth,2026-03-05,2026-03,EUR,149,149,paid
inv_003560,cus_00227,sub_00227,plan_growth,2026-04-02,2026-04,EUR,149,149,paid
inv_003561,cus_00227,sub_00227,plan_growth,2026-05-04,2026-05,EUR,149,149,paid
inv_003562,cus_00227,sub_00227,plan_growth,2026-06-02,2026-06,EUR,149,149,paid
inv_003563,cus_00227,sub_00227,plan_growth,2026-07-01,2026-07,EUR,149,149,paid
inv_003564,cus_00227,sub_00227,plan_growth,2026-08-02,2026-08,EUR,149,149,paid
inv_003565,cus_00228,sub_00228,plan_growth,2025-07-05,2025-07,EUR,99,99,paid
inv_003566,cus_00228,sub_00228,plan_growth,2025-08-01,2025-08,EUR,99,99,paid
inv_003567,cus_00228,sub_00228,plan_growth,2025-09-05,2025-09,EUR,99,99,paid
inv_003568,cus_00228,sub_00228,plan_growth,2025-10-02,2025-10,EUR,99,99,paid
inv_003569,cus_00228,sub_00228,plan_growth,2025-11-05,2025-11,EUR,99,99,paid
inv_003570,cus_00228,sub_00228,plan_growth,2025-12-05,2025-12,EUR,99,99,paid
inv_003571,cus_00228,sub_00228,plan_growth,2026-01-03,2026-01,EUR,99,99,paid
inv_003572,cus_00228,sub_00228,plan_growth,2026-02-01,2026-02,EUR,99,99,paid
inv_003573,cus_00228,sub_00228,plan_growth,2026-03-05,2026-03,EUR,149,149,paid
inv_003574,cus_00228,sub_00228,plan_growth,2026-04-05,2026-04,EUR,149,149,paid
inv_003575,cus_00228,sub_00228,plan_growth,2026-05-01,2026-05,EUR,149,149,paid
inv_003576,cus_00228,sub_00228,plan_growth,2026-06-03,2026-06,EUR,149,149,paid
inv_003577,cus_00228,sub_00228,plan_growth,2026-07-05,2026-07,EUR,149,149,paid
inv_003578,cus_00228,sub_00228,plan_growth,2026-08-02,2026-08,EUR,149,149,paid
inv_003579,cus_00229,sub_00229,plan_scale,2025-07-02,2025-07,USD,325,299,paid
inv_003580,cus_00229,sub_00229,plan_scale,2025-08-02,2025-08,USD,325,299,paid
inv_003581,cus_00229,sub_00229,plan_scale,2025-09-05,2025-09,USD,325,299,void
inv_003582,cus_00229,sub_00229,plan_scale,2025-10-03,2025-10,USD,325,299,paid
inv_003583,cus_00229,sub_00229,plan_scale,2025-11-02,2025-11,USD,325,299,paid
inv_003584,cus_00229,sub_00229,plan_scale,2025-12-03,2025-12,USD,325,299,paid
inv_003585,cus_00229,sub_00229,plan_scale,2026-01-04,2026-01,USD,325,299,paid
inv_003586,cus_00230,sub_00230,plan_starter,2025-07-04,2025-07,EUR,29,29,paid
inv_003587,cus_00230,sub_00230,plan_starter,2025-08-05,2025-08,EUR,29,29,paid
inv_003588,cus_00230,sub_00230,plan_starter,2025-09-01,2025-09,EUR,29,29,paid
inv_003589,cus_00230,sub_00230,plan_starter,2025-10-01,2025-10,EUR,29,29,paid
inv_003590,cus_00230,sub_00230,plan_starter,2025-11-05,2025-11,EUR,29,29,paid
inv_003591,cus_00230,sub_00230,plan_starter,2025-12-04,2025-12,EUR,29,29,void
inv_003592,cus_00230,sub_00230,plan_starter,2026-01-02,2026-01,EUR,29,29,paid
inv_003593,cus_00230,sub_00230,plan_starter,2026-02-05,2026-02,EUR,29,29,paid
inv_003594,cus_00230,sub_00230,plan_starter,2026-03-02,2026-03,EUR,29,29,paid
inv_003595,cus_00230,sub_00230,plan_starter,2026-04-05,2026-04,EUR,29,29,paid
inv_003596,cus_00230,sub_00230,plan_starter,2026-05-05,2026-05,EUR,29,29,paid
inv_003597,cus_00231,sub_00231,plan_starter,2025-08-02,2025-08,USD,31.52,29,open
inv_003598,cus_00231,sub_00231,plan_starter,2025-09-05,2025-09,USD,31.52,29,paid
inv_003599,cus_00231,sub_00231,plan_starter,2025-10-03,2025-10,USD,31.52,29,paid
inv_003600,cus_00231,sub_00231,plan_starter,2025-11-01,2025-11,USD,31.52,29,paid
inv_003601,cus_00231,sub_00231,plan_starter,2025-12-02,2025-12,USD,31.52,29,paid
inv_003602,cus_00231,sub_00231,plan_starter,2026-01-01,2026-01,USD,31.52,29,paid
inv_003603,cus_00231,sub_00231,plan_starter,2026-02-01,2026-02,USD,31.52,29,paid
inv_003604,cus_00231,sub_00231,plan_starter,2026-03-04,2026-03,USD,31.52,29,paid
inv_003605,cus_00231,sub_00231,plan_starter,2026-04-01,2026-04,USD,31.52,29,paid
inv_003606,cus_00231,sub_00231,plan_starter,2026-05-02,2026-05,USD,31.52,29,paid
inv_003607,cus_00231,sub_00231,plan_starter,2026-06-04,2026-06,USD,31.52,29,paid
inv_003608,cus_00231,sub_00231,plan_starter,2026-07-03,2026-07,USD,31.52,29,paid
inv_003609,cus_00231,sub_00231,plan_starter,2026-08-02,2026-08,USD,31.52,29,paid
inv_003610,cus_00232,sub_00232,plan_scale,2025-08-01,2025-08,EUR,299,299,paid
inv_003611,cus_00232,sub_00232,plan_scale,2025-09-03,2025-09,EUR,299,299,paid
inv_003612,cus_00232,sub_00232,plan_scale,2025-10-01,2025-10,EUR,299,299,paid
inv_003613,cus_00232,sub_00232,plan_scale,2025-11-03,2025-11,EUR,299,299,open
inv_003614,cus_00232,sub_00232,plan_scale,2025-12-04,2025-12,EUR,299,299,paid
inv_003615,cus_00232,sub_00232,plan_scale,2026-01-03,2026-01,EUR,299,299,paid
inv_003616,cus_00232,sub_00232,plan_scale,2026-02-04,2026-02,EUR,299,299,open
inv_003617,cus_00232,sub_00232,plan_scale,2026-03-05,2026-03,EUR,299,299,paid
inv_003618,cus_00232,sub_00232,plan_scale,2026-04-05,2026-04,EUR,299,299,paid
inv_003619,cus_00232,sub_00232,plan_scale,2026-05-04,2026-05,EUR,299,299,paid
inv_003620,cus_00232,sub_00232,plan_scale,2026-06-05,2026-06,EUR,299,299,paid
inv_003621,cus_00232,sub_00232,plan_scale,2026-07-02,2026-07,EUR,299,299,paid
inv_003622,cus_00232,sub_00232,plan_scale,2026-08-03,2026-08,EUR,299,299,paid
inv_003623,cus_00233,sub_00233,plan_starter,2025-08-02,2025-08,GBP,24.79,29,paid
inv_003624,cus_00233,sub_00233,plan_starter,2025-09-03,2025-09,GBP,24.79,29,paid
inv_003625,cus_00233,sub_00233,plan_starter,2025-10-05,2025-10,GBP,24.79,29,paid
inv_003626,cus_00233,sub_00233,plan_starter,2025-11-01,2025-11,GBP,24.79,29,paid
inv_003627,cus_00233,sub_00233,plan_starter,2025-12-02,2025-12,GBP,24.79,29,paid
inv_003628,cus_00233,sub_00233,plan_starter,2026-01-02,2026-01,GBP,24.79,29,paid
inv_003629,cus_00233,sub_00233,plan_starter,2026-02-05,2026-02,GBP,24.79,29,paid
inv_003630,cus_00233,sub_00233,plan_starter,2026-03-04,2026-03,GBP,24.79,29,paid
inv_003631,cus_00233,sub_00233,plan_starter,2026-04-02,2026-04,GBP,24.79,29,paid
inv_003632,cus_00233,sub_00233,plan_starter,2026-05-03,2026-05,GBP,24.79,29,paid
inv_003633,cus_00233,sub_00233,plan_starter,2026-06-05,2026-06,GBP,24.79,29,paid
inv_003634,cus_00233,sub_00233,plan_starter,2026-07-01,2026-07,GBP,24.79,29,paid
inv_003635,cus_00233,sub_00233,plan_starter,2026-08-04,2026-08,GBP,24.79,29,paid
inv_003636,cus_00234,sub_00234,plan_growth,2025-08-02,2025-08,EUR,99,99,paid
inv_003637,cus_00234,sub_00234,plan_growth,2025-09-02,2025-09,EUR,99,99,paid
inv_003638,cus_00234,sub_00234,plan_growth,2025-10-05,2025-10,EUR,99,99,paid
inv_003639,cus_00234,sub_00234,plan_growth,2025-11-03,2025-11,EUR,99,99,paid
inv_003640,cus_00234,sub_00234,plan_growth,2025-12-03,2025-12,EUR,99,99,paid
inv_003641,cus_00234,sub_00234,plan_growth,2026-01-03,2026-01,EUR,99,99,paid
inv_003642,cus_00234,sub_00234,plan_growth,2026-02-01,2026-02,EUR,99,99,paid
inv_003643,cus_00234,sub_00234,plan_growth,2026-03-04,2026-03,EUR,149,149,paid
inv_003644,cus_00234,sub_00234,plan_growth,2026-04-02,2026-04,EUR,149,149,uncollectible
inv_003645,cus_00234,sub_00234,plan_growth,2026-05-05,2026-05,EUR,149,149,paid
inv_003646,cus_00234,sub_00234,plan_growth,2026-06-03,2026-06,EUR,149,149,paid
inv_003647,cus_00234,sub_00234,plan_growth,2026-07-02,2026-07,EUR,149,149,paid
inv_003648,cus_00234,sub_00234,plan_growth,2026-08-05,2026-08,EUR,149,149,paid
inv_003649,cus_00235,sub_00235,plan_growth,2025-08-05,2025-08,EUR,99,99,paid
inv_003650,cus_00235,sub_00235,plan_growth,2025-09-01,2025-09,EUR,99,99,paid
inv_003651,cus_00235,sub_00235,plan_growth,2025-10-02,2025-10,EUR,99,99,paid
inv_003652,cus_00235,sub_00235,plan_growth,2025-11-04,2025-11,EUR,99,99,paid
inv_003653,cus_00235,sub_00235,plan_growth,2025-12-03,2025-12,EUR,99,99,paid
inv_003654,cus_00235,sub_00235,plan_growth,2026-01-02,2026-01,EUR,99,99,paid
inv_003655,cus_00235,sub_00235,plan_growth,2026-02-04,2026-02,EUR,99,99,paid
inv_003656,cus_00235,sub_00235,plan_growth,2026-03-04,2026-03,EUR,149,149,paid
inv_003657,cus_00235,sub_00235,plan_growth,2026-04-03,2026-04,EUR,149,149,paid
inv_003658,cus_00235,sub_00235,plan_growth,2026-05-02,2026-05,EUR,149,149,paid
inv_003659,cus_00235,sub_00235,plan_growth,2026-06-03,2026-06,EUR,149,149,paid
inv_003660,cus_00235,sub_00235,plan_growth,2026-07-01,2026-07,EUR,149,149,paid
inv_003661,cus_00235,sub_00235,plan_growth,2026-08-03,2026-08,EUR,149,149,void
inv_003662,cus_00236,sub_00236,plan_growth,2025-08-05,2025-08,EUR,99,99,paid
inv_003663,cus_00236,sub_00236,plan_growth,2025-09-03,2025-09,EUR,99,99,paid
inv_003664,cus_00236,sub_00236,plan_growth,2025-10-03,2025-10,EUR,99,99,paid
inv_003665,cus_00236,sub_00236,plan_growth,2025-11-01,2025-11,EUR,99,99,paid
inv_003666,cus_00236,sub_00236,plan_growth,2025-12-02,2025-12,EUR,99,99,paid
inv_003667,cus_00236,sub_00236,plan_growth,2026-01-03,2026-01,EUR,99,99,paid
inv_003668,cus_00236,sub_00236,plan_growth,2026-02-05,2026-02,EUR,99,99,paid
inv_003669,cus_00236,sub_00236,plan_growth,2026-03-04,2026-03,EUR,149,149,paid
inv_003670,cus_00236,sub_00236,plan_growth,2026-04-02,2026-04,EUR,149,149,paid
inv_003671,cus_00236,sub_00236,plan_growth,2026-05-01,2026-05,EUR,149,149,paid
inv_003672,cus_00236,sub_00236,plan_growth,2026-06-05,2026-06,EUR,149,149,paid
inv_003673,cus_00236,sub_00236,plan_growth,2026-07-02,2026-07,EUR,149,149,paid
inv_003674,cus_00236,sub_00236,plan_growth,2026-08-01,2026-08,EUR,149,149,open
inv_003675,cus_00237,sub_00237,plan_enterprise,2025-08-03,2025-08,EUR,999,999,paid
inv_003676,cus_00237,sub_00237,plan_enterprise,2025-09-05,2025-09,EUR,999,999,paid
inv_003677,cus_00237,sub_00237,plan_enterprise,2025-10-05,2025-10,EUR,999,999,paid
inv_003678,cus_00237,sub_00237,plan_enterprise,2025-11-03,2025-11,EUR,999,999,paid
inv_003679,cus_00237,sub_00237,plan_enterprise,2025-12-01,2025-12,EUR,999,999,paid
inv_003680,cus_00237,sub_00237,plan_enterprise,2026-01-05,2026-01,EUR,999,999,paid
inv_003681,cus_00237,sub_00237,plan_enterprise,2026-02-05,2026-02,EUR,999,999,paid
inv_003682,cus_00237,sub_00237,plan_enterprise,2026-03-01,2026-03,EUR,999,999,paid
inv_003683,cus_00237,sub_00237,plan_enterprise,2026-04-04,2026-04,EUR,999,999,paid
inv_003684,cus_00237,sub_00237,plan_enterprise,2026-05-05,2026-05,EUR,999,999,paid
inv_003685,cus_00237,sub_00237,plan_enterprise,2026-06-05,2026-06,EUR,999,999,paid
inv_003686,cus_00237,sub_00237,plan_enterprise,2026-07-04,2026-07,EUR,999,999,paid
inv_003687,cus_00237,sub_00237,plan_enterprise,2026-08-04,2026-08,EUR,999,999,paid
inv_003688,cus_00238,sub_00238,plan_growth,2025-08-05,2025-08,EUR,99,99,paid
inv_003689,cus_00238,sub_00238,plan_growth,2025-09-03,2025-09,EUR,99,99,paid
inv_003690,cus_00238,sub_00238,plan_growth,2025-10-01,2025-10,EUR,99,99,paid
inv_003691,cus_00238,sub_00238,plan_growth,2025-11-05,2025-11,EUR,99,99,paid
inv_003692,cus_00238,sub_00238,plan_growth,2025-12-01,2025-12,EUR,99,99,paid
inv_003693,cus_00238,sub_00238,plan_growth,2026-01-03,2026-01,EUR,99,99,paid
inv_003694,cus_00238,sub_00238,plan_growth,2026-02-02,2026-02,EUR,99,99,paid
inv_003695,cus_00238,sub_00238,plan_growth,2026-03-01,2026-03,EUR,149,149,paid
inv_003696,cus_00238,sub_00238,plan_growth,2026-04-04,2026-04,EUR,149,149,paid
inv_003697,cus_00238,sub_00238,plan_growth,2026-05-04,2026-05,EUR,149,149,paid
inv_003698,cus_00238,sub_00238,plan_growth,2026-06-03,2026-06,EUR,149,149,paid
inv_003699,cus_00238,sub_00238,plan_growth,2026-07-05,2026-07,EUR,149,149,paid
inv_003700,cus_00238,sub_00238,plan_growth,2026-08-02,2026-08,EUR,149,149,paid
inv_003701,cus_00239,sub_00239,plan_scale,2025-08-05,2025-08,EUR,299,299,paid
inv_003702,cus_00239,sub_00239,plan_scale,2025-09-05,2025-09,EUR,299,299,paid
inv_003703,cus_00239,sub_00239,plan_scale,2025-10-05,2025-10,EUR,299,299,paid
inv_003704,cus_00239,sub_00239,plan_scale,2025-11-03,2025-11,EUR,299,299,paid
inv_003705,cus_00239,sub_00239,plan_scale,2025-12-03,2025-12,EUR,299,299,open
inv_003706,cus_00239,sub_00239,plan_scale,2026-01-04,2026-01,EUR,299,299,paid
inv_003707,cus_00239,sub_00239,plan_scale,2026-02-03,2026-02,EUR,299,299,paid
inv_003708,cus_00239,sub_00239,plan_scale,2026-03-01,2026-03,EUR,299,299,open
inv_003709,cus_00239,sub_00239,plan_scale,2026-04-03,2026-04,EUR,299,299,paid
inv_003710,cus_00239,sub_00239,plan_scale,2026-05-02,2026-05,EUR,299,299,paid
inv_003711,cus_00239,sub_00239,plan_scale,2026-06-03,2026-06,EUR,299,299,paid
inv_003712,cus_00239,sub_00239,plan_scale,2026-07-02,2026-07,EUR,299,299,paid
inv_003713,cus_00239,sub_00239,plan_scale,2026-08-03,2026-08,EUR,299,299,paid
inv_003714,cus_00240,sub_00240,plan_growth,2025-08-04,2025-08,EUR,99,99,paid
inv_003715,cus_00240,sub_00240,plan_growth,2025-09-03,2025-09,EUR,99,99,paid
inv_003716,cus_00240,sub_00240,plan_growth,2025-10-01,2025-10,EUR,99,99,paid
inv_003717,cus_00240,sub_00240,plan_growth,2025-11-02,2025-11,EUR,99,99,paid
inv_003718,cus_00241,sub_00241,plan_growth,2025-08-03,2025-08,USD,107.61,99,void
inv_003719,cus_00241,sub_00241,plan_growth,2025-09-03,2025-09,USD,107.61,99,paid
inv_003720,cus_00241,sub_00241,plan_growth,2025-10-04,2025-10,USD,107.61,99,paid
inv_003721,cus_00241,sub_00241,plan_growth,2025-11-04,2025-11,USD,107.61,99,paid
inv_003722,cus_00241,sub_00241,plan_growth,2025-12-01,2025-12,USD,107.61,99,paid
inv_003723,cus_00241,sub_00241,plan_growth,2026-01-01,2026-01,USD,107.61,99,paid
inv_003724,cus_00241,sub_00241,plan_growth,2026-02-01,2026-02,USD,107.61,99,paid
inv_003725,cus_00241,sub_00241,plan_growth,2026-03-03,2026-03,USD,161.96,149,paid
inv_003726,cus_00241,sub_00241,plan_growth,2026-04-02,2026-04,USD,161.96,149,paid
inv_003727,cus_00241,sub_00241,plan_growth,2026-05-05,2026-05,USD,161.96,149,paid
inv_003728,cus_00242,sub_00242,plan_scale,2025-08-01,2025-08,EUR,299,299,paid
inv_003729,cus_00243,sub_00243,plan_starter,2025-08-03,2025-08,EUR,29,29,paid
inv_003730,cus_00243,sub_00243,plan_starter,2025-09-05,2025-09,EUR,29,29,paid
inv_003731,cus_00243,sub_00243,plan_starter,2025-10-01,2025-10,EUR,29,29,paid
inv_003732,cus_00243,sub_00243,plan_starter,2025-11-01,2025-11,EUR,29,29,paid
inv_003733,cus_00243,sub_00243,plan_starter,2025-12-05,2025-12,EUR,29,29,paid
inv_003734,cus_00243,sub_00243,plan_starter,2026-01-03,2026-01,EUR,29,29,paid
inv_003735,cus_00243,sub_00243,plan_starter,2026-02-01,2026-02,EUR,29,29,paid
inv_003736,cus_00243,sub_00243,plan_starter,2026-03-05,2026-03,EUR,29,29,paid
inv_003737,cus_00244,sub_00244,plan_scale,2025-08-04,2025-08,EUR,299,299,paid
inv_003738,cus_00244,sub_00244,plan_scale,2025-09-04,2025-09,EUR,299,299,paid
inv_003739,cus_00244,sub_00244,plan_scale,2025-10-01,2025-10,EUR,299,299,paid
inv_003740,cus_00244,sub_00244,plan_scale,2025-11-02,2025-11,EUR,299,299,paid
inv_003741,cus_00244,sub_00244,plan_scale,2025-12-01,2025-12,EUR,299,299,paid
inv_003742,cus_00244,sub_00244,plan_scale,2026-01-05,2026-01,EUR,299,299,paid
inv_003743,cus_00244,sub_00244,plan_scale,2026-02-01,2026-02,EUR,299,299,paid
inv_003744,cus_00244,sub_00244,plan_scale,2026-03-05,2026-03,EUR,299,299,open
inv_003745,cus_00244,sub_00244,plan_scale,2026-04-04,2026-04,EUR,299,299,paid
inv_003746,cus_00244,sub_00244,plan_scale,2026-05-03,2026-05,EUR,299,299,void
inv_003747,cus_00244,sub_00244,plan_scale,2026-06-02,2026-06,EUR,299,299,paid
inv_003748,cus_00244,sub_00244,plan_scale,2026-07-03,2026-07,EUR,299,299,paid
inv_003749,cus_00244,sub_00244,plan_scale,2026-08-05,2026-08,EUR,299,299,paid
inv_003750,cus_00245,sub_00245,plan_growth,2025-08-01,2025-08,EUR,99,99,paid
inv_003751,cus_00245,sub_00245,plan_growth,2025-09-03,2025-09,EUR,99,99,paid
inv_003752,cus_00245,sub_00245,plan_growth,2025-10-03,2025-10,EUR,99,99,paid
inv_003753,cus_00245,sub_00245,plan_growth,2025-11-03,2025-11,EUR,99,99,paid
inv_003754,cus_00245,sub_00245,plan_growth,2025-12-01,2025-12,EUR,99,99,paid
inv_003755,cus_00245,sub_00245,plan_growth,2026-01-03,2026-01,EUR,99,99,paid
inv_003756,cus_00245,sub_00245,plan_growth,2026-02-03,2026-02,EUR,99,99,uncollectible
inv_003757,cus_00245,sub_00245,plan_growth,2026-03-02,2026-03,EUR,149,149,paid
inv_003758,cus_00245,sub_00245,plan_growth,2026-04-02,2026-04,EUR,149,149,paid
inv_003759,cus_00245,sub_00245,plan_growth,2026-05-05,2026-05,EUR,149,149,paid
inv_003760,cus_00245,sub_00245,plan_growth,2026-06-02,2026-06,EUR,149,149,paid
inv_003761,cus_00245,sub_00245,plan_growth,2026-07-03,2026-07,EUR,149,149,paid
inv_003762,cus_00245,sub_00245,plan_growth,2026-08-05,2026-08,EUR,149,149,paid
inv_003763,cus_00246,sub_00246,plan_growth,2025-08-02,2025-08,EUR,99,99,paid
inv_003764,cus_00246,sub_00246,plan_growth,2025-09-05,2025-09,EUR,99,99,paid
inv_003765,cus_00246,sub_00246,plan_growth,2025-10-04,2025-10,EUR,99,99,paid
inv_003766,cus_00246,sub_00246,plan_growth,2025-11-01,2025-11,EUR,99,99,paid
inv_003767,cus_00246,sub_00246,plan_growth,2025-12-03,2025-12,EUR,99,99,paid
inv_003768,cus_00246,sub_00246,plan_growth,2026-01-03,2026-01,EUR,99,99,paid
inv_003769,cus_00246,sub_00246,plan_growth,2026-02-02,2026-02,EUR,99,99,open
inv_003770,cus_00247,sub_00247,plan_growth,2025-08-01,2025-08,EUR,99,99,paid
inv_003771,cus_00247,sub_00247,plan_growth,2025-09-01,2025-09,EUR,99,99,paid
inv_003772,cus_00247,sub_00247,plan_growth,2025-10-05,2025-10,EUR,99,99,paid
inv_003773,cus_00247,sub_00247,plan_growth,2025-11-01,2025-11,EUR,99,99,paid
inv_003774,cus_00247,sub_00247,plan_growth,2025-12-05,2025-12,EUR,99,99,paid
inv_003775,cus_00247,sub_00247,plan_growth,2026-01-04,2026-01,EUR,99,99,paid
inv_003776,cus_00247,sub_00247,plan_growth,2026-02-01,2026-02,EUR,99,99,paid
inv_003777,cus_00247,sub_00247,plan_growth,2026-03-02,2026-03,EUR,149,149,paid
inv_003778,cus_00247,sub_00247,plan_growth,2026-04-01,2026-04,EUR,149,149,paid
inv_003779,cus_00247,sub_00247,plan_growth,2026-05-02,2026-05,EUR,149,149,void
inv_003780,cus_00247,sub_00247,plan_growth,2026-06-05,2026-06,EUR,149,149,paid
inv_003781,cus_00247,sub_00247,plan_growth,2026-07-01,2026-07,EUR,149,149,paid
inv_003782,cus_00247,sub_00247,plan_growth,2026-08-04,2026-08,EUR,149,149,paid
inv_003783,cus_00248,sub_00248,plan_growth,2025-08-05,2025-08,EUR,99,99,paid
inv_003784,cus_00248,sub_00248,plan_growth,2025-09-05,2025-09,EUR,99,99,paid
inv_003785,cus_00248,sub_00248,plan_growth,2025-10-03,2025-10,EUR,99,99,paid
inv_003786,cus_00248,sub_00248,plan_growth,2025-11-02,2025-11,EUR,99,99,paid
inv_003787,cus_00248,sub_00248,plan_growth,2025-12-01,2025-12,EUR,99,99,paid
inv_003788,cus_00248,sub_00248,plan_growth,2026-01-02,2026-01,EUR,99,99,paid
inv_003789,cus_00248,sub_00248,plan_growth,2026-02-02,2026-02,EUR,99,99,paid
inv_003790,cus_00249,sub_00249,plan_starter,2025-08-02,2025-08,EUR,29,29,paid
inv_003791,cus_00249,sub_00249,plan_starter,2025-09-04,2025-09,EUR,29,29,paid
inv_003792,cus_00249,sub_00249,plan_starter,2025-10-03,2025-10,EUR,29,29,paid
inv_003793,cus_00249,sub_00249,plan_starter,2025-11-05,2025-11,EUR,29,29,paid
inv_003794,cus_00249,sub_00249,plan_starter,2025-12-04,2025-12,EUR,29,29,paid
inv_003795,cus_00249,sub_00249,plan_starter,2026-01-02,2026-01,EUR,29,29,paid
inv_003796,cus_00249,sub_00249,plan_starter,2026-02-01,2026-02,EUR,29,29,paid
inv_003797,cus_00249,sub_00249,plan_starter,2026-03-05,2026-03,EUR,29,29,paid
inv_003798,cus_00249,sub_00249,plan_starter,2026-04-05,2026-04,EUR,29,29,paid
inv_003799,cus_00249,sub_00249,plan_starter,2026-05-02,2026-05,EUR,29,29,open
inv_003800,cus_00249,sub_00249,plan_starter,2026-06-01,2026-06,EUR,29,29,paid
inv_003801,cus_00249,sub_00249,plan_starter,2026-07-04,2026-07,EUR,29,29,paid
inv_003802,cus_00249,sub_00249,plan_starter,2026-08-03,2026-08,EUR,29,29,void
inv_003803,cus_00250,sub_00250,plan_growth,2025-08-01,2025-08,EUR,99,99,paid
inv_003804,cus_00250,sub_00250,plan_growth,2025-09-02,2025-09,EUR,99,99,paid
inv_003805,cus_00250,sub_00250,plan_growth,2025-10-03,2025-10,EUR,99,99,paid
inv_003806,cus_00250,sub_00250,plan_growth,2025-11-04,2025-11,EUR,99,99,paid
inv_003807,cus_00250,sub_00250,plan_growth,2025-12-05,2025-12,EUR,99,99,paid
inv_003808,cus_00250,sub_00250,plan_growth,2026-01-05,2026-01,EUR,99,99,paid
inv_003809,cus_00250,sub_00250,plan_growth,2026-02-04,2026-02,EUR,99,99,paid
inv_003810,cus_00250,sub_00250,plan_growth,2026-03-03,2026-03,EUR,149,149,paid
inv_003811,cus_00250,sub_00250,plan_growth,2026-04-05,2026-04,EUR,149,149,paid
inv_003812,cus_00250,sub_00250,plan_growth,2026-05-03,2026-05,EUR,149,149,paid
inv_003813,cus_00250,sub_00250,plan_growth,2026-06-02,2026-06,EUR,149,149,paid
inv_003814,cus_00250,sub_00250,plan_growth,2026-07-02,2026-07,EUR,149,149,paid
inv_003815,cus_00250,sub_00250,plan_growth,2026-08-02,2026-08,EUR,149,149,paid
inv_003816,cus_00251,sub_00251,plan_scale,2025-08-02,2025-08,EUR,299,299,paid
inv_003817,cus_00251,sub_00251,plan_scale,2025-09-05,2025-09,EUR,299,299,paid
inv_003818,cus_00251,sub_00251,plan_scale,2025-10-04,2025-10,EUR,299,299,paid
inv_003819,cus_00251,sub_00251,plan_scale,2025-11-01,2025-11,EUR,299,299,paid
inv_003820,cus_00251,sub_00251,plan_scale,2025-12-02,2025-12,EUR,299,299,paid
inv_003821,cus_00251,sub_00251,plan_scale,2026-01-04,2026-01,EUR,299,299,paid
inv_003822,cus_00251,sub_00251,plan_scale,2026-02-03,2026-02,EUR,299,299,paid
inv_003823,cus_00251,sub_00251,plan_scale,2026-03-01,2026-03,EUR,299,299,paid
inv_003824,cus_00251,sub_00251,plan_scale,2026-04-01,2026-04,EUR,299,299,paid
inv_003825,cus_00251,sub_00251,plan_scale,2026-05-01,2026-05,EUR,299,299,paid
inv_003826,cus_00251,sub_00251,plan_scale,2026-06-03,2026-06,EUR,299,299,paid
inv_003827,cus_00251,sub_00251,plan_scale,2026-07-05,2026-07,EUR,299,299,paid
inv_003828,cus_00251,sub_00251,plan_scale,2026-08-03,2026-08,EUR,299,299,paid
inv_003829,cus_00252,sub_00252,plan_starter,2025-08-03,2025-08,EUR,29,29,paid
inv_003830,cus_00252,sub_00252,plan_starter,2025-09-02,2025-09,EUR,29,29,paid
inv_003831,cus_00252,sub_00252,plan_starter,2025-10-02,2025-10,EUR,29,29,paid
inv_003832,cus_00252,sub_00252,plan_starter,2025-11-05,2025-11,EUR,29,29,paid
inv_003833,cus_00252,sub_00252,plan_starter,2025-12-03,2025-12,EUR,29,29,paid
inv_003834,cus_00252,sub_00252,plan_starter,2026-01-04,2026-01,EUR,29,29,paid
inv_003835,cus_00252,sub_00252,plan_starter,2026-02-03,2026-02,EUR,29,29,paid
inv_003836,cus_00252,sub_00252,plan_starter,2026-03-05,2026-03,EUR,29,29,paid
inv_003837,cus_00252,sub_00252,plan_starter,2026-04-04,2026-04,EUR,29,29,paid
inv_003838,cus_00252,sub_00252,plan_starter,2026-05-02,2026-05,EUR,29,29,paid
inv_003839,cus_00252,sub_00252,plan_starter,2026-06-05,2026-06,EUR,29,29,paid
inv_003840,cus_00252,sub_00252,plan_starter,2026-07-05,2026-07,EUR,29,29,paid
inv_003841,cus_00252,sub_00252,plan_starter,2026-08-01,2026-08,EUR,29,29,open
inv_003842,cus_00253,sub_00253,plan_starter,2025-08-03,2025-08,GBP,24.79,29,paid
inv_003843,cus_00253,sub_00253,plan_starter,2025-09-01,2025-09,GBP,24.79,29,uncollectible
inv_003844,cus_00253,sub_00253,plan_starter,2025-10-04,2025-10,GBP,24.79,29,open
inv_003845,cus_00253,sub_00253,plan_starter,2025-11-04,2025-11,GBP,24.79,29,paid
inv_003846,cus_00253,sub_00253,plan_starter,2025-12-05,2025-12,GBP,24.79,29,paid
inv_003847,cus_00253,sub_00253,plan_starter,2026-01-03,2026-01,GBP,24.79,29,paid
inv_003848,cus_00253,sub_00253,plan_starter,2026-02-05,2026-02,GBP,24.79,29,paid
inv_003849,cus_00253,sub_00253,plan_starter,2026-03-01,2026-03,GBP,24.79,29,paid
inv_003850,cus_00253,sub_00253,plan_starter,2026-04-01,2026-04,GBP,24.79,29,paid
inv_003851,cus_00253,sub_00253,plan_starter,2026-05-04,2026-05,GBP,24.79,29,paid
inv_003852,cus_00253,sub_00253,plan_starter,2026-06-02,2026-06,GBP,24.79,29,paid
inv_003853,cus_00253,sub_00253,plan_starter,2026-07-03,2026-07,GBP,24.79,29,uncollectible
inv_003854,cus_00253,sub_00253,plan_starter,2026-08-03,2026-08,GBP,24.79,29,paid
inv_003855,cus_00254,sub_00254,plan_growth,2025-08-03,2025-08,EUR,99,99,paid
inv_003856,cus_00254,sub_00254,plan_growth,2025-09-01,2025-09,EUR,99,99,paid
inv_003857,cus_00254,sub_00254,plan_growth,2025-10-02,2025-10,EUR,99,99,paid
inv_003858,cus_00254,sub_00254,plan_growth,2025-11-05,2025-11,EUR,99,99,paid
inv_003859,cus_00254,sub_00254,plan_growth,2025-12-01,2025-12,EUR,99,99,paid
inv_003860,cus_00254,sub_00254,plan_growth,2026-01-02,2026-01,EUR,99,99,paid
inv_003861,cus_00254,sub_00254,plan_growth,2026-02-01,2026-02,EUR,99,99,paid
inv_003862,cus_00254,sub_00254,plan_growth,2026-03-04,2026-03,EUR,149,149,paid
inv_003863,cus_00254,sub_00254,plan_growth,2026-04-02,2026-04,EUR,149,149,paid
inv_003864,cus_00254,sub_00254,plan_growth,2026-05-05,2026-05,EUR,149,149,paid
inv_003865,cus_00254,sub_00254,plan_growth,2026-06-04,2026-06,EUR,149,149,paid
inv_003866,cus_00254,sub_00254,plan_growth,2026-07-01,2026-07,EUR,149,149,paid
inv_003867,cus_00254,sub_00254,plan_growth,2026-08-01,2026-08,EUR,149,149,paid
inv_003868,cus_00255,sub_00255,plan_growth,2025-08-03,2025-08,EUR,99,99,paid
inv_003869,cus_00255,sub_00255,plan_growth,2025-09-04,2025-09,EUR,99,99,paid
inv_003870,cus_00255,sub_00255,plan_growth,2025-10-03,2025-10,EUR,99,99,paid
inv_003871,cus_00256,sub_00256,plan_starter,2025-08-05,2025-08,EUR,29,29,paid
inv_003872,cus_00256,sub_00256,plan_starter,2025-09-03,2025-09,EUR,29,29,paid
inv_003873,cus_00256,sub_00256,plan_starter,2025-10-04,2025-10,EUR,29,29,paid
inv_003874,cus_00256,sub_00256,plan_starter,2025-11-04,2025-11,EUR,29,29,paid
inv_003875,cus_00256,sub_00256,plan_starter,2025-12-02,2025-12,EUR,29,29,paid
inv_003876,cus_00256,sub_00256,plan_starter,2026-01-01,2026-01,EUR,29,29,paid
inv_003877,cus_00256,sub_00256,plan_starter,2026-02-05,2026-02,EUR,29,29,paid
inv_003878,cus_00256,sub_00256,plan_starter,2026-03-04,2026-03,EUR,29,29,paid
inv_003879,cus_00256,sub_00256,plan_starter,2026-04-04,2026-04,EUR,29,29,paid
inv_003880,cus_00256,sub_00256,plan_starter,2026-05-01,2026-05,EUR,29,29,paid
inv_003881,cus_00256,sub_00256,plan_starter,2026-06-05,2026-06,EUR,29,29,paid
inv_003882,cus_00256,sub_00256,plan_starter,2026-07-02,2026-07,EUR,29,29,paid
inv_003883,cus_00256,sub_00256,plan_starter,2026-08-04,2026-08,EUR,29,29,paid
inv_003884,cus_00257,sub_00257,plan_starter,2025-08-05,2025-08,GBP,24.79,29,paid
inv_003885,cus_00257,sub_00257,plan_starter,2025-09-03,2025-09,GBP,24.79,29,paid
inv_003886,cus_00257,sub_00257,plan_starter,2025-10-01,2025-10,GBP,24.79,29,paid
inv_003887,cus_00257,sub_00257,plan_starter,2025-11-04,2025-11,GBP,24.79,29,paid
inv_003888,cus_00257,sub_00257,plan_starter,2025-12-01,2025-12,GBP,24.79,29,paid
inv_003889,cus_00257,sub_00257,plan_starter,2026-01-05,2026-01,GBP,24.79,29,paid
inv_003890,cus_00257,sub_00257,plan_starter,2026-02-05,2026-02,GBP,24.79,29,open
inv_003891,cus_00257,sub_00257,plan_starter,2026-03-05,2026-03,GBP,24.79,29,paid
inv_003892,cus_00257,sub_00257,plan_starter,2026-04-02,2026-04,GBP,24.79,29,paid
inv_003893,cus_00257,sub_00257,plan_starter,2026-05-01,2026-05,GBP,24.79,29,paid
inv_003894,cus_00257,sub_00257,plan_starter,2026-06-02,2026-06,GBP,24.79,29,paid
inv_003895,cus_00257,sub_00257,plan_starter,2026-07-01,2026-07,GBP,24.79,29,paid
inv_003896,cus_00257,sub_00257,plan_starter,2026-08-05,2026-08,GBP,24.79,29,paid
inv_003897,cus_00258,sub_00258,plan_growth,2025-08-05,2025-08,EUR,99,99,paid
inv_003898,cus_00258,sub_00258,plan_growth,2025-09-02,2025-09,EUR,99,99,open
inv_003899,cus_00258,sub_00258,plan_growth,2025-10-01,2025-10,EUR,99,99,paid
inv_003900,cus_00258,sub_00258,plan_growth,2025-11-01,2025-11,EUR,99,99,paid
inv_003901,cus_00258,sub_00258,plan_growth,2025-12-04,2025-12,EUR,99,99,paid
inv_003902,cus_00258,sub_00258,plan_growth,2026-01-01,2026-01,EUR,99,99,paid
inv_003903,cus_00258,sub_00258,plan_growth,2026-02-02,2026-02,EUR,99,99,paid
inv_003904,cus_00258,sub_00258,plan_growth,2026-03-04,2026-03,EUR,149,149,paid
inv_003905,cus_00258,sub_00258,plan_growth,2026-04-04,2026-04,EUR,149,149,paid
inv_003906,cus_00258,sub_00258,plan_growth,2026-05-03,2026-05,EUR,149,149,paid
inv_003907,cus_00258,sub_00258,plan_growth,2026-06-02,2026-06,EUR,149,149,paid
inv_003908,cus_00258,sub_00258,plan_growth,2026-07-05,2026-07,EUR,149,149,paid
inv_003909,cus_00258,sub_00258,plan_growth,2026-08-03,2026-08,EUR,149,149,paid
inv_003910,cus_00259,sub_00259,plan_growth,2025-08-02,2025-08,CHF,94.29,99,paid
inv_003911,cus_00259,sub_00259,plan_growth,2025-09-02,2025-09,CHF,94.29,99,paid
inv_003912,cus_00259,sub_00259,plan_growth,2025-10-04,2025-10,CHF,94.29,99,paid
inv_003913,cus_00259,sub_00259,plan_growth,2025-11-02,2025-11,CHF,94.29,99,paid
inv_003914,cus_00259,sub_00259,plan_growth,2025-12-01,2025-12,CHF,94.29,99,paid
inv_003915,cus_00259,sub_00259,plan_growth,2026-01-02,2026-01,CHF,94.29,99,open
inv_003916,cus_00259,sub_00259,plan_growth,2026-02-04,2026-02,CHF,94.29,99,paid
inv_003917,cus_00259,sub_00259,plan_growth,2026-03-01,2026-03,CHF,141.9,149,paid
inv_003918,cus_00259,sub_00259,plan_growth,2026-04-04,2026-04,CHF,141.9,149,paid
inv_003919,cus_00259,sub_00259,plan_growth,2026-05-02,2026-05,CHF,141.9,149,paid
inv_003920,cus_00259,sub_00259,plan_growth,2026-06-03,2026-06,CHF,141.9,149,paid
inv_003921,cus_00259,sub_00259,plan_growth,2026-07-04,2026-07,CHF,141.9,149,paid
inv_003922,cus_00259,sub_00259,plan_growth,2026-08-04,2026-08,CHF,141.9,149,paid
inv_003923,cus_00260,sub_00260,plan_growth,2025-08-01,2025-08,SEK,1125,99,paid
inv_003924,cus_00260,sub_00260,plan_growth,2025-09-04,2025-09,SEK,1125,99,paid
inv_003925,cus_00260,sub_00260,plan_growth,2025-10-04,2025-10,SEK,1125,99,paid
inv_003926,cus_00260,sub_00260,plan_growth,2025-11-01,2025-11,SEK,1125,99,paid
inv_003927,cus_00260,sub_00260,plan_growth,2025-12-03,2025-12,SEK,1125,99,paid
inv_003928,cus_00261,sub_00261,plan_growth,2025-09-04,2025-09,USD,107.61,99,paid
inv_003929,cus_00261,sub_00261,plan_growth,2025-10-04,2025-10,USD,107.61,99,paid
inv_003930,cus_00261,sub_00261,plan_growth,2025-11-02,2025-11,USD,107.61,99,paid
inv_003931,cus_00261,sub_00261,plan_growth,2025-12-05,2025-12,USD,107.61,99,paid
inv_003932,cus_00261,sub_00261,plan_growth,2026-01-05,2026-01,USD,107.61,99,paid
inv_003933,cus_00261,sub_00261,plan_growth,2026-02-05,2026-02,USD,107.61,99,paid
inv_003934,cus_00261,sub_00261,plan_growth,2026-03-04,2026-03,USD,161.96,149,void
inv_003935,cus_00261,sub_00261,plan_growth,2026-04-02,2026-04,USD,161.96,149,paid
inv_003936,cus_00261,sub_00261,plan_growth,2026-05-05,2026-05,USD,161.96,149,paid
inv_003937,cus_00261,sub_00261,plan_growth,2026-06-03,2026-06,USD,161.96,149,paid
inv_003938,cus_00261,sub_00261,plan_growth,2026-07-01,2026-07,USD,161.96,149,open
inv_003939,cus_00261,sub_00261,plan_growth,2026-08-03,2026-08,USD,161.96,149,paid
inv_003940,cus_00262,sub_00262,plan_growth,2025-09-05,2025-09,GBP,84.62,99,paid
inv_003941,cus_00262,sub_00262,plan_growth,2025-10-01,2025-10,GBP,84.62,99,paid
inv_003942,cus_00262,sub_00262,plan_growth,2025-11-05,2025-11,GBP,84.62,99,paid
inv_003943,cus_00262,sub_00262,plan_growth,2025-12-04,2025-12,GBP,84.62,99,paid
inv_003944,cus_00262,sub_00262,plan_growth,2026-01-04,2026-01,GBP,84.62,99,paid
inv_003945,cus_00262,sub_00262,plan_growth,2026-02-04,2026-02,GBP,84.62,99,paid
inv_003946,cus_00262,sub_00262,plan_growth,2026-03-01,2026-03,GBP,127.35,149,paid
inv_003947,cus_00262,sub_00262,plan_growth,2026-04-04,2026-04,GBP,127.35,149,paid
inv_003948,cus_00262,sub_00262,plan_growth,2026-05-05,2026-05,GBP,127.35,149,uncollectible
inv_003949,cus_00262,sub_00262,plan_growth,2026-06-02,2026-06,GBP,127.35,149,paid
inv_003950,cus_00262,sub_00262,plan_growth,2026-07-05,2026-07,GBP,127.35,149,paid
inv_003951,cus_00262,sub_00262,plan_growth,2026-08-03,2026-08,GBP,127.35,149,paid
inv_003952,cus_00263,sub_00263,plan_growth,2025-09-04,2025-09,USD,107.61,99,paid
inv_003953,cus_00263,sub_00263,plan_growth,2025-10-04,2025-10,USD,107.61,99,paid
inv_003954,cus_00263,sub_00263,plan_growth,2025-11-05,2025-11,USD,107.61,99,paid
inv_003955,cus_00263,sub_00263,plan_growth,2025-12-04,2025-12,USD,107.61,99,paid
inv_003956,cus_00263,sub_00263,plan_growth,2026-01-05,2026-01,USD,107.61,99,paid
inv_003957,cus_00263,sub_00263,plan_growth,2026-02-03,2026-02,USD,107.61,99,paid
inv_003958,cus_00263,sub_00263,plan_growth,2026-03-01,2026-03,USD,161.96,149,paid
inv_003959,cus_00263,sub_00263,plan_growth,2026-04-03,2026-04,USD,161.96,149,paid
inv_003960,cus_00263,sub_00263,plan_growth,2026-05-01,2026-05,USD,161.96,149,paid
inv_003961,cus_00263,sub_00263,plan_growth,2026-06-05,2026-06,USD,161.96,149,paid
inv_003962,cus_00263,sub_00263,plan_growth,2026-07-02,2026-07,USD,161.96,149,paid
inv_003963,cus_00263,sub_00263,plan_growth,2026-08-05,2026-08,USD,161.96,149,paid
inv_003964,cus_00264,sub_00264,plan_starter,2025-09-05,2025-09,EUR,29,29,uncollectible
inv_003965,cus_00264,sub_00264,plan_starter,2025-10-05,2025-10,EUR,29,29,paid
inv_003966,cus_00264,sub_00264,plan_starter,2025-11-03,2025-11,EUR,29,29,paid
inv_003967,cus_00264,sub_00264,plan_starter,2025-12-04,2025-12,EUR,29,29,paid
inv_003968,cus_00264,sub_00264,plan_starter,2026-01-01,2026-01,EUR,29,29,paid
inv_003969,cus_00264,sub_00264,plan_starter,2026-02-05,2026-02,EUR,29,29,paid
inv_003970,cus_00264,sub_00264,plan_starter,2026-03-02,2026-03,EUR,29,29,paid
inv_003971,cus_00264,sub_00264,plan_starter,2026-04-04,2026-04,EUR,29,29,paid
inv_003972,cus_00264,sub_00264,plan_starter,2026-05-03,2026-05,EUR,29,29,paid
inv_003973,cus_00264,sub_00264,plan_starter,2026-06-01,2026-06,EUR,29,29,paid
inv_003974,cus_00264,sub_00264,plan_starter,2026-07-04,2026-07,EUR,29,29,paid
inv_003975,cus_00264,sub_00264,plan_starter,2026-08-03,2026-08,EUR,29,29,paid
inv_003976,cus_00265,sub_00265,plan_enterprise,2025-09-04,2025-09,CHF,951.43,999,open
inv_003977,cus_00265,sub_00265,plan_enterprise,2025-10-01,2025-10,CHF,951.43,999,void
inv_003978,cus_00265,sub_00265,plan_enterprise,2025-11-03,2025-11,CHF,951.43,999,paid
inv_003979,cus_00265,sub_00265,plan_enterprise,2025-12-01,2025-12,CHF,951.43,999,paid
inv_003980,cus_00265,sub_00265,plan_enterprise,2026-01-04,2026-01,CHF,951.43,999,paid
inv_003981,cus_00265,sub_00265,plan_enterprise,2026-02-03,2026-02,CHF,951.43,999,paid
inv_003982,cus_00265,sub_00265,plan_enterprise,2026-03-02,2026-03,CHF,951.43,999,paid
inv_003983,cus_00265,sub_00265,plan_enterprise,2026-04-05,2026-04,CHF,951.43,999,paid
inv_003984,cus_00265,sub_00265,plan_enterprise,2026-05-01,2026-05,CHF,951.43,999,paid
inv_003985,cus_00265,sub_00265,plan_enterprise,2026-06-01,2026-06,CHF,951.43,999,paid
inv_003986,cus_00265,sub_00265,plan_enterprise,2026-07-03,2026-07,CHF,951.43,999,paid
inv_003987,cus_00265,sub_00265,plan_enterprise,2026-08-03,2026-08,CHF,951.43,999,paid
inv_003988,cus_00266,sub_00266,plan_growth,2025-09-01,2025-09,EUR,99,99,paid
inv_003989,cus_00266,sub_00266,plan_growth,2025-10-04,2025-10,EUR,99,99,paid
inv_003990,cus_00266,sub_00266,plan_growth,2025-11-04,2025-11,EUR,99,99,paid
inv_003991,cus_00266,sub_00266,plan_growth,2025-12-03,2025-12,EUR,99,99,open
inv_003992,cus_00266,sub_00266,plan_growth,2026-01-04,2026-01,EUR,99,99,paid
inv_003993,cus_00266,sub_00266,plan_growth,2026-02-05,2026-02,EUR,99,99,paid
inv_003994,cus_00266,sub_00266,plan_growth,2026-03-03,2026-03,EUR,149,149,paid
inv_003995,cus_00267,sub_00267,plan_enterprise,2025-09-04,2025-09,USD,1085.87,999,paid
inv_003996,cus_00267,sub_00267,plan_enterprise,2025-10-02,2025-10,USD,1085.87,999,paid
inv_003997,cus_00267,sub_00267,plan_enterprise,2025-11-03,2025-11,USD,1085.87,999,paid
inv_003998,cus_00267,sub_00267,plan_enterprise,2025-12-01,2025-12,USD,1085.87,999,paid
inv_003999,cus_00267,sub_00267,plan_enterprise,2026-01-02,2026-01,USD,1085.87,999,paid
inv_004000,cus_00267,sub_00267,plan_enterprise,2026-02-04,2026-02,USD,1085.87,999,paid
inv_004001,cus_00267,sub_00267,plan_enterprise,2026-03-03,2026-03,USD,1085.87,999,paid
inv_004002,cus_00267,sub_00267,plan_enterprise,2026-04-01,2026-04,USD,1085.87,999,paid
inv_004003,cus_00267,sub_00267,plan_enterprise,2026-05-01,2026-05,USD,1085.87,999,paid
inv_004004,cus_00267,sub_00267,plan_enterprise,2026-06-03,2026-06,USD,1085.87,999,paid
inv_004005,cus_00267,sub_00267,plan_enterprise,2026-07-03,2026-07,USD,1085.87,999,paid
inv_004006,cus_00267,sub_00267,plan_enterprise,2026-08-04,2026-08,USD,1085.87,999,open
inv_004007,cus_00268,sub_00268,plan_starter,2025-09-02,2025-09,EUR,29,29,paid
inv_004008,cus_00268,sub_00268,plan_starter,2025-10-03,2025-10,EUR,29,29,paid
inv_004009,cus_00268,sub_00268,plan_starter,2025-11-04,2025-11,EUR,29,29,paid
inv_004010,cus_00268,sub_00268,plan_starter,2025-12-05,2025-12,EUR,29,29,paid
inv_004011,cus_00268,sub_00268,plan_starter,2026-01-01,2026-01,EUR,29,29,paid
inv_004012,cus_00269,sub_00269,plan_growth,2025-09-04,2025-09,USD,107.61,99,uncollectible
inv_004013,cus_00269,sub_00269,plan_growth,2025-10-01,2025-10,USD,107.61,99,paid
inv_004014,cus_00269,sub_00269,plan_growth,2025-11-04,2025-11,USD,107.61,99,paid
inv_004015,cus_00269,sub_00269,plan_growth,2025-12-04,2025-12,USD,107.61,99,paid
inv_004016,cus_00269,sub_00269,plan_growth,2026-01-02,2026-01,USD,107.61,99,paid
inv_004017,cus_00269,sub_00269,plan_growth,2026-02-03,2026-02,USD,107.61,99,paid
inv_004018,cus_00269,sub_00269,plan_growth,2026-03-03,2026-03,USD,161.96,149,paid
inv_004019,cus_00269,sub_00269,plan_growth,2026-04-02,2026-04,USD,161.96,149,uncollectible
inv_004020,cus_00269,sub_00269,plan_growth,2026-05-03,2026-05,USD,161.96,149,paid
inv_004021,cus_00269,sub_00269,plan_growth,2026-06-03,2026-06,USD,161.96,149,paid
inv_004022,cus_00269,sub_00269,plan_growth,2026-07-05,2026-07,USD,161.96,149,paid
inv_004023,cus_00269,sub_00269,plan_growth,2026-08-02,2026-08,USD,161.96,149,paid
inv_004024,cus_00270,sub_00270,plan_scale,2025-09-02,2025-09,EUR,299,299,paid
inv_004025,cus_00270,sub_00270,plan_scale,2025-10-02,2025-10,EUR,299,299,paid
inv_004026,cus_00270,sub_00270,plan_scale,2025-11-05,2025-11,EUR,299,299,paid
inv_004027,cus_00270,sub_00270,plan_scale,2025-12-01,2025-12,EUR,299,299,open
inv_004028,cus_00270,sub_00270,plan_scale,2026-01-03,2026-01,EUR,299,299,paid
inv_004029,cus_00270,sub_00270,plan_scale,2026-02-01,2026-02,EUR,299,299,paid
inv_004030,cus_00270,sub_00270,plan_scale,2026-03-04,2026-03,EUR,299,299,paid
inv_004031,cus_00270,sub_00270,plan_scale,2026-04-02,2026-04,EUR,299,299,paid
inv_004032,cus_00270,sub_00270,plan_scale,2026-05-01,2026-05,EUR,299,299,paid
inv_004033,cus_00270,sub_00270,plan_scale,2026-06-05,2026-06,EUR,299,299,paid
inv_004034,cus_00270,sub_00270,plan_scale,2026-07-05,2026-07,EUR,299,299,paid
inv_004035,cus_00270,sub_00270,plan_scale,2026-08-01,2026-08,EUR,299,299,paid
inv_004036,cus_00271,sub_00271,plan_growth,2025-09-01,2025-09,EUR,99,99,paid
inv_004037,cus_00271,sub_00271,plan_growth,2025-10-02,2025-10,EUR,99,99,paid
inv_004038,cus_00271,sub_00271,plan_growth,2025-11-05,2025-11,EUR,99,99,paid
inv_004039,cus_00271,sub_00271,plan_growth,2025-12-02,2025-12,EUR,99,99,paid
inv_004040,cus_00271,sub_00271,plan_growth,2026-01-01,2026-01,EUR,99,99,paid
inv_004041,cus_00271,sub_00271,plan_growth,2026-02-03,2026-02,EUR,99,99,paid
inv_004042,cus_00271,sub_00271,plan_growth,2026-03-01,2026-03,EUR,149,149,paid
inv_004043,cus_00271,sub_00271,plan_growth,2026-04-02,2026-04,EUR,149,149,paid
inv_004044,cus_00271,sub_00271,plan_growth,2026-05-05,2026-05,EUR,149,149,paid
inv_004045,cus_00271,sub_00271,plan_growth,2026-06-02,2026-06,EUR,149,149,paid
inv_004046,cus_00271,sub_00271,plan_growth,2026-07-03,2026-07,EUR,149,149,paid
inv_004047,cus_00271,sub_00271,plan_growth,2026-08-03,2026-08,EUR,149,149,paid
inv_004048,cus_00272,sub_00272,plan_scale,2025-09-01,2025-09,EUR,299,299,paid
inv_004049,cus_00272,sub_00272,plan_scale,2025-10-02,2025-10,EUR,299,299,uncollectible
inv_004050,cus_00272,sub_00272,plan_scale,2025-11-05,2025-11,EUR,299,299,paid
inv_004051,cus_00272,sub_00272,plan_scale,2025-12-03,2025-12,EUR,299,299,paid
inv_004052,cus_00272,sub_00272,plan_scale,2026-01-01,2026-01,EUR,299,299,paid
inv_004053,cus_00272,sub_00272,plan_scale,2026-02-05,2026-02,EUR,299,299,paid
inv_004054,cus_00272,sub_00272,plan_scale,2026-03-02,2026-03,EUR,299,299,paid
inv_004055,cus_00272,sub_00272,plan_scale,2026-04-05,2026-04,EUR,299,299,paid
inv_004056,cus_00272,sub_00272,plan_scale,2026-05-05,2026-05,EUR,299,299,paid
inv_004057,cus_00272,sub_00272,plan_scale,2026-06-02,2026-06,EUR,299,299,paid
inv_004058,cus_00272,sub_00272,plan_scale,2026-07-04,2026-07,EUR,299,299,paid
inv_004059,cus_00272,sub_00272,plan_scale,2026-08-05,2026-08,EUR,299,299,paid
inv_004060,cus_00273,sub_00273,plan_starter,2025-09-01,2025-09,EUR,29,29,paid
inv_004061,cus_00273,sub_00273,plan_starter,2025-10-03,2025-10,EUR,29,29,paid
inv_004062,cus_00273,sub_00273,plan_starter,2025-11-04,2025-11,EUR,29,29,paid
inv_004063,cus_00274,sub_00274,plan_growth,2025-09-01,2025-09,EUR,99,99,paid
inv_004064,cus_00274,sub_00274,plan_growth,2025-10-04,2025-10,EUR,99,99,paid
inv_004065,cus_00274,sub_00274,plan_growth,2025-11-01,2025-11,EUR,99,99,paid
inv_004066,cus_00274,sub_00274,plan_growth,2025-12-01,2025-12,EUR,99,99,paid
inv_004067,cus_00274,sub_00274,plan_growth,2026-01-04,2026-01,EUR,99,99,paid
inv_004068,cus_00274,sub_00274,plan_growth,2026-02-05,2026-02,EUR,99,99,paid
inv_004069,cus_00274,sub_00274,plan_growth,2026-03-02,2026-03,EUR,149,149,paid
inv_004070,cus_00274,sub_00274,plan_growth,2026-04-03,2026-04,EUR,149,149,paid
inv_004071,cus_00274,sub_00274,plan_growth,2026-05-03,2026-05,EUR,149,149,paid
inv_004072,cus_00274,sub_00274,plan_growth,2026-06-01,2026-06,EUR,149,149,paid
inv_004073,cus_00274,sub_00274,plan_growth,2026-07-05,2026-07,EUR,149,149,paid
inv_004074,cus_00274,sub_00274,plan_growth,2026-08-01,2026-08,EUR,149,149,paid
inv_004075,cus_00275,sub_00275,plan_growth,2025-09-01,2025-09,EUR,99,99,paid
inv_004076,cus_00275,sub_00275,plan_growth,2025-10-05,2025-10,EUR,99,99,paid
inv_004077,cus_00275,sub_00275,plan_growth,2025-11-03,2025-11,EUR,99,99,paid
inv_004078,cus_00275,sub_00275,plan_growth,2025-12-04,2025-12,EUR,99,99,uncollectible
inv_004079,cus_00275,sub_00275,plan_growth,2026-01-02,2026-01,EUR,99,99,paid
inv_004080,cus_00275,sub_00275,plan_growth,2026-02-04,2026-02,EUR,99,99,paid
inv_004081,cus_00275,sub_00275,plan_growth,2026-03-03,2026-03,EUR,149,149,paid
inv_004082,cus_00276,sub_00276,plan_starter,2025-09-01,2025-09,EUR,29,29,paid
inv_004083,cus_00276,sub_00276,plan_starter,2025-10-05,2025-10,EUR,29,29,paid
inv_004084,cus_00276,sub_00276,plan_starter,2025-11-02,2025-11,EUR,29,29,paid
inv_004085,cus_00276,sub_00276,plan_starter,2025-12-01,2025-12,EUR,29,29,paid
inv_004086,cus_00276,sub_00276,plan_starter,2026-01-02,2026-01,EUR,29,29,paid
inv_004087,cus_00276,sub_00276,plan_starter,2026-02-03,2026-02,EUR,29,29,paid
inv_004088,cus_00276,sub_00276,plan_starter,2026-03-01,2026-03,EUR,29,29,paid
inv_004089,cus_00276,sub_00276,plan_starter,2026-04-03,2026-04,EUR,29,29,paid
inv_004090,cus_00276,sub_00276,plan_starter,2026-05-02,2026-05,EUR,29,29,paid
inv_004091,cus_00276,sub_00276,plan_starter,2026-06-02,2026-06,EUR,29,29,paid
inv_004092,cus_00276,sub_00276,plan_starter,2026-07-02,2026-07,EUR,29,29,paid
inv_004093,cus_00276,sub_00276,plan_starter,2026-08-01,2026-08,EUR,29,29,paid
inv_004094,cus_00277,sub_00277,plan_growth,2025-09-04,2025-09,EUR,99,99,uncollectible
inv_004095,cus_00277,sub_00277,plan_growth,2025-10-01,2025-10,EUR,99,99,open
inv_004096,cus_00277,sub_00277,plan_growth,2025-11-03,2025-11,EUR,99,99,paid
inv_004097,cus_00277,sub_00277,plan_growth,2025-12-02,2025-12,EUR,99,99,paid
inv_004098,cus_00277,sub_00277,plan_growth,2026-01-02,2026-01,EUR,99,99,paid
inv_004099,cus_00277,sub_00277,plan_growth,2026-02-05,2026-02,EUR,99,99,paid
inv_004100,cus_00277,sub_00277,plan_growth,2026-03-01,2026-03,EUR,149,149,paid
inv_004101,cus_00277,sub_00277,plan_growth,2026-04-01,2026-04,EUR,149,149,paid
inv_004102,cus_00277,sub_00277,plan_growth,2026-05-03,2026-05,EUR,149,149,paid
inv_004103,cus_00277,sub_00277,plan_growth,2026-06-03,2026-06,EUR,149,149,paid
inv_004104,cus_00277,sub_00277,plan_growth,2026-07-05,2026-07,EUR,149,149,paid
inv_004105,cus_00277,sub_00277,plan_growth,2026-08-02,2026-08,EUR,149,149,paid
inv_004106,cus_00278,sub_00278,plan_starter,2025-09-05,2025-09,EUR,29,29,uncollectible
inv_004107,cus_00278,sub_00278,plan_starter,2025-10-03,2025-10,EUR,29,29,paid
inv_004108,cus_00278,sub_00278,plan_starter,2025-11-05,2025-11,EUR,29,29,paid
inv_004109,cus_00278,sub_00278,plan_starter,2025-12-05,2025-12,EUR,29,29,paid
inv_004110,cus_00278,sub_00278,plan_starter,2026-01-03,2026-01,EUR,29,29,paid
inv_004111,cus_00278,sub_00278,plan_starter,2026-02-02,2026-02,EUR,29,29,paid
inv_004112,cus_00278,sub_00278,plan_starter,2026-03-04,2026-03,EUR,29,29,paid
inv_004113,cus_00278,sub_00278,plan_starter,2026-04-04,2026-04,EUR,29,29,paid
inv_004114,cus_00278,sub_00278,plan_starter,2026-05-01,2026-05,EUR,29,29,paid
inv_004115,cus_00278,sub_00278,plan_starter,2026-06-01,2026-06,EUR,29,29,paid
inv_004116,cus_00278,sub_00278,plan_starter,2026-07-01,2026-07,EUR,29,29,paid
inv_004117,cus_00278,sub_00278,plan_starter,2026-08-04,2026-08,EUR,29,29,paid
inv_004118,cus_00279,sub_00279,plan_starter,2025-09-02,2025-09,GBP,24.79,29,void
inv_004119,cus_00279,sub_00279,plan_starter,2025-10-04,2025-10,GBP,24.79,29,paid
inv_004120,cus_00279,sub_00279,plan_starter,2025-11-01,2025-11,GBP,24.79,29,paid
inv_004121,cus_00279,sub_00279,plan_starter,2025-12-02,2025-12,GBP,24.79,29,paid
inv_004122,cus_00280,sub_00280,plan_growth,2025-09-01,2025-09,EUR,99,99,paid
inv_004123,cus_00280,sub_00280,plan_growth,2025-10-01,2025-10,EUR,99,99,paid
inv_004124,cus_00280,sub_00280,plan_growth,2025-11-04,2025-11,EUR,99,99,paid
inv_004125,cus_00280,sub_00280,plan_growth,2025-12-04,2025-12,EUR,99,99,paid
inv_004126,cus_00280,sub_00280,plan_growth,2026-01-02,2026-01,EUR,99,99,open
inv_004127,cus_00280,sub_00280,plan_growth,2026-02-04,2026-02,EUR,99,99,paid
inv_004128,cus_00281,sub_00281,plan_starter,2025-09-03,2025-09,GBP,24.79,29,paid
inv_004129,cus_00281,sub_00281,plan_starter,2025-10-04,2025-10,GBP,24.79,29,paid
inv_004130,cus_00281,sub_00281,plan_starter,2025-11-05,2025-11,GBP,24.79,29,paid
inv_004131,cus_00281,sub_00281,plan_starter,2025-12-01,2025-12,GBP,24.79,29,paid
inv_004132,cus_00281,sub_00281,plan_starter,2026-01-01,2026-01,GBP,24.79,29,paid
inv_004133,cus_00281,sub_00281,plan_starter,2026-02-05,2026-02,GBP,24.79,29,paid
inv_004134,cus_00281,sub_00281,plan_starter,2026-03-01,2026-03,GBP,24.79,29,uncollectible
inv_004135,cus_00281,sub_00281,plan_starter,2026-04-01,2026-04,GBP,24.79,29,paid
inv_004136,cus_00281,sub_00281,plan_starter,2026-05-02,2026-05,GBP,24.79,29,paid
inv_004137,cus_00281,sub_00281,plan_starter,2026-06-04,2026-06,GBP,24.79,29,paid
inv_004138,cus_00281,sub_00281,plan_starter,2026-07-01,2026-07,GBP,24.79,29,paid
inv_004139,cus_00281,sub_00281,plan_starter,2026-08-04,2026-08,GBP,24.79,29,paid
inv_004140,cus_00282,sub_00282,plan_growth,2025-09-05,2025-09,EUR,99,99,paid
inv_004141,cus_00282,sub_00282,plan_growth,2025-10-03,2025-10,EUR,99,99,paid
inv_004142,cus_00282,sub_00282,plan_growth,2025-11-04,2025-11,EUR,99,99,paid
inv_004143,cus_00282,sub_00282,plan_growth,2025-12-01,2025-12,EUR,99,99,paid
inv_004144,cus_00282,sub_00282,plan_growth,2026-01-03,2026-01,EUR,99,99,paid
inv_004145,cus_00282,sub_00282,plan_growth,2026-02-05,2026-02,EUR,99,99,paid
inv_004146,cus_00282,sub_00282,plan_growth,2026-03-02,2026-03,EUR,149,149,paid
inv_004147,cus_00282,sub_00282,plan_growth,2026-04-04,2026-04,EUR,149,149,paid
inv_004148,cus_00282,sub_00282,plan_growth,2026-05-03,2026-05,EUR,149,149,paid
inv_004149,cus_00282,sub_00282,plan_growth,2026-06-03,2026-06,EUR,149,149,paid
inv_004150,cus_00282,sub_00282,plan_growth,2026-07-02,2026-07,EUR,149,149,paid
inv_004151,cus_00282,sub_00282,plan_growth,2026-08-01,2026-08,EUR,149,149,paid
inv_004152,cus_00283,sub_00283,plan_growth,2025-09-03,2025-09,EUR,99,99,paid
inv_004153,cus_00283,sub_00283,plan_growth,2025-10-02,2025-10,EUR,99,99,paid
inv_004154,cus_00283,sub_00283,plan_growth,2025-11-02,2025-11,EUR,99,99,paid
inv_004155,cus_00283,sub_00283,plan_growth,2025-12-04,2025-12,EUR,99,99,paid
inv_004156,cus_00283,sub_00283,plan_growth,2026-01-05,2026-01,EUR,99,99,paid
inv_004157,cus_00283,sub_00283,plan_growth,2026-02-01,2026-02,EUR,99,99,paid
inv_004158,cus_00283,sub_00283,plan_growth,2026-03-01,2026-03,EUR,149,149,paid
inv_004159,cus_00283,sub_00283,plan_growth,2026-04-04,2026-04,EUR,149,149,paid
inv_004160,cus_00283,sub_00283,plan_growth,2026-05-02,2026-05,EUR,149,149,paid
inv_004161,cus_00283,sub_00283,plan_growth,2026-06-04,2026-06,EUR,149,149,open
inv_004162,cus_00283,sub_00283,plan_growth,2026-07-04,2026-07,EUR,149,149,paid
inv_004163,cus_00283,sub_00283,plan_growth,2026-08-04,2026-08,EUR,149,149,paid
inv_004164,cus_00284,sub_00284,plan_growth,2025-09-05,2025-09,EUR,99,99,paid
inv_004165,cus_00284,sub_00284,plan_growth,2025-10-03,2025-10,EUR,99,99,paid
inv_004166,cus_00284,sub_00284,plan_growth,2025-11-04,2025-11,EUR,99,99,paid
inv_004167,cus_00284,sub_00284,plan_growth,2025-12-05,2025-12,EUR,99,99,paid
inv_004168,cus_00284,sub_00284,plan_growth,2026-01-02,2026-01,EUR,99,99,paid
inv_004169,cus_00284,sub_00284,plan_growth,2026-02-01,2026-02,EUR,99,99,paid
inv_004170,cus_00284,sub_00284,plan_growth,2026-03-05,2026-03,EUR,149,149,paid
inv_004171,cus_00284,sub_00284,plan_growth,2026-04-01,2026-04,EUR,149,149,paid
inv_004172,cus_00284,sub_00284,plan_growth,2026-05-05,2026-05,EUR,149,149,paid
inv_004173,cus_00284,sub_00284,plan_growth,2026-06-01,2026-06,EUR,149,149,paid
inv_004174,cus_00284,sub_00284,plan_growth,2026-07-03,2026-07,EUR,149,149,paid
inv_004175,cus_00284,sub_00284,plan_growth,2026-08-03,2026-08,EUR,149,149,paid
inv_004176,cus_00285,sub_00285,plan_starter,2025-09-03,2025-09,EUR,29,29,paid
inv_004177,cus_00285,sub_00285,plan_starter,2025-10-03,2025-10,EUR,29,29,paid
inv_004178,cus_00285,sub_00285,plan_starter,2025-11-01,2025-11,EUR,29,29,paid
inv_004179,cus_00285,sub_00285,plan_starter,2025-12-03,2025-12,EUR,29,29,paid
inv_004180,cus_00285,sub_00285,plan_starter,2026-01-02,2026-01,EUR,29,29,paid
inv_004181,cus_00285,sub_00285,plan_starter,2026-02-05,2026-02,EUR,29,29,paid
inv_004182,cus_00285,sub_00285,plan_starter,2026-03-01,2026-03,EUR,29,29,paid
inv_004183,cus_00285,sub_00285,plan_starter,2026-04-03,2026-04,EUR,29,29,paid
inv_004184,cus_00285,sub_00285,plan_starter,2026-05-05,2026-05,EUR,29,29,paid
inv_004185,cus_00285,sub_00285,plan_starter,2026-06-02,2026-06,EUR,29,29,paid
inv_004186,cus_00285,sub_00285,plan_starter,2026-07-05,2026-07,EUR,29,29,paid
inv_004187,cus_00285,sub_00285,plan_starter,2026-08-04,2026-08,EUR,29,29,paid
inv_004188,cus_00286,sub_00286,plan_growth,2025-09-05,2025-09,EUR,99,99,paid
inv_004189,cus_00287,sub_00287,plan_starter,2025-09-04,2025-09,EUR,29,29,paid
inv_004190,cus_00287,sub_00287,plan_starter,2025-10-05,2025-10,EUR,29,29,paid
inv_004191,cus_00287,sub_00287,plan_starter,2025-11-03,2025-11,EUR,29,29,paid
inv_004192,cus_00287,sub_00287,plan_starter,2025-12-04,2025-12,EUR,29,29,paid
inv_004193,cus_00287,sub_00287,plan_starter,2026-01-01,2026-01,EUR,29,29,paid
inv_004194,cus_00287,sub_00287,plan_starter,2026-02-04,2026-02,EUR,29,29,paid
inv_004195,cus_00287,sub_00287,plan_starter,2026-03-05,2026-03,EUR,29,29,paid
inv_004196,cus_00287,sub_00287,plan_starter,2026-04-02,2026-04,EUR,29,29,paid
inv_004197,cus_00287,sub_00287,plan_starter,2026-05-05,2026-05,EUR,29,29,paid
inv_004198,cus_00287,sub_00287,plan_starter,2026-06-04,2026-06,EUR,29,29,paid
inv_004199,cus_00287,sub_00287,plan_starter,2026-07-05,2026-07,EUR,29,29,paid
inv_004200,cus_00287,sub_00287,plan_starter,2026-08-01,2026-08,EUR,29,29,paid
inv_004201,cus_00288,sub_00288,plan_starter,2025-09-01,2025-09,EUR,29,29,paid
inv_004202,cus_00288,sub_00288,plan_starter,2025-10-05,2025-10,EUR,29,29,paid
inv_004203,cus_00288,sub_00288,plan_starter,2025-11-03,2025-11,EUR,29,29,paid
inv_004204,cus_00288,sub_00288,plan_starter,2025-12-05,2025-12,EUR,29,29,paid
inv_004205,cus_00288,sub_00288,plan_starter,2026-01-01,2026-01,EUR,29,29,paid
inv_004206,cus_00288,sub_00288,plan_starter,2026-02-02,2026-02,EUR,29,29,paid
inv_004207,cus_00288,sub_00288,plan_starter,2026-03-02,2026-03,EUR,29,29,paid
inv_004208,cus_00288,sub_00288,plan_starter,2026-04-05,2026-04,EUR,29,29,paid
inv_004209,cus_00288,sub_00288,plan_starter,2026-05-02,2026-05,EUR,29,29,paid
inv_004210,cus_00288,sub_00288,plan_starter,2026-06-02,2026-06,EUR,29,29,paid
inv_004211,cus_00288,sub_00288,plan_starter,2026-07-03,2026-07,EUR,29,29,paid
inv_004212,cus_00288,sub_00288,plan_starter,2026-08-01,2026-08,EUR,29,29,paid
inv_004213,cus_00289,sub_00289,plan_growth,2025-09-02,2025-09,EUR,99,99,paid
inv_004214,cus_00289,sub_00289,plan_growth,2025-10-04,2025-10,EUR,99,99,paid
inv_004215,cus_00289,sub_00289,plan_growth,2025-11-03,2025-11,EUR,99,99,paid
inv_004216,cus_00289,sub_00289,plan_growth,2025-12-05,2025-12,EUR,99,99,paid
inv_004217,cus_00289,sub_00289,plan_growth,2026-01-01,2026-01,EUR,99,99,paid
inv_004218,cus_00289,sub_00289,plan_growth,2026-02-01,2026-02,EUR,99,99,paid
inv_004219,cus_00289,sub_00289,plan_growth,2026-03-01,2026-03,EUR,149,149,paid
inv_004220,cus_00289,sub_00289,plan_growth,2026-04-02,2026-04,EUR,149,149,paid
inv_004221,cus_00289,sub_00289,plan_growth,2026-05-01,2026-05,EUR,149,149,paid
inv_004222,cus_00289,sub_00289,plan_growth,2026-06-02,2026-06,EUR,149,149,open
inv_004223,cus_00289,sub_00289,plan_growth,2026-07-03,2026-07,EUR,149,149,paid
inv_004224,cus_00289,sub_00289,plan_growth,2026-08-03,2026-08,EUR,149,149,paid
inv_004225,cus_00290,sub_00290,plan_growth,2025-09-01,2025-09,EUR,99,99,paid
inv_004226,cus_00290,sub_00290,plan_growth,2025-10-01,2025-10,EUR,99,99,paid
inv_004227,cus_00290,sub_00290,plan_growth,2025-11-03,2025-11,EUR,99,99,paid
inv_004228,cus_00290,sub_00290,plan_growth,2025-12-02,2025-12,EUR,99,99,uncollectible
inv_004229,cus_00290,sub_00290,plan_growth,2026-01-05,2026-01,EUR,99,99,paid
inv_004230,cus_00290,sub_00290,plan_growth,2026-02-02,2026-02,EUR,99,99,open
inv_004231,cus_00290,sub_00290,plan_growth,2026-03-03,2026-03,EUR,149,149,paid
inv_004232,cus_00290,sub_00290,plan_growth,2026-04-05,2026-04,EUR,149,149,paid
inv_004233,cus_00290,sub_00290,plan_growth,2026-05-01,2026-05,EUR,149,149,paid
inv_004234,cus_00290,sub_00290,plan_growth,2026-06-05,2026-06,EUR,149,149,paid
inv_004235,cus_00290,sub_00290,plan_growth,2026-07-02,2026-07,EUR,149,149,paid
inv_004236,cus_00290,sub_00290,plan_growth,2026-08-03,2026-08,EUR,149,149,paid
inv_004237,cus_00291,sub_00291,plan_growth,2025-10-01,2025-10,EUR,99,99,paid
inv_004238,cus_00291,sub_00291,plan_growth,2025-11-01,2025-11,EUR,99,99,paid
inv_004239,cus_00291,sub_00291,plan_growth,2025-12-01,2025-12,EUR,99,99,paid
inv_004240,cus_00291,sub_00291,plan_growth,2026-01-01,2026-01,EUR,99,99,paid
inv_004241,cus_00291,sub_00291,plan_growth,2026-02-04,2026-02,EUR,99,99,paid
inv_004242,cus_00291,sub_00291,plan_growth,2026-03-01,2026-03,EUR,149,149,paid
inv_004243,cus_00291,sub_00291,plan_growth,2026-04-03,2026-04,EUR,149,149,paid
inv_004244,cus_00291,sub_00291,plan_growth,2026-05-03,2026-05,EUR,149,149,paid
inv_004245,cus_00291,sub_00291,plan_growth,2026-06-05,2026-06,EUR,149,149,paid
inv_004246,cus_00291,sub_00291,plan_growth,2026-07-01,2026-07,EUR,149,149,paid
inv_004247,cus_00291,sub_00291,plan_growth,2026-08-01,2026-08,EUR,149,149,paid
inv_004248,cus_00292,sub_00292,plan_starter,2025-10-03,2025-10,EUR,29,29,uncollectible
inv_004249,cus_00292,sub_00292,plan_starter,2025-11-03,2025-11,EUR,29,29,paid
inv_004250,cus_00292,sub_00292,plan_starter,2025-12-01,2025-12,EUR,29,29,paid
inv_004251,cus_00292,sub_00292,plan_starter,2026-01-03,2026-01,EUR,29,29,paid
inv_004252,cus_00292,sub_00292,plan_starter,2026-02-01,2026-02,EUR,29,29,paid
inv_004253,cus_00292,sub_00292,plan_starter,2026-03-05,2026-03,EUR,29,29,paid
inv_004254,cus_00292,sub_00292,plan_starter,2026-04-05,2026-04,EUR,29,29,uncollectible
inv_004255,cus_00292,sub_00292,plan_starter,2026-05-03,2026-05,EUR,29,29,paid
inv_004256,cus_00293,sub_00293,plan_starter,2025-10-03,2025-10,EUR,29,29,paid
inv_004257,cus_00293,sub_00293,plan_starter,2025-11-03,2025-11,EUR,29,29,paid
inv_004258,cus_00293,sub_00293,plan_starter,2025-12-05,2025-12,EUR,29,29,paid
inv_004259,cus_00293,sub_00293,plan_starter,2026-01-01,2026-01,EUR,29,29,paid
inv_004260,cus_00293,sub_00293,plan_starter,2026-02-03,2026-02,EUR,29,29,paid
inv_004261,cus_00293,sub_00293,plan_starter,2026-03-03,2026-03,EUR,29,29,paid
inv_004262,cus_00293,sub_00293,plan_starter,2026-04-01,2026-04,EUR,29,29,paid
inv_004263,cus_00293,sub_00293,plan_starter,2026-05-01,2026-05,EUR,29,29,paid
inv_004264,cus_00293,sub_00293,plan_starter,2026-06-01,2026-06,EUR,29,29,paid
inv_004265,cus_00293,sub_00293,plan_starter,2026-07-03,2026-07,EUR,29,29,paid
inv_004266,cus_00294,sub_00294,plan_growth,2025-10-04,2025-10,SEK,1125,99,paid
inv_004267,cus_00294,sub_00294,plan_growth,2025-11-04,2025-11,SEK,1125,99,paid
inv_004268,cus_00294,sub_00294,plan_growth,2025-12-04,2025-12,SEK,1125,99,paid
inv_004269,cus_00294,sub_00294,plan_growth,2026-01-03,2026-01,SEK,1125,99,paid
inv_004270,cus_00294,sub_00294,plan_growth,2026-02-05,2026-02,SEK,1125,99,paid
inv_004271,cus_00294,sub_00294,plan_growth,2026-03-01,2026-03,SEK,1693.18,149,paid
inv_004272,cus_00294,sub_00294,plan_growth,2026-04-04,2026-04,SEK,1693.18,149,paid
inv_004273,cus_00294,sub_00294,plan_growth,2026-05-05,2026-05,SEK,1693.18,149,paid
inv_004274,cus_00294,sub_00294,plan_growth,2026-06-03,2026-06,SEK,1693.18,149,paid
inv_004275,cus_00294,sub_00294,plan_growth,2026-07-03,2026-07,SEK,1693.18,149,paid
inv_004276,cus_00294,sub_00294,plan_growth,2026-08-02,2026-08,SEK,1693.18,149,paid
inv_004277,cus_00295,sub_00295,plan_starter,2025-10-04,2025-10,GBP,24.79,29,paid
inv_004278,cus_00295,sub_00295,plan_starter,2025-11-02,2025-11,GBP,24.79,29,paid
inv_004279,cus_00295,sub_00295,plan_starter,2025-12-04,2025-12,GBP,24.79,29,paid
inv_004280,cus_00295,sub_00295,plan_starter,2026-01-01,2026-01,GBP,24.79,29,paid
inv_004281,cus_00295,sub_00295,plan_starter,2026-02-02,2026-02,GBP,24.79,29,paid
inv_004282,cus_00295,sub_00295,plan_starter,2026-03-05,2026-03,GBP,24.79,29,paid
inv_004283,cus_00295,sub_00295,plan_starter,2026-04-03,2026-04,GBP,24.79,29,paid
inv_004284,cus_00295,sub_00295,plan_starter,2026-05-01,2026-05,GBP,24.79,29,paid
inv_004285,cus_00295,sub_00295,plan_starter,2026-06-04,2026-06,GBP,24.79,29,paid
inv_004286,cus_00295,sub_00295,plan_starter,2026-07-03,2026-07,GBP,24.79,29,paid
inv_004287,cus_00295,sub_00295,plan_starter,2026-08-02,2026-08,GBP,24.79,29,paid
inv_004288,cus_00296,sub_00296,plan_growth,2025-10-03,2025-10,GBP,84.62,99,paid
inv_004289,cus_00296,sub_00296,plan_growth,2025-11-01,2025-11,GBP,84.62,99,paid
inv_004290,cus_00296,sub_00296,plan_growth,2025-12-03,2025-12,GBP,84.62,99,paid
inv_004291,cus_00296,sub_00296,plan_growth,2026-01-05,2026-01,GBP,84.62,99,paid
inv_004292,cus_00296,sub_00296,plan_growth,2026-02-02,2026-02,GBP,84.62,99,paid
inv_004293,cus_00297,sub_00297,plan_starter,2025-10-05,2025-10,USD,31.52,29,paid
inv_004294,cus_00297,sub_00297,plan_starter,2025-11-02,2025-11,USD,31.52,29,paid
inv_004295,cus_00297,sub_00297,plan_starter,2025-12-02,2025-12,USD,31.52,29,paid
inv_004296,cus_00297,sub_00297,plan_starter,2026-01-02,2026-01,USD,31.52,29,void
inv_004297,cus_00297,sub_00297,plan_starter,2026-02-01,2026-02,USD,31.52,29,paid
inv_004298,cus_00297,sub_00297,plan_starter,2026-03-04,2026-03,USD,31.52,29,paid
inv_004299,cus_00297,sub_00297,plan_starter,2026-04-04,2026-04,USD,31.52,29,paid
inv_004300,cus_00297,sub_00297,plan_starter,2026-05-05,2026-05,USD,31.52,29,paid
inv_004301,cus_00297,sub_00297,plan_starter,2026-06-01,2026-06,USD,31.52,29,open
inv_004302,cus_00297,sub_00297,plan_starter,2026-07-01,2026-07,USD,31.52,29,paid
inv_004303,cus_00297,sub_00297,plan_starter,2026-08-02,2026-08,USD,31.52,29,paid
inv_004304,cus_00298,sub_00298,plan_starter,2025-10-03,2025-10,EUR,29,29,paid
inv_004305,cus_00298,sub_00298,plan_starter,2025-11-05,2025-11,EUR,29,29,paid
inv_004306,cus_00298,sub_00298,plan_starter,2025-12-05,2025-12,EUR,29,29,paid
inv_004307,cus_00298,sub_00298,plan_starter,2026-01-02,2026-01,EUR,29,29,paid
inv_004308,cus_00298,sub_00298,plan_starter,2026-02-04,2026-02,EUR,29,29,paid
inv_004309,cus_00298,sub_00298,plan_starter,2026-03-01,2026-03,EUR,29,29,paid
inv_004310,cus_00298,sub_00298,plan_starter,2026-04-02,2026-04,EUR,29,29,paid
inv_004311,cus_00298,sub_00298,plan_starter,2026-05-01,2026-05,EUR,29,29,paid
inv_004312,cus_00298,sub_00298,plan_starter,2026-06-04,2026-06,EUR,29,29,paid
inv_004313,cus_00298,sub_00298,plan_starter,2026-07-02,2026-07,EUR,29,29,paid
inv_004314,cus_00298,sub_00298,plan_starter,2026-08-03,2026-08,EUR,29,29,open
inv_004315,cus_00299,sub_00299,plan_growth,2025-10-01,2025-10,EUR,99,99,paid
inv_004316,cus_00299,sub_00299,plan_growth,2025-11-03,2025-11,EUR,99,99,paid
inv_004317,cus_00299,sub_00299,plan_growth,2025-12-02,2025-12,EUR,99,99,paid
inv_004318,cus_00299,sub_00299,plan_growth,2026-01-03,2026-01,EUR,99,99,paid
inv_004319,cus_00299,sub_00299,plan_growth,2026-02-01,2026-02,EUR,99,99,paid
inv_004320,cus_00299,sub_00299,plan_growth,2026-03-02,2026-03,EUR,149,149,paid
inv_004321,cus_00299,sub_00299,plan_growth,2026-04-01,2026-04,EUR,149,149,paid
inv_004322,cus_00299,sub_00299,plan_growth,2026-05-01,2026-05,EUR,149,149,paid
inv_004323,cus_00299,sub_00299,plan_growth,2026-06-04,2026-06,EUR,149,149,open
inv_004324,cus_00299,sub_00299,plan_growth,2026-07-05,2026-07,EUR,149,149,paid
inv_004325,cus_00299,sub_00299,plan_growth,2026-08-03,2026-08,EUR,149,149,paid
inv_004326,cus_00300,sub_00300,plan_starter,2025-10-02,2025-10,EUR,29,29,paid
inv_004327,cus_00300,sub_00300,plan_starter,2025-11-02,2025-11,EUR,29,29,open
inv_004328,cus_00300,sub_00300,plan_starter,2025-12-05,2025-12,EUR,29,29,paid
inv_004329,cus_00300,sub_00300,plan_starter,2026-01-01,2026-01,EUR,29,29,paid
inv_004330,cus_00300,sub_00300,plan_starter,2026-02-03,2026-02,EUR,29,29,paid
inv_004331,cus_00300,sub_00300,plan_starter,2026-03-04,2026-03,EUR,29,29,paid
inv_004332,cus_00300,sub_00300,plan_starter,2026-04-05,2026-04,EUR,29,29,paid
inv_004333,cus_00300,sub_00300,plan_starter,2026-05-02,2026-05,EUR,29,29,paid
inv_004334,cus_00300,sub_00300,plan_starter,2026-06-02,2026-06,EUR,29,29,paid
inv_004335,cus_00300,sub_00300,plan_starter,2026-07-01,2026-07,EUR,29,29,paid
inv_004336,cus_00300,sub_00300,plan_starter,2026-08-02,2026-08,EUR,29,29,paid
inv_004337,cus_00301,sub_00301,plan_scale,2025-10-05,2025-10,EUR,299,299,paid
inv_004338,cus_00301,sub_00301,plan_scale,2025-11-04,2025-11,EUR,299,299,paid
inv_004339,cus_00301,sub_00301,plan_scale,2025-12-04,2025-12,EUR,299,299,paid
inv_004340,cus_00301,sub_00301,plan_scale,2026-01-01,2026-01,EUR,299,299,paid
inv_004341,cus_00301,sub_00301,plan_scale,2026-02-03,2026-02,EUR,299,299,paid
inv_004342,cus_00301,sub_00301,plan_scale,2026-03-01,2026-03,EUR,299,299,paid
inv_004343,cus_00301,sub_00301,plan_scale,2026-04-03,2026-04,EUR,299,299,paid
inv_004344,cus_00301,sub_00301,plan_scale,2026-05-05,2026-05,EUR,299,299,paid
inv_004345,cus_00301,sub_00301,plan_scale,2026-06-01,2026-06,EUR,299,299,paid
inv_004346,cus_00301,sub_00301,plan_scale,2026-07-04,2026-07,EUR,299,299,paid
inv_004347,cus_00301,sub_00301,plan_scale,2026-08-03,2026-08,EUR,299,299,paid
inv_004348,cus_00302,sub_00302,plan_starter,2025-10-04,2025-10,EUR,29,29,paid
inv_004349,cus_00302,sub_00302,plan_starter,2025-11-01,2025-11,EUR,29,29,paid
inv_004350,cus_00302,sub_00302,plan_starter,2025-12-04,2025-12,EUR,29,29,paid
inv_004351,cus_00302,sub_00302,plan_starter,2026-01-04,2026-01,EUR,29,29,uncollectible
inv_004352,cus_00302,sub_00302,plan_starter,2026-02-05,2026-02,EUR,29,29,paid
inv_004353,cus_00302,sub_00302,plan_starter,2026-03-01,2026-03,EUR,29,29,paid
inv_004354,cus_00303,sub_00303,plan_growth,2025-10-03,2025-10,USD,107.61,99,paid
inv_004355,cus_00303,sub_00303,plan_growth,2025-11-01,2025-11,USD,107.61,99,paid
inv_004356,cus_00303,sub_00303,plan_growth,2025-12-05,2025-12,USD,107.61,99,paid
inv_004357,cus_00303,sub_00303,plan_growth,2026-01-05,2026-01,USD,107.61,99,open
inv_004358,cus_00303,sub_00303,plan_growth,2026-02-03,2026-02,USD,107.61,99,paid
inv_004359,cus_00303,sub_00303,plan_growth,2026-03-01,2026-03,USD,161.96,149,paid
inv_004360,cus_00303,sub_00303,plan_growth,2026-04-01,2026-04,USD,161.96,149,paid
inv_004361,cus_00303,sub_00303,plan_growth,2026-05-03,2026-05,USD,161.96,149,paid
inv_004362,cus_00303,sub_00303,plan_growth,2026-06-04,2026-06,USD,161.96,149,paid
inv_004363,cus_00303,sub_00303,plan_growth,2026-07-02,2026-07,USD,161.96,149,paid
inv_004364,cus_00303,sub_00303,plan_growth,2026-08-03,2026-08,USD,161.96,149,paid
inv_004365,cus_00304,sub_00304,plan_growth,2025-10-02,2025-10,EUR,99,99,paid
inv_004366,cus_00304,sub_00304,plan_growth,2025-11-05,2025-11,EUR,99,99,paid
inv_004367,cus_00304,sub_00304,plan_growth,2025-12-05,2025-12,EUR,99,99,paid
inv_004368,cus_00304,sub_00304,plan_growth,2026-01-03,2026-01,EUR,99,99,paid
inv_004369,cus_00304,sub_00304,plan_growth,2026-02-02,2026-02,EUR,99,99,paid
inv_004370,cus_00304,sub_00304,plan_growth,2026-03-04,2026-03,EUR,149,149,void
inv_004371,cus_00304,sub_00304,plan_growth,2026-04-02,2026-04,EUR,149,149,paid
inv_004372,cus_00304,sub_00304,plan_growth,2026-05-04,2026-05,EUR,149,149,paid
inv_004373,cus_00304,sub_00304,plan_growth,2026-06-03,2026-06,EUR,149,149,paid
inv_004374,cus_00304,sub_00304,plan_growth,2026-07-05,2026-07,EUR,149,149,paid
inv_004375,cus_00304,sub_00304,plan_growth,2026-08-05,2026-08,EUR,149,149,paid
inv_004376,cus_00305,sub_00305,plan_starter,2025-10-02,2025-10,EUR,29,29,paid
inv_004377,cus_00305,sub_00305,plan_starter,2025-11-03,2025-11,EUR,29,29,paid
inv_004378,cus_00305,sub_00305,plan_starter,2025-12-01,2025-12,EUR,29,29,paid
inv_004379,cus_00305,sub_00305,plan_starter,2026-01-05,2026-01,EUR,29,29,paid
inv_004380,cus_00305,sub_00305,plan_starter,2026-02-03,2026-02,EUR,29,29,paid
inv_004381,cus_00305,sub_00305,plan_starter,2026-03-02,2026-03,EUR,29,29,uncollectible
inv_004382,cus_00305,sub_00305,plan_starter,2026-04-05,2026-04,EUR,29,29,paid
inv_004383,cus_00305,sub_00305,plan_starter,2026-05-04,2026-05,EUR,29,29,paid
inv_004384,cus_00305,sub_00305,plan_starter,2026-06-05,2026-06,EUR,29,29,paid
inv_004385,cus_00305,sub_00305,plan_starter,2026-07-04,2026-07,EUR,29,29,paid
inv_004386,cus_00305,sub_00305,plan_starter,2026-08-05,2026-08,EUR,29,29,paid
inv_004387,cus_00306,sub_00306,plan_starter,2025-10-05,2025-10,GBP,24.79,29,paid
inv_004388,cus_00306,sub_00306,plan_starter,2025-11-05,2025-11,GBP,24.79,29,paid
inv_004389,cus_00306,sub_00306,plan_starter,2025-12-04,2025-12,GBP,24.79,29,paid
inv_004390,cus_00306,sub_00306,plan_starter,2026-01-02,2026-01,GBP,24.79,29,paid
inv_004391,cus_00306,sub_00306,plan_starter,2026-02-05,2026-02,GBP,24.79,29,paid
inv_004392,cus_00306,sub_00306,plan_starter,2026-03-03,2026-03,GBP,24.79,29,paid
inv_004393,cus_00306,sub_00306,plan_starter,2026-04-02,2026-04,GBP,24.79,29,paid
inv_004394,cus_00306,sub_00306,plan_starter,2026-05-04,2026-05,GBP,24.79,29,open
inv_004395,cus_00306,sub_00306,plan_starter,2026-06-05,2026-06,GBP,24.79,29,paid
inv_004396,cus_00306,sub_00306,plan_starter,2026-07-04,2026-07,GBP,24.79,29,paid
inv_004397,cus_00306,sub_00306,plan_starter,2026-08-05,2026-08,GBP,24.79,29,paid
inv_004398,cus_00307,sub_00307,plan_starter,2025-10-04,2025-10,GBP,24.79,29,paid
inv_004399,cus_00307,sub_00307,plan_starter,2025-11-05,2025-11,GBP,24.79,29,paid
inv_004400,cus_00307,sub_00307,plan_starter,2025-12-05,2025-12,GBP,24.79,29,open
inv_004401,cus_00307,sub_00307,plan_starter,2026-01-02,2026-01,GBP,24.79,29,paid
inv_004402,cus_00307,sub_00307,plan_starter,2026-02-03,2026-02,GBP,24.79,29,paid
inv_004403,cus_00308,sub_00308,plan_scale,2025-10-03,2025-10,EUR,299,299,paid
inv_004404,cus_00308,sub_00308,plan_scale,2025-11-05,2025-11,EUR,299,299,paid
inv_004405,cus_00308,sub_00308,plan_scale,2025-12-04,2025-12,EUR,299,299,paid
inv_004406,cus_00308,sub_00308,plan_scale,2026-01-04,2026-01,EUR,299,299,paid
inv_004407,cus_00308,sub_00308,plan_scale,2026-02-03,2026-02,EUR,299,299,paid
inv_004408,cus_00308,sub_00308,plan_scale,2026-03-05,2026-03,EUR,299,299,paid
inv_004409,cus_00308,sub_00308,plan_scale,2026-04-01,2026-04,EUR,299,299,paid
inv_004410,cus_00308,sub_00308,plan_scale,2026-05-02,2026-05,EUR,299,299,paid
inv_004411,cus_00308,sub_00308,plan_scale,2026-06-04,2026-06,EUR,299,299,void
inv_004412,cus_00308,sub_00308,plan_scale,2026-07-03,2026-07,EUR,299,299,paid
inv_004413,cus_00308,sub_00308,plan_scale,2026-08-04,2026-08,EUR,299,299,paid
inv_004414,cus_00309,sub_00309,plan_growth,2025-10-05,2025-10,EUR,99,99,void
inv_004415,cus_00309,sub_00309,plan_growth,2025-11-02,2025-11,EUR,99,99,paid
inv_004416,cus_00309,sub_00309,plan_growth,2025-12-01,2025-12,EUR,99,99,paid
inv_004417,cus_00309,sub_00309,plan_growth,2026-01-02,2026-01,EUR,99,99,paid
inv_004418,cus_00309,sub_00309,plan_growth,2026-02-03,2026-02,EUR,99,99,paid
inv_004419,cus_00310,sub_00310,plan_growth,2025-10-03,2025-10,EUR,99,99,paid
inv_004420,cus_00310,sub_00310,plan_growth,2025-11-05,2025-11,EUR,99,99,paid
inv_004421,cus_00310,sub_00310,plan_growth,2025-12-02,2025-12,EUR,99,99,paid
inv_004422,cus_00310,sub_00310,plan_growth,2026-01-03,2026-01,EUR,99,99,paid
inv_004423,cus_00310,sub_00310,plan_growth,2026-02-01,2026-02,EUR,99,99,paid
inv_004424,cus_00311,sub_00311,plan_starter,2025-10-04,2025-10,EUR,29,29,paid
inv_004425,cus_00311,sub_00311,plan_starter,2025-11-02,2025-11,EUR,29,29,paid
inv_004426,cus_00311,sub_00311,plan_starter,2025-12-05,2025-12,EUR,29,29,paid
inv_004427,cus_00311,sub_00311,plan_starter,2026-01-01,2026-01,EUR,29,29,paid
inv_004428,cus_00311,sub_00311,plan_starter,2026-02-04,2026-02,EUR,29,29,paid
inv_004429,cus_00311,sub_00311,plan_starter,2026-03-05,2026-03,EUR,29,29,paid
inv_004430,cus_00311,sub_00311,plan_starter,2026-04-05,2026-04,EUR,29,29,paid
inv_004431,cus_00311,sub_00311,plan_starter,2026-05-02,2026-05,EUR,29,29,uncollectible
inv_004432,cus_00311,sub_00311,plan_starter,2026-06-04,2026-06,EUR,29,29,paid
inv_004433,cus_00311,sub_00311,plan_starter,2026-07-04,2026-07,EUR,29,29,paid
inv_004434,cus_00311,sub_00311,plan_starter,2026-08-04,2026-08,EUR,29,29,paid
inv_004435,cus_00312,sub_00312,plan_starter,2025-10-02,2025-10,GBP,24.79,29,paid
inv_004436,cus_00312,sub_00312,plan_starter,2025-11-04,2025-11,GBP,24.79,29,open
inv_004437,cus_00312,sub_00312,plan_starter,2025-12-01,2025-12,GBP,24.79,29,paid
inv_004438,cus_00312,sub_00312,plan_starter,2026-01-05,2026-01,GBP,24.79,29,paid
inv_004439,cus_00312,sub_00312,plan_starter,2026-02-03,2026-02,GBP,24.79,29,paid
inv_004440,cus_00312,sub_00312,plan_starter,2026-03-03,2026-03,GBP,24.79,29,paid
inv_004441,cus_00312,sub_00312,plan_starter,2026-04-02,2026-04,GBP,24.79,29,paid
inv_004442,cus_00313,sub_00313,plan_starter,2025-10-05,2025-10,EUR,29,29,paid
inv_004443,cus_00313,sub_00313,plan_starter,2025-11-01,2025-11,EUR,29,29,open
inv_004444,cus_00313,sub_00313,plan_starter,2025-12-02,2025-12,EUR,29,29,paid
inv_004445,cus_00313,sub_00313,plan_starter,2026-01-03,2026-01,EUR,29,29,paid
inv_004446,cus_00313,sub_00313,plan_starter,2026-02-02,2026-02,EUR,29,29,paid
inv_004447,cus_00313,sub_00313,plan_starter,2026-03-03,2026-03,EUR,29,29,paid
inv_004448,cus_00313,sub_00313,plan_starter,2026-04-03,2026-04,EUR,29,29,paid
inv_004449,cus_00313,sub_00313,plan_starter,2026-05-05,2026-05,EUR,29,29,paid
inv_004450,cus_00313,sub_00313,plan_starter,2026-06-03,2026-06,EUR,29,29,paid
inv_004451,cus_00313,sub_00313,plan_starter,2026-07-01,2026-07,EUR,29,29,paid
inv_004452,cus_00313,sub_00313,plan_starter,2026-08-02,2026-08,EUR,29,29,paid
inv_004453,cus_00314,sub_00314,plan_growth,2025-10-02,2025-10,EUR,99,99,paid
inv_004454,cus_00314,sub_00314,plan_growth,2025-11-02,2025-11,EUR,99,99,paid
inv_004455,cus_00314,sub_00314,plan_growth,2025-12-03,2025-12,EUR,99,99,paid
inv_004456,cus_00314,sub_00314,plan_growth,2026-01-04,2026-01,EUR,99,99,paid
inv_004457,cus_00314,sub_00314,plan_growth,2026-02-03,2026-02,EUR,99,99,paid
inv_004458,cus_00315,sub_00315,plan_growth,2025-10-01,2025-10,EUR,99,99,paid
inv_004459,cus_00315,sub_00315,plan_growth,2025-11-01,2025-11,EUR,99,99,paid
inv_004460,cus_00315,sub_00315,plan_growth,2025-12-05,2025-12,EUR,99,99,paid
inv_004461,cus_00315,sub_00315,plan_growth,2026-01-02,2026-01,EUR,99,99,paid
inv_004462,cus_00315,sub_00315,plan_growth,2026-02-03,2026-02,EUR,99,99,paid
inv_004463,cus_00316,sub_00316,plan_growth,2025-10-04,2025-10,EUR,99,99,paid
inv_004464,cus_00316,sub_00316,plan_growth,2025-11-03,2025-11,EUR,99,99,void
inv_004465,cus_00316,sub_00316,plan_growth,2025-12-02,2025-12,EUR,99,99,paid
inv_004466,cus_00316,sub_00316,plan_growth,2026-01-04,2026-01,EUR,99,99,paid
inv_004467,cus_00316,sub_00316,plan_growth,2026-02-04,2026-02,EUR,99,99,paid
inv_004468,cus_00316,sub_00316,plan_growth,2026-03-02,2026-03,EUR,149,149,paid
inv_004469,cus_00316,sub_00316,plan_growth,2026-04-01,2026-04,EUR,149,149,paid
inv_004470,cus_00316,sub_00316,plan_growth,2026-05-03,2026-05,EUR,149,149,paid
inv_004471,cus_00316,sub_00316,plan_growth,2026-06-02,2026-06,EUR,149,149,paid
inv_004472,cus_00316,sub_00316,plan_growth,2026-07-04,2026-07,EUR,149,149,void
inv_004473,cus_00317,sub_00317,plan_enterprise,2025-10-03,2025-10,EUR,999,999,paid
inv_004474,cus_00317,sub_00317,plan_enterprise,2025-11-01,2025-11,EUR,999,999,paid
inv_004475,cus_00317,sub_00317,plan_enterprise,2025-12-02,2025-12,EUR,999,999,paid
inv_004476,cus_00317,sub_00317,plan_enterprise,2026-01-01,2026-01,EUR,999,999,paid
inv_004477,cus_00317,sub_00317,plan_enterprise,2026-02-03,2026-02,EUR,999,999,uncollectible
inv_004478,cus_00317,sub_00317,plan_enterprise,2026-03-04,2026-03,EUR,999,999,paid
inv_004479,cus_00317,sub_00317,plan_enterprise,2026-04-05,2026-04,EUR,999,999,paid
inv_004480,cus_00317,sub_00317,plan_enterprise,2026-05-01,2026-05,EUR,999,999,paid
inv_004481,cus_00317,sub_00317,plan_enterprise,2026-06-04,2026-06,EUR,999,999,paid
inv_004482,cus_00317,sub_00317,plan_enterprise,2026-07-01,2026-07,EUR,999,999,paid
inv_004483,cus_00317,sub_00317,plan_enterprise,2026-08-02,2026-08,EUR,999,999,paid
inv_004484,cus_00318,sub_00318,plan_growth,2025-10-02,2025-10,GBP,84.62,99,open
inv_004485,cus_00318,sub_00318,plan_growth,2025-11-04,2025-11,GBP,84.62,99,paid
inv_004486,cus_00318,sub_00318,plan_growth,2025-12-02,2025-12,GBP,84.62,99,paid
inv_004487,cus_00319,sub_00319,plan_starter,2025-10-04,2025-10,EUR,29,29,paid
inv_004488,cus_00319,sub_00319,plan_starter,2025-11-05,2025-11,EUR,29,29,paid
inv_004489,cus_00319,sub_00319,plan_starter,2025-12-05,2025-12,EUR,29,29,paid
inv_004490,cus_00319,sub_00319,plan_starter,2026-01-02,2026-01,EUR,29,29,paid
inv_004491,cus_00319,sub_00319,plan_starter,2026-02-05,2026-02,EUR,29,29,paid
inv_004492,cus_00319,sub_00319,plan_starter,2026-03-02,2026-03,EUR,29,29,paid
inv_004493,cus_00319,sub_00319,plan_starter,2026-04-05,2026-04,EUR,29,29,paid
inv_004494,cus_00319,sub_00319,plan_starter,2026-05-02,2026-05,EUR,29,29,paid
inv_004495,cus_00319,sub_00319,plan_starter,2026-06-02,2026-06,EUR,29,29,paid
inv_004496,cus_00319,sub_00319,plan_starter,2026-07-01,2026-07,EUR,29,29,paid
inv_004497,cus_00319,sub_00319,plan_starter,2026-08-02,2026-08,EUR,29,29,paid
inv_004498,cus_00320,sub_00320,plan_growth,2025-10-02,2025-10,EUR,99,99,paid
inv_004499,cus_00320,sub_00320,plan_growth,2025-11-05,2025-11,EUR,99,99,paid
inv_004500,cus_00320,sub_00320,plan_growth,2025-12-02,2025-12,EUR,99,99,paid
inv_004501,cus_00320,sub_00320,plan_growth,2026-01-02,2026-01,EUR,99,99,paid
inv_004502,cus_00320,sub_00320,plan_growth,2026-02-04,2026-02,EUR,99,99,paid
inv_004503,cus_00320,sub_00320,plan_growth,2026-03-05,2026-03,EUR,149,149,paid
inv_004504,cus_00320,sub_00320,plan_growth,2026-04-03,2026-04,EUR,149,149,paid
inv_004505,cus_00320,sub_00320,plan_growth,2026-05-01,2026-05,EUR,149,149,paid
inv_004506,cus_00320,sub_00320,plan_growth,2026-06-02,2026-06,EUR,149,149,paid
inv_004507,cus_00320,sub_00320,plan_growth,2026-07-03,2026-07,EUR,149,149,paid
inv_004508,cus_00320,sub_00320,plan_growth,2026-08-04,2026-08,EUR,149,149,paid
inv_004509,cus_00321,sub_00321,plan_starter,2025-10-02,2025-10,EUR,29,29,paid
inv_004510,cus_00321,sub_00321,plan_starter,2025-11-04,2025-11,EUR,29,29,paid
inv_004511,cus_00321,sub_00321,plan_starter,2025-12-05,2025-12,EUR,29,29,paid
inv_004512,cus_00321,sub_00321,plan_starter,2026-01-02,2026-01,EUR,29,29,paid
inv_004513,cus_00321,sub_00321,plan_starter,2026-02-01,2026-02,EUR,29,29,paid
inv_004514,cus_00321,sub_00321,plan_starter,2026-03-02,2026-03,EUR,29,29,paid
inv_004515,cus_00321,sub_00321,plan_starter,2026-04-02,2026-04,EUR,29,29,paid
inv_004516,cus_00321,sub_00321,plan_starter,2026-05-04,2026-05,EUR,29,29,open
inv_004517,cus_00321,sub_00321,plan_starter,2026-06-01,2026-06,EUR,29,29,paid
inv_004518,cus_00321,sub_00321,plan_starter,2026-07-04,2026-07,EUR,29,29,paid
inv_004519,cus_00321,sub_00321,plan_starter,2026-08-02,2026-08,EUR,29,29,paid
inv_004520,cus_00322,sub_00322,plan_growth,2025-10-05,2025-10,EUR,99,99,paid
inv_004521,cus_00322,sub_00322,plan_growth,2025-11-05,2025-11,EUR,99,99,paid
inv_004522,cus_00322,sub_00322,plan_growth,2025-12-05,2025-12,EUR,99,99,paid
inv_004523,cus_00322,sub_00322,plan_growth,2026-01-03,2026-01,EUR,99,99,paid
inv_004524,cus_00322,sub_00322,plan_growth,2026-02-02,2026-02,EUR,99,99,paid
inv_004525,cus_00322,sub_00322,plan_growth,2026-03-03,2026-03,EUR,149,149,paid
inv_004526,cus_00322,sub_00322,plan_growth,2026-04-02,2026-04,EUR,149,149,paid
inv_004527,cus_00322,sub_00322,plan_growth,2026-05-04,2026-05,EUR,149,149,paid
inv_004528,cus_00322,sub_00322,plan_growth,2026-06-04,2026-06,EUR,149,149,paid
inv_004529,cus_00322,sub_00322,plan_growth,2026-07-02,2026-07,EUR,149,149,paid
inv_004530,cus_00322,sub_00322,plan_growth,2026-08-01,2026-08,EUR,149,149,paid
inv_004531,cus_00323,sub_00323,plan_scale,2025-10-03,2025-10,EUR,299,299,paid
inv_004532,cus_00323,sub_00323,plan_scale,2025-11-04,2025-11,EUR,299,299,paid
inv_004533,cus_00323,sub_00323,plan_scale,2025-12-02,2025-12,EUR,299,299,paid
inv_004534,cus_00323,sub_00323,plan_scale,2026-01-04,2026-01,EUR,299,299,paid
inv_004535,cus_00323,sub_00323,plan_scale,2026-02-03,2026-02,EUR,299,299,open
inv_004536,cus_00323,sub_00323,plan_scale,2026-03-05,2026-03,EUR,299,299,void
inv_004537,cus_00323,sub_00323,plan_scale,2026-04-05,2026-04,EUR,299,299,paid
inv_004538,cus_00323,sub_00323,plan_scale,2026-05-04,2026-05,EUR,299,299,paid
inv_004539,cus_00323,sub_00323,plan_scale,2026-06-01,2026-06,EUR,299,299,paid
inv_004540,cus_00323,sub_00323,plan_scale,2026-07-05,2026-07,EUR,299,299,paid
inv_004541,cus_00323,sub_00323,plan_scale,2026-08-02,2026-08,EUR,299,299,paid
inv_004542,cus_00324,sub_00324,plan_growth,2025-10-04,2025-10,EUR,99,99,paid
inv_004543,cus_00324,sub_00324,plan_growth,2025-11-04,2025-11,EUR,99,99,paid
inv_004544,cus_00324,sub_00324,plan_growth,2025-12-04,2025-12,EUR,99,99,paid
inv_004545,cus_00324,sub_00324,plan_growth,2026-01-01,2026-01,EUR,99,99,paid
inv_004546,cus_00324,sub_00324,plan_growth,2026-02-05,2026-02,EUR,99,99,paid
inv_004547,cus_00324,sub_00324,plan_growth,2026-03-01,2026-03,EUR,149,149,paid
inv_004548,cus_00324,sub_00324,plan_growth,2026-04-01,2026-04,EUR,149,149,paid
inv_004549,cus_00324,sub_00324,plan_growth,2026-05-04,2026-05,EUR,149,149,paid
inv_004550,cus_00325,sub_00325,plan_starter,2025-11-01,2025-11,GBP,24.79,29,paid
inv_004551,cus_00325,sub_00325,plan_starter,2025-12-01,2025-12,GBP,24.79,29,paid
inv_004552,cus_00325,sub_00325,plan_starter,2026-01-01,2026-01,GBP,24.79,29,paid
inv_004553,cus_00325,sub_00325,plan_starter,2026-02-03,2026-02,GBP,24.79,29,paid
inv_004554,cus_00325,sub_00325,plan_starter,2026-03-03,2026-03,GBP,24.79,29,void
inv_004555,cus_00325,sub_00325,plan_starter,2026-04-02,2026-04,GBP,24.79,29,paid
inv_004556,cus_00325,sub_00325,plan_starter,2026-05-03,2026-05,GBP,24.79,29,paid
inv_004557,cus_00325,sub_00325,plan_starter,2026-06-03,2026-06,GBP,24.79,29,paid
inv_004558,cus_00325,sub_00325,plan_starter,2026-07-05,2026-07,GBP,24.79,29,paid
inv_004559,cus_00325,sub_00325,plan_starter,2026-08-01,2026-08,GBP,24.79,29,paid
inv_004560,cus_00326,sub_00326,plan_growth,2025-11-02,2025-11,USD,107.61,99,paid
inv_004561,cus_00326,sub_00326,plan_growth,2025-12-05,2025-12,USD,107.61,99,paid
inv_004562,cus_00326,sub_00326,plan_growth,2026-01-04,2026-01,USD,107.61,99,paid
inv_004563,cus_00326,sub_00326,plan_growth,2026-02-05,2026-02,USD,107.61,99,paid
inv_004564,cus_00326,sub_00326,plan_growth,2026-03-02,2026-03,USD,161.96,149,paid
inv_004565,cus_00326,sub_00326,plan_growth,2026-04-05,2026-04,USD,161.96,149,paid
inv_004566,cus_00326,sub_00326,plan_growth,2026-05-05,2026-05,USD,161.96,149,paid
inv_004567,cus_00326,sub_00326,plan_growth,2026-06-05,2026-06,USD,161.96,149,paid
inv_004568,cus_00326,sub_00326,plan_growth,2026-07-03,2026-07,USD,161.96,149,paid
inv_004569,cus_00326,sub_00326,plan_growth,2026-08-05,2026-08,USD,161.96,149,paid
inv_004570,cus_00327,sub_00327,plan_starter,2025-11-05,2025-11,EUR,29,29,paid
inv_004571,cus_00327,sub_00327,plan_starter,2025-12-04,2025-12,EUR,29,29,paid
inv_004572,cus_00327,sub_00327,plan_starter,2026-01-01,2026-01,EUR,29,29,open
inv_004573,cus_00327,sub_00327,plan_starter,2026-02-04,2026-02,EUR,29,29,paid
inv_004574,cus_00327,sub_00327,plan_starter,2026-03-02,2026-03,EUR,29,29,paid
inv_004575,cus_00327,sub_00327,plan_starter,2026-04-03,2026-04,EUR,29,29,uncollectible
inv_004576,cus_00327,sub_00327,plan_starter,2026-05-04,2026-05,EUR,29,29,paid
inv_004577,cus_00327,sub_00327,plan_starter,2026-06-04,2026-06,EUR,29,29,paid
inv_004578,cus_00327,sub_00327,plan_starter,2026-07-03,2026-07,EUR,29,29,paid
inv_004579,cus_00327,sub_00327,plan_starter,2026-08-02,2026-08,EUR,29,29,paid
inv_004580,cus_00328,sub_00328,plan_growth,2025-11-02,2025-11,USD,107.61,99,paid
inv_004581,cus_00328,sub_00328,plan_growth,2025-12-02,2025-12,USD,107.61,99,paid
inv_004582,cus_00328,sub_00328,plan_growth,2026-01-02,2026-01,USD,107.61,99,paid
inv_004583,cus_00328,sub_00328,plan_growth,2026-02-05,2026-02,USD,107.61,99,paid
inv_004584,cus_00328,sub_00328,plan_growth,2026-03-02,2026-03,USD,161.96,149,paid
inv_004585,cus_00328,sub_00328,plan_growth,2026-04-04,2026-04,USD,161.96,149,paid
inv_004586,cus_00328,sub_00328,plan_growth,2026-05-02,2026-05,USD,161.96,149,paid
inv_004587,cus_00328,sub_00328,plan_growth,2026-06-01,2026-06,USD,161.96,149,paid
inv_004588,cus_00328,sub_00328,plan_growth,2026-07-04,2026-07,USD,161.96,149,paid
inv_004589,cus_00328,sub_00328,plan_growth,2026-08-03,2026-08,USD,161.96,149,paid
inv_004590,cus_00329,sub_00329,plan_starter,2025-11-04,2025-11,GBP,24.79,29,paid
inv_004591,cus_00329,sub_00329,plan_starter,2025-12-05,2025-12,GBP,24.79,29,paid
inv_004592,cus_00329,sub_00329,plan_starter,2026-01-01,2026-01,GBP,24.79,29,paid
inv_004593,cus_00329,sub_00329,plan_starter,2026-02-05,2026-02,GBP,24.79,29,paid
inv_004594,cus_00329,sub_00329,plan_starter,2026-03-02,2026-03,GBP,24.79,29,paid
inv_004595,cus_00329,sub_00329,plan_starter,2026-04-01,2026-04,GBP,24.79,29,paid
inv_004596,cus_00329,sub_00329,plan_starter,2026-05-05,2026-05,GBP,24.79,29,paid
inv_004597,cus_00329,sub_00329,plan_starter,2026-06-01,2026-06,GBP,24.79,29,paid
inv_004598,cus_00329,sub_00329,plan_starter,2026-07-05,2026-07,GBP,24.79,29,paid
inv_004599,cus_00329,sub_00329,plan_starter,2026-08-03,2026-08,GBP,24.79,29,open
inv_004600,cus_00330,sub_00330,plan_scale,2025-11-03,2025-11,EUR,299,299,paid
inv_004601,cus_00330,sub_00330,plan_scale,2025-12-03,2025-12,EUR,299,299,paid
inv_004602,cus_00330,sub_00330,plan_scale,2026-01-05,2026-01,EUR,299,299,paid
inv_004603,cus_00330,sub_00330,plan_scale,2026-02-04,2026-02,EUR,299,299,paid
inv_004604,cus_00330,sub_00330,plan_scale,2026-03-01,2026-03,EUR,299,299,paid
inv_004605,cus_00330,sub_00330,plan_scale,2026-04-03,2026-04,EUR,299,299,open
inv_004606,cus_00331,sub_00331,plan_growth,2025-11-05,2025-11,EUR,99,99,paid
inv_004607,cus_00331,sub_00331,plan_growth,2025-12-02,2025-12,EUR,99,99,paid
inv_004608,cus_00331,sub_00331,plan_growth,2026-01-03,2026-01,EUR,99,99,paid
inv_004609,cus_00331,sub_00331,plan_growth,2026-02-04,2026-02,EUR,99,99,uncollectible
inv_004610,cus_00331,sub_00331,plan_growth,2026-03-02,2026-03,EUR,149,149,paid
inv_004611,cus_00331,sub_00331,plan_growth,2026-04-02,2026-04,EUR,149,149,paid
inv_004612,cus_00331,sub_00331,plan_growth,2026-05-05,2026-05,EUR,149,149,paid
inv_004613,cus_00331,sub_00331,plan_growth,2026-06-04,2026-06,EUR,149,149,paid
inv_004614,cus_00331,sub_00331,plan_growth,2026-07-02,2026-07,EUR,149,149,paid
inv_004615,cus_00331,sub_00331,plan_growth,2026-08-04,2026-08,EUR,149,149,paid
inv_004616,cus_00332,sub_00332,plan_growth,2025-11-05,2025-11,EUR,99,99,paid
inv_004617,cus_00332,sub_00332,plan_growth,2025-12-03,2025-12,EUR,99,99,paid
inv_004618,cus_00332,sub_00332,plan_growth,2026-01-02,2026-01,EUR,99,99,paid
inv_004619,cus_00332,sub_00332,plan_growth,2026-02-03,2026-02,EUR,99,99,paid
inv_004620,cus_00332,sub_00332,plan_growth,2026-03-03,2026-03,EUR,149,149,paid
inv_004621,cus_00332,sub_00332,plan_growth,2026-04-03,2026-04,EUR,149,149,paid
inv_004622,cus_00332,sub_00332,plan_growth,2026-05-05,2026-05,EUR,149,149,open
inv_004623,cus_00332,sub_00332,plan_growth,2026-06-02,2026-06,EUR,149,149,open
inv_004624,cus_00332,sub_00332,plan_growth,2026-07-04,2026-07,EUR,149,149,paid
inv_004625,cus_00332,sub_00332,plan_growth,2026-08-04,2026-08,EUR,149,149,paid
inv_004626,cus_00333,sub_00333,plan_starter,2025-11-05,2025-11,GBP,24.79,29,paid
inv_004627,cus_00333,sub_00333,plan_starter,2025-12-01,2025-12,GBP,24.79,29,paid
inv_004628,cus_00333,sub_00333,plan_starter,2026-01-02,2026-01,GBP,24.79,29,paid
inv_004629,cus_00333,sub_00333,plan_starter,2026-02-03,2026-02,GBP,24.79,29,paid
inv_004630,cus_00333,sub_00333,plan_starter,2026-03-04,2026-03,GBP,24.79,29,paid
inv_004631,cus_00333,sub_00333,plan_starter,2026-04-01,2026-04,GBP,24.79,29,paid
inv_004632,cus_00333,sub_00333,plan_starter,2026-05-03,2026-05,GBP,24.79,29,paid
inv_004633,cus_00333,sub_00333,plan_starter,2026-06-02,2026-06,GBP,24.79,29,paid
inv_004634,cus_00333,sub_00333,plan_starter,2026-07-03,2026-07,GBP,24.79,29,paid
inv_004635,cus_00334,sub_00334,plan_scale,2025-11-03,2025-11,EUR,299,299,paid
inv_004636,cus_00334,sub_00334,plan_scale,2025-12-02,2025-12,EUR,299,299,paid
inv_004637,cus_00334,sub_00334,plan_scale,2026-01-04,2026-01,EUR,299,299,paid
inv_004638,cus_00334,sub_00334,plan_scale,2026-02-01,2026-02,EUR,299,299,paid
inv_004639,cus_00334,sub_00334,plan_scale,2026-03-04,2026-03,EUR,299,299,paid
inv_004640,cus_00334,sub_00334,plan_scale,2026-04-05,2026-04,EUR,299,299,paid
inv_004641,cus_00334,sub_00334,plan_scale,2026-05-03,2026-05,EUR,299,299,paid
inv_004642,cus_00334,sub_00334,plan_scale,2026-06-05,2026-06,EUR,299,299,paid
inv_004643,cus_00334,sub_00334,plan_scale,2026-07-04,2026-07,EUR,299,299,paid
inv_004644,cus_00334,sub_00334,plan_scale,2026-08-05,2026-08,EUR,299,299,paid
inv_004645,cus_00335,sub_00335,plan_starter,2025-11-01,2025-11,EUR,29,29,paid
inv_004646,cus_00335,sub_00335,plan_starter,2025-12-01,2025-12,EUR,29,29,paid
inv_004647,cus_00335,sub_00335,plan_starter,2026-01-02,2026-01,EUR,29,29,void
inv_004648,cus_00335,sub_00335,plan_starter,2026-02-01,2026-02,EUR,29,29,paid
inv_004649,cus_00335,sub_00335,plan_starter,2026-03-02,2026-03,EUR,29,29,paid
inv_004650,cus_00335,sub_00335,plan_starter,2026-04-03,2026-04,EUR,29,29,paid
inv_004651,cus_00335,sub_00335,plan_starter,2026-05-02,2026-05,EUR,29,29,paid
inv_004652,cus_00335,sub_00335,plan_starter,2026-06-01,2026-06,EUR,29,29,paid
inv_004653,cus_00335,sub_00335,plan_starter,2026-07-03,2026-07,EUR,29,29,paid
inv_004654,cus_00335,sub_00335,plan_starter,2026-08-05,2026-08,EUR,29,29,paid
inv_004655,cus_00336,sub_00336,plan_starter,2025-11-01,2025-11,CHF,27.62,29,paid
inv_004656,cus_00336,sub_00336,plan_starter,2025-12-04,2025-12,CHF,27.62,29,open
inv_004657,cus_00336,sub_00336,plan_starter,2026-01-03,2026-01,CHF,27.62,29,paid
inv_004658,cus_00336,sub_00336,plan_starter,2026-02-02,2026-02,CHF,27.62,29,paid
inv_004659,cus_00336,sub_00336,plan_starter,2026-03-05,2026-03,CHF,27.62,29,paid
inv_004660,cus_00336,sub_00336,plan_starter,2026-04-05,2026-04,CHF,27.62,29,paid
inv_004661,cus_00336,sub_00336,plan_starter,2026-05-05,2026-05,CHF,27.62,29,paid
inv_004662,cus_00336,sub_00336,plan_starter,2026-06-04,2026-06,CHF,27.62,29,uncollectible
inv_004663,cus_00336,sub_00336,plan_starter,2026-07-01,2026-07,CHF,27.62,29,paid
inv_004664,cus_00336,sub_00336,plan_starter,2026-08-04,2026-08,CHF,27.62,29,paid
inv_004665,cus_00337,sub_00337,plan_growth,2025-11-04,2025-11,EUR,99,99,paid
inv_004666,cus_00337,sub_00337,plan_growth,2025-12-02,2025-12,EUR,99,99,paid
inv_004667,cus_00337,sub_00337,plan_growth,2026-01-02,2026-01,EUR,99,99,paid
inv_004668,cus_00337,sub_00337,plan_growth,2026-02-02,2026-02,EUR,99,99,paid
inv_004669,cus_00338,sub_00338,plan_growth,2025-11-01,2025-11,EUR,99,99,paid
inv_004670,cus_00338,sub_00338,plan_growth,2025-12-03,2025-12,EUR,99,99,paid
inv_004671,cus_00338,sub_00338,plan_growth,2026-01-03,2026-01,EUR,99,99,paid
inv_004672,cus_00338,sub_00338,plan_growth,2026-02-04,2026-02,EUR,99,99,paid
inv_004673,cus_00338,sub_00338,plan_growth,2026-03-04,2026-03,EUR,149,149,paid
inv_004674,cus_00339,sub_00339,plan_scale,2025-11-01,2025-11,EUR,299,299,paid
inv_004675,cus_00339,sub_00339,plan_scale,2025-12-01,2025-12,EUR,299,299,paid
inv_004676,cus_00339,sub_00339,plan_scale,2026-01-03,2026-01,EUR,299,299,paid
inv_004677,cus_00339,sub_00339,plan_scale,2026-02-04,2026-02,EUR,299,299,open
inv_004678,cus_00339,sub_00339,plan_scale,2026-03-03,2026-03,EUR,299,299,paid
inv_004679,cus_00339,sub_00339,plan_scale,2026-04-01,2026-04,EUR,299,299,paid
inv_004680,cus_00339,sub_00339,plan_scale,2026-05-01,2026-05,EUR,299,299,paid
inv_004681,cus_00339,sub_00339,plan_scale,2026-06-05,2026-06,EUR,299,299,paid
inv_004682,cus_00339,sub_00339,plan_scale,2026-07-01,2026-07,EUR,299,299,paid
inv_004683,cus_00339,sub_00339,plan_scale,2026-08-05,2026-08,EUR,299,299,paid
inv_004684,cus_00340,sub_00340,plan_growth,2025-11-01,2025-11,GBP,84.62,99,paid
inv_004685,cus_00340,sub_00340,plan_growth,2025-12-05,2025-12,GBP,84.62,99,paid
inv_004686,cus_00340,sub_00340,plan_growth,2026-01-02,2026-01,GBP,84.62,99,paid
inv_004687,cus_00340,sub_00340,plan_growth,2026-02-02,2026-02,GBP,84.62,99,paid
inv_004688,cus_00340,sub_00340,plan_growth,2026-03-02,2026-03,GBP,127.35,149,paid
inv_004689,cus_00340,sub_00340,plan_growth,2026-04-05,2026-04,GBP,127.35,149,paid
inv_004690,cus_00340,sub_00340,plan_growth,2026-05-04,2026-05,GBP,127.35,149,paid
inv_004691,cus_00340,sub_00340,plan_growth,2026-06-02,2026-06,GBP,127.35,149,paid
inv_004692,cus_00340,sub_00340,plan_growth,2026-07-05,2026-07,GBP,127.35,149,paid
inv_004693,cus_00340,sub_00340,plan_growth,2026-08-01,2026-08,GBP,127.35,149,paid
inv_004694,cus_00341,sub_00341,plan_starter,2025-11-02,2025-11,CHF,27.62,29,open
inv_004695,cus_00341,sub_00341,plan_starter,2025-12-04,2025-12,CHF,27.62,29,paid
inv_004696,cus_00341,sub_00341,plan_starter,2026-01-03,2026-01,CHF,27.62,29,paid
inv_004697,cus_00341,sub_00341,plan_starter,2026-02-05,2026-02,CHF,27.62,29,paid
inv_004698,cus_00341,sub_00341,plan_starter,2026-03-05,2026-03,CHF,27.62,29,paid
inv_004699,cus_00341,sub_00341,plan_starter,2026-04-01,2026-04,CHF,27.62,29,paid
inv_004700,cus_00341,sub_00341,plan_starter,2026-05-02,2026-05,CHF,27.62,29,open
inv_004701,cus_00341,sub_00341,plan_starter,2026-06-02,2026-06,CHF,27.62,29,paid
inv_004702,cus_00341,sub_00341,plan_starter,2026-07-02,2026-07,CHF,27.62,29,paid
inv_004703,cus_00341,sub_00341,plan_starter,2026-08-05,2026-08,CHF,27.62,29,paid
inv_004704,cus_00342,sub_00342,plan_starter,2025-11-04,2025-11,EUR,29,29,paid
inv_004705,cus_00342,sub_00342,plan_starter,2025-12-05,2025-12,EUR,29,29,paid
inv_004706,cus_00342,sub_00342,plan_starter,2026-01-03,2026-01,EUR,29,29,paid
inv_004707,cus_00342,sub_00342,plan_starter,2026-02-03,2026-02,EUR,29,29,paid
inv_004708,cus_00342,sub_00342,plan_starter,2026-03-05,2026-03,EUR,29,29,uncollectible
inv_004709,cus_00342,sub_00342,plan_starter,2026-04-03,2026-04,EUR,29,29,paid
inv_004710,cus_00342,sub_00342,plan_starter,2026-05-01,2026-05,EUR,29,29,paid
inv_004711,cus_00342,sub_00342,plan_starter,2026-06-05,2026-06,EUR,29,29,paid
inv_004712,cus_00342,sub_00342,plan_starter,2026-07-03,2026-07,EUR,29,29,paid
inv_004713,cus_00342,sub_00342,plan_starter,2026-08-03,2026-08,EUR,29,29,paid
inv_004714,cus_00343,sub_00343,plan_starter,2025-11-01,2025-11,EUR,29,29,paid
inv_004715,cus_00343,sub_00343,plan_starter,2025-12-03,2025-12,EUR,29,29,paid
inv_004716,cus_00343,sub_00343,plan_starter,2026-01-02,2026-01,EUR,29,29,paid
inv_004717,cus_00343,sub_00343,plan_starter,2026-02-05,2026-02,EUR,29,29,paid
inv_004718,cus_00343,sub_00343,plan_starter,2026-03-05,2026-03,EUR,29,29,paid
inv_004719,cus_00343,sub_00343,plan_starter,2026-04-01,2026-04,EUR,29,29,paid
inv_004720,cus_00343,sub_00343,plan_starter,2026-05-02,2026-05,EUR,29,29,paid
inv_004721,cus_00343,sub_00343,plan_starter,2026-06-04,2026-06,EUR,29,29,paid
inv_004722,cus_00343,sub_00343,plan_starter,2026-07-03,2026-07,EUR,29,29,paid
inv_004723,cus_00343,sub_00343,plan_starter,2026-08-02,2026-08,EUR,29,29,paid
inv_004724,cus_00344,sub_00344,plan_starter,2025-11-05,2025-11,EUR,29,29,paid
inv_004725,cus_00344,sub_00344,plan_starter,2025-12-03,2025-12,EUR,29,29,paid
inv_004726,cus_00344,sub_00344,plan_starter,2026-01-02,2026-01,EUR,29,29,paid
inv_004727,cus_00344,sub_00344,plan_starter,2026-02-04,2026-02,EUR,29,29,paid
inv_004728,cus_00344,sub_00344,plan_starter,2026-03-03,2026-03,EUR,29,29,paid
inv_004729,cus_00344,sub_00344,plan_starter,2026-04-04,2026-04,EUR,29,29,paid
inv_004730,cus_00344,sub_00344,plan_starter,2026-05-02,2026-05,EUR,29,29,paid
inv_004731,cus_00344,sub_00344,plan_starter,2026-06-04,2026-06,EUR,29,29,paid
inv_004732,cus_00344,sub_00344,plan_starter,2026-07-02,2026-07,EUR,29,29,paid
inv_004733,cus_00344,sub_00344,plan_starter,2026-08-03,2026-08,EUR,29,29,paid
inv_004734,cus_00345,sub_00345,plan_growth,2025-11-02,2025-11,EUR,99,99,paid
inv_004735,cus_00345,sub_00345,plan_growth,2025-12-04,2025-12,EUR,99,99,paid
inv_004736,cus_00345,sub_00345,plan_growth,2026-01-01,2026-01,EUR,99,99,paid
inv_004737,cus_00345,sub_00345,plan_growth,2026-02-02,2026-02,EUR,99,99,paid
inv_004738,cus_00345,sub_00345,plan_growth,2026-03-04,2026-03,EUR,149,149,paid
inv_004739,cus_00345,sub_00345,plan_growth,2026-04-02,2026-04,EUR,149,149,paid
inv_004740,cus_00345,sub_00345,plan_growth,2026-05-05,2026-05,EUR,149,149,paid
inv_004741,cus_00345,sub_00345,plan_growth,2026-06-03,2026-06,EUR,149,149,paid
inv_004742,cus_00345,sub_00345,plan_growth,2026-07-05,2026-07,EUR,149,149,paid
inv_004743,cus_00345,sub_00345,plan_growth,2026-08-03,2026-08,EUR,149,149,paid
inv_004744,cus_00346,sub_00346,plan_starter,2025-11-05,2025-11,EUR,29,29,paid
inv_004745,cus_00346,sub_00346,plan_starter,2025-12-02,2025-12,EUR,29,29,paid
inv_004746,cus_00346,sub_00346,plan_starter,2026-01-01,2026-01,EUR,29,29,paid
inv_004747,cus_00346,sub_00346,plan_starter,2026-02-01,2026-02,EUR,29,29,paid
inv_004748,cus_00346,sub_00346,plan_starter,2026-03-01,2026-03,EUR,29,29,paid
inv_004749,cus_00346,sub_00346,plan_starter,2026-04-05,2026-04,EUR,29,29,paid
inv_004750,cus_00346,sub_00346,plan_starter,2026-05-04,2026-05,EUR,29,29,paid
inv_004751,cus_00346,sub_00346,plan_starter,2026-06-03,2026-06,EUR,29,29,paid
inv_004752,cus_00346,sub_00346,plan_starter,2026-07-05,2026-07,EUR,29,29,paid
inv_004753,cus_00346,sub_00346,plan_starter,2026-08-01,2026-08,EUR,29,29,paid
inv_004754,cus_00347,sub_00347,plan_growth,2025-11-04,2025-11,EUR,99,99,paid
inv_004755,cus_00347,sub_00347,plan_growth,2025-12-04,2025-12,EUR,99,99,paid
inv_004756,cus_00347,sub_00347,plan_growth,2026-01-01,2026-01,EUR,99,99,paid
inv_004757,cus_00347,sub_00347,plan_growth,2026-02-04,2026-02,EUR,99,99,paid
inv_004758,cus_00347,sub_00347,plan_growth,2026-03-03,2026-03,EUR,149,149,paid
inv_004759,cus_00347,sub_00347,plan_growth,2026-04-04,2026-04,EUR,149,149,paid
inv_004760,cus_00347,sub_00347,plan_growth,2026-05-04,2026-05,EUR,149,149,paid
inv_004761,cus_00347,sub_00347,plan_growth,2026-06-04,2026-06,EUR,149,149,paid
inv_004762,cus_00347,sub_00347,plan_growth,2026-07-03,2026-07,EUR,149,149,paid
inv_004763,cus_00347,sub_00347,plan_growth,2026-08-04,2026-08,EUR,149,149,paid
inv_004764,cus_00348,sub_00348,plan_enterprise,2025-11-02,2025-11,USD,1085.87,999,paid
inv_004765,cus_00348,sub_00348,plan_enterprise,2025-12-01,2025-12,USD,1085.87,999,paid
inv_004766,cus_00348,sub_00348,plan_enterprise,2026-01-01,2026-01,USD,1085.87,999,paid
inv_004767,cus_00348,sub_00348,plan_enterprise,2026-02-05,2026-02,USD,1085.87,999,paid
inv_004768,cus_00348,sub_00348,plan_enterprise,2026-03-05,2026-03,USD,1085.87,999,paid
inv_004769,cus_00348,sub_00348,plan_enterprise,2026-04-04,2026-04,USD,1085.87,999,paid
inv_004770,cus_00348,sub_00348,plan_enterprise,2026-05-03,2026-05,USD,1085.87,999,uncollectible
inv_004771,cus_00348,sub_00348,plan_enterprise,2026-06-05,2026-06,USD,1085.87,999,paid
inv_004772,cus_00348,sub_00348,plan_enterprise,2026-07-04,2026-07,USD,1085.87,999,paid
inv_004773,cus_00348,sub_00348,plan_enterprise,2026-08-05,2026-08,USD,1085.87,999,paid
inv_004774,cus_00349,sub_00349,plan_growth,2025-11-03,2025-11,GBP,84.62,99,paid
inv_004775,cus_00349,sub_00349,plan_growth,2025-12-01,2025-12,GBP,84.62,99,paid
inv_004776,cus_00349,sub_00349,plan_growth,2026-01-04,2026-01,GBP,84.62,99,paid
inv_004777,cus_00349,sub_00349,plan_growth,2026-02-04,2026-02,GBP,84.62,99,paid
inv_004778,cus_00350,sub_00350,plan_scale,2025-11-04,2025-11,CHF,284.76,299,paid
inv_004779,cus_00350,sub_00350,plan_scale,2025-12-03,2025-12,CHF,284.76,299,paid
inv_004780,cus_00351,sub_00351,plan_scale,2025-11-02,2025-11,EUR,299,299,paid
inv_004781,cus_00351,sub_00351,plan_scale,2025-12-03,2025-12,EUR,299,299,paid
inv_004782,cus_00351,sub_00351,plan_scale,2026-01-03,2026-01,EUR,299,299,paid
inv_004783,cus_00351,sub_00351,plan_scale,2026-02-03,2026-02,EUR,299,299,paid
inv_004784,cus_00351,sub_00351,plan_scale,2026-03-05,2026-03,EUR,299,299,open
inv_004785,cus_00351,sub_00351,plan_scale,2026-04-01,2026-04,EUR,299,299,paid
inv_004786,cus_00351,sub_00351,plan_scale,2026-05-01,2026-05,EUR,299,299,paid
inv_004787,cus_00351,sub_00351,plan_scale,2026-06-05,2026-06,EUR,299,299,paid
inv_004788,cus_00351,sub_00351,plan_scale,2026-07-04,2026-07,EUR,299,299,paid
inv_004789,cus_00351,sub_00351,plan_scale,2026-08-05,2026-08,EUR,299,299,paid
inv_004790,cus_00352,sub_00352,plan_starter,2025-11-02,2025-11,EUR,29,29,paid
inv_004791,cus_00352,sub_00352,plan_starter,2025-12-05,2025-12,EUR,29,29,paid
inv_004792,cus_00352,sub_00352,plan_starter,2026-01-04,2026-01,EUR,29,29,paid
inv_004793,cus_00352,sub_00352,plan_starter,2026-02-05,2026-02,EUR,29,29,paid
inv_004794,cus_00352,sub_00352,plan_starter,2026-03-02,2026-03,EUR,29,29,paid
inv_004795,cus_00352,sub_00352,plan_starter,2026-04-02,2026-04,EUR,29,29,paid
inv_004796,cus_00352,sub_00352,plan_starter,2026-05-04,2026-05,EUR,29,29,paid
inv_004797,cus_00352,sub_00352,plan_starter,2026-06-03,2026-06,EUR,29,29,paid
inv_004798,cus_00352,sub_00352,plan_starter,2026-07-03,2026-07,EUR,29,29,paid
inv_004799,cus_00352,sub_00352,plan_starter,2026-08-03,2026-08,EUR,29,29,paid
inv_004800,cus_00353,sub_00353,plan_growth,2025-11-04,2025-11,EUR,99,99,paid
inv_004801,cus_00353,sub_00353,plan_growth,2025-12-02,2025-12,EUR,99,99,paid
inv_004802,cus_00353,sub_00353,plan_growth,2026-01-01,2026-01,EUR,99,99,paid
inv_004803,cus_00353,sub_00353,plan_growth,2026-02-01,2026-02,EUR,99,99,paid
inv_004804,cus_00354,sub_00354,plan_growth,2025-11-03,2025-11,EUR,99,99,paid
inv_004805,cus_00354,sub_00354,plan_growth,2025-12-01,2025-12,EUR,99,99,paid
inv_004806,cus_00354,sub_00354,plan_growth,2026-01-02,2026-01,EUR,99,99,paid
inv_004807,cus_00354,sub_00354,plan_growth,2026-02-05,2026-02,EUR,99,99,paid
inv_004808,cus_00355,sub_00355,plan_starter,2025-11-01,2025-11,EUR,29,29,paid
inv_004809,cus_00355,sub_00355,plan_starter,2025-12-04,2025-12,EUR,29,29,paid
inv_004810,cus_00355,sub_00355,plan_starter,2026-01-02,2026-01,EUR,29,29,paid
inv_004811,cus_00355,sub_00355,plan_starter,2026-02-02,2026-02,EUR,29,29,paid
inv_004812,cus_00355,sub_00355,plan_starter,2026-03-01,2026-03,EUR,29,29,paid
inv_004813,cus_00355,sub_00355,plan_starter,2026-04-02,2026-04,EUR,29,29,paid
inv_004814,cus_00355,sub_00355,plan_starter,2026-05-03,2026-05,EUR,29,29,paid
inv_004815,cus_00355,sub_00355,plan_starter,2026-06-03,2026-06,EUR,29,29,paid
inv_004816,cus_00355,sub_00355,plan_starter,2026-07-02,2026-07,EUR,29,29,paid
inv_004817,cus_00355,sub_00355,plan_starter,2026-08-03,2026-08,EUR,29,29,paid
inv_004818,cus_00356,sub_00356,plan_starter,2025-11-02,2025-11,EUR,29,29,paid
inv_004819,cus_00356,sub_00356,plan_starter,2025-12-03,2025-12,EUR,29,29,paid
inv_004820,cus_00356,sub_00356,plan_starter,2026-01-05,2026-01,EUR,29,29,paid
inv_004821,cus_00356,sub_00356,plan_starter,2026-02-02,2026-02,EUR,29,29,paid
inv_004822,cus_00356,sub_00356,plan_starter,2026-03-04,2026-03,EUR,29,29,paid
inv_004823,cus_00356,sub_00356,plan_starter,2026-04-05,2026-04,EUR,29,29,open
inv_004824,cus_00356,sub_00356,plan_starter,2026-05-02,2026-05,EUR,29,29,open
inv_004825,cus_00356,sub_00356,plan_starter,2026-06-05,2026-06,EUR,29,29,paid
inv_004826,cus_00356,sub_00356,plan_starter,2026-07-03,2026-07,EUR,29,29,paid
inv_004827,cus_00356,sub_00356,plan_starter,2026-08-03,2026-08,EUR,29,29,paid
inv_004828,cus_00357,sub_00357,plan_growth,2025-11-04,2025-11,EUR,99,99,paid
inv_004829,cus_00357,sub_00357,plan_growth,2025-12-04,2025-12,EUR,99,99,paid
inv_004830,cus_00357,sub_00357,plan_growth,2026-01-02,2026-01,EUR,99,99,paid
inv_004831,cus_00357,sub_00357,plan_growth,2026-02-01,2026-02,EUR,99,99,paid
inv_004832,cus_00357,sub_00357,plan_growth,2026-03-03,2026-03,EUR,149,149,paid
inv_004833,cus_00357,sub_00357,plan_growth,2026-04-05,2026-04,EUR,149,149,paid
inv_004834,cus_00357,sub_00357,plan_growth,2026-05-04,2026-05,EUR,149,149,paid
inv_004835,cus_00357,sub_00357,plan_growth,2026-06-04,2026-06,EUR,149,149,paid
inv_004836,cus_00357,sub_00357,plan_growth,2026-07-04,2026-07,EUR,149,149,paid
inv_004837,cus_00357,sub_00357,plan_growth,2026-08-05,2026-08,EUR,149,149,paid
inv_004838,cus_00358,sub_00358,plan_growth,2025-11-05,2025-11,EUR,99,99,paid
inv_004839,cus_00358,sub_00358,plan_growth,2025-12-05,2025-12,EUR,99,99,paid
inv_004840,cus_00358,sub_00358,plan_growth,2026-01-02,2026-01,EUR,99,99,paid
inv_004841,cus_00358,sub_00358,plan_growth,2026-02-01,2026-02,EUR,99,99,paid
inv_004842,cus_00358,sub_00358,plan_growth,2026-03-05,2026-03,EUR,149,149,paid
inv_004843,cus_00358,sub_00358,plan_growth,2026-04-02,2026-04,EUR,149,149,paid
inv_004844,cus_00358,sub_00358,plan_growth,2026-05-03,2026-05,EUR,149,149,paid
inv_004845,cus_00358,sub_00358,plan_growth,2026-06-02,2026-06,EUR,149,149,paid
inv_004846,cus_00358,sub_00358,plan_growth,2026-07-03,2026-07,EUR,149,149,paid
inv_004847,cus_00358,sub_00358,plan_growth,2026-08-05,2026-08,EUR,149,149,paid
inv_004848,cus_00359,sub_00359,plan_starter,2025-12-02,2025-12,GBP,24.79,29,paid
inv_004849,cus_00359,sub_00359,plan_starter,2026-01-05,2026-01,GBP,24.79,29,open
inv_004850,cus_00359,sub_00359,plan_starter,2026-02-03,2026-02,GBP,24.79,29,paid
inv_004851,cus_00359,sub_00359,plan_starter,2026-03-01,2026-03,GBP,24.79,29,paid
inv_004852,cus_00359,sub_00359,plan_starter,2026-04-02,2026-04,GBP,24.79,29,paid
inv_004853,cus_00359,sub_00359,plan_starter,2026-05-03,2026-05,GBP,24.79,29,paid
inv_004854,cus_00359,sub_00359,plan_starter,2026-06-02,2026-06,GBP,24.79,29,paid
inv_004855,cus_00359,sub_00359,plan_starter,2026-07-02,2026-07,GBP,24.79,29,paid
inv_004856,cus_00359,sub_00359,plan_starter,2026-08-05,2026-08,GBP,24.79,29,paid
inv_004857,cus_00360,sub_00360,plan_growth,2025-12-03,2025-12,CHF,94.29,99,uncollectible
inv_004858,cus_00360,sub_00360,plan_growth,2026-01-01,2026-01,CHF,94.29,99,paid
inv_004859,cus_00360,sub_00360,plan_growth,2026-02-03,2026-02,CHF,94.29,99,paid
inv_004860,cus_00360,sub_00360,plan_growth,2026-03-03,2026-03,CHF,141.9,149,paid
inv_004861,cus_00360,sub_00360,plan_growth,2026-04-02,2026-04,CHF,141.9,149,paid
inv_004862,cus_00360,sub_00360,plan_growth,2026-05-05,2026-05,CHF,141.9,149,paid
inv_004863,cus_00360,sub_00360,plan_growth,2026-06-01,2026-06,CHF,141.9,149,paid
inv_004864,cus_00360,sub_00360,plan_growth,2026-07-03,2026-07,CHF,141.9,149,paid
inv_004865,cus_00360,sub_00360,plan_growth,2026-08-02,2026-08,CHF,141.9,149,paid
inv_004866,cus_00361,sub_00361,plan_growth,2025-12-02,2025-12,EUR,99,99,paid
inv_004867,cus_00361,sub_00361,plan_growth,2026-01-03,2026-01,EUR,99,99,paid
inv_004868,cus_00361,sub_00361,plan_growth,2026-02-05,2026-02,EUR,99,99,paid
inv_004869,cus_00361,sub_00361,plan_growth,2026-03-03,2026-03,EUR,149,149,paid
inv_004870,cus_00361,sub_00361,plan_growth,2026-04-05,2026-04,EUR,149,149,paid
inv_004871,cus_00361,sub_00361,plan_growth,2026-05-02,2026-05,EUR,149,149,paid
inv_004872,cus_00361,sub_00361,plan_growth,2026-06-02,2026-06,EUR,149,149,paid
inv_004873,cus_00361,sub_00361,plan_growth,2026-07-01,2026-07,EUR,149,149,paid
inv_004874,cus_00361,sub_00361,plan_growth,2026-08-01,2026-08,EUR,149,149,paid
inv_004875,cus_00362,sub_00362,plan_growth,2025-12-03,2025-12,EUR,99,99,paid
inv_004876,cus_00362,sub_00362,plan_growth,2026-01-03,2026-01,EUR,99,99,paid
inv_004877,cus_00362,sub_00362,plan_growth,2026-02-05,2026-02,EUR,99,99,paid
inv_004878,cus_00363,sub_00363,plan_growth,2025-12-03,2025-12,GBP,84.62,99,paid
inv_004879,cus_00363,sub_00363,plan_growth,2026-01-05,2026-01,GBP,84.62,99,paid
inv_004880,cus_00363,sub_00363,plan_growth,2026-02-04,2026-02,GBP,84.62,99,paid
inv_004881,cus_00363,sub_00363,plan_growth,2026-03-04,2026-03,GBP,127.35,149,paid
inv_004882,cus_00363,sub_00363,plan_growth,2026-04-02,2026-04,GBP,127.35,149,paid
inv_004883,cus_00363,sub_00363,plan_growth,2026-05-01,2026-05,GBP,127.35,149,paid
inv_004884,cus_00363,sub_00363,plan_growth,2026-06-05,2026-06,GBP,127.35,149,paid
inv_004885,cus_00363,sub_00363,plan_growth,2026-07-04,2026-07,GBP,127.35,149,paid
inv_004886,cus_00363,sub_00363,plan_growth,2026-08-05,2026-08,GBP,127.35,149,paid
inv_004887,cus_00364,sub_00364,plan_starter,2025-12-02,2025-12,EUR,29,29,paid
inv_004888,cus_00364,sub_00364,plan_starter,2026-01-04,2026-01,EUR,29,29,paid
inv_004889,cus_00364,sub_00364,plan_starter,2026-02-02,2026-02,EUR,29,29,paid
inv_004890,cus_00364,sub_00364,plan_starter,2026-03-02,2026-03,EUR,29,29,paid
inv_004891,cus_00364,sub_00364,plan_starter,2026-04-05,2026-04,EUR,29,29,paid
inv_004892,cus_00364,sub_00364,plan_starter,2026-05-02,2026-05,EUR,29,29,paid
inv_004893,cus_00364,sub_00364,plan_starter,2026-06-04,2026-06,EUR,29,29,paid
inv_004894,cus_00364,sub_00364,plan_starter,2026-07-03,2026-07,EUR,29,29,paid
inv_004895,cus_00364,sub_00364,plan_starter,2026-08-02,2026-08,EUR,29,29,paid
inv_004896,cus_00365,sub_00365,plan_starter,2025-12-03,2025-12,EUR,29,29,open
inv_004897,cus_00365,sub_00365,plan_starter,2026-01-05,2026-01,EUR,29,29,paid
inv_004898,cus_00365,sub_00365,plan_starter,2026-02-04,2026-02,EUR,29,29,paid
inv_004899,cus_00365,sub_00365,plan_starter,2026-03-01,2026-03,EUR,29,29,paid
inv_004900,cus_00365,sub_00365,plan_starter,2026-04-03,2026-04,EUR,29,29,paid
inv_004901,cus_00365,sub_00365,plan_starter,2026-05-05,2026-05,EUR,29,29,paid
inv_004902,cus_00365,sub_00365,plan_starter,2026-06-05,2026-06,EUR,29,29,paid
inv_004903,cus_00365,sub_00365,plan_starter,2026-07-05,2026-07,EUR,29,29,paid
inv_004904,cus_00365,sub_00365,plan_starter,2026-08-05,2026-08,EUR,29,29,paid
inv_004905,cus_00366,sub_00366,plan_growth,2025-12-05,2025-12,EUR,99,99,paid
inv_004906,cus_00366,sub_00366,plan_growth,2026-01-04,2026-01,EUR,99,99,paid
inv_004907,cus_00366,sub_00366,plan_growth,2026-02-05,2026-02,EUR,99,99,paid
inv_004908,cus_00366,sub_00366,plan_growth,2026-03-03,2026-03,EUR,149,149,paid
inv_004909,cus_00366,sub_00366,plan_growth,2026-04-04,2026-04,EUR,149,149,paid
inv_004910,cus_00366,sub_00366,plan_growth,2026-05-05,2026-05,EUR,149,149,paid
inv_004911,cus_00366,sub_00366,plan_growth,2026-06-01,2026-06,EUR,149,149,paid
inv_004912,cus_00366,sub_00366,plan_growth,2026-07-03,2026-07,EUR,149,149,paid
inv_004913,cus_00366,sub_00366,plan_growth,2026-08-04,2026-08,EUR,149,149,paid
inv_004914,cus_00367,sub_00367,plan_growth,2025-12-04,2025-12,GBP,84.62,99,paid
inv_004915,cus_00367,sub_00367,plan_growth,2026-01-05,2026-01,GBP,84.62,99,paid
inv_004916,cus_00367,sub_00367,plan_growth,2026-02-02,2026-02,GBP,84.62,99,paid
inv_004917,cus_00368,sub_00368,plan_growth,2025-12-01,2025-12,EUR,99,99,void
inv_004918,cus_00368,sub_00368,plan_growth,2026-01-02,2026-01,EUR,99,99,paid
inv_004919,cus_00368,sub_00368,plan_growth,2026-02-05,2026-02,EUR,99,99,paid
inv_004920,cus_00368,sub_00368,plan_growth,2026-03-02,2026-03,EUR,149,149,paid
inv_004921,cus_00368,sub_00368,plan_growth,2026-04-04,2026-04,EUR,149,149,paid
inv_004922,cus_00368,sub_00368,plan_growth,2026-05-03,2026-05,EUR,149,149,paid
inv_004923,cus_00368,sub_00368,plan_growth,2026-06-01,2026-06,EUR,149,149,paid
inv_004924,cus_00368,sub_00368,plan_growth,2026-07-02,2026-07,EUR,149,149,paid
inv_004925,cus_00368,sub_00368,plan_growth,2026-08-02,2026-08,EUR,149,149,paid
inv_004926,cus_00369,sub_00369,plan_starter,2025-12-05,2025-12,USD,31.52,29,paid
inv_004927,cus_00369,sub_00369,plan_starter,2026-01-04,2026-01,USD,31.52,29,paid
inv_004928,cus_00369,sub_00369,plan_starter,2026-02-03,2026-02,USD,31.52,29,paid
inv_004929,cus_00369,sub_00369,plan_starter,2026-03-05,2026-03,USD,31.52,29,paid
inv_004930,cus_00369,sub_00369,plan_starter,2026-04-03,2026-04,USD,31.52,29,open
inv_004931,cus_00369,sub_00369,plan_starter,2026-05-03,2026-05,USD,31.52,29,paid
inv_004932,cus_00369,sub_00369,plan_starter,2026-06-03,2026-06,USD,31.52,29,paid
inv_004933,cus_00369,sub_00369,plan_starter,2026-07-03,2026-07,USD,31.52,29,paid
inv_004934,cus_00369,sub_00369,plan_starter,2026-08-04,2026-08,USD,31.52,29,paid
inv_004935,cus_00370,sub_00370,plan_starter,2025-12-04,2025-12,EUR,29,29,paid
inv_004936,cus_00370,sub_00370,plan_starter,2026-01-01,2026-01,EUR,29,29,paid
inv_004937,cus_00370,sub_00370,plan_starter,2026-02-02,2026-02,EUR,29,29,paid
inv_004938,cus_00370,sub_00370,plan_starter,2026-03-04,2026-03,EUR,29,29,paid
inv_004939,cus_00370,sub_00370,plan_starter,2026-04-01,2026-04,EUR,29,29,paid
inv_004940,cus_00370,sub_00370,plan_starter,2026-05-04,2026-05,EUR,29,29,paid
inv_004941,cus_00370,sub_00370,plan_starter,2026-06-01,2026-06,EUR,29,29,paid
inv_004942,cus_00370,sub_00370,plan_starter,2026-07-05,2026-07,EUR,29,29,paid
inv_004943,cus_00370,sub_00370,plan_starter,2026-08-03,2026-08,EUR,29,29,paid
inv_004944,cus_00371,sub_00371,plan_growth,2025-12-04,2025-12,GBP,84.62,99,paid
inv_004945,cus_00371,sub_00371,plan_growth,2026-01-02,2026-01,GBP,84.62,99,paid
inv_004946,cus_00371,sub_00371,plan_growth,2026-02-01,2026-02,GBP,84.62,99,paid
inv_004947,cus_00371,sub_00371,plan_growth,2026-03-02,2026-03,GBP,127.35,149,paid
inv_004948,cus_00371,sub_00371,plan_growth,2026-04-02,2026-04,GBP,127.35,149,paid
inv_004949,cus_00371,sub_00371,plan_growth,2026-05-01,2026-05,GBP,127.35,149,paid
inv_004950,cus_00371,sub_00371,plan_growth,2026-06-05,2026-06,GBP,127.35,149,paid
inv_004951,cus_00371,sub_00371,plan_growth,2026-07-01,2026-07,GBP,127.35,149,paid
inv_004952,cus_00371,sub_00371,plan_growth,2026-08-05,2026-08,GBP,127.35,149,paid
inv_004953,cus_00372,sub_00372,plan_scale,2025-12-02,2025-12,EUR,299,299,paid
inv_004954,cus_00372,sub_00372,plan_scale,2026-01-05,2026-01,EUR,299,299,paid
inv_004955,cus_00372,sub_00372,plan_scale,2026-02-02,2026-02,EUR,299,299,paid
inv_004956,cus_00372,sub_00372,plan_scale,2026-03-05,2026-03,EUR,299,299,paid
inv_004957,cus_00372,sub_00372,plan_scale,2026-04-01,2026-04,EUR,299,299,paid
inv_004958,cus_00372,sub_00372,plan_scale,2026-05-04,2026-05,EUR,299,299,uncollectible
inv_004959,cus_00372,sub_00372,plan_scale,2026-06-03,2026-06,EUR,299,299,paid
inv_004960,cus_00372,sub_00372,plan_scale,2026-07-01,2026-07,EUR,299,299,paid
inv_004961,cus_00372,sub_00372,plan_scale,2026-08-01,2026-08,EUR,299,299,void
inv_004962,cus_00373,sub_00373,plan_starter,2025-12-05,2025-12,EUR,29,29,paid
inv_004963,cus_00373,sub_00373,plan_starter,2026-01-03,2026-01,EUR,29,29,paid
inv_004964,cus_00373,sub_00373,plan_starter,2026-02-05,2026-02,EUR,29,29,paid
inv_004965,cus_00373,sub_00373,plan_starter,2026-03-02,2026-03,EUR,29,29,paid
inv_004966,cus_00373,sub_00373,plan_starter,2026-04-01,2026-04,EUR,29,29,paid
inv_004967,cus_00373,sub_00373,plan_starter,2026-05-05,2026-05,EUR,29,29,open
inv_004968,cus_00373,sub_00373,plan_starter,2026-06-05,2026-06,EUR,29,29,paid
inv_004969,cus_00373,sub_00373,plan_starter,2026-07-03,2026-07,EUR,29,29,paid
inv_004970,cus_00373,sub_00373,plan_starter,2026-08-03,2026-08,EUR,29,29,paid
inv_004971,cus_00374,sub_00374,plan_starter,2025-12-03,2025-12,EUR,29,29,paid
inv_004972,cus_00374,sub_00374,plan_starter,2026-01-04,2026-01,EUR,29,29,open
inv_004973,cus_00374,sub_00374,plan_starter,2026-02-01,2026-02,EUR,29,29,paid
inv_004974,cus_00374,sub_00374,plan_starter,2026-03-01,2026-03,EUR,29,29,paid
inv_004975,cus_00374,sub_00374,plan_starter,2026-04-03,2026-04,EUR,29,29,paid
inv_004976,cus_00374,sub_00374,plan_starter,2026-05-05,2026-05,EUR,29,29,paid
inv_004977,cus_00374,sub_00374,plan_starter,2026-06-05,2026-06,EUR,29,29,paid
inv_004978,cus_00374,sub_00374,plan_starter,2026-07-05,2026-07,EUR,29,29,paid
inv_004979,cus_00374,sub_00374,plan_starter,2026-08-03,2026-08,EUR,29,29,paid
inv_004980,cus_00375,sub_00375,plan_growth,2025-12-01,2025-12,EUR,99,99,paid
inv_004981,cus_00375,sub_00375,plan_growth,2026-01-02,2026-01,EUR,99,99,paid
inv_004982,cus_00375,sub_00375,plan_growth,2026-02-02,2026-02,EUR,99,99,paid
inv_004983,cus_00375,sub_00375,plan_growth,2026-03-02,2026-03,EUR,149,149,paid
inv_004984,cus_00375,sub_00375,plan_growth,2026-04-05,2026-04,EUR,149,149,paid
inv_004985,cus_00375,sub_00375,plan_growth,2026-05-03,2026-05,EUR,149,149,paid
inv_004986,cus_00375,sub_00375,plan_growth,2026-06-03,2026-06,EUR,149,149,paid
inv_004987,cus_00375,sub_00375,plan_growth,2026-07-04,2026-07,EUR,149,149,paid
inv_004988,cus_00375,sub_00375,plan_growth,2026-08-05,2026-08,EUR,149,149,paid
inv_004989,cus_00376,sub_00376,plan_growth,2025-12-01,2025-12,EUR,99,99,paid
inv_004990,cus_00376,sub_00376,plan_growth,2026-01-04,2026-01,EUR,99,99,paid
inv_004991,cus_00376,sub_00376,plan_growth,2026-02-05,2026-02,EUR,99,99,paid
inv_004992,cus_00376,sub_00376,plan_growth,2026-03-02,2026-03,EUR,149,149,paid
inv_004993,cus_00376,sub_00376,plan_growth,2026-04-03,2026-04,EUR,149,149,paid
inv_004994,cus_00376,sub_00376,plan_growth,2026-05-05,2026-05,EUR,149,149,paid
inv_004995,cus_00376,sub_00376,plan_growth,2026-06-03,2026-06,EUR,149,149,paid
inv_004996,cus_00376,sub_00376,plan_growth,2026-07-05,2026-07,EUR,149,149,paid
inv_004997,cus_00376,sub_00376,plan_growth,2026-08-04,2026-08,EUR,149,149,paid
inv_004998,cus_00377,sub_00377,plan_starter,2025-12-04,2025-12,EUR,29,29,paid
inv_004999,cus_00377,sub_00377,plan_starter,2026-01-05,2026-01,EUR,29,29,paid
inv_005000,cus_00377,sub_00377,plan_starter,2026-02-05,2026-02,EUR,29,29,paid
inv_005001,cus_00377,sub_00377,plan_starter,2026-03-05,2026-03,EUR,29,29,paid
inv_005002,cus_00377,sub_00377,plan_starter,2026-04-03,2026-04,EUR,29,29,paid
inv_005003,cus_00377,sub_00377,plan_starter,2026-05-02,2026-05,EUR,29,29,paid
inv_005004,cus_00377,sub_00377,plan_starter,2026-06-03,2026-06,EUR,29,29,paid
inv_005005,cus_00377,sub_00377,plan_starter,2026-07-04,2026-07,EUR,29,29,paid
inv_005006,cus_00377,sub_00377,plan_starter,2026-08-01,2026-08,EUR,29,29,paid
inv_005007,cus_00378,sub_00378,plan_enterprise,2025-12-01,2025-12,EUR,999,999,paid
inv_005008,cus_00378,sub_00378,plan_enterprise,2026-01-04,2026-01,EUR,999,999,paid
inv_005009,cus_00378,sub_00378,plan_enterprise,2026-02-05,2026-02,EUR,999,999,paid
inv_005010,cus_00378,sub_00378,plan_enterprise,2026-03-02,2026-03,EUR,999,999,paid
inv_005011,cus_00378,sub_00378,plan_enterprise,2026-04-01,2026-04,EUR,999,999,paid
inv_005012,cus_00378,sub_00378,plan_enterprise,2026-05-05,2026-05,EUR,999,999,paid
inv_005013,cus_00378,sub_00378,plan_enterprise,2026-06-03,2026-06,EUR,999,999,paid
inv_005014,cus_00378,sub_00378,plan_enterprise,2026-07-01,2026-07,EUR,999,999,paid
inv_005015,cus_00378,sub_00378,plan_enterprise,2026-08-04,2026-08,EUR,999,999,uncollectible
inv_005016,cus_00379,sub_00379,plan_starter,2025-12-02,2025-12,EUR,29,29,paid
inv_005017,cus_00380,sub_00380,plan_growth,2025-12-05,2025-12,EUR,99,99,paid
inv_005018,cus_00380,sub_00380,plan_growth,2026-01-04,2026-01,EUR,99,99,paid
inv_005019,cus_00380,sub_00380,plan_growth,2026-02-01,2026-02,EUR,99,99,paid
inv_005020,cus_00380,sub_00380,plan_growth,2026-03-03,2026-03,EUR,149,149,paid
inv_005021,cus_00380,sub_00380,plan_growth,2026-04-03,2026-04,EUR,149,149,paid
inv_005022,cus_00380,sub_00380,plan_growth,2026-05-01,2026-05,EUR,149,149,paid
inv_005023,cus_00380,sub_00380,plan_growth,2026-06-02,2026-06,EUR,149,149,paid
inv_005024,cus_00380,sub_00380,plan_growth,2026-07-04,2026-07,EUR,149,149,paid
inv_005025,cus_00380,sub_00380,plan_growth,2026-08-01,2026-08,EUR,149,149,paid
inv_005026,cus_00381,sub_00381,plan_starter,2025-12-05,2025-12,EUR,29,29,paid
inv_005027,cus_00381,sub_00381,plan_starter,2026-01-03,2026-01,EUR,29,29,paid
inv_005028,cus_00381,sub_00381,plan_starter,2026-02-04,2026-02,EUR,29,29,paid
inv_005029,cus_00381,sub_00381,plan_starter,2026-03-05,2026-03,EUR,29,29,paid
inv_005030,cus_00381,sub_00381,plan_starter,2026-04-04,2026-04,EUR,29,29,paid
inv_005031,cus_00381,sub_00381,plan_starter,2026-05-02,2026-05,EUR,29,29,paid
inv_005032,cus_00381,sub_00381,plan_starter,2026-06-01,2026-06,EUR,29,29,paid
inv_005033,cus_00381,sub_00381,plan_starter,2026-07-03,2026-07,EUR,29,29,paid
inv_005034,cus_00381,sub_00381,plan_starter,2026-08-05,2026-08,EUR,29,29,paid
inv_005035,cus_00382,sub_00382,plan_starter,2025-12-02,2025-12,CHF,27.62,29,paid
inv_005036,cus_00382,sub_00382,plan_starter,2026-01-04,2026-01,CHF,27.62,29,paid
inv_005037,cus_00382,sub_00382,plan_starter,2026-02-02,2026-02,CHF,27.62,29,paid
inv_005038,cus_00382,sub_00382,plan_starter,2026-03-02,2026-03,CHF,27.62,29,paid
inv_005039,cus_00382,sub_00382,plan_starter,2026-04-03,2026-04,CHF,27.62,29,paid
inv_005040,cus_00382,sub_00382,plan_starter,2026-05-01,2026-05,CHF,27.62,29,paid
inv_005041,cus_00382,sub_00382,plan_starter,2026-06-04,2026-06,CHF,27.62,29,paid
inv_005042,cus_00382,sub_00382,plan_starter,2026-07-04,2026-07,CHF,27.62,29,paid
inv_005043,cus_00382,sub_00382,plan_starter,2026-08-05,2026-08,CHF,27.62,29,paid
inv_005044,cus_00383,sub_00383,plan_scale,2025-12-05,2025-12,EUR,299,299,paid
inv_005045,cus_00383,sub_00383,plan_scale,2026-01-01,2026-01,EUR,299,299,paid
inv_005046,cus_00383,sub_00383,plan_scale,2026-02-05,2026-02,EUR,299,299,paid
inv_005047,cus_00383,sub_00383,plan_scale,2026-03-01,2026-03,EUR,299,299,paid
inv_005048,cus_00383,sub_00383,plan_scale,2026-04-02,2026-04,EUR,299,299,paid
inv_005049,cus_00383,sub_00383,plan_scale,2026-05-04,2026-05,EUR,299,299,void
inv_005050,cus_00383,sub_00383,plan_scale,2026-06-02,2026-06,EUR,299,299,paid
inv_005051,cus_00383,sub_00383,plan_scale,2026-07-03,2026-07,EUR,299,299,paid
inv_005052,cus_00383,sub_00383,plan_scale,2026-08-02,2026-08,EUR,299,299,open
inv_005053,cus_00384,sub_00384,plan_starter,2025-12-01,2025-12,EUR,29,29,paid
inv_005054,cus_00384,sub_00384,plan_starter,2026-01-04,2026-01,EUR,29,29,paid
inv_005055,cus_00384,sub_00384,plan_starter,2026-02-02,2026-02,EUR,29,29,paid
inv_005056,cus_00384,sub_00384,plan_starter,2026-03-03,2026-03,EUR,29,29,paid
inv_005057,cus_00384,sub_00384,plan_starter,2026-04-01,2026-04,EUR,29,29,paid
inv_005058,cus_00384,sub_00384,plan_starter,2026-05-05,2026-05,EUR,29,29,paid
inv_005059,cus_00384,sub_00384,plan_starter,2026-06-05,2026-06,EUR,29,29,paid
inv_005060,cus_00384,sub_00384,plan_starter,2026-07-01,2026-07,EUR,29,29,paid
inv_005061,cus_00384,sub_00384,plan_starter,2026-08-02,2026-08,EUR,29,29,paid
inv_005062,cus_00385,sub_00385,plan_starter,2025-12-03,2025-12,EUR,29,29,paid
inv_005063,cus_00385,sub_00385,plan_starter,2026-01-02,2026-01,EUR,29,29,paid
inv_005064,cus_00385,sub_00385,plan_starter,2026-02-04,2026-02,EUR,29,29,paid
inv_005065,cus_00385,sub_00385,plan_starter,2026-03-05,2026-03,EUR,29,29,paid
inv_005066,cus_00385,sub_00385,plan_starter,2026-04-02,2026-04,EUR,29,29,paid
inv_005067,cus_00385,sub_00385,plan_starter,2026-05-01,2026-05,EUR,29,29,paid
inv_005068,cus_00385,sub_00385,plan_starter,2026-06-04,2026-06,EUR,29,29,paid
inv_005069,cus_00385,sub_00385,plan_starter,2026-07-04,2026-07,EUR,29,29,paid
inv_005070,cus_00385,sub_00385,plan_starter,2026-08-04,2026-08,EUR,29,29,paid
inv_005071,cus_00386,sub_00386,plan_starter,2025-12-03,2025-12,EUR,29,29,paid
inv_005072,cus_00386,sub_00386,plan_starter,2026-01-01,2026-01,EUR,29,29,paid
inv_005073,cus_00386,sub_00386,plan_starter,2026-02-04,2026-02,EUR,29,29,paid
inv_005074,cus_00386,sub_00386,plan_starter,2026-03-02,2026-03,EUR,29,29,paid
inv_005075,cus_00386,sub_00386,plan_starter,2026-04-04,2026-04,EUR,29,29,paid
inv_005076,cus_00386,sub_00386,plan_starter,2026-05-01,2026-05,EUR,29,29,uncollectible
inv_005077,cus_00386,sub_00386,plan_starter,2026-06-03,2026-06,EUR,29,29,paid
inv_005078,cus_00386,sub_00386,plan_starter,2026-07-02,2026-07,EUR,29,29,paid
inv_005079,cus_00386,sub_00386,plan_starter,2026-08-02,2026-08,EUR,29,29,paid
inv_005080,cus_00387,sub_00387,plan_growth,2025-12-03,2025-12,EUR,99,99,paid
inv_005081,cus_00387,sub_00387,plan_growth,2026-01-02,2026-01,EUR,99,99,paid
inv_005082,cus_00387,sub_00387,plan_growth,2026-02-05,2026-02,EUR,99,99,paid
inv_005083,cus_00388,sub_00388,plan_starter,2025-12-01,2025-12,EUR,29,29,paid
inv_005084,cus_00388,sub_00388,plan_starter,2026-01-03,2026-01,EUR,29,29,paid
inv_005085,cus_00388,sub_00388,plan_starter,2026-02-01,2026-02,EUR,29,29,paid
inv_005086,cus_00388,sub_00388,plan_starter,2026-03-04,2026-03,EUR,29,29,paid
inv_005087,cus_00388,sub_00388,plan_starter,2026-04-04,2026-04,EUR,29,29,paid
inv_005088,cus_00388,sub_00388,plan_starter,2026-05-02,2026-05,EUR,29,29,paid
inv_005089,cus_00388,sub_00388,plan_starter,2026-06-05,2026-06,EUR,29,29,paid
inv_005090,cus_00388,sub_00388,plan_starter,2026-07-05,2026-07,EUR,29,29,paid
inv_005091,cus_00388,sub_00388,plan_starter,2026-08-03,2026-08,EUR,29,29,paid
inv_005092,cus_00389,sub_00389,plan_growth,2025-12-05,2025-12,EUR,99,99,paid
inv_005093,cus_00389,sub_00389,plan_growth,2026-01-04,2026-01,EUR,99,99,paid
inv_005094,cus_00389,sub_00389,plan_growth,2026-02-05,2026-02,EUR,99,99,paid
inv_005095,cus_00389,sub_00389,plan_growth,2026-03-01,2026-03,EUR,149,149,paid
inv_005096,cus_00389,sub_00389,plan_growth,2026-04-03,2026-04,EUR,149,149,paid
inv_005097,cus_00389,sub_00389,plan_growth,2026-05-01,2026-05,EUR,149,149,paid
inv_005098,cus_00389,sub_00389,plan_growth,2026-06-04,2026-06,EUR,149,149,paid
inv_005099,cus_00389,sub_00389,plan_growth,2026-07-04,2026-07,EUR,149,149,paid
inv_005100,cus_00389,sub_00389,plan_growth,2026-08-05,2026-08,EUR,149,149,paid
inv_005101,cus_00390,sub_00390,plan_growth,2026-01-02,2026-01,EUR,99,99,paid
inv_005102,cus_00390,sub_00390,plan_growth,2026-02-04,2026-02,EUR,99,99,paid
inv_005103,cus_00390,sub_00390,plan_growth,2026-03-02,2026-03,EUR,149,149,paid
inv_005104,cus_00390,sub_00390,plan_growth,2026-04-01,2026-04,EUR,149,149,paid
inv_005105,cus_00390,sub_00390,plan_growth,2026-05-02,2026-05,EUR,149,149,paid
inv_005106,cus_00390,sub_00390,plan_growth,2026-06-03,2026-06,EUR,149,149,paid
inv_005107,cus_00390,sub_00390,plan_growth,2026-07-05,2026-07,EUR,149,149,paid
inv_005108,cus_00390,sub_00390,plan_growth,2026-08-02,2026-08,EUR,149,149,paid
inv_005109,cus_00391,sub_00391,plan_starter,2026-01-05,2026-01,USD,31.52,29,paid
inv_005110,cus_00391,sub_00391,plan_starter,2026-02-05,2026-02,USD,31.52,29,paid
inv_005111,cus_00391,sub_00391,plan_starter,2026-03-02,2026-03,USD,31.52,29,paid
inv_005112,cus_00391,sub_00391,plan_starter,2026-04-05,2026-04,USD,31.52,29,paid
inv_005113,cus_00391,sub_00391,plan_starter,2026-05-01,2026-05,USD,31.52,29,paid
inv_005114,cus_00391,sub_00391,plan_starter,2026-06-05,2026-06,USD,31.52,29,paid
inv_005115,cus_00391,sub_00391,plan_starter,2026-07-02,2026-07,USD,31.52,29,paid
inv_005116,cus_00391,sub_00391,plan_starter,2026-08-02,2026-08,USD,31.52,29,paid
inv_005117,cus_00392,sub_00392,plan_growth,2026-01-05,2026-01,EUR,99,99,paid
inv_005118,cus_00392,sub_00392,plan_growth,2026-02-03,2026-02,EUR,99,99,paid
inv_005119,cus_00392,sub_00392,plan_growth,2026-03-03,2026-03,EUR,149,149,paid
inv_005120,cus_00392,sub_00392,plan_growth,2026-04-03,2026-04,EUR,149,149,uncollectible
inv_005121,cus_00392,sub_00392,plan_growth,2026-05-05,2026-05,EUR,149,149,paid
inv_005122,cus_00392,sub_00392,plan_growth,2026-06-01,2026-06,EUR,149,149,paid
inv_005123,cus_00392,sub_00392,plan_growth,2026-07-02,2026-07,EUR,149,149,paid
inv_005124,cus_00392,sub_00392,plan_growth,2026-08-03,2026-08,EUR,149,149,paid
inv_005125,cus_00393,sub_00393,plan_starter,2026-01-05,2026-01,GBP,24.79,29,paid
inv_005126,cus_00393,sub_00393,plan_starter,2026-02-05,2026-02,GBP,24.79,29,paid
inv_005127,cus_00393,sub_00393,plan_starter,2026-03-03,2026-03,GBP,24.79,29,paid
inv_005128,cus_00393,sub_00393,plan_starter,2026-04-04,2026-04,GBP,24.79,29,paid
inv_005129,cus_00393,sub_00393,plan_starter,2026-05-01,2026-05,GBP,24.79,29,paid
inv_005130,cus_00393,sub_00393,plan_starter,2026-06-03,2026-06,GBP,24.79,29,paid
inv_005131,cus_00393,sub_00393,plan_starter,2026-07-01,2026-07,GBP,24.79,29,paid
inv_005132,cus_00393,sub_00393,plan_starter,2026-08-05,2026-08,GBP,24.79,29,open
inv_005133,cus_00394,sub_00394,plan_starter,2026-01-02,2026-01,SEK,329.55,29,void
inv_005134,cus_00394,sub_00394,plan_starter,2026-02-05,2026-02,SEK,329.55,29,paid
inv_005135,cus_00394,sub_00394,plan_starter,2026-03-01,2026-03,SEK,329.55,29,paid
inv_005136,cus_00394,sub_00394,plan_starter,2026-04-05,2026-04,SEK,329.55,29,paid
inv_005137,cus_00394,sub_00394,plan_starter,2026-05-05,2026-05,SEK,329.55,29,paid
inv_005138,cus_00394,sub_00394,plan_starter,2026-06-02,2026-06,SEK,329.55,29,paid
inv_005139,cus_00394,sub_00394,plan_starter,2026-07-05,2026-07,SEK,329.55,29,paid
inv_005140,cus_00394,sub_00394,plan_starter,2026-08-02,2026-08,SEK,329.55,29,paid
inv_005141,cus_00395,sub_00395,plan_scale,2026-01-03,2026-01,GBP,255.56,299,paid
inv_005142,cus_00395,sub_00395,plan_scale,2026-02-05,2026-02,GBP,255.56,299,paid
inv_005143,cus_00395,sub_00395,plan_scale,2026-03-04,2026-03,GBP,255.56,299,paid
inv_005144,cus_00395,sub_00395,plan_scale,2026-04-05,2026-04,GBP,255.56,299,paid
inv_005145,cus_00395,sub_00395,plan_scale,2026-05-04,2026-05,GBP,255.56,299,paid
inv_005146,cus_00395,sub_00395,plan_scale,2026-06-01,2026-06,GBP,255.56,299,paid
inv_005147,cus_00395,sub_00395,plan_scale,2026-07-01,2026-07,GBP,255.56,299,paid
inv_005148,cus_00395,sub_00395,plan_scale,2026-08-03,2026-08,GBP,255.56,299,paid
inv_005149,cus_00396,sub_00396,plan_growth,2026-01-04,2026-01,GBP,84.62,99,paid
inv_005150,cus_00396,sub_00396,plan_growth,2026-02-02,2026-02,GBP,84.62,99,paid
inv_005151,cus_00396,sub_00396,plan_growth,2026-03-01,2026-03,GBP,127.35,149,paid
inv_005152,cus_00396,sub_00396,plan_growth,2026-04-02,2026-04,GBP,127.35,149,paid
inv_005153,cus_00396,sub_00396,plan_growth,2026-05-05,2026-05,GBP,127.35,149,paid
inv_005154,cus_00396,sub_00396,plan_growth,2026-06-02,2026-06,GBP,127.35,149,paid
inv_005155,cus_00396,sub_00396,plan_growth,2026-07-02,2026-07,GBP,127.35,149,paid
inv_005156,cus_00397,sub_00397,plan_growth,2026-01-05,2026-01,EUR,99,99,paid
inv_005157,cus_00397,sub_00397,plan_growth,2026-02-02,2026-02,EUR,99,99,paid
inv_005158,cus_00397,sub_00397,plan_growth,2026-03-05,2026-03,EUR,149,149,paid
inv_005159,cus_00397,sub_00397,plan_growth,2026-04-03,2026-04,EUR,149,149,paid
inv_005160,cus_00397,sub_00397,plan_growth,2026-05-04,2026-05,EUR,149,149,paid
inv_005161,cus_00397,sub_00397,plan_growth,2026-06-04,2026-06,EUR,149,149,paid
inv_005162,cus_00397,sub_00397,plan_growth,2026-07-04,2026-07,EUR,149,149,paid
inv_005163,cus_00397,sub_00397,plan_growth,2026-08-04,2026-08,EUR,149,149,paid
inv_005164,cus_00398,sub_00398,plan_starter,2026-01-04,2026-01,EUR,29,29,paid
inv_005165,cus_00398,sub_00398,plan_starter,2026-02-01,2026-02,EUR,29,29,paid
inv_005166,cus_00398,sub_00398,plan_starter,2026-03-02,2026-03,EUR,29,29,paid
inv_005167,cus_00398,sub_00398,plan_starter,2026-04-01,2026-04,EUR,29,29,paid
inv_005168,cus_00398,sub_00398,plan_starter,2026-05-02,2026-05,EUR,29,29,paid
inv_005169,cus_00398,sub_00398,plan_starter,2026-06-01,2026-06,EUR,29,29,paid
inv_005170,cus_00398,sub_00398,plan_starter,2026-07-04,2026-07,EUR,29,29,paid
inv_005171,cus_00398,sub_00398,plan_starter,2026-08-05,2026-08,EUR,29,29,paid
inv_005172,cus_00399,sub_00399,plan_enterprise,2026-01-03,2026-01,EUR,999,999,paid
inv_005173,cus_00399,sub_00399,plan_enterprise,2026-02-03,2026-02,EUR,999,999,paid
inv_005174,cus_00399,sub_00399,plan_enterprise,2026-03-03,2026-03,EUR,999,999,paid
inv_005175,cus_00399,sub_00399,plan_enterprise,2026-04-04,2026-04,EUR,999,999,paid
inv_005176,cus_00399,sub_00399,plan_enterprise,2026-05-04,2026-05,EUR,999,999,paid
inv_005177,cus_00399,sub_00399,plan_enterprise,2026-06-02,2026-06,EUR,999,999,paid
inv_005178,cus_00399,sub_00399,plan_enterprise,2026-07-05,2026-07,EUR,999,999,paid
inv_005179,cus_00399,sub_00399,plan_enterprise,2026-08-01,2026-08,EUR,999,999,paid
inv_005180,cus_00400,sub_00400,plan_starter,2026-01-05,2026-01,USD,31.52,29,paid
inv_005181,cus_00400,sub_00400,plan_starter,2026-02-02,2026-02,USD,31.52,29,paid
inv_005182,cus_00401,sub_00401,plan_starter,2026-01-04,2026-01,GBP,24.79,29,paid
inv_005183,cus_00401,sub_00401,plan_starter,2026-02-02,2026-02,GBP,24.79,29,paid
inv_005184,cus_00401,sub_00401,plan_starter,2026-03-04,2026-03,GBP,24.79,29,paid
inv_005185,cus_00401,sub_00401,plan_starter,2026-04-01,2026-04,GBP,24.79,29,paid
inv_005186,cus_00401,sub_00401,plan_starter,2026-05-02,2026-05,GBP,24.79,29,paid
inv_005187,cus_00401,sub_00401,plan_starter,2026-06-01,2026-06,GBP,24.79,29,paid
inv_005188,cus_00401,sub_00401,plan_starter,2026-07-04,2026-07,GBP,24.79,29,paid
inv_005189,cus_00401,sub_00401,plan_starter,2026-08-01,2026-08,GBP,24.79,29,paid
inv_005190,cus_00402,sub_00402,plan_starter,2026-01-03,2026-01,EUR,29,29,paid
inv_005191,cus_00402,sub_00402,plan_starter,2026-02-03,2026-02,EUR,29,29,paid
inv_005192,cus_00402,sub_00402,plan_starter,2026-03-05,2026-03,EUR,29,29,paid
inv_005193,cus_00402,sub_00402,plan_starter,2026-04-02,2026-04,EUR,29,29,paid
inv_005194,cus_00402,sub_00402,plan_starter,2026-05-02,2026-05,EUR,29,29,paid
inv_005195,cus_00402,sub_00402,plan_starter,2026-06-01,2026-06,EUR,29,29,paid
inv_005196,cus_00402,sub_00402,plan_starter,2026-07-04,2026-07,EUR,29,29,paid
inv_005197,cus_00402,sub_00402,plan_starter,2026-08-01,2026-08,EUR,29,29,paid
inv_005198,cus_00403,sub_00403,plan_growth,2026-01-01,2026-01,EUR,99,99,paid
inv_005199,cus_00403,sub_00403,plan_growth,2026-02-03,2026-02,EUR,99,99,paid
inv_005200,cus_00403,sub_00403,plan_growth,2026-03-01,2026-03,EUR,149,149,paid
inv_005201,cus_00403,sub_00403,plan_growth,2026-04-01,2026-04,EUR,149,149,paid
inv_005202,cus_00403,sub_00403,plan_growth,2026-05-04,2026-05,EUR,149,149,paid
inv_005203,cus_00403,sub_00403,plan_growth,2026-06-02,2026-06,EUR,149,149,paid
inv_005204,cus_00403,sub_00403,plan_growth,2026-07-03,2026-07,EUR,149,149,paid
inv_005205,cus_00403,sub_00403,plan_growth,2026-08-03,2026-08,EUR,149,149,paid
inv_005206,cus_00404,sub_00404,plan_growth,2026-01-03,2026-01,EUR,99,99,paid
inv_005207,cus_00404,sub_00404,plan_growth,2026-02-05,2026-02,EUR,99,99,paid
inv_005208,cus_00404,sub_00404,plan_growth,2026-03-05,2026-03,EUR,149,149,paid
inv_005209,cus_00404,sub_00404,plan_growth,2026-04-05,2026-04,EUR,149,149,paid
inv_005210,cus_00404,sub_00404,plan_growth,2026-05-05,2026-05,EUR,149,149,paid
inv_005211,cus_00404,sub_00404,plan_growth,2026-06-02,2026-06,EUR,149,149,paid
inv_005212,cus_00404,sub_00404,plan_growth,2026-07-03,2026-07,EUR,149,149,paid
inv_005213,cus_00404,sub_00404,plan_growth,2026-08-03,2026-08,EUR,149,149,uncollectible
inv_005214,cus_00405,sub_00405,plan_growth,2026-01-03,2026-01,EUR,99,99,paid
inv_005215,cus_00405,sub_00405,plan_growth,2026-02-01,2026-02,EUR,99,99,paid
inv_005216,cus_00406,sub_00406,plan_starter,2026-01-03,2026-01,EUR,29,29,paid
inv_005217,cus_00406,sub_00406,plan_starter,2026-02-02,2026-02,EUR,29,29,paid
inv_005218,cus_00406,sub_00406,plan_starter,2026-03-04,2026-03,EUR,29,29,paid
inv_005219,cus_00406,sub_00406,plan_starter,2026-04-05,2026-04,EUR,29,29,paid
inv_005220,cus_00406,sub_00406,plan_starter,2026-05-01,2026-05,EUR,29,29,paid
inv_005221,cus_00406,sub_00406,plan_starter,2026-06-02,2026-06,EUR,29,29,paid
inv_005222,cus_00406,sub_00406,plan_starter,2026-07-04,2026-07,EUR,29,29,paid
inv_005223,cus_00406,sub_00406,plan_starter,2026-08-05,2026-08,EUR,29,29,paid
inv_005224,cus_00407,sub_00407,plan_starter,2026-01-04,2026-01,EUR,29,29,paid
inv_005225,cus_00407,sub_00407,plan_starter,2026-02-04,2026-02,EUR,29,29,paid
inv_005226,cus_00407,sub_00407,plan_starter,2026-03-05,2026-03,EUR,29,29,paid
inv_005227,cus_00407,sub_00407,plan_starter,2026-04-01,2026-04,EUR,29,29,paid
inv_005228,cus_00407,sub_00407,plan_starter,2026-05-02,2026-05,EUR,29,29,paid
inv_005229,cus_00407,sub_00407,plan_starter,2026-06-05,2026-06,EUR,29,29,paid
inv_005230,cus_00407,sub_00407,plan_starter,2026-07-04,2026-07,EUR,29,29,paid
inv_005231,cus_00407,sub_00407,plan_starter,2026-08-03,2026-08,EUR,29,29,paid
inv_005232,cus_00408,sub_00408,plan_starter,2026-01-05,2026-01,EUR,29,29,paid
inv_005233,cus_00408,sub_00408,plan_starter,2026-02-04,2026-02,EUR,29,29,paid
inv_005234,cus_00408,sub_00408,plan_starter,2026-03-04,2026-03,EUR,29,29,paid
inv_005235,cus_00408,sub_00408,plan_starter,2026-04-04,2026-04,EUR,29,29,paid
inv_005236,cus_00408,sub_00408,plan_starter,2026-05-03,2026-05,EUR,29,29,paid
inv_005237,cus_00408,sub_00408,plan_starter,2026-06-01,2026-06,EUR,29,29,paid
inv_005238,cus_00408,sub_00408,plan_starter,2026-07-05,2026-07,EUR,29,29,paid
inv_005239,cus_00408,sub_00408,plan_starter,2026-08-04,2026-08,EUR,29,29,paid
inv_005240,cus_00409,sub_00409,plan_starter,2026-01-01,2026-01,CHF,27.62,29,paid
inv_005241,cus_00409,sub_00409,plan_starter,2026-02-03,2026-02,CHF,27.62,29,paid
inv_005242,cus_00409,sub_00409,plan_starter,2026-03-03,2026-03,CHF,27.62,29,paid
inv_005243,cus_00409,sub_00409,plan_starter,2026-04-04,2026-04,CHF,27.62,29,paid
inv_005244,cus_00409,sub_00409,plan_starter,2026-05-02,2026-05,CHF,27.62,29,paid
inv_005245,cus_00409,sub_00409,plan_starter,2026-06-05,2026-06,CHF,27.62,29,paid
inv_005246,cus_00409,sub_00409,plan_starter,2026-07-03,2026-07,CHF,27.62,29,paid
inv_005247,cus_00409,sub_00409,plan_starter,2026-08-04,2026-08,CHF,27.62,29,paid
inv_005248,cus_00410,sub_00410,plan_growth,2026-01-05,2026-01,EUR,99,99,paid
inv_005249,cus_00410,sub_00410,plan_growth,2026-02-04,2026-02,EUR,99,99,paid
inv_005250,cus_00410,sub_00410,plan_growth,2026-03-05,2026-03,EUR,149,149,paid
inv_005251,cus_00410,sub_00410,plan_growth,2026-04-01,2026-04,EUR,149,149,paid
inv_005252,cus_00410,sub_00410,plan_growth,2026-05-02,2026-05,EUR,149,149,paid
inv_005253,cus_00410,sub_00410,plan_growth,2026-06-02,2026-06,EUR,149,149,paid
inv_005254,cus_00410,sub_00410,plan_growth,2026-07-03,2026-07,EUR,149,149,paid
inv_005255,cus_00410,sub_00410,plan_growth,2026-08-04,2026-08,EUR,149,149,paid
inv_005256,cus_00411,sub_00411,plan_growth,2026-01-04,2026-01,EUR,99,99,paid
inv_005257,cus_00411,sub_00411,plan_growth,2026-02-04,2026-02,EUR,99,99,paid
inv_005258,cus_00412,sub_00412,plan_starter,2026-01-02,2026-01,SEK,329.55,29,paid
inv_005259,cus_00412,sub_00412,plan_starter,2026-02-02,2026-02,SEK,329.55,29,paid
inv_005260,cus_00412,sub_00412,plan_starter,2026-03-02,2026-03,SEK,329.55,29,paid
inv_005261,cus_00412,sub_00412,plan_starter,2026-04-04,2026-04,SEK,329.55,29,paid
inv_005262,cus_00412,sub_00412,plan_starter,2026-05-02,2026-05,SEK,329.55,29,paid
inv_005263,cus_00412,sub_00412,plan_starter,2026-06-03,2026-06,SEK,329.55,29,paid
inv_005264,cus_00412,sub_00412,plan_starter,2026-07-02,2026-07,SEK,329.55,29,paid
inv_005265,cus_00412,sub_00412,plan_starter,2026-08-02,2026-08,SEK,329.55,29,paid
inv_005266,cus_00413,sub_00413,plan_growth,2026-01-01,2026-01,EUR,99,99,paid
inv_005267,cus_00413,sub_00413,plan_growth,2026-02-05,2026-02,EUR,99,99,paid
inv_005268,cus_00413,sub_00413,plan_growth,2026-03-02,2026-03,EUR,149,149,paid
inv_005269,cus_00413,sub_00413,plan_growth,2026-04-05,2026-04,EUR,149,149,paid
inv_005270,cus_00413,sub_00413,plan_growth,2026-05-05,2026-05,EUR,149,149,paid
inv_005271,cus_00413,sub_00413,plan_growth,2026-06-04,2026-06,EUR,149,149,paid
inv_005272,cus_00413,sub_00413,plan_growth,2026-07-02,2026-07,EUR,149,149,paid
inv_005273,cus_00413,sub_00413,plan_growth,2026-08-04,2026-08,EUR,149,149,paid
inv_005274,cus_00414,sub_00414,plan_starter,2026-01-02,2026-01,EUR,29,29,paid
inv_005275,cus_00414,sub_00414,plan_starter,2026-02-02,2026-02,EUR,29,29,paid
inv_005276,cus_00414,sub_00414,plan_starter,2026-03-03,2026-03,EUR,29,29,paid
inv_005277,cus_00414,sub_00414,plan_starter,2026-04-01,2026-04,EUR,29,29,paid
inv_005278,cus_00414,sub_00414,plan_starter,2026-05-05,2026-05,EUR,29,29,paid
inv_005279,cus_00414,sub_00414,plan_starter,2026-06-02,2026-06,EUR,29,29,paid
inv_005280,cus_00414,sub_00414,plan_starter,2026-07-04,2026-07,EUR,29,29,paid
inv_005281,cus_00414,sub_00414,plan_starter,2026-08-05,2026-08,EUR,29,29,paid
inv_005282,cus_00415,sub_00415,plan_growth,2026-01-02,2026-01,EUR,99,99,paid
inv_005283,cus_00415,sub_00415,plan_growth,2026-02-02,2026-02,EUR,99,99,paid
inv_005284,cus_00415,sub_00415,plan_growth,2026-03-03,2026-03,EUR,149,149,paid
inv_005285,cus_00415,sub_00415,plan_growth,2026-04-01,2026-04,EUR,149,149,paid
inv_005286,cus_00415,sub_00415,plan_growth,2026-05-03,2026-05,EUR,149,149,paid
inv_005287,cus_00415,sub_00415,plan_growth,2026-06-04,2026-06,EUR,149,149,paid
inv_005288,cus_00415,sub_00415,plan_growth,2026-07-01,2026-07,EUR,149,149,paid
inv_005289,cus_00415,sub_00415,plan_growth,2026-08-02,2026-08,EUR,149,149,paid
inv_005290,cus_00416,sub_00416,plan_growth,2026-01-05,2026-01,EUR,99,99,paid
inv_005291,cus_00416,sub_00416,plan_growth,2026-02-01,2026-02,EUR,99,99,paid
inv_005292,cus_00417,sub_00417,plan_scale,2026-01-03,2026-01,CHF,284.76,299,paid
inv_005293,cus_00417,sub_00417,plan_scale,2026-02-02,2026-02,CHF,284.76,299,paid
inv_005294,cus_00417,sub_00417,plan_scale,2026-03-04,2026-03,CHF,284.76,299,paid
inv_005295,cus_00417,sub_00417,plan_scale,2026-04-02,2026-04,CHF,284.76,299,paid
inv_005296,cus_00417,sub_00417,plan_scale,2026-05-04,2026-05,CHF,284.76,299,paid
inv_005297,cus_00417,sub_00417,plan_scale,2026-06-03,2026-06,CHF,284.76,299,paid
inv_005298,cus_00417,sub_00417,plan_scale,2026-07-01,2026-07,CHF,284.76,299,paid
inv_005299,cus_00417,sub_00417,plan_scale,2026-08-01,2026-08,CHF,284.76,299,paid
inv_005300,cus_00418,sub_00418,plan_growth,2026-01-04,2026-01,EUR,99,99,paid
inv_005301,cus_00418,sub_00418,plan_growth,2026-02-02,2026-02,EUR,99,99,paid
inv_005302,cus_00418,sub_00418,plan_growth,2026-03-04,2026-03,EUR,149,149,paid
inv_005303,cus_00418,sub_00418,plan_growth,2026-04-02,2026-04,EUR,149,149,paid
inv_005304,cus_00418,sub_00418,plan_growth,2026-05-01,2026-05,EUR,149,149,paid
inv_005305,cus_00418,sub_00418,plan_growth,2026-06-01,2026-06,EUR,149,149,paid
inv_005306,cus_00418,sub_00418,plan_growth,2026-07-01,2026-07,EUR,149,149,paid
inv_005307,cus_00418,sub_00418,plan_growth,2026-08-02,2026-08,EUR,149,149,paid
inv_005308,cus_00419,sub_00419,plan_starter,2026-01-04,2026-01,GBP,24.79,29,paid
inv_005309,cus_00419,sub_00419,plan_starter,2026-02-03,2026-02,GBP,24.79,29,paid
inv_005310,cus_00419,sub_00419,plan_starter,2026-03-01,2026-03,GBP,24.79,29,paid
inv_005311,cus_00419,sub_00419,plan_starter,2026-04-02,2026-04,GBP,24.79,29,paid
inv_005312,cus_00419,sub_00419,plan_starter,2026-05-03,2026-05,GBP,24.79,29,paid
inv_005313,cus_00419,sub_00419,plan_starter,2026-06-05,2026-06,GBP,24.79,29,open
inv_005314,cus_00419,sub_00419,plan_starter,2026-07-01,2026-07,GBP,24.79,29,paid
inv_005315,cus_00419,sub_00419,plan_starter,2026-08-01,2026-08,GBP,24.79,29,paid
inv_005316,cus_00420,sub_00420,plan_scale,2026-01-04,2026-01,EUR,299,299,paid
inv_005317,cus_00420,sub_00420,plan_scale,2026-02-01,2026-02,EUR,299,299,paid
inv_005318,cus_00420,sub_00420,plan_scale,2026-03-05,2026-03,EUR,299,299,paid
inv_005319,cus_00420,sub_00420,plan_scale,2026-04-04,2026-04,EUR,299,299,paid
inv_005320,cus_00420,sub_00420,plan_scale,2026-05-05,2026-05,EUR,299,299,paid
inv_005321,cus_00420,sub_00420,plan_scale,2026-06-03,2026-06,EUR,299,299,paid
inv_005322,cus_00420,sub_00420,plan_scale,2026-07-05,2026-07,EUR,299,299,paid
inv_005323,cus_00420,sub_00420,plan_scale,2026-08-04,2026-08,EUR,299,299,paid
inv_005324,cus_00421,sub_00421,plan_starter,2026-01-04,2026-01,SEK,329.55,29,paid
inv_005325,cus_00421,sub_00421,plan_starter,2026-02-04,2026-02,SEK,329.55,29,paid
inv_005326,cus_00421,sub_00421,plan_starter,2026-03-05,2026-03,SEK,329.55,29,paid
inv_005327,cus_00421,sub_00421,plan_starter,2026-04-05,2026-04,SEK,329.55,29,paid
inv_005328,cus_00421,sub_00421,plan_starter,2026-05-02,2026-05,SEK,329.55,29,paid
inv_005329,cus_00421,sub_00421,plan_starter,2026-06-05,2026-06,SEK,329.55,29,paid
inv_005330,cus_00421,sub_00421,plan_starter,2026-07-01,2026-07,SEK,329.55,29,paid
inv_005331,cus_00421,sub_00421,plan_starter,2026-08-03,2026-08,SEK,329.55,29,paid
inv_005332,cus_00422,sub_00422,plan_starter,2026-01-04,2026-01,GBP,24.79,29,paid
inv_005333,cus_00422,sub_00422,plan_starter,2026-02-03,2026-02,GBP,24.79,29,paid
inv_005334,cus_00422,sub_00422,plan_starter,2026-03-05,2026-03,GBP,24.79,29,paid
inv_005335,cus_00422,sub_00422,plan_starter,2026-04-04,2026-04,GBP,24.79,29,paid
inv_005336,cus_00422,sub_00422,plan_starter,2026-05-01,2026-05,GBP,24.79,29,paid
inv_005337,cus_00423,sub_00423,plan_growth,2026-01-02,2026-01,EUR,99,99,paid
inv_005338,cus_00423,sub_00423,plan_growth,2026-02-05,2026-02,EUR,99,99,paid
inv_005339,cus_00423,sub_00423,plan_growth,2026-03-03,2026-03,EUR,149,149,paid
inv_005340,cus_00423,sub_00423,plan_growth,2026-04-02,2026-04,EUR,149,149,paid
inv_005341,cus_00423,sub_00423,plan_growth,2026-05-02,2026-05,EUR,149,149,paid
inv_005342,cus_00423,sub_00423,plan_growth,2026-06-04,2026-06,EUR,149,149,paid
inv_005343,cus_00423,sub_00423,plan_growth,2026-07-02,2026-07,EUR,149,149,paid
inv_005344,cus_00423,sub_00423,plan_growth,2026-08-04,2026-08,EUR,149,149,paid
inv_005345,cus_00424,sub_00424,plan_starter,2026-01-04,2026-01,GBP,24.79,29,void
inv_005346,cus_00424,sub_00424,plan_starter,2026-02-01,2026-02,GBP,24.79,29,paid
inv_005347,cus_00424,sub_00424,plan_starter,2026-03-02,2026-03,GBP,24.79,29,paid
inv_005348,cus_00424,sub_00424,plan_starter,2026-04-03,2026-04,GBP,24.79,29,paid
inv_005349,cus_00424,sub_00424,plan_starter,2026-05-03,2026-05,GBP,24.79,29,paid
inv_005350,cus_00425,sub_00425,plan_scale,2026-01-05,2026-01,EUR,299,299,paid
inv_005351,cus_00425,sub_00425,plan_scale,2026-02-04,2026-02,EUR,299,299,paid
inv_005352,cus_00425,sub_00425,plan_scale,2026-03-05,2026-03,EUR,299,299,uncollectible
inv_005353,cus_00425,sub_00425,plan_scale,2026-04-04,2026-04,EUR,299,299,open
inv_005354,cus_00425,sub_00425,plan_scale,2026-05-02,2026-05,EUR,299,299,paid
inv_005355,cus_00425,sub_00425,plan_scale,2026-06-05,2026-06,EUR,299,299,paid
inv_005356,cus_00425,sub_00425,plan_scale,2026-07-04,2026-07,EUR,299,299,paid
inv_005357,cus_00425,sub_00425,plan_scale,2026-08-02,2026-08,EUR,299,299,paid
inv_005358,cus_00426,sub_00426,plan_growth,2026-02-05,2026-02,EUR,99,99,paid
inv_005359,cus_00426,sub_00426,plan_growth,2026-03-05,2026-03,EUR,149,149,paid
inv_005360,cus_00426,sub_00426,plan_growth,2026-04-04,2026-04,EUR,149,149,paid
inv_005361,cus_00426,sub_00426,plan_growth,2026-05-05,2026-05,EUR,149,149,paid
inv_005362,cus_00426,sub_00426,plan_growth,2026-06-05,2026-06,EUR,149,149,paid
inv_005363,cus_00426,sub_00426,plan_growth,2026-07-03,2026-07,EUR,149,149,paid
inv_005364,cus_00426,sub_00426,plan_growth,2026-08-03,2026-08,EUR,149,149,paid
inv_005365,cus_00427,sub_00427,plan_starter,2026-02-03,2026-02,CHF,27.62,29,paid
inv_005366,cus_00427,sub_00427,plan_starter,2026-03-01,2026-03,CHF,27.62,29,paid
inv_005367,cus_00427,sub_00427,plan_starter,2026-04-04,2026-04,CHF,27.62,29,paid
inv_005368,cus_00427,sub_00427,plan_starter,2026-05-04,2026-05,CHF,27.62,29,paid
inv_005369,cus_00427,sub_00427,plan_starter,2026-06-01,2026-06,CHF,27.62,29,paid
inv_005370,cus_00427,sub_00427,plan_starter,2026-07-04,2026-07,CHF,27.62,29,paid
inv_005371,cus_00427,sub_00427,plan_starter,2026-08-05,2026-08,CHF,27.62,29,paid
inv_005372,cus_00428,sub_00428,plan_growth,2026-02-02,2026-02,EUR,99,99,paid
inv_005373,cus_00428,sub_00428,plan_growth,2026-03-05,2026-03,EUR,149,149,void
inv_005374,cus_00428,sub_00428,plan_growth,2026-04-01,2026-04,EUR,149,149,paid
inv_005375,cus_00428,sub_00428,plan_growth,2026-05-05,2026-05,EUR,149,149,paid
inv_005376,cus_00428,sub_00428,plan_growth,2026-06-05,2026-06,EUR,149,149,paid
inv_005377,cus_00428,sub_00428,plan_growth,2026-07-05,2026-07,EUR,149,149,paid
inv_005378,cus_00428,sub_00428,plan_growth,2026-08-05,2026-08,EUR,149,149,paid
inv_005379,cus_00429,sub_00429,plan_starter,2026-02-03,2026-02,EUR,29,29,paid
inv_005380,cus_00429,sub_00429,plan_starter,2026-03-03,2026-03,EUR,29,29,paid
inv_005381,cus_00429,sub_00429,plan_starter,2026-04-03,2026-04,EUR,29,29,paid
inv_005382,cus_00429,sub_00429,plan_starter,2026-05-04,2026-05,EUR,29,29,paid
inv_005383,cus_00429,sub_00429,plan_starter,2026-06-03,2026-06,EUR,29,29,paid
inv_005384,cus_00429,sub_00429,plan_starter,2026-07-02,2026-07,EUR,29,29,paid
inv_005385,cus_00429,sub_00429,plan_starter,2026-08-04,2026-08,EUR,29,29,paid
inv_005386,cus_00430,sub_00430,plan_scale,2026-02-03,2026-02,EUR,299,299,paid
inv_005387,cus_00430,sub_00430,plan_scale,2026-03-05,2026-03,EUR,299,299,paid
inv_005388,cus_00430,sub_00430,plan_scale,2026-04-02,2026-04,EUR,299,299,paid
inv_005389,cus_00430,sub_00430,plan_scale,2026-05-01,2026-05,EUR,299,299,paid
inv_005390,cus_00430,sub_00430,plan_scale,2026-06-01,2026-06,EUR,299,299,paid
inv_005391,cus_00430,sub_00430,plan_scale,2026-07-05,2026-07,EUR,299,299,paid
inv_005392,cus_00430,sub_00430,plan_scale,2026-08-01,2026-08,EUR,299,299,paid
inv_005393,cus_00431,sub_00431,plan_starter,2026-02-01,2026-02,EUR,29,29,paid
inv_005394,cus_00431,sub_00431,plan_starter,2026-03-03,2026-03,EUR,29,29,paid
inv_005395,cus_00431,sub_00431,plan_starter,2026-04-03,2026-04,EUR,29,29,paid
inv_005396,cus_00431,sub_00431,plan_starter,2026-05-03,2026-05,EUR,29,29,paid
inv_005397,cus_00431,sub_00431,plan_starter,2026-06-03,2026-06,EUR,29,29,paid
inv_005398,cus_00431,sub_00431,plan_starter,2026-07-03,2026-07,EUR,29,29,paid
inv_005399,cus_00431,sub_00431,plan_starter,2026-08-01,2026-08,EUR,29,29,paid
inv_005400,cus_00432,sub_00432,plan_growth,2026-02-04,2026-02,EUR,99,99,paid
inv_005401,cus_00432,sub_00432,plan_growth,2026-03-05,2026-03,EUR,149,149,paid
inv_005402,cus_00432,sub_00432,plan_growth,2026-04-02,2026-04,EUR,149,149,paid
inv_005403,cus_00432,sub_00432,plan_growth,2026-05-02,2026-05,EUR,149,149,paid
inv_005404,cus_00432,sub_00432,plan_growth,2026-06-05,2026-06,EUR,149,149,paid
inv_005405,cus_00432,sub_00432,plan_growth,2026-07-05,2026-07,EUR,149,149,paid
inv_005406,cus_00432,sub_00432,plan_growth,2026-08-05,2026-08,EUR,149,149,paid
inv_005407,cus_00433,sub_00433,plan_scale,2026-02-01,2026-02,EUR,299,299,open
inv_005408,cus_00433,sub_00433,plan_scale,2026-03-02,2026-03,EUR,299,299,paid
inv_005409,cus_00433,sub_00433,plan_scale,2026-04-04,2026-04,EUR,299,299,paid
inv_005410,cus_00433,sub_00433,plan_scale,2026-05-04,2026-05,EUR,299,299,paid
inv_005411,cus_00433,sub_00433,plan_scale,2026-06-03,2026-06,EUR,299,299,paid
inv_005412,cus_00433,sub_00433,plan_scale,2026-07-03,2026-07,EUR,299,299,paid
inv_005413,cus_00433,sub_00433,plan_scale,2026-08-05,2026-08,EUR,299,299,paid
inv_005414,cus_00434,sub_00434,plan_starter,2026-02-05,2026-02,EUR,29,29,paid
inv_005415,cus_00434,sub_00434,plan_starter,2026-03-05,2026-03,EUR,29,29,paid
inv_005416,cus_00434,sub_00434,plan_starter,2026-04-02,2026-04,EUR,29,29,paid
inv_005417,cus_00434,sub_00434,plan_starter,2026-05-03,2026-05,EUR,29,29,paid
inv_005418,cus_00435,sub_00435,plan_scale,2026-02-01,2026-02,EUR,299,299,paid
inv_005419,cus_00435,sub_00435,plan_scale,2026-03-02,2026-03,EUR,299,299,paid
inv_005420,cus_00435,sub_00435,plan_scale,2026-04-04,2026-04,EUR,299,299,paid
inv_005421,cus_00435,sub_00435,plan_scale,2026-05-01,2026-05,EUR,299,299,paid
inv_005422,cus_00435,sub_00435,plan_scale,2026-06-04,2026-06,EUR,299,299,paid
inv_005423,cus_00435,sub_00435,plan_scale,2026-07-01,2026-07,EUR,299,299,paid
inv_005424,cus_00435,sub_00435,plan_scale,2026-08-03,2026-08,EUR,299,299,open
inv_005425,cus_00436,sub_00436,plan_scale,2026-02-05,2026-02,EUR,299,299,paid
inv_005426,cus_00436,sub_00436,plan_scale,2026-03-02,2026-03,EUR,299,299,paid
inv_005427,cus_00436,sub_00436,plan_scale,2026-04-04,2026-04,EUR,299,299,paid
inv_005428,cus_00436,sub_00436,plan_scale,2026-05-05,2026-05,EUR,299,299,paid
inv_005429,cus_00436,sub_00436,plan_scale,2026-06-03,2026-06,EUR,299,299,paid
inv_005430,cus_00436,sub_00436,plan_scale,2026-07-01,2026-07,EUR,299,299,paid
inv_005431,cus_00436,sub_00436,plan_scale,2026-08-01,2026-08,EUR,299,299,paid
inv_005432,cus_00437,sub_00437,plan_scale,2026-02-05,2026-02,EUR,299,299,paid
inv_005433,cus_00437,sub_00437,plan_scale,2026-03-01,2026-03,EUR,299,299,paid
inv_005434,cus_00437,sub_00437,plan_scale,2026-04-01,2026-04,EUR,299,299,paid
inv_005435,cus_00437,sub_00437,plan_scale,2026-05-03,2026-05,EUR,299,299,paid
inv_005436,cus_00437,sub_00437,plan_scale,2026-06-01,2026-06,EUR,299,299,paid
inv_005437,cus_00437,sub_00437,plan_scale,2026-07-03,2026-07,EUR,299,299,paid
inv_005438,cus_00437,sub_00437,plan_scale,2026-08-02,2026-08,EUR,299,299,paid
inv_005439,cus_00438,sub_00438,plan_starter,2026-02-03,2026-02,EUR,29,29,paid
inv_005440,cus_00438,sub_00438,plan_starter,2026-03-02,2026-03,EUR,29,29,paid
inv_005441,cus_00438,sub_00438,plan_starter,2026-04-03,2026-04,EUR,29,29,paid
inv_005442,cus_00438,sub_00438,plan_starter,2026-05-04,2026-05,EUR,29,29,paid
inv_005443,cus_00438,sub_00438,plan_starter,2026-06-01,2026-06,EUR,29,29,paid
inv_005444,cus_00438,sub_00438,plan_starter,2026-07-03,2026-07,EUR,29,29,paid
inv_005445,cus_00438,sub_00438,plan_starter,2026-08-03,2026-08,EUR,29,29,paid
inv_005446,cus_00439,sub_00439,plan_starter,2026-02-03,2026-02,EUR,29,29,paid
inv_005447,cus_00439,sub_00439,plan_starter,2026-03-04,2026-03,EUR,29,29,paid
inv_005448,cus_00439,sub_00439,plan_starter,2026-04-03,2026-04,EUR,29,29,paid
inv_005449,cus_00439,sub_00439,plan_starter,2026-05-04,2026-05,EUR,29,29,paid
inv_005450,cus_00439,sub_00439,plan_starter,2026-06-03,2026-06,EUR,29,29,paid
inv_005451,cus_00439,sub_00439,plan_starter,2026-07-04,2026-07,EUR,29,29,paid
inv_005452,cus_00439,sub_00439,plan_starter,2026-08-02,2026-08,EUR,29,29,paid
inv_005453,cus_00440,sub_00440,plan_growth,2026-02-03,2026-02,EUR,99,99,paid
inv_005454,cus_00441,sub_00441,plan_growth,2026-02-04,2026-02,EUR,99,99,paid
inv_005455,cus_00442,sub_00442,plan_starter,2026-02-02,2026-02,EUR,29,29,paid
inv_005456,cus_00442,sub_00442,plan_starter,2026-03-04,2026-03,EUR,29,29,uncollectible
inv_005457,cus_00442,sub_00442,plan_starter,2026-04-04,2026-04,EUR,29,29,paid
inv_005458,cus_00442,sub_00442,plan_starter,2026-05-01,2026-05,EUR,29,29,paid
inv_005459,cus_00442,sub_00442,plan_starter,2026-06-04,2026-06,EUR,29,29,paid
inv_005460,cus_00442,sub_00442,plan_starter,2026-07-05,2026-07,EUR,29,29,paid
inv_005461,cus_00442,sub_00442,plan_starter,2026-08-01,2026-08,EUR,29,29,open
inv_005462,cus_00443,sub_00443,plan_scale,2026-02-05,2026-02,EUR,299,299,paid
inv_005463,cus_00443,sub_00443,plan_scale,2026-03-04,2026-03,EUR,299,299,paid
inv_005464,cus_00443,sub_00443,plan_scale,2026-04-01,2026-04,EUR,299,299,uncollectible
inv_005465,cus_00443,sub_00443,plan_scale,2026-05-03,2026-05,EUR,299,299,paid
inv_005466,cus_00443,sub_00443,plan_scale,2026-06-05,2026-06,EUR,299,299,uncollectible
inv_005467,cus_00443,sub_00443,plan_scale,2026-07-03,2026-07,EUR,299,299,paid
inv_005468,cus_00443,sub_00443,plan_scale,2026-08-04,2026-08,EUR,299,299,uncollectible
inv_005469,cus_00444,sub_00444,plan_growth,2026-02-03,2026-02,EUR,99,99,open
inv_005470,cus_00445,sub_00445,plan_starter,2026-02-01,2026-02,EUR,29,29,paid
inv_005471,cus_00445,sub_00445,plan_starter,2026-03-02,2026-03,EUR,29,29,paid
inv_005472,cus_00445,sub_00445,plan_starter,2026-04-02,2026-04,EUR,29,29,paid
inv_005473,cus_00445,sub_00445,plan_starter,2026-05-05,2026-05,EUR,29,29,paid
inv_005474,cus_00445,sub_00445,plan_starter,2026-06-04,2026-06,EUR,29,29,paid
inv_005475,cus_00445,sub_00445,plan_starter,2026-07-03,2026-07,EUR,29,29,paid
inv_005476,cus_00445,sub_00445,plan_starter,2026-08-02,2026-08,EUR,29,29,paid
inv_005477,cus_00446,sub_00446,plan_starter,2026-02-05,2026-02,EUR,29,29,paid
inv_005478,cus_00446,sub_00446,plan_starter,2026-03-03,2026-03,EUR,29,29,paid
inv_005479,cus_00446,sub_00446,plan_starter,2026-04-03,2026-04,EUR,29,29,paid
inv_005480,cus_00446,sub_00446,plan_starter,2026-05-01,2026-05,EUR,29,29,paid
inv_005481,cus_00446,sub_00446,plan_starter,2026-06-01,2026-06,EUR,29,29,paid
inv_005482,cus_00446,sub_00446,plan_starter,2026-07-02,2026-07,EUR,29,29,paid
inv_005483,cus_00446,sub_00446,plan_starter,2026-08-03,2026-08,EUR,29,29,paid
inv_005484,cus_00447,sub_00447,plan_growth,2026-02-03,2026-02,EUR,99,99,paid
inv_005485,cus_00447,sub_00447,plan_growth,2026-03-03,2026-03,EUR,149,149,paid
inv_005486,cus_00447,sub_00447,plan_growth,2026-04-05,2026-04,EUR,149,149,paid
inv_005487,cus_00447,sub_00447,plan_growth,2026-05-01,2026-05,EUR,149,149,paid
inv_005488,cus_00447,sub_00447,plan_growth,2026-06-02,2026-06,EUR,149,149,uncollectible
inv_005489,cus_00447,sub_00447,plan_growth,2026-07-02,2026-07,EUR,149,149,paid
inv_005490,cus_00447,sub_00447,plan_growth,2026-08-01,2026-08,EUR,149,149,void
inv_005491,cus_00448,sub_00448,plan_starter,2026-02-02,2026-02,EUR,29,29,paid
inv_005492,cus_00448,sub_00448,plan_starter,2026-03-01,2026-03,EUR,29,29,paid
inv_005493,cus_00448,sub_00448,plan_starter,2026-04-02,2026-04,EUR,29,29,paid
inv_005494,cus_00448,sub_00448,plan_starter,2026-05-01,2026-05,EUR,29,29,paid
inv_005495,cus_00448,sub_00448,plan_starter,2026-06-02,2026-06,EUR,29,29,paid
inv_005496,cus_00448,sub_00448,plan_starter,2026-07-02,2026-07,EUR,29,29,paid
inv_005497,cus_00448,sub_00448,plan_starter,2026-08-02,2026-08,EUR,29,29,paid
inv_005498,cus_00449,sub_00449,plan_starter,2026-02-04,2026-02,EUR,29,29,paid
inv_005499,cus_00449,sub_00449,plan_starter,2026-03-05,2026-03,EUR,29,29,paid
inv_005500,cus_00449,sub_00449,plan_starter,2026-04-02,2026-04,EUR,29,29,paid
inv_005501,cus_00449,sub_00449,plan_starter,2026-05-04,2026-05,EUR,29,29,paid
inv_005502,cus_00449,sub_00449,plan_starter,2026-06-02,2026-06,EUR,29,29,paid
inv_005503,cus_00449,sub_00449,plan_starter,2026-07-03,2026-07,EUR,29,29,paid
inv_005504,cus_00449,sub_00449,plan_starter,2026-08-02,2026-08,EUR,29,29,paid
inv_005505,cus_00450,sub_00450,plan_growth,2026-02-03,2026-02,EUR,99,99,paid
inv_005506,cus_00451,sub_00451,plan_growth,2026-02-05,2026-02,USD,107.61,99,paid
inv_005507,cus_00451,sub_00451,plan_growth,2026-03-02,2026-03,USD,161.96,149,paid
inv_005508,cus_00451,sub_00451,plan_growth,2026-04-01,2026-04,USD,161.96,149,paid
inv_005509,cus_00451,sub_00451,plan_growth,2026-05-03,2026-05,USD,161.96,149,paid
inv_005510,cus_00451,sub_00451,plan_growth,2026-06-03,2026-06,USD,161.96,149,paid
inv_005511,cus_00451,sub_00451,plan_growth,2026-07-03,2026-07,USD,161.96,149,paid
inv_005512,cus_00451,sub_00451,plan_growth,2026-08-05,2026-08,USD,161.96,149,uncollectible
inv_005513,cus_00452,sub_00452,plan_growth,2026-02-04,2026-02,EUR,99,99,paid
inv_005514,cus_00452,sub_00452,plan_growth,2026-03-02,2026-03,EUR,149,149,paid
inv_005515,cus_00452,sub_00452,plan_growth,2026-04-03,2026-04,EUR,149,149,paid
inv_005516,cus_00452,sub_00452,plan_growth,2026-05-02,2026-05,EUR,149,149,paid
inv_005517,cus_00452,sub_00452,plan_growth,2026-06-03,2026-06,EUR,149,149,paid
inv_005518,cus_00452,sub_00452,plan_growth,2026-07-05,2026-07,EUR,149,149,paid
inv_005519,cus_00452,sub_00452,plan_growth,2026-08-05,2026-08,EUR,149,149,paid
inv_005520,cus_00453,sub_00453,plan_growth,2026-02-02,2026-02,USD,107.61,99,paid
inv_005521,cus_00453,sub_00453,plan_growth,2026-03-01,2026-03,USD,161.96,149,paid
inv_005522,cus_00453,sub_00453,plan_growth,2026-04-03,2026-04,USD,161.96,149,paid
inv_005523,cus_00453,sub_00453,plan_growth,2026-05-04,2026-05,USD,161.96,149,paid
inv_005524,cus_00453,sub_00453,plan_growth,2026-06-05,2026-06,USD,161.96,149,paid
inv_005525,cus_00453,sub_00453,plan_growth,2026-07-01,2026-07,USD,161.96,149,open
inv_005526,cus_00453,sub_00453,plan_growth,2026-08-04,2026-08,USD,161.96,149,paid
inv_005527,cus_00454,sub_00454,plan_starter,2026-02-03,2026-02,EUR,29,29,paid
inv_005528,cus_00454,sub_00454,plan_starter,2026-03-05,2026-03,EUR,29,29,paid
inv_005529,cus_00454,sub_00454,plan_starter,2026-04-04,2026-04,EUR,29,29,paid
inv_005530,cus_00454,sub_00454,plan_starter,2026-05-02,2026-05,EUR,29,29,paid
inv_005531,cus_00454,sub_00454,plan_starter,2026-06-01,2026-06,EUR,29,29,paid
inv_005532,cus_00454,sub_00454,plan_starter,2026-07-01,2026-07,EUR,29,29,paid
inv_005533,cus_00454,sub_00454,plan_starter,2026-08-05,2026-08,EUR,29,29,paid
inv_005534,cus_00455,sub_00455,plan_starter,2026-02-04,2026-02,EUR,29,29,paid
inv_005535,cus_00455,sub_00455,plan_starter,2026-03-05,2026-03,EUR,29,29,paid
inv_005536,cus_00456,sub_00456,plan_starter,2026-02-05,2026-02,USD,31.52,29,paid
inv_005537,cus_00456,sub_00456,plan_starter,2026-03-05,2026-03,USD,31.52,29,paid
inv_005538,cus_00456,sub_00456,plan_starter,2026-04-04,2026-04,USD,31.52,29,paid
inv_005539,cus_00456,sub_00456,plan_starter,2026-05-03,2026-05,USD,31.52,29,paid
inv_005540,cus_00456,sub_00456,plan_starter,2026-06-02,2026-06,USD,31.52,29,paid
inv_005541,cus_00456,sub_00456,plan_starter,2026-07-02,2026-07,USD,31.52,29,paid
inv_005542,cus_00456,sub_00456,plan_starter,2026-08-02,2026-08,USD,31.52,29,paid
inv_005543,cus_00457,sub_00457,plan_starter,2026-02-01,2026-02,SEK,329.55,29,paid
inv_005544,cus_00457,sub_00457,plan_starter,2026-03-05,2026-03,SEK,329.55,29,paid
inv_005545,cus_00457,sub_00457,plan_starter,2026-04-04,2026-04,SEK,329.55,29,paid
inv_005546,cus_00457,sub_00457,plan_starter,2026-05-01,2026-05,SEK,329.55,29,paid
inv_005547,cus_00457,sub_00457,plan_starter,2026-06-02,2026-06,SEK,329.55,29,paid
inv_005548,cus_00457,sub_00457,plan_starter,2026-07-02,2026-07,SEK,329.55,29,paid
inv_005549,cus_00457,sub_00457,plan_starter,2026-08-04,2026-08,SEK,329.55,29,paid
inv_005550,cus_00458,sub_00458,plan_scale,2026-02-02,2026-02,EUR,299,299,paid
inv_005551,cus_00458,sub_00458,plan_scale,2026-03-05,2026-03,EUR,299,299,paid
inv_005552,cus_00458,sub_00458,plan_scale,2026-04-03,2026-04,EUR,299,299,paid
inv_005553,cus_00458,sub_00458,plan_scale,2026-05-04,2026-05,EUR,299,299,paid
inv_005554,cus_00458,sub_00458,plan_scale,2026-06-03,2026-06,EUR,299,299,paid
inv_005555,cus_00458,sub_00458,plan_scale,2026-07-05,2026-07,EUR,299,299,paid
inv_005556,cus_00458,sub_00458,plan_scale,2026-08-03,2026-08,EUR,299,299,paid
inv_005557,cus_00459,sub_00459,plan_growth,2026-02-03,2026-02,EUR,99,99,paid
inv_005558,cus_00459,sub_00459,plan_growth,2026-03-03,2026-03,EUR,149,149,paid
inv_005559,cus_00460,sub_00460,plan_enterprise,2026-02-05,2026-02,USD,1085.87,999,paid
inv_005560,cus_00460,sub_00460,plan_enterprise,2026-03-04,2026-03,USD,1085.87,999,paid
inv_005561,cus_00460,sub_00460,plan_enterprise,2026-04-02,2026-04,USD,1085.87,999,paid
inv_005562,cus_00460,sub_00460,plan_enterprise,2026-05-04,2026-05,USD,1085.87,999,paid
inv_005563,cus_00460,sub_00460,plan_enterprise,2026-06-04,2026-06,USD,1085.87,999,paid
inv_005564,cus_00460,sub_00460,plan_enterprise,2026-07-02,2026-07,USD,1085.87,999,paid
inv_005565,cus_00460,sub_00460,plan_enterprise,2026-08-04,2026-08,USD,1085.87,999,paid
inv_005566,cus_00461,sub_00461,plan_growth,2026-02-03,2026-02,EUR,99,99,paid
inv_005567,cus_00461,sub_00461,plan_growth,2026-03-04,2026-03,EUR,149,149,paid
inv_005568,cus_00461,sub_00461,plan_growth,2026-04-03,2026-04,EUR,149,149,paid
inv_005569,cus_00461,sub_00461,plan_growth,2026-05-01,2026-05,EUR,149,149,paid
inv_005570,cus_00461,sub_00461,plan_growth,2026-06-02,2026-06,EUR,149,149,paid
inv_005571,cus_00461,sub_00461,plan_growth,2026-07-01,2026-07,EUR,149,149,paid
inv_005572,cus_00461,sub_00461,plan_growth,2026-08-02,2026-08,EUR,149,149,paid
inv_005573,cus_00462,sub_00462,plan_starter,2026-02-03,2026-02,EUR,29,29,paid
inv_005574,cus_00462,sub_00462,plan_starter,2026-03-04,2026-03,EUR,29,29,paid
inv_005575,cus_00462,sub_00462,plan_starter,2026-04-01,2026-04,EUR,29,29,paid
inv_005576,cus_00463,sub_00463,plan_growth,2026-02-02,2026-02,GBP,84.62,99,paid
inv_005577,cus_00463,sub_00463,plan_growth,2026-03-05,2026-03,GBP,127.35,149,paid
inv_005578,cus_00463,sub_00463,plan_growth,2026-04-03,2026-04,GBP,127.35,149,paid
inv_005579,cus_00463,sub_00463,plan_growth,2026-05-04,2026-05,GBP,127.35,149,uncollectible
inv_005580,cus_00463,sub_00463,plan_growth,2026-06-03,2026-06,GBP,127.35,149,paid
inv_005581,cus_00463,sub_00463,plan_growth,2026-07-05,2026-07,GBP,127.35,149,paid
inv_005582,cus_00463,sub_00463,plan_growth,2026-08-03,2026-08,GBP,127.35,149,paid
inv_005583,cus_00464,sub_00464,plan_growth,2026-03-03,2026-03,EUR,149,149,paid
inv_005584,cus_00464,sub_00464,plan_growth,2026-04-02,2026-04,EUR,149,149,paid
inv_005585,cus_00464,sub_00464,plan_growth,2026-05-03,2026-05,EUR,149,149,paid
inv_005586,cus_00464,sub_00464,plan_growth,2026-06-02,2026-06,EUR,149,149,paid
inv_005587,cus_00464,sub_00464,plan_growth,2026-07-05,2026-07,EUR,149,149,paid
inv_005588,cus_00464,sub_00464,plan_growth,2026-08-05,2026-08,EUR,149,149,paid
inv_005589,cus_00465,sub_00465,plan_starter,2026-03-02,2026-03,EUR,29,29,paid
inv_005590,cus_00465,sub_00465,plan_starter,2026-04-05,2026-04,EUR,29,29,paid
inv_005591,cus_00466,sub_00466,plan_starter,2026-03-05,2026-03,EUR,29,29,paid
inv_005592,cus_00467,sub_00467,plan_starter,2026-03-01,2026-03,EUR,29,29,paid
inv_005593,cus_00467,sub_00467,plan_starter,2026-04-02,2026-04,EUR,29,29,paid
inv_005594,cus_00467,sub_00467,plan_starter,2026-05-02,2026-05,EUR,29,29,paid
inv_005595,cus_00467,sub_00467,plan_starter,2026-06-05,2026-06,EUR,29,29,paid
inv_005596,cus_00467,sub_00467,plan_starter,2026-07-02,2026-07,EUR,29,29,paid
inv_005597,cus_00467,sub_00467,plan_starter,2026-08-01,2026-08,EUR,29,29,paid
inv_005598,cus_00468,sub_00468,plan_starter,2026-03-05,2026-03,GBP,24.79,29,paid
inv_005599,cus_00468,sub_00468,plan_starter,2026-04-01,2026-04,GBP,24.79,29,paid
inv_005600,cus_00468,sub_00468,plan_starter,2026-05-05,2026-05,GBP,24.79,29,open
inv_005601,cus_00468,sub_00468,plan_starter,2026-06-02,2026-06,GBP,24.79,29,paid
inv_005602,cus_00468,sub_00468,plan_starter,2026-07-03,2026-07,GBP,24.79,29,paid
inv_005603,cus_00468,sub_00468,plan_starter,2026-08-04,2026-08,GBP,24.79,29,paid
inv_005604,cus_00469,sub_00469,plan_starter,2026-03-05,2026-03,EUR,29,29,paid
inv_005605,cus_00469,sub_00469,plan_starter,2026-04-01,2026-04,EUR,29,29,paid
inv_005606,cus_00469,sub_00469,plan_starter,2026-05-04,2026-05,EUR,29,29,paid
inv_005607,cus_00469,sub_00469,plan_starter,2026-06-04,2026-06,EUR,29,29,paid
inv_005608,cus_00469,sub_00469,plan_starter,2026-07-04,2026-07,EUR,29,29,paid
inv_005609,cus_00469,sub_00469,plan_starter,2026-08-01,2026-08,EUR,29,29,paid
inv_005610,cus_00470,sub_00470,plan_scale,2026-03-03,2026-03,EUR,299,299,paid
inv_005611,cus_00470,sub_00470,plan_scale,2026-04-01,2026-04,EUR,299,299,paid
inv_005612,cus_00470,sub_00470,plan_scale,2026-05-01,2026-05,EUR,299,299,paid
inv_005613,cus_00470,sub_00470,plan_scale,2026-06-03,2026-06,EUR,299,299,paid
inv_005614,cus_00470,sub_00470,plan_scale,2026-07-01,2026-07,EUR,299,299,paid
inv_005615,cus_00470,sub_00470,plan_scale,2026-08-05,2026-08,EUR,299,299,paid
inv_005616,cus_00471,sub_00471,plan_growth,2026-03-03,2026-03,EUR,149,149,paid
inv_005617,cus_00471,sub_00471,plan_growth,2026-04-03,2026-04,EUR,149,149,paid
inv_005618,cus_00471,sub_00471,plan_growth,2026-05-01,2026-05,EUR,149,149,paid
inv_005619,cus_00471,sub_00471,plan_growth,2026-06-03,2026-06,EUR,149,149,paid
inv_005620,cus_00471,sub_00471,plan_growth,2026-07-04,2026-07,EUR,149,149,open
inv_005621,cus_00471,sub_00471,plan_growth,2026-08-01,2026-08,EUR,149,149,paid
inv_005622,cus_00472,sub_00472,plan_growth,2026-03-01,2026-03,EUR,149,149,paid
inv_005623,cus_00472,sub_00472,plan_growth,2026-04-05,2026-04,EUR,149,149,paid
inv_005624,cus_00472,sub_00472,plan_growth,2026-05-02,2026-05,EUR,149,149,paid
inv_005625,cus_00472,sub_00472,plan_growth,2026-06-05,2026-06,EUR,149,149,paid
inv_005626,cus_00472,sub_00472,plan_growth,2026-07-04,2026-07,EUR,149,149,paid
inv_005627,cus_00472,sub_00472,plan_growth,2026-08-01,2026-08,EUR,149,149,paid
inv_005628,cus_00473,sub_00473,plan_growth,2026-03-01,2026-03,EUR,149,149,paid
inv_005629,cus_00473,sub_00473,plan_growth,2026-04-01,2026-04,EUR,149,149,paid
inv_005630,cus_00473,sub_00473,plan_growth,2026-05-05,2026-05,EUR,149,149,paid
inv_005631,cus_00474,sub_00474,plan_growth,2026-03-05,2026-03,EUR,149,149,paid
inv_005632,cus_00474,sub_00474,plan_growth,2026-04-01,2026-04,EUR,149,149,paid
inv_005633,cus_00474,sub_00474,plan_growth,2026-05-03,2026-05,EUR,149,149,paid
inv_005634,cus_00474,sub_00474,plan_growth,2026-06-02,2026-06,EUR,149,149,paid
inv_005635,cus_00474,sub_00474,plan_growth,2026-07-03,2026-07,EUR,149,149,paid
inv_005636,cus_00474,sub_00474,plan_growth,2026-08-05,2026-08,EUR,149,149,paid
inv_005637,cus_00475,sub_00475,plan_growth,2026-03-05,2026-03,USD,161.96,149,paid
inv_005638,cus_00476,sub_00476,plan_starter,2026-03-04,2026-03,EUR,29,29,paid
inv_005639,cus_00476,sub_00476,plan_starter,2026-04-05,2026-04,EUR,29,29,paid
inv_005640,cus_00476,sub_00476,plan_starter,2026-05-03,2026-05,EUR,29,29,paid
inv_005641,cus_00476,sub_00476,plan_starter,2026-06-02,2026-06,EUR,29,29,paid
inv_005642,cus_00476,sub_00476,plan_starter,2026-07-02,2026-07,EUR,29,29,paid
inv_005643,cus_00476,sub_00476,plan_starter,2026-08-02,2026-08,EUR,29,29,paid
inv_005644,cus_00477,sub_00477,plan_growth,2026-03-05,2026-03,EUR,149,149,paid
inv_005645,cus_00477,sub_00477,plan_growth,2026-04-05,2026-04,EUR,149,149,paid
inv_005646,cus_00477,sub_00477,plan_growth,2026-05-01,2026-05,EUR,149,149,paid
inv_005647,cus_00477,sub_00477,plan_growth,2026-06-05,2026-06,EUR,149,149,open
inv_005648,cus_00477,sub_00477,plan_growth,2026-07-01,2026-07,EUR,149,149,uncollectible
inv_005649,cus_00477,sub_00477,plan_growth,2026-08-05,2026-08,EUR,149,149,uncollectible
inv_005650,cus_00478,sub_00478,plan_starter,2026-03-01,2026-03,USD,31.52,29,paid
inv_005651,cus_00478,sub_00478,plan_starter,2026-04-03,2026-04,USD,31.52,29,paid
inv_005652,cus_00478,sub_00478,plan_starter,2026-05-02,2026-05,USD,31.52,29,paid
inv_005653,cus_00478,sub_00478,plan_starter,2026-06-04,2026-06,USD,31.52,29,paid
inv_005654,cus_00478,sub_00478,plan_starter,2026-07-05,2026-07,USD,31.52,29,paid
inv_005655,cus_00478,sub_00478,plan_starter,2026-08-04,2026-08,USD,31.52,29,paid
inv_005656,cus_00479,sub_00479,plan_growth,2026-03-04,2026-03,EUR,149,149,paid
inv_005657,cus_00479,sub_00479,plan_growth,2026-04-03,2026-04,EUR,149,149,paid
inv_005658,cus_00479,sub_00479,plan_growth,2026-05-04,2026-05,EUR,149,149,paid
inv_005659,cus_00479,sub_00479,plan_growth,2026-06-04,2026-06,EUR,149,149,paid
inv_005660,cus_00479,sub_00479,plan_growth,2026-07-01,2026-07,EUR,149,149,paid
inv_005661,cus_00479,sub_00479,plan_growth,2026-08-05,2026-08,EUR,149,149,paid
inv_005662,cus_00480,sub_00480,plan_growth,2026-03-02,2026-03,GBP,127.35,149,paid
inv_005663,cus_00480,sub_00480,plan_growth,2026-04-02,2026-04,GBP,127.35,149,paid
inv_005664,cus_00480,sub_00480,plan_growth,2026-05-01,2026-05,GBP,127.35,149,paid
inv_005665,cus_00480,sub_00480,plan_growth,2026-06-04,2026-06,GBP,127.35,149,paid
inv_005666,cus_00480,sub_00480,plan_growth,2026-07-04,2026-07,GBP,127.35,149,paid
inv_005667,cus_00480,sub_00480,plan_growth,2026-08-02,2026-08,GBP,127.35,149,paid
inv_005668,cus_00481,sub_00481,plan_growth,2026-03-04,2026-03,GBP,127.35,149,paid
inv_005669,cus_00481,sub_00481,plan_growth,2026-04-01,2026-04,GBP,127.35,149,uncollectible
inv_005670,cus_00481,sub_00481,plan_growth,2026-05-04,2026-05,GBP,127.35,149,paid
inv_005671,cus_00481,sub_00481,plan_growth,2026-06-01,2026-06,GBP,127.35,149,paid
inv_005672,cus_00481,sub_00481,plan_growth,2026-07-04,2026-07,GBP,127.35,149,paid
inv_005673,cus_00481,sub_00481,plan_growth,2026-08-03,2026-08,GBP,127.35,149,paid
inv_005674,cus_00482,sub_00482,plan_starter,2026-03-01,2026-03,EUR,29,29,paid
inv_005675,cus_00482,sub_00482,plan_starter,2026-04-02,2026-04,EUR,29,29,paid
inv_005676,cus_00482,sub_00482,plan_starter,2026-05-02,2026-05,EUR,29,29,paid
inv_005677,cus_00482,sub_00482,plan_starter,2026-06-03,2026-06,EUR,29,29,paid
inv_005678,cus_00482,sub_00482,plan_starter,2026-07-02,2026-07,EUR,29,29,paid
inv_005679,cus_00482,sub_00482,plan_starter,2026-08-04,2026-08,EUR,29,29,paid
inv_005680,cus_00483,sub_00483,plan_starter,2026-03-02,2026-03,EUR,29,29,paid
inv_005681,cus_00483,sub_00483,plan_starter,2026-04-01,2026-04,EUR,29,29,paid
inv_005682,cus_00483,sub_00483,plan_starter,2026-05-02,2026-05,EUR,29,29,open
inv_005683,cus_00483,sub_00483,plan_starter,2026-06-01,2026-06,EUR,29,29,paid
inv_005684,cus_00483,sub_00483,plan_starter,2026-07-02,2026-07,EUR,29,29,paid
inv_005685,cus_00483,sub_00483,plan_starter,2026-08-04,2026-08,EUR,29,29,paid
inv_005686,cus_00484,sub_00484,plan_starter,2026-03-05,2026-03,EUR,29,29,paid
inv_005687,cus_00484,sub_00484,plan_starter,2026-04-02,2026-04,EUR,29,29,paid
inv_005688,cus_00484,sub_00484,plan_starter,2026-05-05,2026-05,EUR,29,29,paid
inv_005689,cus_00484,sub_00484,plan_starter,2026-06-01,2026-06,EUR,29,29,paid
inv_005690,cus_00484,sub_00484,plan_starter,2026-07-01,2026-07,EUR,29,29,paid
inv_005691,cus_00484,sub_00484,plan_starter,2026-08-03,2026-08,EUR,29,29,paid
inv_005692,cus_00485,sub_00485,plan_starter,2026-03-04,2026-03,EUR,29,29,paid
inv_005693,cus_00485,sub_00485,plan_starter,2026-04-03,2026-04,EUR,29,29,paid
inv_005694,cus_00485,sub_00485,plan_starter,2026-05-02,2026-05,EUR,29,29,paid
inv_005695,cus_00485,sub_00485,plan_starter,2026-06-01,2026-06,EUR,29,29,paid
inv_005696,cus_00485,sub_00485,plan_starter,2026-07-03,2026-07,EUR,29,29,paid
inv_005697,cus_00485,sub_00485,plan_starter,2026-08-04,2026-08,EUR,29,29,paid
inv_005698,cus_00486,sub_00486,plan_growth,2026-03-05,2026-03,EUR,149,149,paid
inv_005699,cus_00486,sub_00486,plan_growth,2026-04-02,2026-04,EUR,149,149,paid
inv_005700,cus_00486,sub_00486,plan_growth,2026-05-01,2026-05,EUR,149,149,paid
inv_005701,cus_00486,sub_00486,plan_growth,2026-06-01,2026-06,EUR,149,149,paid
inv_005702,cus_00486,sub_00486,plan_growth,2026-07-04,2026-07,EUR,149,149,paid
inv_005703,cus_00486,sub_00486,plan_growth,2026-08-02,2026-08,EUR,149,149,paid
inv_005704,cus_00487,sub_00487,plan_starter,2026-03-01,2026-03,EUR,29,29,paid
inv_005705,cus_00487,sub_00487,plan_starter,2026-04-03,2026-04,EUR,29,29,paid
inv_005706,cus_00487,sub_00487,plan_starter,2026-05-03,2026-05,EUR,29,29,paid
inv_005707,cus_00487,sub_00487,plan_starter,2026-06-02,2026-06,EUR,29,29,paid
inv_005708,cus_00487,sub_00487,plan_starter,2026-07-02,2026-07,EUR,29,29,paid
inv_005709,cus_00487,sub_00487,plan_starter,2026-08-04,2026-08,EUR,29,29,paid
inv_005710,cus_00488,sub_00488,plan_starter,2026-03-04,2026-03,USD,31.52,29,paid
inv_005711,cus_00488,sub_00488,plan_starter,2026-04-04,2026-04,USD,31.52,29,void
inv_005712,cus_00488,sub_00488,plan_starter,2026-05-05,2026-05,USD,31.52,29,paid
inv_005713,cus_00488,sub_00488,plan_starter,2026-06-05,2026-06,USD,31.52,29,paid
inv_005714,cus_00488,sub_00488,plan_starter,2026-07-01,2026-07,USD,31.52,29,paid
inv_005715,cus_00488,sub_00488,plan_starter,2026-08-03,2026-08,USD,31.52,29,paid
inv_005716,cus_00489,sub_00489,plan_starter,2026-03-05,2026-03,EUR,29,29,void
inv_005717,cus_00489,sub_00489,plan_starter,2026-04-02,2026-04,EUR,29,29,paid
inv_005718,cus_00489,sub_00489,plan_starter,2026-05-04,2026-05,EUR,29,29,paid
inv_005719,cus_00489,sub_00489,plan_starter,2026-06-02,2026-06,EUR,29,29,paid
inv_005720,cus_00489,sub_00489,plan_starter,2026-07-03,2026-07,EUR,29,29,paid
inv_005721,cus_00489,sub_00489,plan_starter,2026-08-03,2026-08,EUR,29,29,open
inv_005722,cus_00490,sub_00490,plan_starter,2026-03-05,2026-03,GBP,24.79,29,paid
inv_005723,cus_00490,sub_00490,plan_starter,2026-04-04,2026-04,GBP,24.79,29,paid
inv_005724,cus_00490,sub_00490,plan_starter,2026-05-03,2026-05,GBP,24.79,29,open
inv_005725,cus_00490,sub_00490,plan_starter,2026-06-02,2026-06,GBP,24.79,29,paid
inv_005726,cus_00490,sub_00490,plan_starter,2026-07-05,2026-07,GBP,24.79,29,paid
inv_005727,cus_00490,sub_00490,plan_starter,2026-08-01,2026-08,GBP,24.79,29,paid
inv_005728,cus_00491,sub_00491,plan_starter,2026-03-04,2026-03,EUR,29,29,paid
inv_005729,cus_00491,sub_00491,plan_starter,2026-04-05,2026-04,EUR,29,29,paid
inv_005730,cus_00491,sub_00491,plan_starter,2026-05-04,2026-05,EUR,29,29,paid
inv_005731,cus_00491,sub_00491,plan_starter,2026-06-02,2026-06,EUR,29,29,paid
inv_005732,cus_00491,sub_00491,plan_starter,2026-07-04,2026-07,EUR,29,29,paid
inv_005733,cus_00491,sub_00491,plan_starter,2026-08-04,2026-08,EUR,29,29,uncollectible
inv_005734,cus_00492,sub_00492,plan_growth,2026-03-03,2026-03,EUR,149,149,paid
inv_005735,cus_00492,sub_00492,plan_growth,2026-04-05,2026-04,EUR,149,149,paid
inv_005736,cus_00492,sub_00492,plan_growth,2026-05-03,2026-05,EUR,149,149,paid
inv_005737,cus_00492,sub_00492,plan_growth,2026-06-01,2026-06,EUR,149,149,paid
inv_005738,cus_00492,sub_00492,plan_growth,2026-07-02,2026-07,EUR,149,149,paid
inv_005739,cus_00493,sub_00493,plan_growth,2026-03-02,2026-03,EUR,149,149,open
inv_005740,cus_00493,sub_00493,plan_growth,2026-04-02,2026-04,EUR,149,149,paid
inv_005741,cus_00493,sub_00493,plan_growth,2026-05-03,2026-05,EUR,149,149,paid
inv_005742,cus_00493,sub_00493,plan_growth,2026-06-01,2026-06,EUR,149,149,paid
inv_005743,cus_00493,sub_00493,plan_growth,2026-07-03,2026-07,EUR,149,149,paid
inv_005744,cus_00493,sub_00493,plan_growth,2026-08-01,2026-08,EUR,149,149,paid
inv_005745,cus_00494,sub_00494,plan_enterprise,2026-03-01,2026-03,EUR,999,999,paid
inv_005746,cus_00494,sub_00494,plan_enterprise,2026-04-02,2026-04,EUR,999,999,paid
inv_005747,cus_00494,sub_00494,plan_enterprise,2026-05-05,2026-05,EUR,999,999,paid
inv_005748,cus_00494,sub_00494,plan_enterprise,2026-06-03,2026-06,EUR,999,999,paid
inv_005749,cus_00494,sub_00494,plan_enterprise,2026-07-04,2026-07,EUR,999,999,paid
inv_005750,cus_00494,sub_00494,plan_enterprise,2026-08-05,2026-08,EUR,999,999,paid
inv_005751,cus_00495,sub_00495,plan_growth,2026-03-01,2026-03,EUR,149,149,paid
inv_005752,cus_00495,sub_00495,plan_growth,2026-04-03,2026-04,EUR,149,149,paid
inv_005753,cus_00495,sub_00495,plan_growth,2026-05-01,2026-05,EUR,149,149,paid
inv_005754,cus_00495,sub_00495,plan_growth,2026-06-02,2026-06,EUR,149,149,paid
inv_005755,cus_00495,sub_00495,plan_growth,2026-07-03,2026-07,EUR,149,149,paid
inv_005756,cus_00495,sub_00495,plan_growth,2026-08-04,2026-08,EUR,149,149,paid
inv_005757,cus_00496,sub_00496,plan_growth,2026-03-02,2026-03,EUR,149,149,paid
inv_005758,cus_00496,sub_00496,plan_growth,2026-04-01,2026-04,EUR,149,149,paid
inv_005759,cus_00496,sub_00496,plan_growth,2026-05-01,2026-05,EUR,149,149,paid
inv_005760,cus_00496,sub_00496,plan_growth,2026-06-02,2026-06,EUR,149,149,paid
inv_005761,cus_00496,sub_00496,plan_growth,2026-07-05,2026-07,EUR,149,149,paid
inv_005762,cus_00496,sub_00496,plan_growth,2026-08-01,2026-08,EUR,149,149,paid
inv_005763,cus_00497,sub_00497,plan_scale,2026-03-05,2026-03,EUR,299,299,paid
inv_005764,cus_00497,sub_00497,plan_scale,2026-04-02,2026-04,EUR,299,299,paid
inv_005765,cus_00497,sub_00497,plan_scale,2026-05-02,2026-05,EUR,299,299,uncollectible
inv_005766,cus_00497,sub_00497,plan_scale,2026-06-04,2026-06,EUR,299,299,paid
inv_005767,cus_00497,sub_00497,plan_scale,2026-07-05,2026-07,EUR,299,299,paid
inv_005768,cus_00497,sub_00497,plan_scale,2026-08-04,2026-08,EUR,299,299,paid
inv_005769,cus_00498,sub_00498,plan_growth,2026-03-02,2026-03,EUR,149,149,paid
inv_005770,cus_00498,sub_00498,plan_growth,2026-04-02,2026-04,EUR,149,149,paid
inv_005771,cus_00498,sub_00498,plan_growth,2026-05-05,2026-05,EUR,149,149,paid
inv_005772,cus_00498,sub_00498,plan_growth,2026-06-01,2026-06,EUR,149,149,paid
inv_005773,cus_00498,sub_00498,plan_growth,2026-07-01,2026-07,EUR,149,149,paid
inv_005774,cus_00498,sub_00498,plan_growth,2026-08-03,2026-08,EUR,149,149,paid
inv_005775,cus_00499,sub_00499,plan_starter,2026-03-05,2026-03,EUR,29,29,paid
inv_005776,cus_00499,sub_00499,plan_starter,2026-04-05,2026-04,EUR,29,29,paid
inv_005777,cus_00499,sub_00499,plan_starter,2026-05-02,2026-05,EUR,29,29,paid
inv_005778,cus_00499,sub_00499,plan_starter,2026-06-05,2026-06,EUR,29,29,paid
inv_005779,cus_00499,sub_00499,plan_starter,2026-07-05,2026-07,EUR,29,29,paid
inv_005780,cus_00499,sub_00499,plan_starter,2026-08-03,2026-08,EUR,29,29,paid
inv_005781,cus_00500,sub_00500,plan_scale,2026-04-03,2026-04,EUR,299,299,paid
inv_005782,cus_00500,sub_00500,plan_scale,2026-05-05,2026-05,EUR,299,299,open
inv_005783,cus_00500,sub_00500,plan_scale,2026-06-05,2026-06,EUR,299,299,paid
inv_005784,cus_00500,sub_00500,plan_scale,2026-07-03,2026-07,EUR,299,299,paid
inv_005785,cus_00500,sub_00500,plan_scale,2026-08-01,2026-08,EUR,299,299,paid
inv_005786,cus_00501,sub_00501,plan_growth,2026-04-04,2026-04,EUR,149,149,paid
inv_005787,cus_00501,sub_00501,plan_growth,2026-05-03,2026-05,EUR,149,149,uncollectible
inv_005788,cus_00501,sub_00501,plan_growth,2026-06-01,2026-06,EUR,149,149,paid
inv_005789,cus_00501,sub_00501,plan_growth,2026-07-05,2026-07,EUR,149,149,paid
inv_005790,cus_00501,sub_00501,plan_growth,2026-08-04,2026-08,EUR,149,149,paid
inv_005791,cus_00502,sub_00502,plan_starter,2026-04-01,2026-04,EUR,29,29,paid
inv_005792,cus_00502,sub_00502,plan_starter,2026-05-02,2026-05,EUR,29,29,paid
inv_005793,cus_00502,sub_00502,plan_starter,2026-06-04,2026-06,EUR,29,29,paid
inv_005794,cus_00503,sub_00503,plan_growth,2026-04-03,2026-04,EUR,149,149,paid
inv_005795,cus_00503,sub_00503,plan_growth,2026-05-01,2026-05,EUR,149,149,paid
inv_005796,cus_00503,sub_00503,plan_growth,2026-06-05,2026-06,EUR,149,149,paid
inv_005797,cus_00504,sub_00504,plan_scale,2026-04-05,2026-04,EUR,299,299,paid
inv_005798,cus_00504,sub_00504,plan_scale,2026-05-04,2026-05,EUR,299,299,paid
inv_005799,cus_00505,sub_00505,plan_growth,2026-04-04,2026-04,EUR,149,149,paid
inv_005800,cus_00505,sub_00505,plan_growth,2026-05-04,2026-05,EUR,149,149,paid
inv_005801,cus_00505,sub_00505,plan_growth,2026-06-04,2026-06,EUR,149,149,paid
inv_005802,cus_00505,sub_00505,plan_growth,2026-07-01,2026-07,EUR,149,149,paid
inv_005803,cus_00505,sub_00505,plan_growth,2026-08-05,2026-08,EUR,149,149,paid
inv_005804,cus_00506,sub_00506,plan_enterprise,2026-04-02,2026-04,EUR,999,999,paid
inv_005805,cus_00506,sub_00506,plan_enterprise,2026-05-04,2026-05,EUR,999,999,paid
inv_005806,cus_00506,sub_00506,plan_enterprise,2026-06-05,2026-06,EUR,999,999,paid
inv_005807,cus_00506,sub_00506,plan_enterprise,2026-07-03,2026-07,EUR,999,999,paid
inv_005808,cus_00506,sub_00506,plan_enterprise,2026-08-05,2026-08,EUR,999,999,paid
inv_005809,cus_00507,sub_00507,plan_growth,2026-04-02,2026-04,USD,161.96,149,paid
inv_005810,cus_00507,sub_00507,plan_growth,2026-05-01,2026-05,USD,161.96,149,paid
inv_005811,cus_00507,sub_00507,plan_growth,2026-06-02,2026-06,USD,161.96,149,paid
inv_005812,cus_00507,sub_00507,plan_growth,2026-07-03,2026-07,USD,161.96,149,paid
inv_005813,cus_00507,sub_00507,plan_growth,2026-08-04,2026-08,USD,161.96,149,paid
inv_005814,cus_00508,sub_00508,plan_starter,2026-04-05,2026-04,EUR,29,29,paid
inv_005815,cus_00508,sub_00508,plan_starter,2026-05-03,2026-05,EUR,29,29,paid
inv_005816,cus_00508,sub_00508,plan_starter,2026-06-01,2026-06,EUR,29,29,paid
inv_005817,cus_00508,sub_00508,plan_starter,2026-07-03,2026-07,EUR,29,29,paid
inv_005818,cus_00508,sub_00508,plan_starter,2026-08-01,2026-08,EUR,29,29,paid
inv_005819,cus_00509,sub_00509,plan_starter,2026-04-01,2026-04,EUR,29,29,paid
inv_005820,cus_00509,sub_00509,plan_starter,2026-05-01,2026-05,EUR,29,29,paid
inv_005821,cus_00509,sub_00509,plan_starter,2026-06-02,2026-06,EUR,29,29,paid
inv_005822,cus_00509,sub_00509,plan_starter,2026-07-03,2026-07,EUR,29,29,paid
inv_005823,cus_00509,sub_00509,plan_starter,2026-08-04,2026-08,EUR,29,29,paid
inv_005824,cus_00510,sub_00510,plan_scale,2026-04-03,2026-04,EUR,299,299,paid
inv_005825,cus_00510,sub_00510,plan_scale,2026-05-04,2026-05,EUR,299,299,paid
inv_005826,cus_00510,sub_00510,plan_scale,2026-06-03,2026-06,EUR,299,299,paid
inv_005827,cus_00510,sub_00510,plan_scale,2026-07-03,2026-07,EUR,299,299,paid
inv_005828,cus_00510,sub_00510,plan_scale,2026-08-05,2026-08,EUR,299,299,paid
inv_005829,cus_00511,sub_00511,plan_growth,2026-04-04,2026-04,EUR,149,149,paid
inv_005830,cus_00511,sub_00511,plan_growth,2026-05-05,2026-05,EUR,149,149,paid
inv_005831,cus_00511,sub_00511,plan_growth,2026-06-04,2026-06,EUR,149,149,paid
inv_005832,cus_00511,sub_00511,plan_growth,2026-07-05,2026-07,EUR,149,149,paid
inv_005833,cus_00511,sub_00511,plan_growth,2026-08-02,2026-08,EUR,149,149,paid
inv_005834,cus_00512,sub_00512,plan_scale,2026-04-05,2026-04,EUR,299,299,paid
inv_005835,cus_00512,sub_00512,plan_scale,2026-05-05,2026-05,EUR,299,299,paid
inv_005836,cus_00512,sub_00512,plan_scale,2026-06-05,2026-06,EUR,299,299,paid
inv_005837,cus_00512,sub_00512,plan_scale,2026-07-01,2026-07,EUR,299,299,paid
inv_005838,cus_00512,sub_00512,plan_scale,2026-08-01,2026-08,EUR,299,299,paid
inv_005839,cus_00513,sub_00513,plan_growth,2026-04-03,2026-04,EUR,149,149,paid
inv_005840,cus_00513,sub_00513,plan_growth,2026-05-01,2026-05,EUR,149,149,paid
inv_005841,cus_00513,sub_00513,plan_growth,2026-06-05,2026-06,EUR,149,149,paid
inv_005842,cus_00513,sub_00513,plan_growth,2026-07-01,2026-07,EUR,149,149,paid
inv_005843,cus_00513,sub_00513,plan_growth,2026-08-02,2026-08,EUR,149,149,paid
inv_005844,cus_00514,sub_00514,plan_scale,2026-04-02,2026-04,EUR,299,299,paid
inv_005845,cus_00514,sub_00514,plan_scale,2026-05-02,2026-05,EUR,299,299,paid
inv_005846,cus_00514,sub_00514,plan_scale,2026-06-01,2026-06,EUR,299,299,paid
inv_005847,cus_00514,sub_00514,plan_scale,2026-07-01,2026-07,EUR,299,299,paid
inv_005848,cus_00514,sub_00514,plan_scale,2026-08-03,2026-08,EUR,299,299,paid
inv_005849,cus_00515,sub_00515,plan_growth,2026-04-02,2026-04,EUR,149,149,paid
inv_005850,cus_00515,sub_00515,plan_growth,2026-05-02,2026-05,EUR,149,149,paid
inv_005851,cus_00515,sub_00515,plan_growth,2026-06-02,2026-06,EUR,149,149,paid
inv_005852,cus_00515,sub_00515,plan_growth,2026-07-04,2026-07,EUR,149,149,paid
inv_005853,cus_00515,sub_00515,plan_growth,2026-08-02,2026-08,EUR,149,149,open
inv_005854,cus_00516,sub_00516,plan_starter,2026-04-04,2026-04,EUR,29,29,uncollectible
inv_005855,cus_00516,sub_00516,plan_starter,2026-05-01,2026-05,EUR,29,29,paid
inv_005856,cus_00516,sub_00516,plan_starter,2026-06-05,2026-06,EUR,29,29,paid
inv_005857,cus_00516,sub_00516,plan_starter,2026-07-03,2026-07,EUR,29,29,paid
inv_005858,cus_00516,sub_00516,plan_starter,2026-08-05,2026-08,EUR,29,29,paid
inv_005859,cus_00517,sub_00517,plan_growth,2026-04-01,2026-04,CHF,141.9,149,paid
inv_005860,cus_00517,sub_00517,plan_growth,2026-05-03,2026-05,CHF,141.9,149,paid
inv_005861,cus_00517,sub_00517,plan_growth,2026-06-04,2026-06,CHF,141.9,149,paid
inv_005862,cus_00517,sub_00517,plan_growth,2026-07-02,2026-07,CHF,141.9,149,paid
inv_005863,cus_00517,sub_00517,plan_growth,2026-08-05,2026-08,CHF,141.9,149,paid
inv_005864,cus_00518,sub_00518,plan_growth,2026-04-02,2026-04,EUR,149,149,paid
inv_005865,cus_00518,sub_00518,plan_growth,2026-05-01,2026-05,EUR,149,149,paid
inv_005866,cus_00518,sub_00518,plan_growth,2026-06-01,2026-06,EUR,149,149,paid
inv_005867,cus_00518,sub_00518,plan_growth,2026-07-01,2026-07,EUR,149,149,paid
inv_005868,cus_00518,sub_00518,plan_growth,2026-08-03,2026-08,EUR,149,149,paid
inv_005869,cus_00519,sub_00519,plan_growth,2026-04-03,2026-04,USD,161.96,149,paid
inv_005870,cus_00519,sub_00519,plan_growth,2026-05-01,2026-05,USD,161.96,149,paid
inv_005871,cus_00519,sub_00519,plan_growth,2026-06-05,2026-06,USD,161.96,149,paid
inv_005872,cus_00519,sub_00519,plan_growth,2026-07-01,2026-07,USD,161.96,149,paid
inv_005873,cus_00519,sub_00519,plan_growth,2026-08-03,2026-08,USD,161.96,149,paid
inv_005874,cus_00520,sub_00520,plan_growth,2026-04-01,2026-04,EUR,149,149,paid
inv_005875,cus_00520,sub_00520,plan_growth,2026-05-05,2026-05,EUR,149,149,paid
inv_005876,cus_00520,sub_00520,plan_growth,2026-06-05,2026-06,EUR,149,149,open
inv_005877,cus_00520,sub_00520,plan_growth,2026-07-02,2026-07,EUR,149,149,paid
inv_005878,cus_00520,sub_00520,plan_growth,2026-08-05,2026-08,EUR,149,149,paid
inv_005879,cus_00521,sub_00521,plan_growth,2026-04-03,2026-04,EUR,149,149,uncollectible
inv_005880,cus_00521,sub_00521,plan_growth,2026-05-03,2026-05,EUR,149,149,paid
inv_005881,cus_00521,sub_00521,plan_growth,2026-06-05,2026-06,EUR,149,149,paid
inv_005882,cus_00521,sub_00521,plan_growth,2026-07-04,2026-07,EUR,149,149,paid
inv_005883,cus_00521,sub_00521,plan_growth,2026-08-04,2026-08,EUR,149,149,paid
inv_005884,cus_00522,sub_00522,plan_growth,2026-04-04,2026-04,EUR,149,149,paid
inv_005885,cus_00522,sub_00522,plan_growth,2026-05-03,2026-05,EUR,149,149,paid
inv_005886,cus_00522,sub_00522,plan_growth,2026-06-05,2026-06,EUR,149,149,paid
inv_005887,cus_00522,sub_00522,plan_growth,2026-07-03,2026-07,EUR,149,149,paid
inv_005888,cus_00522,sub_00522,plan_growth,2026-08-03,2026-08,EUR,149,149,paid
inv_005889,cus_00523,sub_00523,plan_growth,2026-04-05,2026-04,USD,161.96,149,paid
inv_005890,cus_00523,sub_00523,plan_growth,2026-05-03,2026-05,USD,161.96,149,paid
inv_005891,cus_00523,sub_00523,plan_growth,2026-06-01,2026-06,USD,161.96,149,paid
inv_005892,cus_00523,sub_00523,plan_growth,2026-07-02,2026-07,USD,161.96,149,paid
inv_005893,cus_00523,sub_00523,plan_growth,2026-08-02,2026-08,USD,161.96,149,open
inv_005894,cus_00524,sub_00524,plan_growth,2026-04-04,2026-04,EUR,149,149,paid
inv_005895,cus_00524,sub_00524,plan_growth,2026-05-03,2026-05,EUR,149,149,paid
inv_005896,cus_00524,sub_00524,plan_growth,2026-06-02,2026-06,EUR,149,149,paid
inv_005897,cus_00524,sub_00524,plan_growth,2026-07-02,2026-07,EUR,149,149,paid
inv_005898,cus_00524,sub_00524,plan_growth,2026-08-03,2026-08,EUR,149,149,paid
inv_005899,cus_00525,sub_00525,plan_starter,2026-04-02,2026-04,EUR,29,29,paid
inv_005900,cus_00525,sub_00525,plan_starter,2026-05-01,2026-05,EUR,29,29,paid
inv_005901,cus_00525,sub_00525,plan_starter,2026-06-01,2026-06,EUR,29,29,paid
inv_005902,cus_00525,sub_00525,plan_starter,2026-07-05,2026-07,EUR,29,29,paid
inv_005903,cus_00525,sub_00525,plan_starter,2026-08-02,2026-08,EUR,29,29,paid
inv_005904,cus_00526,sub_00526,plan_growth,2026-04-03,2026-04,EUR,149,149,paid
inv_005905,cus_00526,sub_00526,plan_growth,2026-05-04,2026-05,EUR,149,149,paid
inv_005906,cus_00526,sub_00526,plan_growth,2026-06-05,2026-06,EUR,149,149,paid
inv_005907,cus_00526,sub_00526,plan_growth,2026-07-01,2026-07,EUR,149,149,paid
inv_005908,cus_00526,sub_00526,plan_growth,2026-08-03,2026-08,EUR,149,149,paid
inv_005909,cus_00527,sub_00527,plan_growth,2026-04-04,2026-04,EUR,149,149,paid
inv_005910,cus_00527,sub_00527,plan_growth,2026-05-01,2026-05,EUR,149,149,paid
inv_005911,cus_00527,sub_00527,plan_growth,2026-06-01,2026-06,EUR,149,149,paid
inv_005912,cus_00527,sub_00527,plan_growth,2026-07-01,2026-07,EUR,149,149,paid
inv_005913,cus_00527,sub_00527,plan_growth,2026-08-04,2026-08,EUR,149,149,paid
inv_005914,cus_00528,sub_00528,plan_starter,2026-04-05,2026-04,EUR,29,29,open
inv_005915,cus_00528,sub_00528,plan_starter,2026-05-05,2026-05,EUR,29,29,paid
inv_005916,cus_00528,sub_00528,plan_starter,2026-06-01,2026-06,EUR,29,29,paid
inv_005917,cus_00529,sub_00529,plan_scale,2026-04-01,2026-04,GBP,255.56,299,paid
inv_005918,cus_00529,sub_00529,plan_scale,2026-05-01,2026-05,GBP,255.56,299,paid
inv_005919,cus_00529,sub_00529,plan_scale,2026-06-05,2026-06,GBP,255.56,299,paid
inv_005920,cus_00529,sub_00529,plan_scale,2026-07-05,2026-07,GBP,255.56,299,paid
inv_005921,cus_00529,sub_00529,plan_scale,2026-08-05,2026-08,GBP,255.56,299,paid
inv_005922,cus_00530,sub_00530,plan_growth,2026-04-01,2026-04,EUR,149,149,paid
inv_005923,cus_00530,sub_00530,plan_growth,2026-05-01,2026-05,EUR,149,149,paid
inv_005924,cus_00530,sub_00530,plan_growth,2026-06-03,2026-06,EUR,149,149,paid
inv_005925,cus_00530,sub_00530,plan_growth,2026-07-04,2026-07,EUR,149,149,paid
inv_005926,cus_00530,sub_00530,plan_growth,2026-08-01,2026-08,EUR,149,149,paid
inv_005927,cus_00531,sub_00531,plan_growth,2026-04-04,2026-04,EUR,149,149,paid
inv_005928,cus_00531,sub_00531,plan_growth,2026-05-02,2026-05,EUR,149,149,paid
inv_005929,cus_00532,sub_00532,plan_scale,2026-04-01,2026-04,GBP,255.56,299,paid
inv_005930,cus_00532,sub_00532,plan_scale,2026-05-01,2026-05,GBP,255.56,299,paid
inv_005931,cus_00532,sub_00532,plan_scale,2026-06-03,2026-06,GBP,255.56,299,paid
inv_005932,cus_00532,sub_00532,plan_scale,2026-07-05,2026-07,GBP,255.56,299,paid
inv_005933,cus_00532,sub_00532,plan_scale,2026-08-03,2026-08,GBP,255.56,299,paid
inv_005934,cus_00533,sub_00533,plan_starter,2026-04-01,2026-04,GBP,24.79,29,paid
inv_005935,cus_00533,sub_00533,plan_starter,2026-05-03,2026-05,GBP,24.79,29,paid
inv_005936,cus_00533,sub_00533,plan_starter,2026-06-01,2026-06,GBP,24.79,29,paid
inv_005937,cus_00533,sub_00533,plan_starter,2026-07-02,2026-07,GBP,24.79,29,paid
inv_005938,cus_00533,sub_00533,plan_starter,2026-08-04,2026-08,GBP,24.79,29,paid
inv_005939,cus_00534,sub_00534,plan_growth,2026-04-04,2026-04,EUR,149,149,paid
inv_005940,cus_00534,sub_00534,plan_growth,2026-05-04,2026-05,EUR,149,149,paid
inv_005941,cus_00534,sub_00534,plan_growth,2026-06-04,2026-06,EUR,149,149,paid
inv_005942,cus_00534,sub_00534,plan_growth,2026-07-04,2026-07,EUR,149,149,paid
inv_005943,cus_00534,sub_00534,plan_growth,2026-08-04,2026-08,EUR,149,149,paid
inv_005944,cus_00535,sub_00535,plan_growth,2026-04-05,2026-04,EUR,149,149,paid
inv_005945,cus_00535,sub_00535,plan_growth,2026-05-05,2026-05,EUR,149,149,paid
inv_005946,cus_00535,sub_00535,plan_growth,2026-06-05,2026-06,EUR,149,149,paid
inv_005947,cus_00535,sub_00535,plan_growth,2026-07-01,2026-07,EUR,149,149,paid
inv_005948,cus_00535,sub_00535,plan_growth,2026-08-03,2026-08,EUR,149,149,paid
inv_005949,cus_00536,sub_00536,plan_growth,2026-05-02,2026-05,EUR,149,149,paid
inv_005950,cus_00536,sub_00536,plan_growth,2026-06-03,2026-06,EUR,149,149,paid
inv_005951,cus_00536,sub_00536,plan_growth,2026-07-01,2026-07,EUR,149,149,void
inv_005952,cus_00536,sub_00536,plan_growth,2026-08-03,2026-08,EUR,149,149,paid
inv_005953,cus_00537,sub_00537,plan_growth,2026-05-05,2026-05,GBP,127.35,149,paid
inv_005954,cus_00537,sub_00537,plan_growth,2026-06-02,2026-06,GBP,127.35,149,paid
inv_005955,cus_00537,sub_00537,plan_growth,2026-07-02,2026-07,GBP,127.35,149,paid
inv_005956,cus_00537,sub_00537,plan_growth,2026-08-04,2026-08,GBP,127.35,149,paid
inv_005957,cus_00538,sub_00538,plan_growth,2026-05-04,2026-05,EUR,149,149,paid
inv_005958,cus_00538,sub_00538,plan_growth,2026-06-03,2026-06,EUR,149,149,paid
inv_005959,cus_00538,sub_00538,plan_growth,2026-07-04,2026-07,EUR,149,149,paid
inv_005960,cus_00538,sub_00538,plan_growth,2026-08-04,2026-08,EUR,149,149,paid
inv_005961,cus_00539,sub_00539,plan_starter,2026-05-04,2026-05,EUR,29,29,paid
inv_005962,cus_00539,sub_00539,plan_starter,2026-06-02,2026-06,EUR,29,29,paid
inv_005963,cus_00539,sub_00539,plan_starter,2026-07-04,2026-07,EUR,29,29,paid
inv_005964,cus_00539,sub_00539,plan_starter,2026-08-04,2026-08,EUR,29,29,paid
inv_005965,cus_00540,sub_00540,plan_growth,2026-05-02,2026-05,EUR,149,149,paid
inv_005966,cus_00540,sub_00540,plan_growth,2026-06-04,2026-06,EUR,149,149,paid
inv_005967,cus_00540,sub_00540,plan_growth,2026-07-04,2026-07,EUR,149,149,paid
inv_005968,cus_00540,sub_00540,plan_growth,2026-08-01,2026-08,EUR,149,149,open
inv_005969,cus_00541,sub_00541,plan_starter,2026-05-05,2026-05,SEK,329.55,29,paid
inv_005970,cus_00541,sub_00541,plan_starter,2026-06-01,2026-06,SEK,329.55,29,paid
inv_005971,cus_00541,sub_00541,plan_starter,2026-07-05,2026-07,SEK,329.55,29,paid
inv_005972,cus_00541,sub_00541,plan_starter,2026-08-01,2026-08,SEK,329.55,29,paid
inv_005973,cus_00542,sub_00542,plan_starter,2026-05-04,2026-05,EUR,29,29,paid
inv_005974,cus_00542,sub_00542,plan_starter,2026-06-03,2026-06,EUR,29,29,paid
inv_005975,cus_00542,sub_00542,plan_starter,2026-07-04,2026-07,EUR,29,29,paid
inv_005976,cus_00542,sub_00542,plan_starter,2026-08-01,2026-08,EUR,29,29,paid
inv_005977,cus_00543,sub_00543,plan_growth,2026-05-05,2026-05,EUR,149,149,paid
inv_005978,cus_00543,sub_00543,plan_growth,2026-06-05,2026-06,EUR,149,149,paid
inv_005979,cus_00543,sub_00543,plan_growth,2026-07-02,2026-07,EUR,149,149,paid
inv_005980,cus_00543,sub_00543,plan_growth,2026-08-02,2026-08,EUR,149,149,paid
inv_005981,cus_00544,sub_00544,plan_starter,2026-05-03,2026-05,EUR,29,29,paid
inv_005982,cus_00544,sub_00544,plan_starter,2026-06-04,2026-06,EUR,29,29,paid
inv_005983,cus_00544,sub_00544,plan_starter,2026-07-04,2026-07,EUR,29,29,void
inv_005984,cus_00544,sub_00544,plan_starter,2026-08-03,2026-08,EUR,29,29,paid
inv_005985,cus_00545,sub_00545,plan_growth,2026-05-01,2026-05,EUR,149,149,paid
inv_005986,cus_00545,sub_00545,plan_growth,2026-06-03,2026-06,EUR,149,149,uncollectible
inv_005987,cus_00545,sub_00545,plan_growth,2026-07-02,2026-07,EUR,149,149,open
inv_005988,cus_00545,sub_00545,plan_growth,2026-08-03,2026-08,EUR,149,149,open
inv_005989,cus_00546,sub_00546,plan_scale,2026-05-02,2026-05,EUR,299,299,paid
inv_005990,cus_00546,sub_00546,plan_scale,2026-06-01,2026-06,EUR,299,299,open
inv_005991,cus_00546,sub_00546,plan_scale,2026-07-01,2026-07,EUR,299,299,void
inv_005992,cus_00546,sub_00546,plan_scale,2026-08-04,2026-08,EUR,299,299,uncollectible
inv_005993,cus_00547,sub_00547,plan_starter,2026-05-05,2026-05,EUR,29,29,paid
inv_005994,cus_00547,sub_00547,plan_starter,2026-06-04,2026-06,EUR,29,29,paid
inv_005995,cus_00547,sub_00547,plan_starter,2026-07-01,2026-07,EUR,29,29,paid
inv_005996,cus_00547,sub_00547,plan_starter,2026-08-05,2026-08,EUR,29,29,paid
inv_005997,cus_00548,sub_00548,plan_starter,2026-05-05,2026-05,EUR,29,29,paid
inv_005998,cus_00548,sub_00548,plan_starter,2026-06-05,2026-06,EUR,29,29,paid
inv_005999,cus_00548,sub_00548,plan_starter,2026-07-03,2026-07,EUR,29,29,uncollectible
inv_006000,cus_00548,sub_00548,plan_starter,2026-08-03,2026-08,EUR,29,29,paid
inv_006001,cus_00549,sub_00549,plan_starter,2026-05-02,2026-05,GBP,24.79,29,paid
inv_006002,cus_00549,sub_00549,plan_starter,2026-06-01,2026-06,GBP,24.79,29,paid
inv_006003,cus_00549,sub_00549,plan_starter,2026-07-04,2026-07,GBP,24.79,29,paid
inv_006004,cus_00549,sub_00549,plan_starter,2026-08-01,2026-08,GBP,24.79,29,paid
inv_006005,cus_00550,sub_00550,plan_scale,2026-05-03,2026-05,EUR,299,299,paid
inv_006006,cus_00550,sub_00550,plan_scale,2026-06-03,2026-06,EUR,299,299,paid
inv_006007,cus_00550,sub_00550,plan_scale,2026-07-04,2026-07,EUR,299,299,paid
inv_006008,cus_00550,sub_00550,plan_scale,2026-08-05,2026-08,EUR,299,299,paid
inv_006009,cus_00551,sub_00551,plan_starter,2026-05-01,2026-05,GBP,24.79,29,paid
inv_006010,cus_00551,sub_00551,plan_starter,2026-06-03,2026-06,GBP,24.79,29,paid
inv_006011,cus_00551,sub_00551,plan_starter,2026-07-02,2026-07,GBP,24.79,29,paid
inv_006012,cus_00551,sub_00551,plan_starter,2026-08-02,2026-08,GBP,24.79,29,paid
inv_006013,cus_00552,sub_00552,plan_growth,2026-05-02,2026-05,EUR,149,149,paid
inv_006014,cus_00552,sub_00552,plan_growth,2026-06-05,2026-06,EUR,149,149,paid
inv_006015,cus_00552,sub_00552,plan_growth,2026-07-02,2026-07,EUR,149,149,paid
inv_006016,cus_00552,sub_00552,plan_growth,2026-08-05,2026-08,EUR,149,149,paid
inv_006017,cus_00553,sub_00553,plan_scale,2026-05-05,2026-05,EUR,299,299,paid
inv_006018,cus_00553,sub_00553,plan_scale,2026-06-05,2026-06,EUR,299,299,paid
inv_006019,cus_00553,sub_00553,plan_scale,2026-07-04,2026-07,EUR,299,299,paid
inv_006020,cus_00553,sub_00553,plan_scale,2026-08-05,2026-08,EUR,299,299,paid
inv_006021,cus_00554,sub_00554,plan_starter,2026-05-04,2026-05,EUR,29,29,paid
inv_006022,cus_00554,sub_00554,plan_starter,2026-06-05,2026-06,EUR,29,29,paid
inv_006023,cus_00554,sub_00554,plan_starter,2026-07-03,2026-07,EUR,29,29,paid
inv_006024,cus_00554,sub_00554,plan_starter,2026-08-02,2026-08,EUR,29,29,paid
inv_006025,cus_00555,sub_00555,plan_growth,2026-05-04,2026-05,EUR,149,149,paid
inv_006026,cus_00555,sub_00555,plan_growth,2026-06-02,2026-06,EUR,149,149,paid
inv_006027,cus_00555,sub_00555,plan_growth,2026-07-04,2026-07,EUR,149,149,uncollectible
inv_006028,cus_00555,sub_00555,plan_growth,2026-08-05,2026-08,EUR,149,149,paid
inv_006029,cus_00556,sub_00556,plan_growth,2026-05-01,2026-05,EUR,149,149,paid
inv_006030,cus_00556,sub_00556,plan_growth,2026-06-04,2026-06,EUR,149,149,paid
inv_006031,cus_00556,sub_00556,plan_growth,2026-07-03,2026-07,EUR,149,149,paid
inv_006032,cus_00556,sub_00556,plan_growth,2026-08-04,2026-08,EUR,149,149,paid
inv_006033,cus_00557,sub_00557,plan_growth,2026-05-01,2026-05,GBP,127.35,149,paid
inv_006034,cus_00557,sub_00557,plan_growth,2026-06-03,2026-06,GBP,127.35,149,uncollectible
inv_006035,cus_00557,sub_00557,plan_growth,2026-07-04,2026-07,GBP,127.35,149,paid
inv_006036,cus_00557,sub_00557,plan_growth,2026-08-02,2026-08,GBP,127.35,149,paid
inv_006037,cus_00558,sub_00558,plan_starter,2026-05-04,2026-05,EUR,29,29,paid
inv_006038,cus_00558,sub_00558,plan_starter,2026-06-01,2026-06,EUR,29,29,paid
inv_006039,cus_00558,sub_00558,plan_starter,2026-07-03,2026-07,EUR,29,29,paid
inv_006040,cus_00558,sub_00558,plan_starter,2026-08-01,2026-08,EUR,29,29,paid
inv_006041,cus_00559,sub_00559,plan_growth,2026-05-03,2026-05,EUR,149,149,paid
inv_006042,cus_00559,sub_00559,plan_growth,2026-06-04,2026-06,EUR,149,149,paid
inv_006043,cus_00559,sub_00559,plan_growth,2026-07-04,2026-07,EUR,149,149,void
inv_006044,cus_00559,sub_00559,plan_growth,2026-08-01,2026-08,EUR,149,149,paid
inv_006045,cus_00560,sub_00560,plan_starter,2026-05-03,2026-05,CHF,27.62,29,paid
inv_006046,cus_00560,sub_00560,plan_starter,2026-06-01,2026-06,CHF,27.62,29,open
inv_006047,cus_00560,sub_00560,plan_starter,2026-07-01,2026-07,CHF,27.62,29,paid
inv_006048,cus_00560,sub_00560,plan_starter,2026-08-03,2026-08,CHF,27.62,29,paid
inv_006049,cus_00561,sub_00561,plan_starter,2026-05-01,2026-05,GBP,24.79,29,paid
inv_006050,cus_00561,sub_00561,plan_starter,2026-06-03,2026-06,GBP,24.79,29,paid
inv_006051,cus_00561,sub_00561,plan_starter,2026-07-04,2026-07,GBP,24.79,29,paid
inv_006052,cus_00561,sub_00561,plan_starter,2026-08-01,2026-08,GBP,24.79,29,paid
inv_006053,cus_00562,sub_00562,plan_scale,2026-05-02,2026-05,EUR,299,299,paid
inv_006054,cus_00562,sub_00562,plan_scale,2026-06-01,2026-06,EUR,299,299,paid
inv_006055,cus_00562,sub_00562,plan_scale,2026-07-03,2026-07,EUR,299,299,paid
inv_006056,cus_00562,sub_00562,plan_scale,2026-08-05,2026-08,EUR,299,299,paid
inv_006057,cus_00563,sub_00563,plan_growth,2026-05-03,2026-05,GBP,127.35,149,paid
inv_006058,cus_00563,sub_00563,plan_growth,2026-06-01,2026-06,GBP,127.35,149,paid
inv_006059,cus_00563,sub_00563,plan_growth,2026-07-01,2026-07,GBP,127.35,149,open
inv_006060,cus_00563,sub_00563,plan_growth,2026-08-02,2026-08,GBP,127.35,149,paid
inv_006061,cus_00564,sub_00564,plan_starter,2026-05-05,2026-05,EUR,29,29,paid
inv_006062,cus_00564,sub_00564,plan_starter,2026-06-05,2026-06,EUR,29,29,paid
inv_006063,cus_00564,sub_00564,plan_starter,2026-07-05,2026-07,EUR,29,29,paid
inv_006064,cus_00564,sub_00564,plan_starter,2026-08-04,2026-08,EUR,29,29,paid
inv_006065,cus_00565,sub_00565,plan_growth,2026-05-02,2026-05,GBP,127.35,149,paid
inv_006066,cus_00565,sub_00565,plan_growth,2026-06-05,2026-06,GBP,127.35,149,paid
inv_006067,cus_00565,sub_00565,plan_growth,2026-07-01,2026-07,GBP,127.35,149,paid
inv_006068,cus_00565,sub_00565,plan_growth,2026-08-05,2026-08,GBP,127.35,149,paid
inv_006069,cus_00566,sub_00566,plan_starter,2026-05-05,2026-05,EUR,29,29,paid
inv_006070,cus_00566,sub_00566,plan_starter,2026-06-05,2026-06,EUR,29,29,paid
inv_006071,cus_00566,sub_00566,plan_starter,2026-07-03,2026-07,EUR,29,29,paid
inv_006072,cus_00566,sub_00566,plan_starter,2026-08-04,2026-08,EUR,29,29,paid
inv_006073,cus_00567,sub_00567,plan_growth,2026-05-01,2026-05,EUR,149,149,paid
inv_006074,cus_00567,sub_00567,plan_growth,2026-06-02,2026-06,EUR,149,149,paid
inv_006075,cus_00567,sub_00567,plan_growth,2026-07-05,2026-07,EUR,149,149,paid
inv_006076,cus_00567,sub_00567,plan_growth,2026-08-04,2026-08,EUR,149,149,paid
inv_006077,cus_00568,sub_00568,plan_growth,2026-05-05,2026-05,USD,161.96,149,paid
inv_006078,cus_00568,sub_00568,plan_growth,2026-06-02,2026-06,USD,161.96,149,paid
inv_006079,cus_00568,sub_00568,plan_growth,2026-07-02,2026-07,USD,161.96,149,paid
inv_006080,cus_00568,sub_00568,plan_growth,2026-08-05,2026-08,USD,161.96,149,paid
inv_006081,cus_00569,sub_00569,plan_scale,2026-05-01,2026-05,CHF,284.76,299,paid
inv_006082,cus_00569,sub_00569,plan_scale,2026-06-05,2026-06,CHF,284.76,299,paid
inv_006083,cus_00569,sub_00569,plan_scale,2026-07-05,2026-07,CHF,284.76,299,paid
inv_006084,cus_00569,sub_00569,plan_scale,2026-08-01,2026-08,CHF,284.76,299,paid
inv_006085,cus_00570,sub_00570,plan_growth,2026-05-03,2026-05,EUR,149,149,paid
inv_006086,cus_00570,sub_00570,plan_growth,2026-06-05,2026-06,EUR,149,149,paid
inv_006087,cus_00570,sub_00570,plan_growth,2026-07-04,2026-07,EUR,149,149,paid
inv_006088,cus_00570,sub_00570,plan_growth,2026-08-01,2026-08,EUR,149,149,paid
inv_006089,cus_00571,sub_00571,plan_scale,2026-05-04,2026-05,EUR,299,299,paid
inv_006090,cus_00571,sub_00571,plan_scale,2026-06-04,2026-06,EUR,299,299,paid
inv_006091,cus_00571,sub_00571,plan_scale,2026-07-01,2026-07,EUR,299,299,paid
inv_006092,cus_00571,sub_00571,plan_scale,2026-08-05,2026-08,EUR,299,299,paid
inv_006093,cus_00572,sub_00572,plan_growth,2026-05-02,2026-05,EUR,149,149,paid
inv_006094,cus_00572,sub_00572,plan_growth,2026-06-04,2026-06,EUR,149,149,paid
inv_006095,cus_00572,sub_00572,plan_growth,2026-07-03,2026-07,EUR,149,149,paid
inv_006096,cus_00572,sub_00572,plan_growth,2026-08-01,2026-08,EUR,149,149,paid
inv_006097,cus_00573,sub_00573,plan_growth,2026-05-01,2026-05,EUR,149,149,paid
inv_006098,cus_00573,sub_00573,plan_growth,2026-06-04,2026-06,EUR,149,149,paid
inv_006099,cus_00573,sub_00573,plan_growth,2026-07-02,2026-07,EUR,149,149,paid
inv_006100,cus_00573,sub_00573,plan_growth,2026-08-04,2026-08,EUR,149,149,uncollectible
inv_006101,cus_00574,sub_00574,plan_starter,2026-05-03,2026-05,GBP,24.79,29,paid
inv_006102,cus_00574,sub_00574,plan_starter,2026-06-05,2026-06,GBP,24.79,29,paid
inv_006103,cus_00574,sub_00574,plan_starter,2026-07-04,2026-07,GBP,24.79,29,paid
inv_006104,cus_00574,sub_00574,plan_starter,2026-08-05,2026-08,GBP,24.79,29,paid
inv_006105,cus_00575,sub_00575,plan_starter,2026-05-03,2026-05,GBP,24.79,29,paid
inv_006106,cus_00575,sub_00575,plan_starter,2026-06-01,2026-06,GBP,24.79,29,paid
inv_006107,cus_00575,sub_00575,plan_starter,2026-07-02,2026-07,GBP,24.79,29,paid
inv_006108,cus_00575,sub_00575,plan_starter,2026-08-02,2026-08,GBP,24.79,29,paid
inv_006109,cus_00576,sub_00576,plan_starter,2026-05-05,2026-05,EUR,29,29,paid
inv_006110,cus_00576,sub_00576,plan_starter,2026-06-01,2026-06,EUR,29,29,paid
inv_006111,cus_00576,sub_00576,plan_starter,2026-07-03,2026-07,EUR,29,29,paid
inv_006112,cus_00576,sub_00576,plan_starter,2026-08-04,2026-08,EUR,29,29,paid
inv_006113,cus_00577,sub_00577,plan_starter,2026-05-01,2026-05,CHF,27.62,29,paid
inv_006114,cus_00577,sub_00577,plan_starter,2026-06-03,2026-06,CHF,27.62,29,paid
inv_006115,cus_00577,sub_00577,plan_starter,2026-07-02,2026-07,CHF,27.62,29,paid
inv_006116,cus_00577,sub_00577,plan_starter,2026-08-01,2026-08,CHF,27.62,29,paid
inv_006117,cus_00578,sub_00578,plan_growth,2026-06-05,2026-06,EUR,149,149,paid
inv_006118,cus_00578,sub_00578,plan_growth,2026-07-04,2026-07,EUR,149,149,paid
inv_006119,cus_00578,sub_00578,plan_growth,2026-08-01,2026-08,EUR,149,149,paid
inv_006120,cus_00579,sub_00579,plan_growth,2026-06-05,2026-06,EUR,149,149,paid
inv_006121,cus_00579,sub_00579,plan_growth,2026-07-02,2026-07,EUR,149,149,paid
inv_006122,cus_00579,sub_00579,plan_growth,2026-08-04,2026-08,EUR,149,149,paid
inv_006123,cus_00580,sub_00580,plan_starter,2026-06-04,2026-06,EUR,29,29,paid
inv_006124,cus_00580,sub_00580,plan_starter,2026-07-02,2026-07,EUR,29,29,paid
inv_006125,cus_00580,sub_00580,plan_starter,2026-08-03,2026-08,EUR,29,29,paid
inv_006126,cus_00581,sub_00581,plan_starter,2026-06-03,2026-06,EUR,29,29,paid
inv_006127,cus_00581,sub_00581,plan_starter,2026-07-05,2026-07,EUR,29,29,paid
inv_006128,cus_00581,sub_00581,plan_starter,2026-08-01,2026-08,EUR,29,29,paid
inv_006129,cus_00582,sub_00582,plan_starter,2026-06-02,2026-06,GBP,24.79,29,paid
inv_006130,cus_00582,sub_00582,plan_starter,2026-07-05,2026-07,GBP,24.79,29,paid
inv_006131,cus_00582,sub_00582,plan_starter,2026-08-04,2026-08,GBP,24.79,29,paid
inv_006132,cus_00583,sub_00583,plan_growth,2026-06-02,2026-06,EUR,149,149,paid
inv_006133,cus_00583,sub_00583,plan_growth,2026-07-02,2026-07,EUR,149,149,paid
inv_006134,cus_00583,sub_00583,plan_growth,2026-08-04,2026-08,EUR,149,149,paid
inv_006135,cus_00584,sub_00584,plan_enterprise,2026-06-05,2026-06,EUR,999,999,paid
inv_006136,cus_00584,sub_00584,plan_enterprise,2026-07-04,2026-07,EUR,999,999,paid
inv_006137,cus_00584,sub_00584,plan_enterprise,2026-08-05,2026-08,EUR,999,999,paid
inv_006138,cus_00585,sub_00585,plan_growth,2026-06-03,2026-06,EUR,149,149,open
inv_006139,cus_00585,sub_00585,plan_growth,2026-07-01,2026-07,EUR,149,149,paid
inv_006140,cus_00585,sub_00585,plan_growth,2026-08-03,2026-08,EUR,149,149,paid
inv_006141,cus_00586,sub_00586,plan_starter,2026-06-01,2026-06,USD,31.52,29,paid
inv_006142,cus_00586,sub_00586,plan_starter,2026-07-02,2026-07,USD,31.52,29,paid
inv_006143,cus_00586,sub_00586,plan_starter,2026-08-04,2026-08,USD,31.52,29,paid
inv_006144,cus_00587,sub_00587,plan_starter,2026-06-01,2026-06,EUR,29,29,paid
inv_006145,cus_00587,sub_00587,plan_starter,2026-07-03,2026-07,EUR,29,29,uncollectible
inv_006146,cus_00587,sub_00587,plan_starter,2026-08-05,2026-08,EUR,29,29,paid
inv_006147,cus_00588,sub_00588,plan_starter,2026-06-01,2026-06,EUR,29,29,paid
inv_006148,cus_00588,sub_00588,plan_starter,2026-07-05,2026-07,EUR,29,29,paid
inv_006149,cus_00588,sub_00588,plan_starter,2026-08-04,2026-08,EUR,29,29,paid
inv_006150,cus_00589,sub_00589,plan_scale,2026-06-03,2026-06,EUR,299,299,paid
inv_006151,cus_00589,sub_00589,plan_scale,2026-07-01,2026-07,EUR,299,299,paid
inv_006152,cus_00589,sub_00589,plan_scale,2026-08-01,2026-08,EUR,299,299,paid
inv_006153,cus_00590,sub_00590,plan_growth,2026-06-03,2026-06,CHF,141.9,149,paid
inv_006154,cus_00590,sub_00590,plan_growth,2026-07-04,2026-07,CHF,141.9,149,paid
inv_006155,cus_00590,sub_00590,plan_growth,2026-08-03,2026-08,CHF,141.9,149,paid
inv_006156,cus_00591,sub_00591,plan_growth,2026-06-04,2026-06,EUR,149,149,paid
inv_006157,cus_00591,sub_00591,plan_growth,2026-07-04,2026-07,EUR,149,149,paid
inv_006158,cus_00591,sub_00591,plan_growth,2026-08-04,2026-08,EUR,149,149,paid
inv_006159,cus_00592,sub_00592,plan_growth,2026-06-05,2026-06,EUR,149,149,paid
inv_006160,cus_00592,sub_00592,plan_growth,2026-07-02,2026-07,EUR,149,149,paid
inv_006161,cus_00592,sub_00592,plan_growth,2026-08-03,2026-08,EUR,149,149,open
inv_006162,cus_00593,sub_00593,plan_growth,2026-06-03,2026-06,EUR,149,149,paid
inv_006163,cus_00594,sub_00594,plan_starter,2026-06-02,2026-06,EUR,29,29,paid
inv_006164,cus_00594,sub_00594,plan_starter,2026-07-02,2026-07,EUR,29,29,paid
inv_006165,cus_00594,sub_00594,plan_starter,2026-08-03,2026-08,EUR,29,29,paid
inv_006166,cus_00595,sub_00595,plan_growth,2026-06-02,2026-06,EUR,149,149,paid
inv_006167,cus_00595,sub_00595,plan_growth,2026-07-01,2026-07,EUR,149,149,paid
inv_006168,cus_00595,sub_00595,plan_growth,2026-08-03,2026-08,EUR,149,149,paid
inv_006169,cus_00596,sub_00596,plan_scale,2026-06-03,2026-06,EUR,299,299,paid
inv_006170,cus_00596,sub_00596,plan_scale,2026-07-05,2026-07,EUR,299,299,paid
inv_006171,cus_00596,sub_00596,plan_scale,2026-08-03,2026-08,EUR,299,299,paid
inv_006172,cus_00597,sub_00597,plan_growth,2026-06-03,2026-06,USD,161.96,149,paid
inv_006173,cus_00597,sub_00597,plan_growth,2026-07-01,2026-07,USD,161.96,149,paid
inv_006174,cus_00597,sub_00597,plan_growth,2026-08-01,2026-08,USD,161.96,149,paid
inv_006175,cus_00598,sub_00598,plan_starter,2026-06-05,2026-06,EUR,29,29,open
inv_006176,cus_00598,sub_00598,plan_starter,2026-07-01,2026-07,EUR,29,29,paid
inv_006177,cus_00598,sub_00598,plan_starter,2026-08-04,2026-08,EUR,29,29,paid
inv_006178,cus_00599,sub_00599,plan_starter,2026-06-05,2026-06,EUR,29,29,paid
inv_006179,cus_00599,sub_00599,plan_starter,2026-07-02,2026-07,EUR,29,29,paid
inv_006180,cus_00599,sub_00599,plan_starter,2026-08-05,2026-08,EUR,29,29,paid
inv_006181,cus_00600,sub_00600,plan_growth,2026-06-01,2026-06,EUR,149,149,uncollectible
inv_006182,cus_00600,sub_00600,plan_growth,2026-07-03,2026-07,EUR,149,149,paid
inv_006183,cus_00600,sub_00600,plan_growth,2026-08-05,2026-08,EUR,149,149,paid
inv_006184,cus_00601,sub_00601,plan_growth,2026-06-04,2026-06,EUR,149,149,paid
inv_006185,cus_00601,sub_00601,plan_growth,2026-07-04,2026-07,EUR,149,149,paid
inv_006186,cus_00601,sub_00601,plan_growth,2026-08-05,2026-08,EUR,149,149,uncollectible
inv_006187,cus_00602,sub_00602,plan_scale,2026-06-01,2026-06,SEK,3397.73,299,paid
inv_006188,cus_00602,sub_00602,plan_scale,2026-07-05,2026-07,SEK,3397.73,299,uncollectible
inv_006189,cus_00602,sub_00602,plan_scale,2026-08-04,2026-08,SEK,3397.73,299,paid
inv_006190,cus_00603,sub_00603,plan_scale,2026-06-01,2026-06,USD,325,299,paid
inv_006191,cus_00603,sub_00603,plan_scale,2026-07-04,2026-07,USD,325,299,paid
inv_006192,cus_00603,sub_00603,plan_scale,2026-08-05,2026-08,USD,325,299,paid
inv_006193,cus_00604,sub_00604,plan_starter,2026-06-01,2026-06,EUR,29,29,paid
inv_006194,cus_00604,sub_00604,plan_starter,2026-07-03,2026-07,EUR,29,29,paid
inv_006195,cus_00604,sub_00604,plan_starter,2026-08-03,2026-08,EUR,29,29,paid
inv_006196,cus_00605,sub_00605,plan_growth,2026-06-02,2026-06,EUR,149,149,paid
inv_006197,cus_00605,sub_00605,plan_growth,2026-07-01,2026-07,EUR,149,149,paid
inv_006198,cus_00605,sub_00605,plan_growth,2026-08-02,2026-08,EUR,149,149,paid
inv_006199,cus_00606,sub_00606,plan_scale,2026-06-01,2026-06,EUR,299,299,paid
inv_006200,cus_00606,sub_00606,plan_scale,2026-07-01,2026-07,EUR,299,299,paid
inv_006201,cus_00606,sub_00606,plan_scale,2026-08-03,2026-08,EUR,299,299,paid
inv_006202,cus_00607,sub_00607,plan_starter,2026-06-01,2026-06,EUR,29,29,paid
inv_006203,cus_00607,sub_00607,plan_starter,2026-07-05,2026-07,EUR,29,29,paid
inv_006204,cus_00607,sub_00607,plan_starter,2026-08-04,2026-08,EUR,29,29,paid
inv_006205,cus_00608,sub_00608,plan_scale,2026-06-04,2026-06,USD,325,299,paid
inv_006206,cus_00608,sub_00608,plan_scale,2026-07-01,2026-07,USD,325,299,paid
inv_006207,cus_00608,sub_00608,plan_scale,2026-08-02,2026-08,USD,325,299,paid
inv_006208,cus_00609,sub_00609,plan_growth,2026-06-04,2026-06,EUR,149,149,paid
inv_006209,cus_00609,sub_00609,plan_growth,2026-07-01,2026-07,EUR,149,149,paid
inv_006210,cus_00609,sub_00609,plan_growth,2026-08-02,2026-08,EUR,149,149,paid
inv_006211,cus_00610,sub_00610,plan_starter,2026-06-03,2026-06,EUR,29,29,paid
inv_006212,cus_00610,sub_00610,plan_starter,2026-07-02,2026-07,EUR,29,29,paid
inv_006213,cus_00610,sub_00610,plan_starter,2026-08-05,2026-08,EUR,29,29,paid
inv_006214,cus_00611,sub_00611,plan_growth,2026-06-04,2026-06,EUR,149,149,paid
inv_006215,cus_00611,sub_00611,plan_growth,2026-07-02,2026-07,EUR,149,149,uncollectible
inv_006216,cus_00611,sub_00611,plan_growth,2026-08-01,2026-08,EUR,149,149,paid
inv_006217,cus_00612,sub_00612,plan_starter,2026-06-02,2026-06,GBP,24.79,29,paid
inv_006218,cus_00612,sub_00612,plan_starter,2026-07-01,2026-07,GBP,24.79,29,uncollectible
inv_006219,cus_00612,sub_00612,plan_starter,2026-08-01,2026-08,GBP,24.79,29,paid
inv_006220,cus_00613,sub_00613,plan_scale,2026-06-04,2026-06,EUR,299,299,uncollectible
inv_006221,cus_00613,sub_00613,plan_scale,2026-07-01,2026-07,EUR,299,299,paid
inv_006222,cus_00613,sub_00613,plan_scale,2026-08-02,2026-08,EUR,299,299,paid
inv_006223,cus_00614,sub_00614,plan_starter,2026-06-04,2026-06,GBP,24.79,29,paid
inv_006224,cus_00615,sub_00615,plan_growth,2026-06-03,2026-06,CHF,141.9,149,paid
inv_006225,cus_00615,sub_00615,plan_growth,2026-07-04,2026-07,CHF,141.9,149,paid
inv_006226,cus_00615,sub_00615,plan_growth,2026-08-02,2026-08,CHF,141.9,149,paid
inv_006227,cus_00616,sub_00616,plan_starter,2026-06-01,2026-06,EUR,29,29,paid
inv_006228,cus_00616,sub_00616,plan_starter,2026-07-04,2026-07,EUR,29,29,open
inv_006229,cus_00616,sub_00616,plan_starter,2026-08-05,2026-08,EUR,29,29,paid
inv_006230,cus_00617,sub_00617,plan_growth,2026-07-04,2026-07,EUR,149,149,paid
inv_006231,cus_00617,sub_00617,plan_growth,2026-08-04,2026-08,EUR,149,149,paid
inv_006232,cus_00618,sub_00618,plan_starter,2026-07-03,2026-07,EUR,29,29,paid
inv_006233,cus_00618,sub_00618,plan_starter,2026-08-02,2026-08,EUR,29,29,void
inv_006234,cus_00619,sub_00619,plan_growth,2026-07-03,2026-07,SEK,1693.18,149,paid
inv_006235,cus_00619,sub_00619,plan_growth,2026-08-03,2026-08,SEK,1693.18,149,paid
inv_006236,cus_00620,sub_00620,plan_starter,2026-07-04,2026-07,EUR,29,29,paid
inv_006237,cus_00620,sub_00620,plan_starter,2026-08-03,2026-08,EUR,29,29,paid
inv_006238,cus_00621,sub_00621,plan_enterprise,2026-07-02,2026-07,EUR,999,999,paid
inv_006239,cus_00621,sub_00621,plan_enterprise,2026-08-05,2026-08,EUR,999,999,paid
inv_006240,cus_00622,sub_00622,plan_growth,2026-07-01,2026-07,EUR,149,149,paid
inv_006241,cus_00622,sub_00622,plan_growth,2026-08-05,2026-08,EUR,149,149,paid
inv_006242,cus_00623,sub_00623,plan_scale,2026-07-03,2026-07,SEK,3397.73,299,paid
inv_006243,cus_00623,sub_00623,plan_scale,2026-08-05,2026-08,SEK,3397.73,299,paid
inv_006244,cus_00624,sub_00624,plan_starter,2026-07-01,2026-07,CHF,27.62,29,paid
inv_006245,cus_00624,sub_00624,plan_starter,2026-08-04,2026-08,CHF,27.62,29,uncollectible
inv_006246,cus_00625,sub_00625,plan_growth,2026-07-03,2026-07,EUR,149,149,paid
inv_006247,cus_00625,sub_00625,plan_growth,2026-08-04,2026-08,EUR,149,149,paid
inv_006248,cus_00626,sub_00626,plan_scale,2026-07-04,2026-07,EUR,299,299,uncollectible
inv_006249,cus_00626,sub_00626,plan_scale,2026-08-01,2026-08,EUR,299,299,paid
inv_006250,cus_00627,sub_00627,plan_scale,2026-07-01,2026-07,EUR,299,299,paid
inv_006251,cus_00627,sub_00627,plan_scale,2026-08-04,2026-08,EUR,299,299,paid
inv_006252,cus_00628,sub_00628,plan_starter,2026-07-02,2026-07,CHF,27.62,29,paid
inv_006253,cus_00628,sub_00628,plan_starter,2026-08-03,2026-08,CHF,27.62,29,paid
inv_006254,cus_00629,sub_00629,plan_growth,2026-07-04,2026-07,CHF,141.9,149,paid
inv_006255,cus_00629,sub_00629,plan_growth,2026-08-03,2026-08,CHF,141.9,149,paid
inv_006256,cus_00630,sub_00630,plan_growth,2026-07-01,2026-07,SEK,1693.18,149,paid
inv_006257,cus_00631,sub_00631,plan_growth,2026-07-05,2026-07,EUR,149,149,paid
inv_006258,cus_00631,sub_00631,plan_growth,2026-08-01,2026-08,EUR,149,149,paid
inv_006259,cus_00632,sub_00632,plan_growth,2026-07-03,2026-07,EUR,149,149,paid
inv_006260,cus_00632,sub_00632,plan_growth,2026-08-04,2026-08,EUR,149,149,paid
inv_006261,cus_00633,sub_00633,plan_scale,2026-07-02,2026-07,EUR,299,299,paid
inv_006262,cus_00633,sub_00633,plan_scale,2026-08-01,2026-08,EUR,299,299,paid
inv_006263,cus_00634,sub_00634,plan_starter,2026-07-01,2026-07,EUR,29,29,paid
inv_006264,cus_00634,sub_00634,plan_starter,2026-08-05,2026-08,EUR,29,29,paid
inv_006265,cus_00635,sub_00635,plan_growth,2026-07-03,2026-07,USD,161.96,149,paid
inv_006266,cus_00635,sub_00635,plan_growth,2026-08-03,2026-08,USD,161.96,149,paid
inv_006267,cus_00636,sub_00636,plan_starter,2026-07-03,2026-07,SEK,329.55,29,paid
inv_006268,cus_00636,sub_00636,plan_starter,2026-08-01,2026-08,SEK,329.55,29,paid
inv_006269,cus_00637,sub_00637,plan_scale,2026-07-02,2026-07,USD,325,299,paid
inv_006270,cus_00637,sub_00637,plan_scale,2026-08-02,2026-08,USD,325,299,paid
inv_006271,cus_00638,sub_00638,plan_scale,2026-07-02,2026-07,EUR,299,299,paid
inv_006272,cus_00638,sub_00638,plan_scale,2026-08-05,2026-08,EUR,299,299,paid
inv_006273,cus_00639,sub_00639,plan_growth,2026-07-03,2026-07,EUR,149,149,paid
inv_006274,cus_00639,sub_00639,plan_growth,2026-08-04,2026-08,EUR,149,149,paid
inv_006275,cus_00640,sub_00640,plan_scale,2026-07-02,2026-07,USD,325,299,paid
inv_006276,cus_00640,sub_00640,plan_scale,2026-08-05,2026-08,USD,325,299,paid
inv_006277,cus_00641,sub_00641,plan_growth,2026-07-02,2026-07,EUR,149,149,paid
inv_006278,cus_00641,sub_00641,plan_growth,2026-08-03,2026-08,EUR,149,149,paid
inv_006279,cus_00642,sub_00642,plan_scale,2026-07-01,2026-07,EUR,299,299,paid
inv_006280,cus_00642,sub_00642,plan_scale,2026-08-03,2026-08,EUR,299,299,paid
inv_006281,cus_00643,sub_00643,plan_growth,2026-07-05,2026-07,EUR,149,149,paid
inv_006282,cus_00643,sub_00643,plan_growth,2026-08-03,2026-08,EUR,149,149,paid
inv_006283,cus_00644,sub_00644,plan_enterprise,2026-07-05,2026-07,EUR,999,999,paid
inv_006284,cus_00644,sub_00644,plan_enterprise,2026-08-05,2026-08,EUR,999,999,paid
inv_006285,cus_00645,sub_00645,plan_growth,2026-07-03,2026-07,EUR,149,149,paid
inv_006286,cus_00645,sub_00645,plan_growth,2026-08-01,2026-08,EUR,149,149,open
inv_006287,cus_00646,sub_00646,plan_scale,2026-07-04,2026-07,EUR,299,299,paid
inv_006288,cus_00646,sub_00646,plan_scale,2026-08-04,2026-08,EUR,299,299,paid
inv_006289,cus_00647,sub_00647,plan_starter,2026-07-05,2026-07,CHF,27.62,29,paid
inv_006290,cus_00647,sub_00647,plan_starter,2026-08-02,2026-08,CHF,27.62,29,paid
inv_006291,cus_00648,sub_00648,plan_starter,2026-07-02,2026-07,EUR,29,29,paid
inv_006292,cus_00648,sub_00648,plan_starter,2026-08-05,2026-08,EUR,29,29,open
inv_006293,cus_00649,sub_00649,plan_starter,2026-07-02,2026-07,EUR,29,29,paid
inv_006294,cus_00649,sub_00649,plan_starter,2026-08-01,2026-08,EUR,29,29,open
inv_006295,cus_00650,sub_00650,plan_growth,2026-07-04,2026-07,EUR,149,149,paid
inv_006296,cus_00650,sub_00650,plan_growth,2026-08-02,2026-08,EUR,149,149,paid
inv_006297,cus_00651,sub_00651,plan_growth,2026-07-02,2026-07,EUR,149,149,paid
inv_006298,cus_00651,sub_00651,plan_growth,2026-08-02,2026-08,EUR,149,149,paid
inv_006299,cus_00652,sub_00652,plan_scale,2026-07-02,2026-07,EUR,299,299,paid
inv_006300,cus_00653,sub_00653,plan_growth,2026-07-05,2026-07,GBP,127.35,149,paid
inv_006301,cus_00653,sub_00653,plan_growth,2026-08-04,2026-08,GBP,127.35,149,paid
inv_006302,cus_00654,sub_00654,plan_starter,2026-07-04,2026-07,EUR,29,29,paid
inv_006303,cus_00654,sub_00654,plan_starter,2026-08-04,2026-08,EUR,29,29,paid
inv_006304,cus_00655,sub_00655,plan_starter,2026-07-04,2026-07,EUR,29,29,paid
inv_006305,cus_00655,sub_00655,plan_starter,2026-08-01,2026-08,EUR,29,29,paid
inv_006306,cus_00656,sub_00656,plan_starter,2026-07-01,2026-07,EUR,29,29,paid
inv_006307,cus_00656,sub_00656,plan_starter,2026-08-04,2026-08,EUR,29,29,paid
inv_006308,cus_00657,sub_00657,plan_starter,2026-08-03,2026-08,GBP,24.79,29,paid
inv_006309,cus_00658,sub_00658,plan_growth,2026-08-03,2026-08,USD,161.96,149,paid
inv_006310,cus_00659,sub_00659,plan_scale,2026-08-01,2026-08,USD,325,299,paid
inv_006311,cus_00660,sub_00660,plan_starter,2026-08-03,2026-08,EUR,29,29,paid
inv_006312,cus_00661,sub_00661,plan_growth,2026-08-03,2026-08,EUR,149,149,paid
inv_006313,cus_00662,sub_00662,plan_starter,2026-08-01,2026-08,GBP,24.79,29,open
inv_006314,cus_00663,sub_00663,plan_starter,2026-08-05,2026-08,EUR,29,29,paid
inv_006315,cus_00664,sub_00664,plan_starter,2026-08-01,2026-08,EUR,29,29,paid
inv_006316,cus_00665,sub_00665,plan_growth,2026-08-05,2026-08,EUR,149,149,paid
inv_006317,cus_00666,sub_00666,plan_growth,2026-08-04,2026-08,EUR,149,149,paid
inv_006318,cus_00667,sub_00667,plan_scale,2026-08-03,2026-08,EUR,299,299,paid
inv_006319,cus_00668,sub_00668,plan_starter,2026-08-03,2026-08,EUR,29,29,paid
inv_006320,cus_00669,sub_00669,plan_starter,2026-08-02,2026-08,EUR,29,29,paid
inv_006321,cus_00670,sub_00670,plan_scale,2026-08-02,2026-08,EUR,299,299,paid
inv_006322,cus_00671,sub_00671,plan_growth,2026-08-04,2026-08,EUR,149,149,paid
inv_006323,cus_00672,sub_00672,plan_scale,2026-08-01,2026-08,EUR,299,299,paid
inv_006324,cus_00673,sub_00673,plan_starter,2026-08-01,2026-08,CHF,27.62,29,paid
inv_006325,cus_00674,sub_00674,plan_starter,2026-08-01,2026-08,USD,31.52,29,paid
inv_006326,cus_00675,sub_00675,plan_scale,2026-08-04,2026-08,EUR,299,299,open
inv_006327,cus_00676,sub_00676,plan_starter,2026-08-03,2026-08,EUR,29,29,open
inv_006328,cus_00677,sub_00677,plan_scale,2026-08-02,2026-08,EUR,299,299,open
inv_006329,cus_00678,sub_00678,plan_growth,2026-08-02,2026-08,EUR,149,149,paid
inv_006330,cus_00679,sub_00679,plan_growth,2026-08-05,2026-08,EUR,149,149,paid
inv_006331,cus_00680,sub_00680,plan_starter,2026-08-01,2026-08,EUR,29,29,paid
inv_006332,cus_00681,sub_00681,plan_starter,2026-08-03,2026-08,GBP,24.79,29,paid
inv_006333,cus_00682,sub_00682,plan_growth,2026-08-04,2026-08,USD,161.96,149,paid
inv_006334,cus_00683,sub_00683,plan_scale,2026-08-02,2026-08,EUR,299,299,paid
inv_006335,cus_00684,sub_00684,plan_starter,2026-08-05,2026-08,EUR,29,29,paid
inv_006336,cus_00685,sub_00685,plan_starter,2026-08-04,2026-08,USD,31.52,29,paid
inv_006337,cus_00686,sub_00686,plan_starter,2026-08-01,2026-08,EUR,29,29,void
inv_006338,cus_00687,sub_00687,plan_growth,2026-08-02,2026-08,EUR,149,149,paid
inv_006339,cus_00688,sub_00688,plan_scale,2026-08-03,2026-08,EUR,299,299,paid
inv_006340,cus_00689,sub_00689,plan_growth,2026-08-03,2026-08,EUR,149,149,paid
inv_006341,cus_00690,sub_00690,plan_starter,2026-08-05,2026-08,SEK,329.55,29,paid
inv_006342,cus_00691,sub_00691,plan_starter,2026-08-05,2026-08,EUR,29,29,paid
inv_006343,cus_00692,sub_00692,plan_starter,2026-08-03,2026-08,GBP,24.79,29,paid
inv_006344,cus_00693,sub_00693,plan_growth,2026-08-03,2026-08,EUR,149,149,paid
inv_006345,cus_00694,sub_00694,plan_growth,2026-08-01,2026-08,GBP,127.35,149,uncollectible
inv_006346,cus_00695,sub_00695,plan_scale,2026-08-02,2026-08,EUR,299,299,paid
inv_006347,cus_00696,sub_00696,plan_growth,2026-08-04,2026-08,USD,161.96,149,paid
inv_006348,cus_00697,sub_00697,plan_growth,2026-08-02,2026-08,SEK,1693.18,149,paid
inv_006349,cus_00698,sub_00698,plan_starter,2026-08-04,2026-08,EUR,29,29,paid
inv_006350,cus_00699,sub_00699,plan_enterprise,2026-08-02,2026-08,EUR,999,999,paid
inv_006351,cus_00700,sub_00700,plan_enterprise,2026-08-02,2026-08,USD,1085.87,999,paid
